<conversation><title>Testing</title><author>bjwre1</author><created>15/03/2010 12:06:55 PM</created><tag>MAO</tag><subject>bjwre1</subject><jid>726400</jid><permissions><studentCanPublish>true</studentCanPublish><studentCanOpenFriends>true</studentCanOpenFriends><usersAreCompulsorilySynced>false</usersAreCompulsorilySynced></permissions><slide><author>bjwre1</author><id>726401</id><index>0</index><type>SLIDE</type></slide><slide><author>bjwre1</author><id>726402</id><index>1</index><type>SLIDE</type></slide></conversation>