<conversation><title>eEd teem meeting - Dave's presentation</title><author>hagand</author><created>8/07/2010 9:14:13 AM</created><tag></tag><subject>Staff</subject><jid>1036400</jid><permissions><studentCanPublish>true</studentCanPublish><studentCanOpenFriends>true</studentCanOpenFriends><usersAreCompulsorilySynced>false</usersAreCompulsorilySynced></permissions><slide><author>hagand</author><id>1036401</id><index>0</index><type>SLIDE</type></slide><slide><author>hagand</author><id>1036402</id><index>1</index><type>SLIDE</type></slide><slide><author>hagand</author><id>1036403</id><index>2</index><type>SLIDE</type></slide><slide><author>hagand</author><id>1036404</id><index>3</index><type>SLIDE</type></slide></conversation>