<conversation><title>BEH2022 W2 2010 Clinical decisions and triage</title><author>wlord</author><created>26/07/2010 5:33:37 PM</created><tag></tag><subject>Unrestricted</subject><jid>1125400</jid><permissions><studentCanPublish>false</studentCanPublish><studentCanOpenFriends>false</studentCanOpenFriends><usersAreCompulsorilySynced>true</usersAreCompulsorilySynced></permissions><slide><author>wlord</author><id>1125401</id><index>0</index><type>SLIDE</type></slide><slide><author>wlord</author><id>1125402</id><index>1</index><type>SLIDE</type></slide><slide><author>wlord</author><id>1125403</id><index>2</index><type>SLIDE</type></slide><slide><author>wlord</author><id>1125404</id><index>3</index><type>SLIDE</type></slide><slide><author>wlord</author><id>1125405</id><index>4</index><type>SLIDE</type></slide><slide><author>wlord</author><id>1125406</id><index>5</index><type>SLIDE</type></slide><slide><author>wlord</author><id>1125407</id><index>6</index><type>SLIDE</type></slide><slide><author>wlord</author><id>1125408</id><index>7</index><type>SLIDE</type></slide><slide><author>wlord</author><id>1125409</id><index>8</index><type>SLIDE</type></slide><slide><author>wlord</author><id>1125410</id><index>9</index><type>SLIDE</type></slide><slide><author>wlord</author><id>1125411</id><index>10</index><type>SLIDE</type></slide><slide><author>wlord</author><id>1125412</id><index>11</index><type>SLIDE</type></slide><slide><author>wlord</author><id>1125413</id><index>12</index><type>SLIDE</type></slide><slide><author>wlord</author><id>1125414</id><index>13</index><type>SLIDE</type></slide><slide><author>wlord</author><id>1125415</id><index>14</index><type>SLIDE</type></slide><slide><author>wlord</author><id>1125416</id><index>15</index><type>SLIDE</type></slide><slide><author>wlord</author><id>1125417</id><index>16</index><type>SLIDE</type></slide><slide><author>wlord</author><id>1125418</id><index>17</index><type>SLIDE</type></slide><slide><author>wlord</author><id>1125419</id><index>18</index><type>SLIDE</type></slide><slide><author>wlord</author><id>1125420</id><index>19</index><type>SLIDE</type></slide><slide><author>wlord</author><id>1125421</id><index>20</index><type>SLIDE</type></slide><slide><author>wlord</author><id>1125422</id><index>21</index><type>SLIDE</type></slide><slide><author>wlord</author><id>1125423</id><index>22</index><type>SLIDE</type></slide><slide><author>wlord</author><id>1125424</id><index>23</index><type>SLIDE</type></slide><slide><author>wlord</author><id>1125425</id><index>24</index><type>SLIDE</type></slide><slide><author>wlord</author><id>1125426</id><index>25</index><type>SLIDE</type></slide><slide><author>wlord</author><id>1125427</id><index>26</index><type>SLIDE</type></slide><slide><author>wlord</author><id>1125428</id><index>27</index><type>SLIDE</type></slide><slide><author>wlord</author><id>1125429</id><index>28</index><type>SLIDE</type></slide><slide><author>wlord</author><id>1125430</id><index>29</index><type>SLIDE</type></slide><slide><author>wlord</author><id>1125431</id><index>30</index><type>SLIDE</type></slide><slide><author>wlord</author><id>1125432</id><index>31</index><type>SLIDE</type></slide><slide><author>wlord</author><id>1125433</id><index>32</index><type>SLIDE</type></slide><slide><author>wlord</author><id>1125434</id><index>33</index><type>SLIDE</type></slide><slide><author>wlord</author><id>1125435</id><index>34</index><type>SLIDE</type></slide><slide><author>wlord</author><id>1125436</id><index>35</index><type>SLIDE</type></slide><slide><author>wlord</author><id>1125437</id><index>36</index><type>SLIDE</type></slide><slide><author>wlord</author><id>1125438</id><index>37</index><type>SLIDE</type></slide><slide><author>wlord</author><id>1125439</id><index>38</index><type>SLIDE</type></slide><slide><author>wlord</author><id>1125440</id><index>39</index><type>SLIDE</type></slide><slide><author>wlord</author><id>1125441</id><index>40</index><type>SLIDE</type></slide><slide><author>wlord</author><id>1125442</id><index>41</index><type>SLIDE</type></slide><slide><author>wlord</author><id>1125443</id><index>42</index><type>SLIDE</type></slide><slide><author>wlord</author><id>1125444</id><index>43</index><type>SLIDE</type></slide><slide><author>wlord</author><id>1125445</id><index>44</index><type>SLIDE</type></slide><slide><author>wlord</author><id>1125446</id><index>45</index><type>SLIDE</type></slide><slide><author>wlord</author><id>1125447</id><index>46</index><type>SLIDE</type></slide><slide><author>wlord</author><id>1125448</id><index>47</index><type>SLIDE</type></slide><slide><author>wlord</author><id>1125449</id><index>48</index><type>SLIDE</type></slide><slide><author>wlord</author><id>1125450</id><index>49</index><type>SLIDE</type></slide><slide><author>wlord</author><id>1125451</id><index>50</index><type>SLIDE</type></slide><slide><author>wlord</author><id>1125452</id><index>51</index><type>SLIDE</type></slide><slide><author>wlord</author><id>1125453</id><index>52</index><type>SLIDE</type></slide><slide><author>wlord</author><id>1125454</id><index>53</index><type>SLIDE</type></slide><slide><author>wlord</author><id>1125455</id><index>54</index><type>SLIDE</type></slide><slide><author>wlord</author><id>1125456</id><index>55</index><type>SLIDE</type></slide><slide><author>wlord</author><id>1125457</id><index>56</index><type>SLIDE</type></slide><slide><author>wlord</author><id>1125458</id><index>57</index><type>SLIDE</type></slide><slide><author>wlord</author><id>1125459</id><index>58</index><type>SLIDE</type></slide><slide><author>wlord</author><id>1125460</id><index>59</index><type>SLIDE</type></slide></conversation>