<conversation><title>HSC1052 tutorial2 CT2</title><author>ctobin</author><created>28/07/2010 1:10:11 PM</created><tag></tag><subject>Unrestricted</subject><jid>1134400</jid><permissions><studentCanPublish>true</studentCanPublish><studentCanOpenFriends>true</studentCanOpenFriends><usersAreCompulsorilySynced>false</usersAreCompulsorilySynced></permissions><slide><author>ctobin</author><id>1134401</id><index>0</index><type>SLIDE</type></slide><slide><author>ctobin</author><id>1134402</id><index>1</index><type>SLIDE</type></slide><slide><author>ctobin</author><id>1134403</id><index>2</index><type>SLIDE</type></slide><slide><author>ctobin</author><id>1134404</id><index>3</index><type>SLIDE</type></slide><slide><author>ctobin</author><id>1134415</id><index>4</index><type>SLIDE</type></slide><slide><author>ctobin</author><id>1134405</id><index>5</index><type>SLIDE</type></slide><slide><author>ctobin</author><id>1134406</id><index>6</index><type>SLIDE</type></slide><slide><author>ctobin</author><id>1134407</id><index>7</index><type>SLIDE</type></slide><slide><author>ctobin</author><id>1134408</id><index>8</index><type>SLIDE</type></slide><slide><author>ctobin</author><id>1134409</id><index>9</index><type>SLIDE</type></slide><slide><author>ctobin</author><id>1134410</id><index>10</index><type>SLIDE</type></slide><slide><author>ctobin</author><id>1134411</id><index>11</index><type>SLIDE</type></slide><slide><author>ctobin</author><id>1134412</id><index>12</index><type>SLIDE</type></slide><slide><author>ctobin</author><id>1134413</id><index>13</index><type>SLIDE</type></slide><slide><author>ctobin</author><id>1134414</id><index>14</index><type>SLIDE</type></slide></conversation>