<conversation><title>LM2k3</title><author>rossr</author><created>15/07/2010 1:08:25 PM</created><tag>unTagged</tag><subject>Unrestricted</subject><jid>80400</jid><permissions><studentCanPublish>false</studentCanPublish><studentCanOpenFriends>false</studentCanOpenFriends><usersAreCompulsorilySynced>true</usersAreCompulsorilySynced></permissions><slide><author>rossr</author><id>80401</id><index>0</index><exposed>False</exposed><type>SLIDE</type></slide><slide><author>rossr</author><id>80402</id><index>1</index><exposed>False</exposed><type>SLIDE</type></slide><slide><author>rossr</author><id>80403</id><index>2</index><exposed>False</exposed><type>SLIDE</type></slide></conversation>