<conversation><title>EXPLOSIONS 2</title><author>bhughes</author><created>20/08/2010 1:26:54 PM</created><tag>unTagged</tag><subject>Unrestricted</subject><jid>97000</jid><permissions><studentCanPublish>false</studentCanPublish><studentCanOpenFriends>false</studentCanOpenFriends><usersAreCompulsorilySynced>true</usersAreCompulsorilySynced></permissions><slide><author>bhughes</author><id>97001</id><index>0</index><defaultHeight>0</defaultHeight><defaultWidth>0</defaultWidth><exposed>False</exposed><type>SLIDE</type></slide></conversation>