<conversation><title>first steps with metl 1 feb</title><author>gsanson</author><created>1/02/2010 8:55:35 AM</created><tag></tag><subject>Unrestricted</subject><jid>428400</jid><permissions><studentCanPublish>true</studentCanPublish><studentCanOpenFriends>true</studentCanOpenFriends><usersAreCompulsorilySynced>false</usersAreCompulsorilySynced></permissions><slide><author>gsanson</author><id>428401</id><index>0</index><type>SLIDE</type></slide><slide><author>gsanson</author><id>428410</id><index>9</index><type>SLIDE</type></slide><slide><author>gsanson</author><id>428409</id><index>8</index><type>SLIDE</type></slide><slide><author>gsanson</author><id>428406</id><index>5</index><type>SLIDE</type></slide><slide><author>gsanson</author><id>428407</id><index>6</index><type>SLIDE</type></slide><slide><author>gsanson</author><id>428408</id><index>7</index><type>SLIDE</type></slide><slide><author>gsanson</author><id>428405</id><index>4</index><type>SLIDE</type></slide><slide><author>gsanson</author><id>428402</id><index>1</index><type>SLIDE</type></slide><slide><author>gsanson</author><id>428403</id><index>2</index><type>SLIDE</type></slide><slide><author>gsanson</author><id>428404</id><index>3</index><type>SLIDE</type></slide></conversation>