<conversation><title>handwriting mk 2</title><author>sajames</author><created>18/10/2010 12:48:48 PM</created><lastAccessed>18/10/2010 12:48:39 PM</lastAccessed><tag>unTagged</tag><subject>Unrestricted</subject><jid>106200</jid><permissions><studentCanPublish>false</studentCanPublish><studentCanOpenFriends>false</studentCanOpenFriends><usersAreCompulsorilySynced>true</usersAreCompulsorilySynced></permissions><slide><author>sajames</author><id>106201</id><index>0</index><defaultHeight>540</defaultHeight><defaultWidth>720</defaultWidth><exposed>False</exposed><type>SLIDE</type></slide><slide><author>sajames</author><id>106202</id><index>1</index><defaultHeight>540</defaultHeight><defaultWidth>720</defaultWidth><exposed>False</exposed><type>SLIDE</type></slide></conversation>