<conversation><title>middle2</title><author>bhughes</author><created>29/07/2010 4:43:16 PM</created><tag>unTagged</tag><subject>Unrestricted</subject><jid>86000</jid><permissions><studentCanPublish>false</studentCanPublish><studentCanOpenFriends>false</studentCanOpenFriends><usersAreCompulsorilySynced>true</usersAreCompulsorilySynced></permissions><slide><author>bhughes</author><id>86001</id><index>0</index><defaultHeight>540</defaultHeight><defaultWidth>720</defaultWidth><exposed>False</exposed><type>SLIDE</type></slide><slide><author>bhughes</author><id>86002</id><index>1</index><defaultHeight>540</defaultHeight><defaultWidth>720</defaultWidth><exposed>False</exposed><type>SLIDE</type></slide><slide><author>bhughes</author><id>86003</id><index>2</index><defaultHeight>540</defaultHeight><defaultWidth>720</defaultWidth><exposed>False</exposed><type>SLIDE</type></slide><slide><author>bhughes</author><id>86004</id><index>3</index><defaultHeight>540</defaultHeight><defaultWidth>720</defaultWidth><exposed>False</exposed><type>SLIDE</type></slide><slide><author>bhughes</author><id>86005</id><index>4</index><defaultHeight>540</defaultHeight><defaultWidth>720</defaultWidth><exposed>False</exposed><type>SLIDE</type></slide></conversation>