<conversation><title>Intro Global Health</title><author>efrean</author><created>7/07/2010 11:04:02 AM</created><tag>efrean</tag><subject>Unrestricted</subject><jid>1031400</jid><permissions><studentCanPublish>true</studentCanPublish><studentCanOpenFriends>true</studentCanOpenFriends><usersAreCompulsorilySynced>false</usersAreCompulsorilySynced></permissions><slide><author>efrean</author><id>1031401</id><index>0</index><type>SLIDE</type></slide><slide><author>efrean</author><id>1031402</id><index>1</index><type>SLIDE</type></slide><slide><author>efrean</author><id>1031403</id><index>2</index><type>SLIDE</type></slide><slide><author>efrean</author><id>1031404</id><index>3</index><type>SLIDE</type></slide><slide><author>efrean</author><id>1031405</id><index>4</index><type>SLIDE</type></slide><slide><author>efrean</author><id>1031406</id><index>5</index><type>SLIDE</type></slide><slide><author>efrean</author><id>1031407</id><index>6</index><type>SLIDE</type></slide><slide><author>efrean</author><id>1031408</id><index>7</index><type>SLIDE</type></slide><slide><author>efrean</author><id>1031409</id><index>8</index><type>SLIDE</type></slide><slide><author>efrean</author><id>1031410</id><index>9</index><type>SLIDE</type></slide><slide><author>efrean</author><id>1031411</id><index>10</index><type>SLIDE</type></slide><slide><author>efrean</author><id>1031412</id><index>11</index><type>SLIDE</type></slide><slide><author>efrean</author><id>1031413</id><index>12</index><type>SLIDE</type></slide><slide><author>efrean</author><id>1031414</id><index>13</index><type>SLIDE</type></slide><slide><author>efrean</author><id>1031415</id><index>14</index><type>SLIDE</type></slide><slide><author>efrean</author><id>1031416</id><index>15</index><type>SLIDE</type></slide><slide><author>efrean</author><id>1031417</id><index>16</index><type>SLIDE</type></slide><slide><author>efrean</author><id>1031418</id><index>17</index><type>SLIDE</type></slide></conversation>