<conversation><title>Submission2</title><author>sajames</author><created>12/08/2010 1:09:33 PM</created><tag>unTagged</tag><subject>Unrestricted</subject><jid>95200</jid><permissions><studentCanPublish>false</studentCanPublish><studentCanOpenFriends>false</studentCanOpenFriends><usersAreCompulsorilySynced>true</usersAreCompulsorilySynced></permissions><slide><author>sajames</author><id>95201</id><index>0</index><defaultHeight>540</defaultHeight><defaultWidth>720</defaultWidth><exposed>False</exposed><type>SLIDE</type></slide></conversation>