<conversation><title>Can I lock this privacy</title><author>AdmirableChagan</author><created>25/02/2010 11:14:33 AM</created><tag></tag><subject>Artificial person</subject><jid>627400</jid><permissions><studentCanPublish>false</studentCanPublish><studentCanOpenFriends>false</studentCanOpenFriends><usersAreCompulsorilySynced>true</usersAreCompulsorilySynced></permissions><slide><author>AdmirableChagan</author><id>627401</id><index>0</index><type>SLIDE</type></slide><slide><author>AdmirableChagan</author><id>627403</id><index>2</index><type>SLIDE</type></slide><slide><author>AdmirableChagan</author><id>627404</id><index>3</index><type>SLIDE</type></slide><slide><author>AdmirableChagan</author><id>627402</id><index>1</index><type>SLIDE</type></slide><slide><author>AdmirableChagan</author><id>627405</id><index>4</index><type>SLIDE</type></slide><slide><author>AdmirableChagan</author><id>627406</id><index>5</index><type>SLIDE</type></slide><slide><author>AdmirableChagan</author><id>627407</id><index>6</index><type>SLIDE</type></slide><slide><author>AdmirableChagan</author><id>627408</id><index>7</index><type>SLIDE</type></slide><slide><author>AdmirableChagan</author><id>627409</id><index>8</index><type>SLIDE</type></slide></conversation>