<conversation><title>LoadTest Observatory</title><author>chagan</author><created>1/01/0001 12:00:00 AM</created><tag>testing</tag><subject>Office of the Deputy Vice-Chancellor (Education)</subject><jid>1000</jid><permissions><studentCanPublish>true</studentCanPublish><studentCanOpenFriends>true</studentCanOpenFriends><usersAreCompulsorilySynced>false</usersAreCompulsorilySynced></permissions><slide><author>hagand</author><id>1001</id><index>0</index><type>SLIDE</type></slide><slide><author>hagand</author><id>1012</id><index>11</index><type>SLIDE</type></slide><slide><author>hagand</author><id>1005</id><index>4</index><type>SLIDE</type></slide><slide><author>hagand</author><id>1002</id><index>1</index><type>SLIDE</type></slide><slide><author>hagand</author><id>1003</id><index>2</index><type>SLIDE</type></slide><slide><author>hagand</author><id>1004</id><index>3</index><type>SLIDE</type></slide><slide><author>hagand</author><id>1006</id><index>5</index><type>SLIDE</type></slide><slide><author>hagand</author><id>1007</id><index>6</index><type>SLIDE</type></slide><slide><author>hagand</author><id>1008</id><index>7</index><type>SLIDE</type></slide><slide><author>hagand</author><id>1009</id><index>8</index><type>SLIDE</type></slide><slide><author>hagand</author><id>1010</id><index>9</index><type>SLIDE</type></slide><slide><author>hagand</author><id>1011</id><index>10</index><type>SLIDE</type></slide></conversation>