<conversation><title>Welcome to MeTL on Civic</title><author>hagand</author><created>1/11/2010 3:50:00 PM</created><tag></tag><subject>Unrestricted</subject><jid>1000</jid><permissions><studentCanPublish>true</studentCanPublish><studentCanOpenFriends>true</studentCanOpenFriends><usersAreCompulsorilySynced>false</usersAreCompulsorilySynced></permissions><slide><author>hagand</author><id>1001</id><index>0</index><type>SLIDE</type></slide><slide><author>hagand</author><id>1004</id><index>1</index><type>SLIDE</type></slide><slide><author>hagand</author><id>1002</id><index>2</index><type>SLIDE</type></slide><slide><author>hagand</author><id>1005</id><index>3</index><type>SLIDE</type></slide><slide><author>hagand</author><id>1003</id><index>4</index><type>SLIDE</type></slide></conversation>