<conversation><title>robits2k710</title><author>hagand</author><created>12/07/2010 5:19:06 PM</created><tag></tag><subject>Unrestricted</subject><jid>69600</jid><permissions><studentCanPublish>false</studentCanPublish><studentCanOpenFriends>false</studentCanOpenFriends><usersAreCompulsorilySynced>true</usersAreCompulsorilySynced></permissions><slide><author>hagand</author><id>69601</id><index>0</index><type>SLIDE</type></slide><slide><author>hagand</author><id>69602</id><index>1</index><type>SLIDE</type></slide><slide><author>hagand</author><id>69603</id><index>2</index><type>SLIDE</type></slide></conversation>