<conversation><title>HELLO THIS AM BEN</title><author>bhughes</author><created>25/06/2010 3:37:20 PM</created><tag>unTagged</tag><subject>Unrestricted</subject><jid>60600</jid><permissions><studentCanPublish>false</studentCanPublish><studentCanOpenFriends>false</studentCanOpenFriends><usersAreCompulsorilySynced>true</usersAreCompulsorilySynced></permissions><slide><author>bhughes</author><id>60601</id><index>0</index><exposed>False</exposed><type>SLIDE</type></slide><slide><author>bhughes</author><id>60602</id><index>1</index><exposed>False</exposed><type>SLIDE</type></slide><slide><author>bhughes</author><id>60603</id><index>2</index><exposed>False</exposed><type>SLIDE</type></slide><slide><author>bhughes</author><id>60604</id><index>3</index><exposed>False</exposed><type>SLIDE</type></slide><slide><author>bhughes</author><id>60605</id><index>4</index><exposed>False</exposed><type>SLIDE</type></slide><slide><author>bhughes</author><id>60606</id><index>5</index><exposed>False</exposed><type>SLIDE</type></slide><slide><author>bhughes</author><id>60607</id><index>6</index><exposed>False</exposed><type>SLIDE</type></slide><slide><author>bhughes</author><id>60608</id><index>7</index><exposed>False</exposed><type>SLIDE</type></slide><slide><author>bhughes</author><id>60609</id><index>8</index><exposed>False</exposed><type>SLIDE</type></slide><slide><author>bhughes</author><id>60610</id><index>9</index><exposed>False</exposed><type>SLIDE</type></slide><slide><author>bhughes</author><id>60611</id><index>10</index><exposed>False</exposed><type>SLIDE</type></slide><slide><author>bhughes</author><id>60612</id><index>11</index><exposed>False</exposed><type>SLIDE</type></slide><slide><author>bhughes</author><id>60613</id><index>12</index><exposed>False</exposed><type>SLIDE</type></slide><slide><author>bhughes</author><id>60614</id><index>13</index><exposed>False</exposed><type>SLIDE</type></slide><slide><author>bhughes</author><id>60615</id><index>14</index><exposed>False</exposed><type>SLIDE</type></slide><slide><author>bhughes</author><id>60616</id><index>15</index><exposed>False</exposed><type>SLIDE</type></slide><slide><author>bhughes</author><id>60617</id><index>16</index><exposed>False</exposed><type>SLIDE</type></slide><slide><author>bhughes</author><id>60618</id><index>17</index><exposed>False</exposed><type>SLIDE</type></slide><slide><author>bhughes</author><id>60619</id><index>18</index><exposed>False</exposed><type>SLIDE</type></slide><slide><author>bhughes</author><id>60620</id><index>19</index><exposed>False</exposed><type>SLIDE</type></slide><slide><author>bhughes</author><id>60621</id><index>20</index><exposed>False</exposed><type>SLIDE</type></slide><slide><author>bhughes</author><id>60622</id><index>21</index><exposed>False</exposed><type>SLIDE</type></slide><slide><author>bhughes</author><id>60623</id><index>22</index><exposed>False</exposed><type>SLIDE</type></slide><slide><author>bhughes</author><id>60624</id><index>23</index><exposed>False</exposed><type>SLIDE</type></slide><slide><author>bhughes</author><id>60625</id><index>24</index><exposed>False</exposed><type>SLIDE</type></slide><slide><author>bhughes</author><id>60626</id><index>25</index><exposed>False</exposed><type>SLIDE</type></slide></conversation>