<conversation><title>quiz test</title><author>sajames</author><created>22/07/2010 10:25:11 AM</created><tag>unTagged</tag><subject>Unrestricted</subject><jid>84000</jid><permissions><studentCanPublish>false</studentCanPublish><studentCanOpenFriends>false</studentCanOpenFriends><usersAreCompulsorilySynced>true</usersAreCompulsorilySynced></permissions><slide><author>sajames</author><id>84001</id><index>0</index><exposed>True</exposed><type>SLIDE</type></slide><slide><author>sajames</author><id>84002</id><index>1</index><exposed>True</exposed><type>SLIDE</type></slide></conversation>