<conversation><title>name</title><author>gibsonb</author><created>25/06/2010 12:03:05 PM</created><tag>unTagged</tag><subject>gibsonb</subject><jid>59400</jid><permissions><studentCanPublish>false</studentCanPublish><studentCanOpenFriends>false</studentCanOpenFriends><usersAreCompulsorilySynced>true</usersAreCompulsorilySynced></permissions><slide><author>gibsonb</author><id>59401</id><index>0</index><exposed>False</exposed><type>SLIDE</type></slide><slide><author>gibsonb</author><id>59402</id><index>1</index><exposed>False</exposed><type>SLIDE</type></slide><slide><author>gibsonb</author><id>59403</id><index>2</index><exposed>False</exposed><type>SLIDE</type></slide><slide><author>gibsonb</author><id>59404</id><index>3</index><exposed>False</exposed><type>SLIDE</type></slide><slide><author>gibsonb</author><id>59405</id><index>4</index><exposed>False</exposed><type>SLIDE</type></slide><slide><author>gibsonb</author><id>59406</id><index>5</index><exposed>False</exposed><type>SLIDE</type></slide><slide><author>gibsonb</author><id>59407</id><index>6</index><exposed>False</exposed><type>SLIDE</type></slide><slide><author>gibsonb</author><id>59408</id><index>7</index><exposed>False</exposed><type>SLIDE</type></slide><slide><author>gibsonb</author><id>59409</id><index>8</index><exposed>False</exposed><type>SLIDE</type></slide><slide><author>gibsonb</author><id>59410</id><index>9</index><exposed>False</exposed><type>SLIDE</type></slide><slide><author>gibsonb</author><id>59411</id><index>10</index><exposed>False</exposed><type>SLIDE</type></slide><slide><author>gibsonb</author><id>59412</id><index>11</index><exposed>False</exposed><type>SLIDE</type></slide><slide><author>gibsonb</author><id>59413</id><index>12</index><exposed>False</exposed><type>SLIDE</type></slide><slide><author>gibsonb</author><id>59414</id><index>13</index><exposed>False</exposed><type>SLIDE</type></slide></conversation>