<conversation><title>Go live clearing house</title><author>nate</author><created>26/02/2010 3:33:01 PM</created><tag>eec</tag><subject>Unrestricted</subject><jid>634400</jid><permissions><studentCanPublish>true</studentCanPublish><studentCanOpenFriends>true</studentCanOpenFriends><usersAreCompulsorilySynced>false</usersAreCompulsorilySynced></permissions><slide><author>nate</author><id>634401</id><index>0</index><type>SLIDE</type></slide><slide><author>nate</author><id>634415</id><index>14</index><type>SLIDE</type></slide><slide><author>nate</author><id>634416</id><index>15</index><type>SLIDE</type></slide><slide><author>nate</author><id>634417</id><index>16</index><type>SLIDE</type></slide><slide><author>nate</author><id>634418</id><index>17</index><type>SLIDE</type></slide><slide><author>nate</author><id>634402</id><index>1</index><type>SLIDE</type></slide><slide><author>nate</author><id>634403</id><index>2</index><type>SLIDE</type></slide><slide><author>nate</author><id>634404</id><index>3</index><type>SLIDE</type></slide><slide><author>nate</author><id>634405</id><index>4</index><type>SLIDE</type></slide><slide><author>nate</author><id>634406</id><index>5</index><type>SLIDE</type></slide><slide><author>nate</author><id>634407</id><index>6</index><type>SLIDE</type></slide><slide><author>nate</author><id>634408</id><index>7</index><type>SLIDE</type></slide><slide><author>nate</author><id>634409</id><index>8</index><type>SLIDE</type></slide><slide><author>nate</author><id>634410</id><index>9</index><type>SLIDE</type></slide><slide><author>nate</author><id>634411</id><index>10</index><type>SLIDE</type></slide><slide><author>nate</author><id>634412</id><index>11</index><type>SLIDE</type></slide><slide><author>nate</author><id>634413</id><index>12</index><type>SLIDE</type></slide><slide><author>nate</author><id>634414</id><index>13</index><type>SLIDE</type></slide></conversation>