<conversation><title>fd</title><author>chagan</author><created>23/10/2010 12:33:19 AM</created><lastAccessed>23/10/2010 12:33:06 AM</lastAccessed><tag>unTagged</tag><subject>Unrestricted</subject><jid>113400</jid><permissions><studentCanPublish>false</studentCanPublish><studentCanOpenFriends>false</studentCanOpenFriends><usersAreCompulsorilySynced>true</usersAreCompulsorilySynced></permissions><slide><author>chagan</author><id>113401</id><index>0</index><defaultHeight>540</defaultHeight><defaultWidth>720</defaultWidth><exposed>False</exposed><type>SLIDE</type></slide><slide><author>chagan</author><id>113402</id><index>1</index><defaultHeight>540</defaultHeight><defaultWidth>720</defaultWidth><exposed>False</exposed><type>SLIDE</type></slide><slide><author>chagan</author><id>113403</id><index>2</index><defaultHeight>540</defaultHeight><defaultWidth>720</defaultWidth><exposed>False</exposed><type>SLIDE</type></slide></conversation>