<conversation><title>Splash screen design</title><author>sajames</author><created>3/11/2010 10:12:40 AM</created><lastAccessed>1/01/0001 12:00:00 AM</lastAccessed><tag></tag><subject>Unrestricted</subject><jid>1522400</jid><permissions><studentCanPublish>true</studentCanPublish><studentCanOpenFriends>true</studentCanOpenFriends><usersAreCompulsorilySynced>false</usersAreCompulsorilySynced></permissions><slide><author>sajames</author><id>1522401</id><index>0</index><defaultHeight>540</defaultHeight><defaultWidth>720</defaultWidth><exposed>True</exposed><type>SLIDE</type></slide><slide><author>sajames</author><id>1522402</id><index>1</index><defaultHeight>540</defaultHeight><defaultWidth>720</defaultWidth><exposed>False</exposed><type>SLIDE</type></slide></conversation>