<logCollection date='{2010,9,10}'><message xml:lang='en' to='1342400@conference.deified.adm.monash.edu.au' from='micphill@deified.adm.monash.edu.au' type='groupchat' time='1284084169496'><body>/SYNC_MOVE 1342401</body></message><message xml:lang='en' to='1342400@conference.deified.adm.monash.edu.au' from='micphill@deified.adm.monash.edu.au' type='groupchat' time='1284104903941'><body>/SYNC_MOVE 1342401</body></message><message xml:lang='en' to='1342400@conference.deified.adm.monash.edu.au' from='micphill@deified.adm.monash.edu.au' type='groupchat' time='1284104904019'><body>/SYNC_MOVE 1342401</body></message><message xml:lang='en' to='1342400@conference.deified.adm.monash.edu.au' from='micphill@deified.adm.monash.edu.au' type='groupchat' time='1284104904122'><body>/SYNC_MOVE 1342401</body></message>