<conversation><title>Create a whiteboard</title><author>chagan</author><created>24/05/2010 11:10:50 AM</created><tag>unTagged</tag><subject>Unrestricted</subject><jid>37400</jid><permissions><studentCanPublish>false</studentCanPublish><studentCanOpenFriends>false</studentCanOpenFriends><usersAreCompulsorilySynced>true</usersAreCompulsorilySynced></permissions><slide><author>chagan</author><id>37401</id><index>0</index><exposed>True</exposed><type>SLIDE</type></slide><slide><author>chagan</author><id>37404</id><index>1</index><exposed>False</exposed><type>SLIDE</type></slide><slide><author>chagan</author><id>37403</id><index>2</index><exposed>False</exposed><type>SLIDE</type></slide><slide><author>chagan</author><id>37402</id><index>3</index><exposed>True</exposed><type>SLIDE</type></slide></conversation>