<conversation><title>ppt</title><author>hagand</author><created>8/06/2010 4:46:34 PM</created><tag>unTagged</tag><subject>Unrestricted</subject><jid>44200</jid><permissions><studentCanPublish>false</studentCanPublish><studentCanOpenFriends>false</studentCanOpenFriends><usersAreCompulsorilySynced>true</usersAreCompulsorilySynced></permissions><slide><author>hagand</author><id>44201</id><index>0</index><type>SLIDE</type></slide><slide><author>hagand</author><id>44202</id><index>1</index><type>SLIDE</type></slide><slide><author>hagand</author><id>44203</id><index>2</index><type>SLIDE</type></slide><slide><author>hagand</author><id>44204</id><index>3</index><type>SLIDE</type></slide></conversation>