<conversation><title>25/03/10 Jaimee Lobley 21443165</title><author>jmlob1</author><created>25/03/2010 2:40:31 PM</created><tag></tag><subject>Unrestricted</subject><jid>828400</jid><permissions><studentCanPublish>false</studentCanPublish><studentCanOpenFriends>false</studentCanOpenFriends><usersAreCompulsorilySynced>true</usersAreCompulsorilySynced></permissions><slide><author>jmlob1</author><id>828401</id><index>0</index><type>SLIDE</type></slide><slide><author>jmlob1</author><id>828402</id><index>1</index><type>SLIDE</type></slide></conversation>