<conversation><title>calebs test</title><author>caleba</author><created>21/11/2010 11:15:05 AM</created><tag>just a test</tag><subject>Unrestricted</subject><jid>1621400</jid><permissions><studentCanPublish>false</studentCanPublish><studentCanOpenFriends>false</studentCanOpenFriends><usersAreCompulsorilySynced>true</usersAreCompulsorilySynced></permissions><slide><author>caleba</author><id>1621401</id><index>0</index><type>SLIDE</type></slide><slide><author>caleba</author><id>1621403</id><index>1</index><type>SLIDE</type></slide><slide><author>caleba</author><id>1621402</id><index>2</index><type>SLIDE</type></slide></conversation>