<logCollection date='{2010,2,3}'><message xml:lang='en' to='442400@conference.deified.adm.monash.edu.au' from='hagand@deified.adm.monash.edu.au' type='groupchat' time='1265160605218'><body>/WORM_MOVES =</body></message><message xml:lang='en' to='442400@conference.deified.adm.monash.edu.au' from='hagand@deified.adm.monash.edu.au' type='groupchat' time='1265160609776'><body>/WORM_MOVES =</body></message><message xml:lang='en' to='442400@conference.deified.adm.monash.edu.au' from='hagand@deified.adm.monash.edu.au' type='groupchat' time='1265160614439'><body>/WORM_MOVES =</body></message><message xml:lang='en' to='442400@conference.deified.adm.monash.edu.au' from='hagand@deified.adm.monash.edu.au' type='groupchat' time='1265160619115'><body>/WORM_MOVES =</body></message>