<conversation><title>12/2 Testing day</title><author>chagan</author><created>11/02/2010 2:43:14 AM</created><tag></tag><subject>Office of the Deputy Vice-Chancellor (Education)</subject><jid>529400</jid><permissions><studentCanPublish>true</studentCanPublish><studentCanOpenFriends>true</studentCanOpenFriends><usersAreCompulsorilySynced>false</usersAreCompulsorilySynced></permissions><slide><author>chagan</author><id>529401</id><index>0</index><type>SLIDE</type></slide><slide><author>chagan</author><id>529408</id><index>7</index><type>SLIDE</type></slide><slide><author>chagan</author><id>529409</id><index>8</index><type>SLIDE</type></slide><slide><author>chagan</author><id>529410</id><index>9</index><type>SLIDE</type></slide><slide><author>chagan</author><id>529402</id><index>1</index><type>SLIDE</type></slide><slide><author>chagan</author><id>529406</id><index>5</index><type>SLIDE</type></slide><slide><author>chagan</author><id>529403</id><index>2</index><type>SLIDE</type></slide><slide><author>chagan</author><id>529404</id><index>3</index><type>SLIDE</type></slide><slide><author>chagan</author><id>529407</id><index>6</index><type>SLIDE</type></slide><slide><author>chagan</author><id>529405</id><index>4</index><type>SLIDE</type></slide></conversation>