<conversation><title>Sept 9 Using tablets in teaching MeTL Tutorial</title><author>wmck</author><created>8/09/2010 7:47:33 PM</created><tag></tag><subject>Unrestricted</subject><jid>1328400</jid><permissions><studentCanPublish>true</studentCanPublish><studentCanOpenFriends>true</studentCanOpenFriends><usersAreCompulsorilySynced>false</usersAreCompulsorilySynced></permissions><slide><author>wmck</author><id>1328401</id><index>0</index><type>SLIDE</type></slide><slide><author>wmck</author><id>1328402</id><index>1</index><type>SLIDE</type></slide><slide><author>wmck</author><id>1328403</id><index>2</index><type>SLIDE</type></slide></conversation>