<conversation><title>HSC1052 quiz8</title><author>ctobin</author><created>8/09/2010 1:08:06 PM</created><tag></tag><subject>ctobin</subject><jid>1321400</jid><permissions><studentCanPublish>false</studentCanPublish><studentCanOpenFriends>false</studentCanOpenFriends><usersAreCompulsorilySynced>true</usersAreCompulsorilySynced></permissions><slide><author>ctobin</author><id>1321401</id><index>0</index><type>SLIDE</type></slide><slide><author>ctobin</author><id>1321402</id><index>1</index><type>SLIDE</type></slide></conversation>