<conversation><title>images - david</title><author>dgoma1</author><created>15/10/2010 11:08:46 AM</created><tag>unTagged</tag><subject>Unrestricted</subject><jid>1438400</jid><permissions><studentCanPublish>false</studentCanPublish><studentCanOpenFriends>false</studentCanOpenFriends><usersAreCompulsorilySynced>true</usersAreCompulsorilySynced></permissions><slide><author>dgoma1</author><id>1438401</id><index>0</index><defaultHeight>540</defaultHeight><defaultWidth>720</defaultWidth><exposed>False</exposed><type>SLIDE</type></slide></conversation>