<conversation><title>sajames at 25/10/2010 3:02:37 PM</title><author>sajames</author><created>25/10/2010 3:02:53 PM</created><lastAccessed>25/10/2010 3:02:37 PM</lastAccessed><tag>unTagged</tag><subject>Unrestricted</subject><jid>126600</jid><permissions><studentCanPublish>false</studentCanPublish><studentCanOpenFriends>false</studentCanOpenFriends><usersAreCompulsorilySynced>true</usersAreCompulsorilySynced></permissions><slide><author>sajames</author><id>126601</id><index>0</index><defaultHeight>540</defaultHeight><defaultWidth>720</defaultWidth><exposed>False</exposed><type>SLIDE</type></slide></conversation>