<conversation><title>Zebediah Spake Thus</title><author>AdmirableZebediah</author><created>25/02/2010 10:24:36 AM</created><tag>so annoying to someone</tag><subject>Artificial person</subject><jid>622400</jid><permissions><studentCanPublish>true</studentCanPublish><studentCanOpenFriends>true</studentCanOpenFriends><usersAreCompulsorilySynced>false</usersAreCompulsorilySynced></permissions><slide><author>AdmirableZebediah</author><id>622401</id><index>0</index><type>SLIDE</type></slide></conversation>