<conversation><title>(capslock) bhughes at 1/12/2010 3:03:02 PM</title><author>bhughes</author><created>1/12/2010 3:03:10 PM</created><lastAccessed>1/12/2010 3:03:02 PM</lastAccessed><tag>unTagged</tag><subject>Unrestricted</subject><jid>158200</jid><permissions><studentCanPublish>false</studentCanPublish><studentCanOpenFriends>false</studentCanOpenFriends><usersAreCompulsorilySynced>true</usersAreCompulsorilySynced></permissions><slide><author>bhughes</author><id>158201</id><index>0</index><defaultHeight>540</defaultHeight><defaultWidth>720</defaultWidth><exposed>False</exposed><type>SLIDE</type></slide><slide><author>bhughes</author><id>158202</id><index>1</index><defaultHeight>540</defaultHeight><defaultWidth>720</defaultWidth><exposed>False</exposed><type>SLIDE</type></slide></conversation>