<conversation><title>pptHD2k7withPrivate</title><author>hagand</author><created>8/06/2010 5:27:35 PM</created><tag>unTagged</tag><subject>Unrestricted</subject><jid>46200</jid><permissions><studentCanPublish>false</studentCanPublish><studentCanOpenFriends>false</studentCanOpenFriends><usersAreCompulsorilySynced>true</usersAreCompulsorilySynced></permissions><slide><author>hagand</author><id>46201</id><index>0</index><type>SLIDE</type></slide><slide><author>hagand</author><id>46202</id><index>1</index><type>SLIDE</type></slide><slide><author>hagand</author><id>46203</id><index>2</index><type>SLIDE</type></slide><slide><author>hagand</author><id>46204</id><index>3</index><type>SLIDE</type></slide></conversation>