<logCollection date='{2010,2,11}'><message xml:lang='en' to='542400@conference.reifier.adm.monash.edu.au' from='jpjor1@reifier.adm.monash.edu.au' type='groupchat' time='1265859975175'><body>/WORM_MOVES =</body></message><message xml:lang='en' to='542400@conference.reifier.adm.monash.edu.au' from='jpjor1@reifier.adm.monash.edu.au' type='groupchat' time='1265859979714'><body>/WORM_MOVES =</body></message><message xml:lang='en' to='542400@conference.reifier.adm.monash.edu.au' from='jpjor1@reifier.adm.monash.edu.au' type='groupchat' time='1265859984349'><body>/WORM_MOVES =</body></message><message xml:lang='en' to='542400@conference.reifier.adm.monash.edu.au' from='bjwre1@reifier.adm.monash.edu.au' type='groupchat' time='1265859987516'><body>/WORM_MOVES =</body></message><message xml:lang='en' to='542400@conference.reifier.adm.monash.edu.au' from='bjwre1@reifier.adm.monash.edu.au' type='groupchat' time='1265859992079'><body>/WORM_MOVES =</body></message><message xml:lang='en' to='542400@conference.reifier.adm.monash.edu.au' from='jpjor1@reifier.adm.monash.edu.au' type='groupchat' time='1265859995283'><body>/WORM_MOVES =</body></message><message xml:lang='en' to='542400@conference.reifier.adm.monash.edu.au' from='jpjor1@reifier.adm.monash.edu.au' type='groupchat' time='1265859998809'><body>/SYNC_MOVE 542402</body></message><message xml:lang='en' to='542400@conference.reifier.adm.monash.edu.au' from='bjwre1@reifier.adm.monash.edu.au' type='groupchat' time='1265860001251'><body>/WORM_MOVES =</body></message><message xml:lang='en' to='542400@conference.reifier.adm.monash.edu.au' from='bjwre1@reifier.adm.monash.edu.au' type='groupchat' time='1265860008897'><body>/WORM_MOVES =</body></message><message xml:lang='en' to='542400@conference.reifier.adm.monash.edu.au' from='jpjor1@reifier.adm.monash.edu.au' type='groupchat' time='1265860011131'><body>/SYNC_MOVE 542401</body></message><message xml:lang='en' to='542400@conference.reifier.adm.monash.edu.au' from='jpjor1@reifier.adm.monash.edu.au' type='groupchat' time='1265860012535'><body>/SYNC_MOVE 542402</body></message><message xml:lang='en' to='542400@conference.reifier.adm.monash.edu.au' from='bjwre1@reifier.adm.monash.edu.au' type='groupchat' time='1265860013518'><body>/WORM_MOVES =</body></message><message xml:lang='en' to='542400@conference.reifier.adm.monash.edu.au' from='jpjor1@reifier.adm.monash.edu.au' type='groupchat' time='1265860016685'><body>/WORM_MOVES =</body></message><message xml:lang='en' to='542400@conference.reifier.adm.monash.edu.au' from='jpjor1@reifier.adm.monash.edu.au' type='groupchat' time='1265860018287'><body>/SYNC_MOVE 542401</body></message><message xml:lang='en' to='542400@conference.reifier.adm.monash.edu.au' from='bjwre1@reifier.adm.monash.edu.au' type='groupchat' time='1265860021812'><body>/WORM_MOVES =</body></message><message xml:lang='en' to='542400@conference.reifier.adm.monash.edu.au' from='jpjor1@reifier.adm.monash.edu.au' type='groupchat' time='1265860025603'><body>/WORM_MOVES =</body></message><message xml:lang='en' to='542400@conference.reifier.adm.monash.edu.au' from='jpjor1@reifier.adm.monash.edu.au' type='groupchat' time='1265860033402'><body>/WORM_MOVES =</body></message><message xml:lang='en' to='542400@conference.reifier.adm.monash.edu.au' from='bjwre1@reifier.adm.monash.edu.au' type='groupchat' time='1265860037333'><body>/WORM_MOVES =</body></message><message xml:lang='en' to='542400@conference.reifier.adm.monash.edu.au' from='jpjor1@reifier.adm.monash.edu.au' type='groupchat' time='1265860041235'><body>/WORM_MOVES =</body></message><message xml:lang='en' to='542400@conference.reifier.adm.monash.edu.au' from='bjwre1@reifier.adm.monash.edu.au' type='groupchat' time='1265860045150'><body>/WORM_MOVES =</body></message><message xml:lang='en' to='542400@conference.reifier.adm.monash.edu.au' from='jpjor1@reifier.adm.monash.edu.au' type='groupchat' time='1265860049097'><body>/WORM_MOVES =</body></message><message xml:lang='en' to='542400@conference.reifier.adm.monash.edu.au' from='bjwre1@reifier.adm.monash.edu.au' type='groupchat' time='1265860052855'><body>/WORM_MOVES =</body></message><message xml:lang='en' to='542400@conference.reifier.adm.monash.edu.au' from='jpjor1@reifier.adm.monash.edu.au' type='groupchat' time='1265860057057'><body>/WORM_MOVES =</body></message><message xml:lang='en' to='542400@conference.reifier.adm.monash.edu.au' from='bjwre1@reifier.adm.monash.edu.au' type='groupchat' time='1265860060468'><body>/WORM_MOVES =</body></message><message xml:lang='en' to='542400@conference.reifier.adm.monash.edu.au' from='jpjor1@reifier.adm.monash.edu.au' type='groupchat' time='1265860064701'><body>/WORM_MOVES =</body></message><message xml:lang='en' to='542400@conference.reifier.adm.monash.edu.au' from='bjwre1@reifier.adm.monash.edu.au' type='groupchat' time='1265860068317'><body>/WORM_MOVES =</body></message><message xml:lang='en' to='542400@conference.reifier.adm.monash.edu.au' from='jpjor1@reifier.adm.monash.edu.au' type='groupchat' time='1265860072455'><body>/WORM_MOVES =</body></message><message xml:lang='en' to='542400@conference.reifier.adm.monash.edu.au' from='bjwre1@reifier.adm.monash.edu.au' type='groupchat' time='1265860076151'><body>/WORM_MOVES =</body></message><message xml:lang='en' to='542400@conference.reifier.adm.monash.edu.au' from='jpjor1@reifier.adm.monash.edu.au' type='groupchat' time='1265860080200'><body>/WORM_MOVES =</body></message><message xml:lang='en' to='542400@conference.reifier.adm.monash.edu.au' from='bjwre1@reifier.adm.monash.edu.au' type='groupchat' time='1265860083742'><body>/WORM_MOVES =</body></message><message xml:lang='en' to='542400@conference.reifier.adm.monash.edu.au' from='jpjor1@reifier.adm.monash.edu.au' type='groupchat' time='1265860087815'><body>/WORM_MOVES =</body></message><message xml:lang='en' to='542400@conference.reifier.adm.monash.edu.au' from='bjwre1@reifier.adm.monash.edu.au' type='groupchat' time='1265860091432'><body>/WORM_MOVES =</body></message><message xml:lang='en' to='542400@conference.reifier.adm.monash.edu.au' from='jpjor1@reifier.adm.monash.edu.au' type='groupchat' time='1265860095598'><body>/WORM_MOVES =</body></message><message xml:lang='en' to='542400@conference.reifier.adm.monash.edu.au' from='bjwre1@reifier.adm.monash.edu.au' type='groupchat' time='1265860099326'><body>/WORM_MOVES =</body></message><message xml:lang='en' to='542400@conference.reifier.adm.monash.edu.au' from='jpjor1@reifier.adm.monash.edu.au' type='groupchat' time='1265860104939'><body>/WORM_MOVES =</body></message><message xml:lang='en' to='542400@conference.reifier.adm.monash.edu.au' from='bjwre1@reifier.adm.monash.edu.au' type='groupchat' time='1265860108685'><body>/WORM_MOVES =</body></message><message xml:lang='en' to='542400@conference.reifier.adm.monash.edu.au' from='jpjor1@reifier.adm.monash.edu.au' type='groupchat' time='1265860114346'><body>/WORM_MOVES =</body></message><message xml:lang='en' to='542400@conference.reifier.adm.monash.edu.au' from='bjwre1@reifier.adm.monash.edu.au' type='groupchat' time='1265860117997'><body>/WORM_MOVES =</body></message><message xml:lang='en' to='542400@conference.reifier.adm.monash.edu.au' from='jpjor1@reifier.adm.monash.edu.au' type='groupchat' time='1265860122005'><body>/WORM_MOVES =</body></message><message xml:lang='en' to='542400@conference.reifier.adm.monash.edu.au' from='jpjor1@reifier.adm.monash.edu.au' type='groupchat' time='1265860126640'><body>/WORM_MOVES =</body></message><message xml:lang='en' to='542400@conference.reifier.adm.monash.edu.au' from='jpjor1@reifier.adm.monash.edu.au' type='groupchat' time='1265860131393'><body>/WORM_MOVES =</body></message><message xml:lang='en' to='542400@conference.reifier.adm.monash.edu.au' from='jpjor1@reifier.adm.monash.edu.au' type='groupchat' time='1265860136016'><body>/WORM_MOVES =</body></message><message xml:lang='en' to='542400@conference.reifier.adm.monash.edu.au' from='bjwre1@reifier.adm.monash.edu.au' type='groupchat' time='1265860140911'><body>/WORM_MOVES =</body></message><message xml:lang='en' to='542400@conference.reifier.adm.monash.edu.au' from='jpjor1@reifier.adm.monash.edu.au' type='groupchat' time='1265860144809'><body>/WORM_MOVES =</body></message><message xml:lang='en' to='542400@conference.reifier.adm.monash.edu.au' from='jpjor1@reifier.adm.monash.edu.au' type='groupchat' time='1265860149368'><body>/WORM_MOVES =</body></message><message xml:lang='en' to='542400@conference.reifier.adm.monash.edu.au' from='bjwre1@reifier.adm.monash.edu.au' type='groupchat' time='1265860153175'><body>/WORM_MOVES =</body></message><message xml:lang='en' to='542400@conference.reifier.adm.monash.edu.au' from='jpjor1@reifier.adm.monash.edu.au' type='groupchat' time='1265860156997'><body>/WORM_MOVES =</body></message><message xml:lang='en' to='542400@conference.reifier.adm.monash.edu.au' from='bjwre1@reifier.adm.monash.edu.au' type='groupchat' time='1265860160800'><body>/WORM_MOVES =</body></message><message xml:lang='en' to='542400@conference.reifier.adm.monash.edu.au' from='jpjor1@reifier.adm.monash.edu.au' type='groupchat' time='1265860164792'><body>/WORM_MOVES =</body></message><message xml:lang='en' to='542400@conference.reifier.adm.monash.edu.au' from='bjwre1@reifier.adm.monash.edu.au' type='groupchat' time='1265860168413'><body>/WORM_MOVES =</body></message><message xml:lang='en' to='542400@conference.reifier.adm.monash.edu.au' from='jpjor1@reifier.adm.monash.edu.au' type='groupchat' time='1265860172607'><body>/WORM_MOVES =</body></message><message xml:lang='en' to='542400@conference.reifier.adm.monash.edu.au' from='jpjor1@reifier.adm.monash.edu.au' type='groupchat' time='1265860177271'><body>/WORM_MOVES =</body></message><message xml:lang='en' to='542400@conference.reifier.adm.monash.edu.au' from='bjwre1@reifier.adm.monash.edu.au' type='groupchat' time='1265860182263'><body>/WORM_MOVES =</body></message><message xml:lang='en' to='542400@conference.reifier.adm.monash.edu.au' from='bjwre1@reifier.adm.monash.edu.au' type='groupchat' time='1265860186823'><body>/WORM_MOVES =</body></message><message xml:lang='en' to='542400@conference.reifier.adm.monash.edu.au' from='bjwre1@reifier.adm.monash.edu.au' type='groupchat' time='1265860191391'><body>/WORM_MOVES =</body></message><message xml:lang='en' to='542400@conference.reifier.adm.monash.edu.au' from='bjwre1@reifier.adm.monash.edu.au' type='groupchat' time='1265860197504'><body>/WORM_MOVES =</body></message><message xml:lang='en' to='542400@conference.reifier.adm.monash.edu.au' from='bjwre1@reifier.adm.monash.edu.au' type='groupchat' time='1265860202145'><body>/WORM_MOVES =</body></message><message xml:lang='en' to='542400@conference.reifier.adm.monash.edu.au' from='bjwre1@reifier.adm.monash.edu.au' type='groupchat' time='1265860210516'><body>/WORM_MOVES =</body></message><message xml:lang='en' to='542400@conference.reifier.adm.monash.edu.au' from='bjwre1@reifier.adm.monash.edu.au' type='groupchat' time='1265860215101'><body>/WORM_MOVES =</body></message><message xml:lang='en' to='542400@conference.reifier.adm.monash.edu.au' from='bjwre1@reifier.adm.monash.edu.au' type='groupchat' time='1265860219796'><body>/WORM_MOVES =</body></message><message xml:lang='en' to='542400@conference.reifier.adm.monash.edu.au' from='bjwre1@reifier.adm.monash.edu.au' type='groupchat' time='1265860224354'><body>/WORM_MOVES =</body></message><message xml:lang='en' to='542400@conference.reifier.adm.monash.edu.au' from='bjwre1@reifier.adm.monash.edu.au' type='groupchat' time='1265860228996'><body>/WORM_MOVES =</body></message><message xml:lang='en' to='542400@conference.reifier.adm.monash.edu.au' from='bjwre1@reifier.adm.monash.edu.au' type='groupchat' time='1265860233598'><body>/WORM_MOVES =</body></message><message xml:lang='en' to='542400@conference.reifier.adm.monash.edu.au' from='bjwre1@reifier.adm.monash.edu.au' type='groupchat' time='1265860238158'><body>/WORM_MOVES =</body></message><message xml:lang='en' to='542400@conference.reifier.adm.monash.edu.au' from='bjwre1@reifier.adm.monash.edu.au' type='groupchat' time='1265860242726'><body>/WORM_MOVES =</body></message><message xml:lang='en' to='542400@conference.reifier.adm.monash.edu.au' from='bjwre1@reifier.adm.monash.edu.au' type='groupchat' time='1265860247361'><body>/WORM_MOVES =</body></message><message xml:lang='en' to='542400@conference.reifier.adm.monash.edu.au' from='bjwre1@reifier.adm.monash.edu.au' type='groupchat' time='1265860251989'><body>/WORM_MOVES =</body></message><message xml:lang='en' to='542400@conference.reifier.adm.monash.edu.au' from='bjwre1@reifier.adm.monash.edu.au' type='groupchat' time='1265860256532'><body>/WORM_MOVES =</body></message><message xml:lang='en' to='542400@conference.reifier.adm.monash.edu.au' from='bjwre1@reifier.adm.monash.edu.au' type='groupchat' time='1265860261102'><body>/WORM_MOVES =</body></message><message xml:lang='en' to='542400@conference.reifier.adm.monash.edu.au' from='bjwre1@reifier.adm.monash.edu.au' type='groupchat' time='1265860265638'><body>/WORM_MOVES =</body></message><message xml:lang='en' to='542400@conference.reifier.adm.monash.edu.au' from='bjwre1@reifier.adm.monash.edu.au' type='groupchat' time='1265860270226'><body>/WORM_MOVES =</body></message><message xml:lang='en' to='542400@conference.reifier.adm.monash.edu.au' from='bjwre1@reifier.adm.monash.edu.au' type='groupchat' time='1265860274773'><body>/WORM_MOVES =</body></message><message xml:lang='en' to='542400@conference.reifier.adm.monash.edu.au' from='bjwre1@reifier.adm.monash.edu.au' type='groupchat' time='1265860279311'><body>/WORM_MOVES =</body></message><message xml:lang='en' to='542400@conference.reifier.adm.monash.edu.au' from='bjwre1@reifier.adm.monash.edu.au' type='groupchat' time='1265860283844'><body>/WORM_MOVES =</body></message><message xml:lang='en' to='542400@conference.reifier.adm.monash.edu.au' from='jpjor1@reifier.adm.monash.edu.au' type='groupchat' time='1265860287125'><body>/WORM_MOVES =</body></message><message xml:lang='en' to='542400@conference.reifier.adm.monash.edu.au' from='bjwre1@reifier.adm.monash.edu.au' type='groupchat' time='1265860291660'><body>/WORM_MOVES =</body></message><message xml:lang='en' to='542400@conference.reifier.adm.monash.edu.au' from='jpjor1@reifier.adm.monash.edu.au' type='groupchat' time='1265860294715'><body>/SYNC_MOVE 542401</body></message><message xml:lang='en' to='542400@conference.reifier.adm.monash.edu.au' from='bjwre1@reifier.adm.monash.edu.au' type='groupchat' time='1265860297962'><body>/WORM_MOVES =</body></message><message xml:lang='en' to='542400@conference.reifier.adm.monash.edu.au' from='jpjor1@reifier.adm.monash.edu.au' type='groupchat' time='1265860301984'><body>/WORM_MOVES =</body></message><message xml:lang='en' to='542400@conference.reifier.adm.monash.edu.au' from='bjwre1@reifier.adm.monash.edu.au' type='groupchat' time='1265860305587'><body>/WORM_MOVES =</body></message><message xml:lang='en' to='542400@conference.reifier.adm.monash.edu.au' from='jpjor1@reifier.adm.monash.edu.au' type='groupchat' time='1265860309950'><body>/WORM_MOVES =</body></message><message xml:lang='en' to='542400@conference.reifier.adm.monash.edu.au' from='bjwre1@reifier.adm.monash.edu.au' type='groupchat' time='1265860316260'><body>/WORM_MOVES =</body></message><message xml:lang='en' to='542400@conference.reifier.adm.monash.edu.au' from='jpjor1@reifier.adm.monash.edu.au' type='groupchat' time='1265860322624'><body>/WORM_MOVES =</body></message><message xml:lang='en' to='542400@conference.reifier.adm.monash.edu.au' from='bjwre1@reifier.adm.monash.edu.au' type='groupchat' time='1265860326929'><body>/WORM_MOVES =</body></message><message xml:lang='en' to='542400@conference.reifier.adm.monash.edu.au' from='jpjor1@reifier.adm.monash.edu.au' type='groupchat' time='1265860330315'><body>/WORM_MOVES =</body></message><message xml:lang='en' to='542400@conference.reifier.adm.monash.edu.au' from='bjwre1@reifier.adm.monash.edu.au' type='groupchat' time='1265860334526'><body>/WORM_MOVES =</body></message><message xml:lang='en' to='542400@conference.reifier.adm.monash.edu.au' from='bjwre1@reifier.adm.monash.edu.au' type='groupchat' time='1265860340622'><body>/WORM_MOVES =</body></message><message xml:lang='en' to='542400@conference.reifier.adm.monash.edu.au' from='jpjor1@reifier.adm.monash.edu.au' type='groupchat' time='1265860344213'><body>/WORM_MOVES =</body></message><message xml:lang='en' to='542400@conference.reifier.adm.monash.edu.au' from='bjwre1@reifier.adm.monash.edu.au' type='groupchat' time='1265860348272'><body>/WORM_MOVES =</body></message><message xml:lang='en' to='542400@conference.reifier.adm.monash.edu.au' from='jpjor1@reifier.adm.monash.edu.au' type='groupchat' time='1265860351901'><body>/WORM_MOVES =</body></message><message xml:lang='en' to='542400@conference.reifier.adm.monash.edu.au' from='bjwre1@reifier.adm.monash.edu.au' type='groupchat' time='1265860356098'><body>/WORM_MOVES =</body></message><message xml:lang='en' to='542400@conference.reifier.adm.monash.edu.au' from='jpjor1@reifier.adm.monash.edu.au' type='groupchat' time='1265860359716'><body>/WORM_MOVES =</body></message><message xml:lang='en' to='542400@conference.reifier.adm.monash.edu.au' from='bjwre1@reifier.adm.monash.edu.au' type='groupchat' time='1265860364004'><body>/WORM_MOVES =</body></message><message xml:lang='en' to='542400@conference.reifier.adm.monash.edu.au' from='jpjor1@reifier.adm.monash.edu.au' type='groupchat' time='1265860367563'><body>/WORM_MOVES =</body></message><message xml:lang='en' to='542400@conference.reifier.adm.monash.edu.au' from='bjwre1@reifier.adm.monash.edu.au' type='groupchat' time='1265860371868'><body>/WORM_MOVES =</body></message><message xml:lang='en' to='542400@conference.reifier.adm.monash.edu.au' from='jpjor1@reifier.adm.monash.edu.au' type='groupchat' time='1265860375284'><body>/WORM_MOVES =</body></message><message xml:lang='en' to='542400@conference.reifier.adm.monash.edu.au' from='jpjor1@reifier.adm.monash.edu.au' type='groupchat' time='1265860379920'><body>/WORM_MOVES =</body></message><message xml:lang='en' to='542400@conference.reifier.adm.monash.edu.au' from='jpjor1@reifier.adm.monash.edu.au' type='groupchat' time='1265860384836'><body>/WORM_MOVES =</body></message><message xml:lang='en' to='542400@conference.reifier.adm.monash.edu.au' from='jpjor1@reifier.adm.monash.edu.au' type='groupchat' time='1265860389477'><body>/WORM_MOVES =</body></message><message xml:lang='en' to='542400@conference.reifier.adm.monash.edu.au' from='bjwre1@reifier.adm.monash.edu.au' type='groupchat' time='1265860392709'><body>/WORM_MOVES =</body></message><message xml:lang='en' to='542400@conference.reifier.adm.monash.edu.au' from='jpjor1@reifier.adm.monash.edu.au' type='groupchat' time='1265860397099'><body>/WORM_MOVES =</body></message><message xml:lang='en' to='542400@conference.reifier.adm.monash.edu.au' from='bjwre1@reifier.adm.monash.edu.au' type='groupchat' time='1265860400461'><body>/WORM_MOVES =</body></message><message xml:lang='en' to='542400@conference.reifier.adm.monash.edu.au' from='jpjor1@reifier.adm.monash.edu.au' type='groupchat' time='1265860404875'><body>/WORM_MOVES =</body></message><message xml:lang='en' to='542400@conference.reifier.adm.monash.edu.au' from='bjwre1@reifier.adm.monash.edu.au' type='groupchat' time='1265860408201'><body>/WORM_MOVES =</body></message><message xml:lang='en' to='542400@conference.reifier.adm.monash.edu.au' from='bjwre1@reifier.adm.monash.edu.au' type='groupchat' time='1265860412752'><body>/WORM_MOVES =</body></message><message xml:lang='en' to='542400@conference.reifier.adm.monash.edu.au' from='jpjor1@reifier.adm.monash.edu.au' type='groupchat' time='1265860415816'><body>/WORM_MOVES =</body></message><message xml:lang='en' to='542400@conference.reifier.adm.monash.edu.au' from='jpjor1@reifier.adm.monash.edu.au' type='groupchat' time='1265860420370'><body>/WORM_MOVES =</body></message><message xml:lang='en' to='542400@conference.reifier.adm.monash.edu.au' from='bjwre1@reifier.adm.monash.edu.au' type='groupchat' time='1265860423533'><body>/WORM_MOVES =</body></message><message xml:lang='en' to='542400@conference.reifier.adm.monash.edu.au' from='jpjor1@reifier.adm.monash.edu.au' type='groupchat' time='1265860429523'><body>/WORM_MOVES =</body></message><message xml:lang='en' to='542400@conference.reifier.adm.monash.edu.au' from='bjwre1@reifier.adm.monash.edu.au' type='groupchat' time='1265860432674'><body>/WORM_MOVES =</body></message><message xml:lang='en' to='542400@conference.reifier.adm.monash.edu.au' from='bjwre1@reifier.adm.monash.edu.au' type='groupchat' time='1265860437245'><body>/WORM_MOVES =</body></message><message xml:lang='en' to='542400@conference.reifier.adm.monash.edu.au' from='jpjor1@reifier.adm.monash.edu.au' type='groupchat' time='1265860440350'><body>/WORM_MOVES =</body></message><message xml:lang='en' to='542400@conference.reifier.adm.monash.edu.au' from='bjwre1@reifier.adm.monash.edu.au' type='groupchat' time='1265860444917'><body>/WORM_MOVES =</body></message><message xml:lang='en' to='542400@conference.reifier.adm.monash.edu.au' from='bjwre1@reifier.adm.monash.edu.au' type='groupchat' time='1265860449520'><body>/WORM_MOVES =</body></message><message xml:lang='en' to='542400@conference.reifier.adm.monash.edu.au' from='jpjor1@reifier.adm.monash.edu.au' type='groupchat' time='1265860451576'><body>/SYNC_MOVE 542401</body></message><message xml:lang='en' to='542400@conference.reifier.adm.monash.edu.au' from='bjwre1@reifier.adm.monash.edu.au' type='groupchat' time='1265860454180'><body>/WORM_MOVES =</body></message><message xml:lang='en' to='542400@conference.reifier.adm.monash.edu.au' from='jpjor1@reifier.adm.monash.edu.au' type='groupchat' time='1265860457535'><body>/WORM_MOVES =</body></message><message xml:lang='en' to='542400@conference.reifier.adm.monash.edu.au' from='bjwre1@reifier.adm.monash.edu.au' type='groupchat' time='1265860462075'><body>/WORM_MOVES =</body></message><message xml:lang='en' to='542400@conference.reifier.adm.monash.edu.au' from='jpjor1@reifier.adm.monash.edu.au' type='groupchat' time='1265860465229'><body>/WORM_MOVES =</body></message><message xml:lang='en' to='542400@conference.reifier.adm.monash.edu.au' from='bjwre1@reifier.adm.monash.edu.au' type='groupchat' time='1265860469794'><body>/WORM_MOVES =</body></message><message xml:lang='en' to='542400@conference.reifier.adm.monash.edu.au' from='jpjor1@reifier.adm.monash.edu.au' type='groupchat' time='1265860473061'><body>/WORM_MOVES =</body></message><message xml:lang='en' to='542400@conference.reifier.adm.monash.edu.au' from='bjwre1@reifier.adm.monash.edu.au' type='groupchat' time='1265860477369'><body>/WORM_MOVES =</body></message><message xml:lang='en' to='542400@conference.reifier.adm.monash.edu.au' from='jpjor1@reifier.adm.monash.edu.au' type='groupchat' time='1265860480716'><body>/WORM_MOVES =</body></message><message xml:lang='en' to='542400@conference.reifier.adm.monash.edu.au' from='bjwre1@reifier.adm.monash.edu.au' type='groupchat' time='1265860485144'><body>/WORM_MOVES =</body></message><message xml:lang='en' to='542400@conference.reifier.adm.monash.edu.au' from='jpjor1@reifier.adm.monash.edu.au' type='groupchat' time='1265860488547'><body>/WORM_MOVES =</body></message><message xml:lang='en' to='542400@conference.reifier.adm.monash.edu.au' from='bjwre1@reifier.adm.monash.edu.au' type='groupchat' time='1265860492867'><body>/WORM_MOVES =</body></message><message xml:lang='en' to='542400@conference.reifier.adm.monash.edu.au' from='jpjor1@reifier.adm.monash.edu.au' type='groupchat' time='1265860496346'><body>/WORM_MOVES =</body></message><message xml:lang='en' to='542400@conference.reifier.adm.monash.edu.au' from='jpjor1@reifier.adm.monash.edu.au' type='groupchat' time='1265860500921'><body>/WORM_MOVES =</body></message><message xml:lang='en' to='542400@conference.reifier.adm.monash.edu.au' from='bjwre1@reifier.adm.monash.edu.au' type='groupchat' time='1265860504283'><body>/WORM_MOVES =</body></message><message xml:lang='en' to='542400@conference.reifier.adm.monash.edu.au' from='jpjor1@reifier.adm.monash.edu.au' type='groupchat' time='1265860508669'><body>/WORM_MOVES =</body></message><message xml:lang='en' to='542400@conference.reifier.adm.monash.edu.au' from='bjwre1@reifier.adm.monash.edu.au' type='groupchat' time='1265860512039'><body>/WORM_MOVES =</body></message><message xml:lang='en' to='542400@conference.reifier.adm.monash.edu.au' from='jpjor1@reifier.adm.monash.edu.au' type='groupchat' time='1265860516469'><body>/WORM_MOVES =</body></message><message xml:lang='en' to='542400@conference.reifier.adm.monash.edu.au' from='bjwre1@reifier.adm.monash.edu.au' type='groupchat' time='1265860519682'><body>/WORM_MOVES =</body></message><message xml:lang='en' to='542400@conference.reifier.adm.monash.edu.au' from='jpjor1@reifier.adm.monash.edu.au' type='groupchat' time='1265860524252'><body>/WORM_MOVES =</body></message><message xml:lang='en' to='542400@conference.reifier.adm.monash.edu.au' from='bjwre1@reifier.adm.monash.edu.au' type='groupchat' time='1265860527308'><body>/WORM_MOVES =</body></message><message xml:lang='en' to='542400@conference.reifier.adm.monash.edu.au' from='jpjor1@reifier.adm.monash.edu.au' type='groupchat' time='1265860530476'><body>/WORM_MOVES =</body></message><message xml:lang='en' to='542400@conference.reifier.adm.monash.edu.au' from='jpjor1@reifier.adm.monash.edu.au' type='groupchat' time='1265860535045'><body>/WORM_MOVES =</body></message><message xml:lang='en' to='542400@conference.reifier.adm.monash.edu.au' from='bjwre1@reifier.adm.monash.edu.au' type='groupchat' time='1265860538133'><body>/WORM_MOVES =</body></message><message xml:lang='en' to='542400@conference.reifier.adm.monash.edu.au' from='jpjor1@reifier.adm.monash.edu.au' type='groupchat' time='1265860541197'><body>/WORM_MOVES =</body></message><message xml:lang='en' to='542400@conference.reifier.adm.monash.edu.au' from='bjwre1@reifier.adm.monash.edu.au' type='groupchat' time='1265860544392'><body>/WORM_MOVES =</body></message><message xml:lang='en' to='542400@conference.reifier.adm.monash.edu.au' from='jpjor1@reifier.adm.monash.edu.au' type='groupchat' time='1265860548887'><body>/WORM_MOVES =</body></message><message xml:lang='en' to='542400@conference.reifier.adm.monash.edu.au' from='bjwre1@reifier.adm.monash.edu.au' type='groupchat' time='1265860552125'><body>/WORM_MOVES =</body></message><message xml:lang='en' to='542400@conference.reifier.adm.monash.edu.au' from='jpjor1@reifier.adm.monash.edu.au' type='groupchat' time='1265860556501'><body>/WORM_MOVES =</body></message><message xml:lang='en' to='542400@conference.reifier.adm.monash.edu.au' from='bjwre1@reifier.adm.monash.edu.au' type='groupchat' time='1265860559959'><body>/WORM_MOVES =</body></message><message xml:lang='en' to='542400@conference.reifier.adm.monash.edu.au' from='jpjor1@reifier.adm.monash.edu.au' type='groupchat' time='1265860564281'><body>/WORM_MOVES =</body></message><message xml:lang='en' to='542400@conference.reifier.adm.monash.edu.au' from='bjwre1@reifier.adm.monash.edu.au' type='groupchat' time='1265860567787'><body>/WORM_MOVES =</body></message><message xml:lang='en' to='542400@conference.reifier.adm.monash.edu.au' from='jpjor1@reifier.adm.monash.edu.au' type='groupchat' time='1265860572063'><body>/WORM_MOVES =</body></message><message xml:lang='en' to='542400@conference.reifier.adm.monash.edu.au' from='bjwre1@reifier.adm.monash.edu.au' type='groupchat' time='1265860575573'><body>/WORM_MOVES =</body></message><message xml:lang='en' to='542400@conference.reifier.adm.monash.edu.au' from='jpjor1@reifier.adm.monash.edu.au' type='groupchat' time='1265860579960'><body>/WORM_MOVES =</body></message><message xml:lang='en' to='542400@conference.reifier.adm.monash.edu.au' from='bjwre1@reifier.adm.monash.edu.au' type='groupchat' time='1265860583373'><body>/WORM_MOVES =</body></message><message xml:lang='en' to='542400@conference.reifier.adm.monash.edu.au' from='jpjor1@reifier.adm.monash.edu.au' type='groupchat' time='1265860587571'><body>/WORM_MOVES =</body></message><message xml:lang='en' to='542400@conference.reifier.adm.monash.edu.au' from='bjwre1@reifier.adm.monash.edu.au' type='groupchat' time='1265860591387'><body>/WORM_MOVES =</body></message><message xml:lang='en' to='542400@conference.reifier.adm.monash.edu.au' from='jpjor1@reifier.adm.monash.edu.au' type='groupchat' time='1265860595185'><body>/WORM_MOVES =</body></message><message xml:lang='en' to='542400@conference.reifier.adm.monash.edu.au' from='bjwre1@reifier.adm.monash.edu.au' type='groupchat' time='1265860598980'><body>/WORM_MOVES =</body></message><message xml:lang='en' to='542400@conference.reifier.adm.monash.edu.au' from='jpjor1@reifier.adm.monash.edu.au' type='groupchat' time='1265860602918'><body>/WORM_MOVES =</body></message><message xml:lang='en' to='542400@conference.reifier.adm.monash.edu.au' from='bjwre1@reifier.adm.monash.edu.au' type='groupchat' time='1265860606599'><body>/WORM_MOVES =</body></message><message xml:lang='en' to='542400@conference.reifier.adm.monash.edu.au' from='jpjor1@reifier.adm.monash.edu.au' type='groupchat' time='1265860610559'><body>/WORM_MOVES =</body></message><message xml:lang='en' to='542400@conference.reifier.adm.monash.edu.au' from='bjwre1@reifier.adm.monash.edu.au' type='groupchat' time='1265860614248'><body>/WORM_MOVES =</body></message><message xml:lang='en' to='542400@conference.reifier.adm.monash.edu.au' from='jpjor1@reifier.adm.monash.edu.au' type='groupchat' time='1265860618486'><body>/WORM_MOVES =</body></message><message xml:lang='en' to='542400@conference.reifier.adm.monash.edu.au' from='bjwre1@reifier.adm.monash.edu.au' type='groupchat' time='1265860621903'><body>/WORM_MOVES =</body></message><message xml:lang='en' to='542400@conference.reifier.adm.monash.edu.au' from='jpjor1@reifier.adm.monash.edu.au' type='groupchat' time='1265860626238'><body>/WORM_MOVES =</body></message><message xml:lang='en' to='542400@conference.reifier.adm.monash.edu.au' from='bjwre1@reifier.adm.monash.edu.au' type='groupchat' time='1265860629469'><body>/WORM_MOVES =</body></message><message xml:lang='en' to='542400@conference.reifier.adm.monash.edu.au' from='jpjor1@reifier.adm.monash.edu.au' type='groupchat' time='1265860633991'><body>/WORM_MOVES =</body></message><message xml:lang='en' to='542400@conference.reifier.adm.monash.edu.au' from='bjwre1@reifier.adm.monash.edu.au' type='groupchat' time='1265860637138'><body>/WORM_MOVES =</body></message><message xml:lang='en' to='542400@conference.reifier.adm.monash.edu.au' from='jpjor1@reifier.adm.monash.edu.au' type='groupchat' time='1265860641633'><body>/WORM_MOVES =</body></message><message xml:lang='en' to='542400@conference.reifier.adm.monash.edu.au' from='bjwre1@reifier.adm.monash.edu.au' type='groupchat' time='1265860644955'><body>/WORM_MOVES =</body></message><message xml:lang='en' to='542400@conference.reifier.adm.monash.edu.au' from='jpjor1@reifier.adm.monash.edu.au' type='groupchat' time='1265860649328'><body>/WORM_MOVES =</body></message><message xml:lang='en' to='542400@conference.reifier.adm.monash.edu.au' from='bjwre1@reifier.adm.monash.edu.au' type='groupchat' time='1265860652629'><body>/WORM_MOVES =</body></message><message xml:lang='en' to='542400@conference.reifier.adm.monash.edu.au' from='jpjor1@reifier.adm.monash.edu.au' type='groupchat' time='1265860657156'><body>/WORM_MOVES =</body></message><message xml:lang='en' to='542400@conference.reifier.adm.monash.edu.au' from='bjwre1@reifier.adm.monash.edu.au' type='groupchat' time='1265860660193'><body>/WORM_MOVES =</body></message><message xml:lang='en' to='542400@conference.reifier.adm.monash.edu.au' from='jpjor1@reifier.adm.monash.edu.au' type='groupchat' time='1265860663332'><body>/WORM_MOVES =</body></message><message xml:lang='en' to='542400@conference.reifier.adm.monash.edu.au' from='bjwre1@reifier.adm.monash.edu.au' type='groupchat' time='1265860667854'><body>/WORM_MOVES =</body></message><message xml:lang='en' to='542400@conference.reifier.adm.monash.edu.au' from='jpjor1@reifier.adm.monash.edu.au' type='groupchat' time='1265860671085'><body>/WORM_MOVES =</body></message><message xml:lang='en' to='542400@conference.reifier.adm.monash.edu.au' from='bjwre1@reifier.adm.monash.edu.au' type='groupchat' time='1265860675440'><body>/WORM_MOVES =</body></message><message xml:lang='en' to='542400@conference.reifier.adm.monash.edu.au' from='jpjor1@reifier.adm.monash.edu.au' type='groupchat' time='1265860678853'><body>/WORM_MOVES =</body></message><message xml:lang='en' to='542400@conference.reifier.adm.monash.edu.au' from='bjwre1@reifier.adm.monash.edu.au' type='groupchat' time='1265860683038'><body>/WORM_MOVES =</body></message><message xml:lang='en' to='542400@conference.reifier.adm.monash.edu.au' from='jpjor1@reifier.adm.monash.edu.au' type='groupchat' time='1265860686549'><body>/WORM_MOVES =</body></message><message xml:lang='en' to='542400@conference.reifier.adm.monash.edu.au' from='bjwre1@reifier.adm.monash.edu.au' type='groupchat' time='1265860690692'><body>/WORM_MOVES =</body></message><message xml:lang='en' to='542400@conference.reifier.adm.monash.edu.au' from='jpjor1@reifier.adm.monash.edu.au' type='groupchat' time='1265860694282'><body>/WORM_MOVES =</body></message><message xml:lang='en' to='542400@conference.reifier.adm.monash.edu.au' from='bjwre1@reifier.adm.monash.edu.au' type='groupchat' time='1265860698414'><body>/WORM_MOVES =</body></message><message xml:lang='en' to='542400@conference.reifier.adm.monash.edu.au' from='jpjor1@reifier.adm.monash.edu.au' type='groupchat' time='1265860702234'><body>/WORM_MOVES =</body></message><message xml:lang='en' to='542400@conference.reifier.adm.monash.edu.au' from='bjwre1@reifier.adm.monash.edu.au' type='groupchat' time='1265860705994'><body>/WORM_MOVES =</body></message><message xml:lang='en' to='542400@conference.reifier.adm.monash.edu.au' from='jpjor1@reifier.adm.monash.edu.au' type='groupchat' time='1265860709957'><body>/WORM_MOVES =</body></message><message xml:lang='en' to='542400@conference.reifier.adm.monash.edu.au' from='bjwre1@reifier.adm.monash.edu.au' type='groupchat' time='1265860713793'><body>/WORM_MOVES =</body></message><message xml:lang='en' to='542400@conference.reifier.adm.monash.edu.au' from='jpjor1@reifier.adm.monash.edu.au' type='groupchat' time='1265860717538'><body>/WORM_MOVES =</body></message><message xml:lang='en' to='542400@conference.reifier.adm.monash.edu.au' from='bjwre1@reifier.adm.monash.edu.au' type='groupchat' time='1265860721481'><body>/WORM_MOVES =</body></message><message xml:lang='en' to='542400@conference.reifier.adm.monash.edu.au' from='jpjor1@reifier.adm.monash.edu.au' type='groupchat' time='1265860725367'><body>/WORM_MOVES =</body></message><message xml:lang='en' to='542400@conference.reifier.adm.monash.edu.au' from='bjwre1@reifier.adm.monash.edu.au' type='groupchat' time='1265860729147'><body>/WORM_MOVES =</body></message><message xml:lang='en' to='542400@conference.reifier.adm.monash.edu.au' from='jpjor1@reifier.adm.monash.edu.au' type='groupchat' time='1265860733098'><body>/WORM_MOVES =</body></message><message xml:lang='en' to='542400@conference.reifier.adm.monash.edu.au' from='bjwre1@reifier.adm.monash.edu.au' type='groupchat' time='1265860736771'><body>/WORM_MOVES =</body></message><message xml:lang='en' to='542400@conference.reifier.adm.monash.edu.au' from='jpjor1@reifier.adm.monash.edu.au' type='groupchat' time='1265860740873'><body>/WORM_MOVES =</body></message><message xml:lang='en' to='542400@conference.reifier.adm.monash.edu.au' from='bjwre1@reifier.adm.monash.edu.au' type='groupchat' time='1265860744482'><body>/WORM_MOVES =</body></message><message xml:lang='en' to='542400@conference.reifier.adm.monash.edu.au' from='jpjor1@reifier.adm.monash.edu.au' type='groupchat' time='1265860748581'><body>/WORM_MOVES =</body></message><message xml:lang='en' to='542400@conference.reifier.adm.monash.edu.au' from='bjwre1@reifier.adm.monash.edu.au' type='groupchat' time='1265860752213'><body>/WORM_MOVES =</body></message><message xml:lang='en' to='542400@conference.reifier.adm.monash.edu.au' from='jpjor1@reifier.adm.monash.edu.au' type='groupchat' time='1265860756380'><body>/WORM_MOVES =</body></message><message xml:lang='en' to='542400@conference.reifier.adm.monash.edu.au' from='bjwre1@reifier.adm.monash.edu.au' type='groupchat' time='1265860759967'><body>/WORM_MOVES =</body></message><message xml:lang='en' to='542400@conference.reifier.adm.monash.edu.au' from='jpjor1@reifier.adm.monash.edu.au' type='groupchat' time='1265860764162'><body>/WORM_MOVES =</body></message><message xml:lang='en' to='542400@conference.reifier.adm.monash.edu.au' from='bjwre1@reifier.adm.monash.edu.au' type='groupchat' time='1265860767546'><body>/WORM_MOVES =</body></message><message xml:lang='en' to='542400@conference.reifier.adm.monash.edu.au' from='jpjor1@reifier.adm.monash.edu.au' type='groupchat' time='1265860771991'><body>/WORM_MOVES =</body></message><message xml:lang='en' to='542400@conference.reifier.adm.monash.edu.au' from='bjwre1@reifier.adm.monash.edu.au' type='groupchat' time='1265860775378'><body>/WORM_MOVES =</body></message><message xml:lang='en' to='542400@conference.reifier.adm.monash.edu.au' from='jpjor1@reifier.adm.monash.edu.au' type='groupchat' time='1265860779638'><body>/WORM_MOVES =</body></message><message xml:lang='en' to='542400@conference.reifier.adm.monash.edu.au' from='bjwre1@reifier.adm.monash.edu.au' type='groupchat' time='1265860783059'><body>/WORM_MOVES =</body></message><message xml:lang='en' to='542400@conference.reifier.adm.monash.edu.au' from='jpjor1@reifier.adm.monash.edu.au' type='groupchat' time='1265860787424'><body>/WORM_MOVES =</body></message><message xml:lang='en' to='542400@conference.reifier.adm.monash.edu.au' from='bjwre1@reifier.adm.monash.edu.au' type='groupchat' time='1265860790685'><body>/WORM_MOVES =</body></message><message xml:lang='en' to='542400@conference.reifier.adm.monash.edu.au' from='jpjor1@reifier.adm.monash.edu.au' type='groupchat' time='1265860795159'><body>/WORM_MOVES =</body></message><message xml:lang='en' to='542400@conference.reifier.adm.monash.edu.au' from='bjwre1@reifier.adm.monash.edu.au' type='groupchat' time='1265860798354'><body>/WORM_MOVES =</body></message><message xml:lang='en' to='542400@conference.reifier.adm.monash.edu.au' from='bjwre1@reifier.adm.monash.edu.au' type='groupchat' time='1265860802995'><body>/WORM_MOVES =</body></message><message xml:lang='en' to='542400@conference.reifier.adm.monash.edu.au' from='jpjor1@reifier.adm.monash.edu.au' type='groupchat' time='1265860806341'><body>/WORM_MOVES =</body></message><message xml:lang='en' to='542400@conference.reifier.adm.monash.edu.au' from='bjwre1@reifier.adm.monash.edu.au' type='groupchat' time='1265860810646'><body>/WORM_MOVES =</body></message><message xml:lang='en' to='542400@conference.reifier.adm.monash.edu.au' from='jpjor1@reifier.adm.monash.edu.au' type='groupchat' time='1265860814004'><body>/WORM_MOVES =</body></message><message xml:lang='en' to='542400@conference.reifier.adm.monash.edu.au' from='bjwre1@reifier.adm.monash.edu.au' type='groupchat' time='1265860818294'><body>/WORM_MOVES =</body></message><message xml:lang='en' to='542400@conference.reifier.adm.monash.edu.au' from='jpjor1@reifier.adm.monash.edu.au' type='groupchat' time='1265860821690'><body>/WORM_MOVES =</body></message><message xml:lang='en' to='542400@conference.reifier.adm.monash.edu.au' from='bjwre1@reifier.adm.monash.edu.au' type='groupchat' time='1265860825875'><body>/WORM_MOVES =</body></message><message xml:lang='en' to='542400@conference.reifier.adm.monash.edu.au' from='jpjor1@reifier.adm.monash.edu.au' type='groupchat' time='1265860829537'><body>/WORM_MOVES =</body></message><message xml:lang='en' to='542400@conference.reifier.adm.monash.edu.au' from='bjwre1@reifier.adm.monash.edu.au' type='groupchat' time='1265860833734'><body>/WORM_MOVES =</body></message><message xml:lang='en' to='542400@conference.reifier.adm.monash.edu.au' from='jpjor1@reifier.adm.monash.edu.au' type='groupchat' time='1265860837541'><body>/WORM_MOVES =</body></message><message xml:lang='en' to='542400@conference.reifier.adm.monash.edu.au' from='bjwre1@reifier.adm.monash.edu.au' type='groupchat' time='1265860841436'><body>/WORM_MOVES =</body></message><message xml:lang='en' to='542400@conference.reifier.adm.monash.edu.au' from='jpjor1@reifier.adm.monash.edu.au' type='groupchat' time='1265860845357'><body>/WORM_MOVES =</body></message><message xml:lang='en' to='542400@conference.reifier.adm.monash.edu.au' from='bjwre1@reifier.adm.monash.edu.au' type='groupchat' time='1265860849104'><body>/WORM_MOVES =</body></message><message xml:lang='en' to='542400@conference.reifier.adm.monash.edu.au' from='jpjor1@reifier.adm.monash.edu.au' type='groupchat' time='1265860853094'><body>/WORM_MOVES =</body></message><message xml:lang='en' to='542400@conference.reifier.adm.monash.edu.au' from='bjwre1@reifier.adm.monash.edu.au' type='groupchat' time='1265860856739'><body>/WORM_MOVES =</body></message><message xml:lang='en' to='542400@conference.reifier.adm.monash.edu.au' from='jpjor1@reifier.adm.monash.edu.au' type='groupchat' time='1265860860775'><body>/WORM_MOVES =</body></message><message xml:lang='en' to='542400@conference.reifier.adm.monash.edu.au' from='bjwre1@reifier.adm.monash.edu.au' type='groupchat' time='1265860864437'><body>/WORM_MOVES =</body></message><message xml:lang='en' to='542400@conference.reifier.adm.monash.edu.au' from='jpjor1@reifier.adm.monash.edu.au' type='groupchat' time='1265860868549'><body>/WORM_MOVES =</body></message><message xml:lang='en' to='542400@conference.reifier.adm.monash.edu.au' from='bjwre1@reifier.adm.monash.edu.au' type='groupchat' time='1265860872065'><body>/WORM_MOVES =</body></message><message xml:lang='en' to='542400@conference.reifier.adm.monash.edu.au' from='jpjor1@reifier.adm.monash.edu.au' type='groupchat' time='1265860876417'><body>/WORM_MOVES =</body></message><message xml:lang='en' to='542400@conference.reifier.adm.monash.edu.au' from='bjwre1@reifier.adm.monash.edu.au' type='groupchat' time='1265860879845'><body>/WORM_MOVES =</body></message><message xml:lang='en' to='542400@conference.reifier.adm.monash.edu.au' from='jpjor1@reifier.adm.monash.edu.au' type='groupchat' time='1265860884086'><body>/WORM_MOVES =</body></message><message xml:lang='en' to='542400@conference.reifier.adm.monash.edu.au' from='bjwre1@reifier.adm.monash.edu.au' type='groupchat' time='1265860887586'><body>/WORM_MOVES =</body></message><message xml:lang='en' to='542400@conference.reifier.adm.monash.edu.au' from='jpjor1@reifier.adm.monash.edu.au' type='groupchat' time='1265860891934'><body>/WORM_MOVES =</body></message><message xml:lang='en' to='542400@conference.reifier.adm.monash.edu.au' from='bjwre1@reifier.adm.monash.edu.au' type='groupchat' time='1265860895393'><body>/WORM_MOVES =</body></message><message xml:lang='en' to='542400@conference.reifier.adm.monash.edu.au' from='jpjor1@reifier.adm.monash.edu.au' type='groupchat' time='1265860899605'><body>/WORM_MOVES =</body></message><message xml:lang='en' to='542400@conference.reifier.adm.monash.edu.au' from='bjwre1@reifier.adm.monash.edu.au' type='groupchat' time='1265860903114'><body>/WORM_MOVES =</body></message><message xml:lang='en' to='542400@conference.reifier.adm.monash.edu.au' from='jpjor1@reifier.adm.monash.edu.au' type='groupchat' time='1265860907350'><body>/WORM_MOVES =</body></message><message xml:lang='en' to='542400@conference.reifier.adm.monash.edu.au' from='bjwre1@reifier.adm.monash.edu.au' type='groupchat' time='1265860910682'><body>/WORM_MOVES =</body></message><message xml:lang='en' to='542400@conference.reifier.adm.monash.edu.au' from='jpjor1@reifier.adm.monash.edu.au' type='groupchat' time='1265860915101'><body>/WORM_MOVES =</body></message><message xml:lang='en' to='542400@conference.reifier.adm.monash.edu.au' from='bjwre1@reifier.adm.monash.edu.au' type='groupchat' time='1265860918266'><body>/WORM_MOVES =</body></message><message xml:lang='en' to='542400@conference.reifier.adm.monash.edu.au' from='jpjor1@reifier.adm.monash.edu.au' type='groupchat' time='1265860922809'><body>/WORM_MOVES =</body></message><message xml:lang='en' to='542400@conference.reifier.adm.monash.edu.au' from='bjwre1@reifier.adm.monash.edu.au' type='groupchat' time='1265860925845'><body>/WORM_MOVES =</body></message><message xml:lang='en' to='542400@conference.reifier.adm.monash.edu.au' from='bjwre1@reifier.adm.monash.edu.au' type='groupchat' time='1265860930404'><body>/WORM_MOVES =</body></message><message xml:lang='en' to='542400@conference.reifier.adm.monash.edu.au' from='jpjor1@reifier.adm.monash.edu.au' type='groupchat' time='1265860933631'><body>/WORM_MOVES =</body></message><message xml:lang='en' to='542400@conference.reifier.adm.monash.edu.au' from='bjwre1@reifier.adm.monash.edu.au' type='groupchat' time='1265860938001'><body>/WORM_MOVES =</body></message><message xml:lang='en' to='542400@conference.reifier.adm.monash.edu.au' from='jpjor1@reifier.adm.monash.edu.au' type='groupchat' time='1265860941354'><body>/WORM_MOVES =</body></message><message xml:lang='en' to='542400@conference.reifier.adm.monash.edu.au' from='bjwre1@reifier.adm.monash.edu.au' type='groupchat' time='1265860945715'><body>/WORM_MOVES =</body></message><message xml:lang='en' to='542400@conference.reifier.adm.monash.edu.au' from='jpjor1@reifier.adm.monash.edu.au' type='groupchat' time='1265860949042'><body>/WORM_MOVES =</body></message><message xml:lang='en' to='542400@conference.reifier.adm.monash.edu.au' from='bjwre1@reifier.adm.monash.edu.au' type='groupchat' time='1265860953280'><body>/WORM_MOVES =</body></message><message xml:lang='en' to='542400@conference.reifier.adm.monash.edu.au' from='jpjor1@reifier.adm.monash.edu.au' type='groupchat' time='1265860956825'><body>/WORM_MOVES =</body></message><message xml:lang='en' to='542400@conference.reifier.adm.monash.edu.au' from='bjwre1@reifier.adm.monash.edu.au' type='groupchat' time='1265860960882'><body>/WORM_MOVES =</body></message><message xml:lang='en' to='542400@conference.reifier.adm.monash.edu.au' from='jpjor1@reifier.adm.monash.edu.au' type='groupchat' time='1265860964643'><body>/WORM_MOVES =</body></message><message xml:lang='en' to='542400@conference.reifier.adm.monash.edu.au' from='bjwre1@reifier.adm.monash.edu.au' type='groupchat' time='1265860968477'><body>/WORM_MOVES =</body></message><message xml:lang='en' to='542400@conference.reifier.adm.monash.edu.au' from='jpjor1@reifier.adm.monash.edu.au' type='groupchat' time='1265860972301'><body>/WORM_MOVES =</body></message><message xml:lang='en' to='542400@conference.reifier.adm.monash.edu.au' from='bjwre1@reifier.adm.monash.edu.au' type='groupchat' time='1265860976195'><body>/WORM_MOVES =</body></message><message xml:lang='en' to='542400@conference.reifier.adm.monash.edu.au' from='jpjor1@reifier.adm.monash.edu.au' type='groupchat' time='1265860980117'><body>/WORM_MOVES =</body></message><message xml:lang='en' to='542400@conference.reifier.adm.monash.edu.au' from='bjwre1@reifier.adm.monash.edu.au' type='groupchat' time='1265860984073'><body>/WORM_MOVES =</body></message><message xml:lang='en' to='542400@conference.reifier.adm.monash.edu.au' from='jpjor1@reifier.adm.monash.edu.au' type='groupchat' time='1265860987803'><body>/WORM_MOVES =</body></message><message xml:lang='en' to='542400@conference.reifier.adm.monash.edu.au' from='jpjor1@reifier.adm.monash.edu.au' type='groupchat' time='1265860992560'><body>/WORM_MOVES =</body></message><message xml:lang='en' to='542400@conference.reifier.adm.monash.edu.au' from='jpjor1@reifier.adm.monash.edu.au' type='groupchat' time='1265860997177'><body>/WORM_MOVES =</body></message><message xml:lang='en' to='542400@conference.reifier.adm.monash.edu.au' from='jpjor1@reifier.adm.monash.edu.au' type='groupchat' time='1265861001891'><body>/WORM_MOVES =</body></message><message xml:lang='en' to='542400@conference.reifier.adm.monash.edu.au' from='jpjor1@reifier.adm.monash.edu.au' type='groupchat' time='1265861006572'><body>/WORM_MOVES =</body></message><message xml:lang='en' to='542400@conference.reifier.adm.monash.edu.au' from='jpjor1@reifier.adm.monash.edu.au' type='groupchat' time='1265861011219'><body>/WORM_MOVES =</body></message><message xml:lang='en' to='542400@conference.reifier.adm.monash.edu.au' from='jpjor1@reifier.adm.monash.edu.au' type='groupchat' time='1265861015837'><body>/WORM_MOVES =</body></message><message xml:lang='en' to='542400@conference.reifier.adm.monash.edu.au' from='jpjor1@reifier.adm.monash.edu.au' type='groupchat' time='1265861020469'><body>/WORM_MOVES =</body></message><message xml:lang='en' to='542400@conference.reifier.adm.monash.edu.au' from='jpjor1@reifier.adm.monash.edu.au' type='groupchat' time='1265861025257'><body>/WORM_MOVES =</body></message><message xml:lang='en' to='542400@conference.reifier.adm.monash.edu.au' from='jpjor1@reifier.adm.monash.edu.au' type='groupchat' time='1265861029797'><body>/WORM_MOVES =</body></message><message xml:lang='en' to='542400@conference.reifier.adm.monash.edu.au' from='jpjor1@reifier.adm.monash.edu.au' type='groupchat' time='1265861034352'><body>/WORM_MOVES =</body></message><message xml:lang='en' to='542400@conference.reifier.adm.monash.edu.au' from='jpjor1@reifier.adm.monash.edu.au' type='groupchat' time='1265861039173'><body>/WORM_MOVES =</body></message><message xml:lang='en' to='542400@conference.reifier.adm.monash.edu.au' from='jpjor1@reifier.adm.monash.edu.au' type='groupchat' time='1265861043852'><body>/WORM_MOVES =</body></message><message xml:lang='en' to='542400@conference.reifier.adm.monash.edu.au' from='jpjor1@reifier.adm.monash.edu.au' type='groupchat' time='1265861048534'><body>/WORM_MOVES =</body></message><message xml:lang='en' to='542400@conference.reifier.adm.monash.edu.au' from='jpjor1@reifier.adm.monash.edu.au' type='groupchat' time='1265861053197'><body>/WORM_MOVES =</body></message><message xml:lang='en' to='542400@conference.reifier.adm.monash.edu.au' from='jpjor1@reifier.adm.monash.edu.au' type='groupchat' time='1265861057937'><body>/WORM_MOVES =</body></message><message xml:lang='en' to='542400@conference.reifier.adm.monash.edu.au' from='jpjor1@reifier.adm.monash.edu.au' type='groupchat' time='1265861062587'><body>/WORM_MOVES =</body></message><message xml:lang='en' to='542400@conference.reifier.adm.monash.edu.au' from='jpjor1@reifier.adm.monash.edu.au' type='groupchat' time='1265861067251'><body>/WORM_MOVES =</body></message><message xml:lang='en' to='542400@conference.reifier.adm.monash.edu.au' from='jpjor1@reifier.adm.monash.edu.au' type='groupchat' time='1265861071964'><body>/WORM_MOVES =</body></message><message xml:lang='en' to='542400@conference.reifier.adm.monash.edu.au' from='jpjor1@reifier.adm.monash.edu.au' type='groupchat' time='1265861076533'><body>/WORM_MOVES =</body></message><message xml:lang='en' to='542400@conference.reifier.adm.monash.edu.au' from='jpjor1@reifier.adm.monash.edu.au' type='groupchat' time='1265861081076'><body>/WORM_MOVES =</body></message><message xml:lang='en' to='542400@conference.reifier.adm.monash.edu.au' from='jpjor1@reifier.adm.monash.edu.au' type='groupchat' time='1265861085741'><body>/WORM_MOVES =</body></message><message xml:lang='en' to='542400@conference.reifier.adm.monash.edu.au' from='jpjor1@reifier.adm.monash.edu.au' type='groupchat' time='1265861090335'><body>/WORM_MOVES =</body></message><message xml:lang='en' to='542400@conference.reifier.adm.monash.edu.au' from='jpjor1@reifier.adm.monash.edu.au' type='groupchat' time='1265861094983'><body>/WORM_MOVES =</body></message><message xml:lang='en' to='542400@conference.reifier.adm.monash.edu.au' from='jpjor1@reifier.adm.monash.edu.au' type='groupchat' time='1265861099544'><body>/WORM_MOVES =</body></message><message xml:lang='en' to='542400@conference.reifier.adm.monash.edu.au' from='jpjor1@reifier.adm.monash.edu.au' type='groupchat' time='1265861104202'><body>/WORM_MOVES =</body></message><message xml:lang='en' to='542400@conference.reifier.adm.monash.edu.au' from='jpjor1@reifier.adm.monash.edu.au' type='groupchat' time='1265861108881'><body>/WORM_MOVES =</body></message><message xml:lang='en' to='542400@conference.reifier.adm.monash.edu.au' from='jpjor1@reifier.adm.monash.edu.au' type='groupchat' time='1265861113561'><body>/WORM_MOVES =</body></message><message xml:lang='en' to='542400@conference.reifier.adm.monash.edu.au' from='jpjor1@reifier.adm.monash.edu.au' type='groupchat' time='1265861118104'><body>/WORM_MOVES =</body></message><message xml:lang='en' to='542400@conference.reifier.adm.monash.edu.au' from='jpjor1@reifier.adm.monash.edu.au' type='groupchat' time='1265861122765'><body>/WORM_MOVES =</body></message><message xml:lang='en' to='542400@conference.reifier.adm.monash.edu.au' from='jpjor1@reifier.adm.monash.edu.au' type='groupchat' time='1265861127399'><body>/WORM_MOVES =</body></message><message xml:lang='en' to='542400@conference.reifier.adm.monash.edu.au' from='jpjor1@reifier.adm.monash.edu.au' type='groupchat' time='1265861132079'><body>/WORM_MOVES =</body></message><message xml:lang='en' to='542400@conference.reifier.adm.monash.edu.au' from='jpjor1@reifier.adm.monash.edu.au' type='groupchat' time='1265861136930'><body>/WORM_MOVES =</body></message><message xml:lang='en' to='542400@conference.reifier.adm.monash.edu.au' from='jpjor1@reifier.adm.monash.edu.au' type='groupchat' time='1265861141493'><body>/WORM_MOVES =</body></message><message xml:lang='en' to='542400@conference.reifier.adm.monash.edu.au' from='jpjor1@reifier.adm.monash.edu.au' type='groupchat' time='1265861146073'><body>/WORM_MOVES =</body></message><message xml:lang='en' to='542400@conference.reifier.adm.monash.edu.au' from='jpjor1@reifier.adm.monash.edu.au' type='groupchat' time='1265861150965'><body>/WORM_MOVES =</body></message><message xml:lang='en' to='542400@conference.reifier.adm.monash.edu.au' from='jpjor1@reifier.adm.monash.edu.au' type='groupchat' time='1265861155805'><body>/WORM_MOVES =</body></message><message xml:lang='en' to='542400@conference.reifier.adm.monash.edu.au' from='jpjor1@reifier.adm.monash.edu.au' type='groupchat' time='1265861156652'><body>/SYNC_MOVE 542402</body></message><message xml:lang='en' to='542400@conference.reifier.adm.monash.edu.au' from='jpjor1@reifier.adm.monash.edu.au' type='groupchat' time='1265861161029'><body>/WORM_MOVES =</body></message><message xml:lang='en' to='542400@conference.reifier.adm.monash.edu.au' from='jpjor1@reifier.adm.monash.edu.au' type='groupchat' time='1265861165586'><body>/WORM_MOVES =</body></message><message xml:lang='en' to='542400@conference.reifier.adm.monash.edu.au' from='jpjor1@reifier.adm.monash.edu.au' type='groupchat' time='1265861170272'><body>/WORM_MOVES =</body></message><message xml:lang='en' to='542400@conference.reifier.adm.monash.edu.au' from='jpjor1@reifier.adm.monash.edu.au' type='groupchat' time='1265861175086'><body>/WORM_MOVES =</body></message><message xml:lang='en' to='542400@conference.reifier.adm.monash.edu.au' from='jpjor1@reifier.adm.monash.edu.au' type='groupchat' time='1265861179719'><body>/WORM_MOVES =</body></message><message xml:lang='en' to='542400@conference.reifier.adm.monash.edu.au' from='jpjor1@reifier.adm.monash.edu.au' type='groupchat' time='1265861184367'><body>/WORM_MOVES =</body></message><message xml:lang='en' to='542400@conference.reifier.adm.monash.edu.au' from='jpjor1@reifier.adm.monash.edu.au' type='groupchat' time='1265861189109'><body>/WORM_MOVES =</body></message>