<conversation><title>robits2k3slide</title><author>rossr</author><created>12/07/2010 11:02:21 AM</created><tag></tag><subject>Unrestricted</subject><jid>68000</jid><permissions><studentCanPublish>false</studentCanPublish><studentCanOpenFriends>false</studentCanOpenFriends><usersAreCompulsorilySynced>true</usersAreCompulsorilySynced></permissions><slide><author>rossr</author><id>68001</id><index>0</index><type>SLIDE</type></slide><slide><author>rossr</author><id>68002</id><index>1</index><type>SLIDE</type></slide><slide><author>rossr</author><id>68003</id><index>2</index><type>SLIDE</type></slide></conversation>