<conversation><title>my private conversation can change its name</title><author>hagand</author><created>1/11/2010 4:11:42 PM</created><tag>private - keep out</tag><subject>hagand</subject><jid>1200</jid><permissions><studentCanPublish>true</studentCanPublish><studentCanOpenFriends>true</studentCanOpenFriends><usersAreCompulsorilySynced>false</usersAreCompulsorilySynced></permissions><slide><author>hagand</author><id>1201</id><index>0</index><type>SLIDE</type></slide><slide><author>hagand</author><id>1202</id><index>1</index><type>SLIDE</type></slide></conversation>