<conversation><title>FLT planning</title><author>hamishc</author><created>19/11/2010 10:48:33 AM</created><tag></tag><subject>Unrestricted</subject><jid>1619400</jid><permissions><studentCanPublish>true</studentCanPublish><studentCanOpenFriends>true</studentCanOpenFriends><usersAreCompulsorilySynced>false</usersAreCompulsorilySynced></permissions><slide><author>hamishc</author><id>1619401</id><index>0</index><type>SLIDE</type></slide><slide><author>hamishc</author><id>1619406</id><index>1</index><type>POLL</type></slide><slide><author>hamishc</author><id>1619405</id><index>2</index><type>SLIDE</type></slide><slide><author>hamishc</author><id>1619402</id><index>3</index><type>SLIDE</type></slide><slide><author>hamishc</author><id>1619403</id><index>4</index><type>SLIDE</type></slide><slide><author>hamishc</author><id>1619404</id><index>5</index><type>SLIDE</type></slide></conversation>