<conversation><title>MeTL Test2</title><author>micphill</author><created>29/01/2010 12:04:17 PM</created><tag></tag><subject>Office of the Deputy Vice-Chancellor (Education)</subject><jid>422400</jid><permissions><studentCanPublish>true</studentCanPublish><studentCanOpenFriends>true</studentCanOpenFriends><usersAreCompulsorilySynced>false</usersAreCompulsorilySynced></permissions><slide><author>micphill</author><id>422401</id><index>0</index><type>SLIDE</type></slide><slide><author>micphill</author><id>422402</id><index>1</index><type>SLIDE</type></slide><slide><author>micphill</author><id>422405</id><index>4</index><type>SLIDE</type></slide><slide><author>micphill</author><id>422403</id><index>2</index><type>SLIDE</type></slide><slide><author>micphill</author><id>422404</id><index>3</index><type>SLIDE</type></slide></conversation>