<conversation><title>Global Health Intro</title><author>efrean</author><created>7/07/2010 11:12:08 AM</created><tag>efrean</tag><subject>Unrestricted</subject><jid>1035400</jid><permissions><studentCanPublish>true</studentCanPublish><studentCanOpenFriends>true</studentCanOpenFriends><usersAreCompulsorilySynced>false</usersAreCompulsorilySynced></permissions><slide><author>efrean</author><id>1035401</id><index>0</index><type>SLIDE</type></slide><slide><author>efrean</author><id>1035402</id><index>1</index><type>SLIDE</type></slide><slide><author>efrean</author><id>1035403</id><index>2</index><type>SLIDE</type></slide><slide><author>efrean</author><id>1035404</id><index>3</index><type>SLIDE</type></slide><slide><author>efrean</author><id>1035405</id><index>4</index><type>SLIDE</type></slide><slide><author>efrean</author><id>1035406</id><index>5</index><type>SLIDE</type></slide><slide><author>efrean</author><id>1035407</id><index>6</index><type>SLIDE</type></slide><slide><author>efrean</author><id>1035408</id><index>7</index><type>SLIDE</type></slide><slide><author>efrean</author><id>1035409</id><index>8</index><type>SLIDE</type></slide><slide><author>efrean</author><id>1035410</id><index>9</index><type>SLIDE</type></slide><slide><author>efrean</author><id>1035411</id><index>10</index><type>SLIDE</type></slide><slide><author>efrean</author><id>1035412</id><index>11</index><type>SLIDE</type></slide><slide><author>efrean</author><id>1035413</id><index>12</index><type>SLIDE</type></slide><slide><author>efrean</author><id>1035414</id><index>13</index><type>SLIDE</type></slide><slide><author>efrean</author><id>1035415</id><index>14</index><type>SLIDE</type></slide><slide><author>efrean</author><id>1035416</id><index>15</index><type>SLIDE</type></slide><slide><author>efrean</author><id>1035417</id><index>16</index><type>SLIDE</type></slide><slide><author>efrean</author><id>1035418</id><index>17</index><type>SLIDE</type></slide></conversation>