<conversation><title>BEH2022 W8 2010 Burns</title><author>wlord</author><created>9/09/2010 2:00:57 PM</created><tag></tag><subject>Unrestricted</subject><jid>1338400</jid><permissions><studentCanPublish>false</studentCanPublish><studentCanOpenFriends>false</studentCanOpenFriends><usersAreCompulsorilySynced>true</usersAreCompulsorilySynced></permissions><slide><author>wlord</author><id>1338401</id><index>0</index><type>SLIDE</type></slide><slide><author>wlord</author><id>1338415</id><index>1</index><type>SLIDE</type></slide><slide><author>wlord</author><id>1338417</id><index>2</index><type>SLIDE</type></slide><slide><author>wlord</author><id>1338419</id><index>3</index><type>SLIDE</type></slide><slide><author>wlord</author><id>1338418</id><index>4</index><type>SLIDE</type></slide><slide><author>wlord</author><id>1338416</id><index>5</index><type>SLIDE</type></slide><slide><author>wlord</author><id>1338402</id><index>6</index><type>SLIDE</type></slide><slide><author>wlord</author><id>1338403</id><index>7</index><type>SLIDE</type></slide><slide><author>wlord</author><id>1338404</id><index>8</index><type>SLIDE</type></slide><slide><author>wlord</author><id>1338405</id><index>9</index><type>SLIDE</type></slide><slide><author>wlord</author><id>1338406</id><index>10</index><type>SLIDE</type></slide><slide><author>wlord</author><id>1338407</id><index>11</index><type>SLIDE</type></slide><slide><author>wlord</author><id>1338408</id><index>12</index><type>SLIDE</type></slide><slide><author>wlord</author><id>1338409</id><index>13</index><type>SLIDE</type></slide><slide><author>wlord</author><id>1338410</id><index>14</index><type>SLIDE</type></slide><slide><author>wlord</author><id>1338411</id><index>15</index><type>SLIDE</type></slide><slide><author>wlord</author><id>1338412</id><index>16</index><type>SLIDE</type></slide><slide><author>wlord</author><id>1338413</id><index>17</index><type>SLIDE</type></slide><slide><author>wlord</author><id>1338414</id><index>18</index><type>SLIDE</type></slide></conversation>