<conversation><title>TessTuteWeek5HSC1052</title><author>tessn</author><created>18/08/2010 8:22:59 AM</created><tag></tag><subject>Unrestricted</subject><jid>1224400</jid><permissions><studentCanPublish>true</studentCanPublish><studentCanOpenFriends>true</studentCanOpenFriends><usersAreCompulsorilySynced>false</usersAreCompulsorilySynced></permissions><slide><author>tessn</author><id>1224401</id><index>0</index><type>SLIDE</type></slide><slide><author>tessn</author><id>1224402</id><index>1</index><type>SLIDE</type></slide><slide><author>tessn</author><id>1224403</id><index>2</index><type>SLIDE</type></slide><slide><author>tessn</author><id>1224404</id><index>3</index><type>SLIDE</type></slide><slide><author>tessn</author><id>1224405</id><index>4</index><type>SLIDE</type></slide><slide><author>tessn</author><id>1224415</id><index>5</index><type>SLIDE</type></slide><slide><author>tessn</author><id>1224406</id><index>6</index><type>SLIDE</type></slide><slide><author>tessn</author><id>1224407</id><index>7</index><type>SLIDE</type></slide><slide><author>tessn</author><id>1224408</id><index>8</index><type>SLIDE</type></slide><slide><author>tessn</author><id>1224409</id><index>9</index><type>SLIDE</type></slide><slide><author>tessn</author><id>1224416</id><index>10</index><type>SLIDE</type></slide><slide><author>tessn</author><id>1224410</id><index>11</index><type>SLIDE</type></slide><slide><author>tessn</author><id>1224411</id><index>12</index><type>SLIDE</type></slide><slide><author>tessn</author><id>1224417</id><index>13</index><type>SLIDE</type></slide><slide><author>tessn</author><id>1224412</id><index>14</index><type>SLIDE</type></slide><slide><author>tessn</author><id>1224413</id><index>15</index><type>SLIDE</type></slide><slide><author>tessn</author><id>1224414</id><index>16</index><type>SLIDE</type></slide></conversation>