<conversation><title>Stu as ben</title><author>bhughes</author><created>28/07/2010 12:06:21 PM</created><tag>unTagged</tag><subject>Unrestricted</subject><jid>84200</jid><permissions><studentCanPublish>false</studentCanPublish><studentCanOpenFriends>false</studentCanOpenFriends><usersAreCompulsorilySynced>true</usersAreCompulsorilySynced></permissions><slide><author>bhughes</author><id>84201</id><index>0</index><exposed>False</exposed><type>SLIDE</type></slide><slide><author>bhughes</author><id>84202</id><index>1</index><exposed>False</exposed><type>SLIDE</type></slide><slide><author>bhughes</author><id>84204</id><index>2</index><exposed>False</exposed><type>SLIDE</type></slide><slide><author>bhughes</author><id>84203</id><index>3</index><exposed>False</exposed><type>SLIDE</type></slide></conversation>