<conversation><title>24 / 2 Getting Prepared 2010 - Caufield HSC1061, HSC1081</title><author>micphill</author><created>23/02/2010 12:22:28 PM</created><tag>HSC1061 HSC1081 MyLearningSpace 2010</tag><subject>micphill</subject><jid>612400</jid><permissions><studentCanPublish>false</studentCanPublish><studentCanOpenFriends>false</studentCanOpenFriends><usersAreCompulsorilySynced>true</usersAreCompulsorilySynced></permissions><slide><author>micphill</author><id>612401</id><index>0</index><type>SLIDE</type></slide><slide><author>micphill</author><id>612402</id><index>1</index><type>SLIDE</type></slide><slide><author>micphill</author><id>612403</id><index>2</index><type>SLIDE</type></slide><slide><author>micphill</author><id>612404</id><index>3</index><type>SLIDE</type></slide><slide><author>micphill</author><id>612405</id><index>4</index><type>SLIDE</type></slide><slide><author>micphill</author><id>612406</id><index>5</index><type>SLIDE</type></slide><slide><author>micphill</author><id>612407</id><index>6</index><type>SLIDE</type></slide><slide><author>micphill</author><id>612408</id><index>7</index><type>SLIDE</type></slide><slide><author>micphill</author><id>612409</id><index>8</index><type>SLIDE</type></slide><slide><author>micphill</author><id>612410</id><index>9</index><type>SLIDE</type></slide><slide><author>micphill</author><id>612411</id><index>10</index><type>SLIDE</type></slide><slide><author>micphill</author><id>612412</id><index>11</index><type>SLIDE</type></slide><slide><author>micphill</author><id>612413</id><index>12</index><type>SLIDE</type></slide><slide><author>micphill</author><id>612414</id><index>13</index><type>SLIDE</type></slide><slide><author>micphill</author><id>612415</id><index>14</index><type>SLIDE</type></slide></conversation>