<conversation><title>PreTest</title><author>hagand</author><created>18/06/2010 2:56:54 PM</created><tag>unTagged</tag><subject>hagand</subject><jid>55000</jid><permissions><studentCanPublish>false</studentCanPublish><studentCanOpenFriends>false</studentCanOpenFriends><usersAreCompulsorilySynced>true</usersAreCompulsorilySynced></permissions><slide><author>hagand</author><id>55001</id><index>0</index><exposed>False</exposed><type>SLIDE</type></slide><slide><author>hagand</author><id>55002</id><index>1</index><exposed>False</exposed><type>SLIDE</type></slide><slide><author>hagand</author><id>55003</id><index>2</index><exposed>False</exposed><type>SLIDE</type></slide></conversation>