<conversation><title>robits2k7_slides_notes2</title><author>hagand</author><created>13/07/2010 9:51:28 AM</created><tag></tag><subject>Unrestricted</subject><jid>77400</jid><permissions><studentCanPublish>false</studentCanPublish><studentCanOpenFriends>false</studentCanOpenFriends><usersAreCompulsorilySynced>true</usersAreCompulsorilySynced></permissions><slide><author>hagand</author><id>77401</id><index>0</index><defaultHeight>540</defaultHeight><defaultWidth>720</defaultWidth><exposed>True</exposed><type>SLIDE</type></slide><slide><author>hagand</author><id>77406</id><index>1</index><defaultHeight>540</defaultHeight><defaultWidth>720</defaultWidth><exposed>False</exposed><type>SLIDE</type></slide><slide><author>hagand</author><id>77404</id><index>2</index><defaultHeight>540</defaultHeight><defaultWidth>720</defaultWidth><exposed>True</exposed><type>SLIDE</type></slide><slide><author>hagand</author><id>77405</id><index>3</index><defaultHeight>540</defaultHeight><defaultWidth>720</defaultWidth><exposed>True</exposed><type>SLIDE</type></slide><slide><author>hagand</author><id>77402</id><index>4</index><defaultHeight>540</defaultHeight><defaultWidth>720</defaultWidth><exposed>True</exposed><type>SLIDE</type></slide><slide><author>hagand</author><id>77403</id><index>5</index><defaultHeight>540</defaultHeight><defaultWidth>720</defaultWidth><exposed>True</exposed><type>SLIDE</type></slide></conversation>