<conversation><title>why the border throughts, wtf mate</title><author>sajames</author><created>15/06/2010 1:58:35 PM</created><tag>unTagged</tag><subject>sajames</subject><jid>51200</jid><permissions><studentCanPublish>false</studentCanPublish><studentCanOpenFriends>false</studentCanOpenFriends><usersAreCompulsorilySynced>true</usersAreCompulsorilySynced></permissions><slide><author>sajames</author><id>51201</id><index>0</index><exposed>False</exposed><type>SLIDE</type></slide><slide><author>sajames</author><id>51204</id><index>1</index><exposed>False</exposed><type>SLIDE</type></slide><slide><author>sajames</author><id>51203</id><index>2</index><exposed>False</exposed><type>SLIDE</type></slide><slide><author>sajames</author><id>51202</id><index>3</index><exposed>False</exposed><type>THOUGHT</type></slide></conversation>