<conversation><title>works the first time</title><author>sajames</author><created>15/06/2010 2:14:03 PM</created><tag>unTagged</tag><subject>sajames</subject><jid>51600</jid><permissions><studentCanPublish>false</studentCanPublish><studentCanOpenFriends>false</studentCanOpenFriends><usersAreCompulsorilySynced>true</usersAreCompulsorilySynced></permissions><slide><author>sajames</author><id>51601</id><index>0</index><exposed>False</exposed><type>SLIDE</type></slide><slide><author>sajames</author><id>51603</id><index>1</index><exposed>False</exposed><type>SLIDE</type></slide><slide><author>sajames</author><id>51605</id><index>2</index><exposed>False</exposed><type>THOUGHT</type></slide><slide><author>sajames</author><id>51604</id><index>3</index><exposed>False</exposed><type>THOUGHT</type></slide><slide><author>sajames</author><id>51602</id><index>4</index><exposed>False</exposed><type>THOUGHT</type></slide></conversation>