<conversation><title>hsc1061-15March</title><author>dragan</author><created>15/03/2010 11:35:27 AM</created><tag></tag><subject>HSC1061</subject><jid>723400</jid><permissions><studentCanPublish>true</studentCanPublish><studentCanOpenFriends>true</studentCanOpenFriends><usersAreCompulsorilySynced>false</usersAreCompulsorilySynced></permissions><slide><author>dragan</author><id>723401</id><index>0</index><type>SLIDE</type></slide><slide><author>dragan</author><id>723403</id><index>2</index><type>SLIDE</type></slide><slide><author>dragan</author><id>723402</id><index>1</index><type>SLIDE</type></slide><slide><author>dragan</author><id>723405</id><index>4</index><type>SLIDE</type></slide><slide><author>dragan</author><id>723406</id><index>5</index><type>SLIDE</type></slide><slide><author>dragan</author><id>723404</id><index>3</index><type>SLIDE</type></slide></conversation>