<conversation><title>TessHSC 1052 Quiz week 2</title><author>tessn</author><created>28/07/2010 10:25:36 AM</created><tag></tag><subject>tessn</subject><jid>1131400</jid><permissions><studentCanPublish>false</studentCanPublish><studentCanOpenFriends>false</studentCanOpenFriends><usersAreCompulsorilySynced>true</usersAreCompulsorilySynced></permissions><slide><author>tessn</author><id>1131401</id><index>0</index><type>SLIDE</type></slide><slide><author>tessn</author><id>1131402</id><index>1</index><type>SLIDE</type></slide></conversation>