<conversation><title>m2</title><author>gibsonb</author><created>22/06/2010 1:49:56 PM</created><tag>unTagged</tag><subject>gibsonb</subject><jid>58000</jid><permissions><studentCanPublish>false</studentCanPublish><studentCanOpenFriends>false</studentCanOpenFriends><usersAreCompulsorilySynced>true</usersAreCompulsorilySynced></permissions><slide><author>gibsonb</author><id>58001</id><index>0</index><exposed>False</exposed><type>SLIDE</type></slide><slide><author>gibsonb</author><id>58002</id><index>1</index><exposed>False</exposed><type>SLIDE</type></slide><slide><author>gibsonb</author><id>58003</id><index>2</index><exposed>False</exposed><type>SLIDE</type></slide><slide><author>gibsonb</author><id>58004</id><index>3</index><exposed>False</exposed><type>SLIDE</type></slide><slide><author>gibsonb</author><id>58005</id><index>4</index><exposed>False</exposed><type>SLIDE</type></slide><slide><author>gibsonb</author><id>58006</id><index>5</index><exposed>False</exposed><type>SLIDE</type></slide><slide><author>gibsonb</author><id>58007</id><index>6</index><exposed>False</exposed><type>SLIDE</type></slide><slide><author>gibsonb</author><id>58008</id><index>7</index><exposed>False</exposed><type>SLIDE</type></slide><slide><author>gibsonb</author><id>58009</id><index>8</index><exposed>False</exposed><type>SLIDE</type></slide><slide><author>gibsonb</author><id>58010</id><index>9</index><exposed>False</exposed><type>SLIDE</type></slide><slide><author>gibsonb</author><id>58011</id><index>10</index><exposed>False</exposed><type>SLIDE</type></slide><slide><author>gibsonb</author><id>58012</id><index>11</index><exposed>False</exposed><type>SLIDE</type></slide><slide><author>gibsonb</author><id>58013</id><index>12</index><exposed>False</exposed><type>SLIDE</type></slide><slide><author>gibsonb</author><id>58014</id><index>13</index><exposed>False</exposed><type>SLIDE</type></slide><slide><author>gibsonb</author><id>58015</id><index>14</index><exposed>False</exposed><type>SLIDE</type></slide><slide><author>gibsonb</author><id>58016</id><index>15</index><exposed>False</exposed><type>SLIDE</type></slide><slide><author>gibsonb</author><id>58017</id><index>16</index><exposed>False</exposed><type>SLIDE</type></slide><slide><author>gibsonb</author><id>58018</id><index>17</index><exposed>False</exposed><type>SLIDE</type></slide><slide><author>gibsonb</author><id>58019</id><index>18</index><exposed>False</exposed><type>SLIDE</type></slide><slide><author>gibsonb</author><id>58020</id><index>19</index><exposed>False</exposed><type>SLIDE</type></slide><slide><author>gibsonb</author><id>58021</id><index>20</index><exposed>False</exposed><type>SLIDE</type></slide><slide><author>gibsonb</author><id>58022</id><index>21</index><exposed>False</exposed><type>SLIDE</type></slide><slide><author>gibsonb</author><id>58023</id><index>22</index><exposed>False</exposed><type>SLIDE</type></slide></conversation>