<conversation><title>TessTuteweek2HSC1052Quiz</title><author>tessn</author><created>28/07/2010 10:36:53 AM</created><tag></tag><subject>Unrestricted</subject><jid>1132400</jid><permissions><studentCanPublish>true</studentCanPublish><studentCanOpenFriends>true</studentCanOpenFriends><usersAreCompulsorilySynced>false</usersAreCompulsorilySynced></permissions><slide><author>tessn</author><id>1132401</id><index>0</index><type>SLIDE</type></slide><slide><author>tessn</author><id>1132402</id><index>1</index><type>SLIDE</type></slide></conversation>