<conversation><title>attempted Karen fix</title><author>bhughes</author><created>26/07/2010 11:39:01 AM</created><tag></tag><subject>bhughes</subject><jid>1119400</jid><permissions><studentCanPublish>false</studentCanPublish><studentCanOpenFriends>false</studentCanOpenFriends><usersAreCompulsorilySynced>true</usersAreCompulsorilySynced></permissions><slide><author>bhughes</author><id>1119401</id><index>0</index><type>SLIDE</type></slide><slide><author>bhughes</author><id>1119402</id><index>1</index><type>SLIDE</type></slide><slide><author>bhughes</author><id>1119403</id><index>2</index><type>SLIDE</type></slide><slide><author>bhughes</author><id>1119404</id><index>3</index><type>SLIDE</type></slide><slide><author>bhughes</author><id>1119405</id><index>4</index><type>SLIDE</type></slide><slide><author>bhughes</author><id>1119406</id><index>5</index><type>SLIDE</type></slide><slide><author>bhughes</author><id>1119407</id><index>6</index><type>SLIDE</type></slide><slide><author>bhughes</author><id>1119408</id><index>7</index><type>SLIDE</type></slide><slide><author>bhughes</author><id>1119409</id><index>8</index><type>SLIDE</type></slide><slide><author>bhughes</author><id>1119410</id><index>9</index><type>SLIDE</type></slide><slide><author>bhughes</author><id>1119411</id><index>10</index><type>SLIDE</type></slide><slide><author>bhughes</author><id>1119412</id><index>11</index><type>SLIDE</type></slide><slide><author>bhughes</author><id>1119413</id><index>12</index><type>SLIDE</type></slide><slide><author>bhughes</author><id>1119414</id><index>13</index><type>SLIDE</type></slide><slide><author>bhughes</author><id>1119415</id><index>14</index><type>SLIDE</type></slide><slide><author>bhughes</author><id>1119416</id><index>15</index><type>SLIDE</type></slide><slide><author>bhughes</author><id>1119417</id><index>16</index><type>SLIDE</type></slide><slide><author>bhughes</author><id>1119418</id><index>17</index><type>SLIDE</type></slide><slide><author>bhughes</author><id>1119419</id><index>18</index><type>SLIDE</type></slide><slide><author>bhughes</author><id>1119420</id><index>19</index><type>SLIDE</type></slide><slide><author>bhughes</author><id>1119421</id><index>20</index><type>SLIDE</type></slide><slide><author>bhughes</author><id>1119422</id><index>21</index><type>SLIDE</type></slide><slide><author>bhughes</author><id>1119423</id><index>22</index><type>SLIDE</type></slide><slide><author>bhughes</author><id>1119424</id><index>23</index><type>SLIDE</type></slide><slide><author>bhughes</author><id>1119425</id><index>24</index><type>SLIDE</type></slide><slide><author>bhughes</author><id>1119426</id><index>25</index><type>SLIDE</type></slide><slide><author>bhughes</author><id>1119427</id><index>26</index><type>SLIDE</type></slide><slide><author>bhughes</author><id>1119428</id><index>27</index><type>SLIDE</type></slide><slide><author>bhughes</author><id>1119429</id><index>28</index><type>SLIDE</type></slide><slide><author>bhughes</author><id>1119430</id><index>29</index><type>SLIDE</type></slide><slide><author>bhughes</author><id>1119431</id><index>30</index><type>SLIDE</type></slide><slide><author>bhughes</author><id>1119432</id><index>31</index><type>SLIDE</type></slide><slide><author>bhughes</author><id>1119433</id><index>32</index><type>SLIDE</type></slide><slide><author>bhughes</author><id>1119434</id><index>33</index><type>SLIDE</type></slide><slide><author>bhughes</author><id>1119435</id><index>34</index><type>SLIDE</type></slide></conversation>