<conversation><title>Testing stu's work</title><author>chagan</author><created>8/06/2010 11:05:24 AM</created><tag>unTagged</tag><subject>Superuser</subject><jid>42600</jid><permissions><studentCanPublish>true</studentCanPublish><studentCanOpenFriends>true</studentCanOpenFriends><usersAreCompulsorilySynced>true</usersAreCompulsorilySynced></permissions><slide><author>chagan</author><id>42601</id><index>0</index><type>SLIDE</type></slide><slide><author>chagan</author><id>42602</id><index>1</index><type>SLIDE</type></slide></conversation>