<logCollection date='{2010,10,28}'><message xml:lang='en' to='140011@conference.madam.adm.monash.edu.au' from='chagan@madam.adm.monash.edu.au' type='groupchat' time='1288243313713'><image xmlns='monash:metl'><tag>{&quot;author&quot;:&quot;chagan&quot;,&quot;privacy&quot;:&quot;public&quot;,&quot;id&quot;:&quot;chagan:28/10/2010 4:21:55 PM:0&quot;,&quot;isBackground&quot;:false,&quot;zIndex&quot;:0}</tag><source>/Resource/140011/140011.png</source><width>720</width><height>540</height><x>0</x><y>0</y><author>chagan</author><target>presentationSpace</target><privacy>public</privacy><slide>140011</slide><identity>chagan:28/10/2010 4:21:55 PM:0</identity></image></message>