<conversation><title>prollycrash</title><author>chagan</author><created>14/10/2010 9:36:33 PM</created><tag>unTagged</tag><subject>chagan</subject><jid>1432400</jid><permissions><studentCanPublish>false</studentCanPublish><studentCanOpenFriends>false</studentCanOpenFriends><usersAreCompulsorilySynced>true</usersAreCompulsorilySynced></permissions><slide><author>chagan</author><id>1432401</id><index>0</index><defaultHeight>540</defaultHeight><defaultWidth>720</defaultWidth><exposed>False</exposed><thumbnailUrl>/1432401/404.png</thumbnailUrl><type>SLIDE</type></slide></conversation>