<conversation><title>HSC1052 tutorial2 quiz</title><author>ctobin</author><created>27/07/2010 4:48:28 PM</created><tag></tag><subject>ctobin</subject><jid>1129400</jid><permissions><studentCanPublish>false</studentCanPublish><studentCanOpenFriends>false</studentCanOpenFriends><usersAreCompulsorilySynced>true</usersAreCompulsorilySynced></permissions><slide><author>ctobin</author><id>1129401</id><index>0</index><type>SLIDE</type></slide><slide><author>ctobin</author><id>1129402</id><index>1</index><type>SLIDE</type></slide></conversation>