<conversation><title>##$$#@!!$%%^^</title><author>sajames</author><created>8/10/2010 11:20:07 AM</created><tag>unTagged</tag><subject>Unrestricted</subject><jid>1408400</jid><permissions><studentCanPublish>false</studentCanPublish><studentCanOpenFriends>false</studentCanOpenFriends><usersAreCompulsorilySynced>true</usersAreCompulsorilySynced></permissions><slide><author>sajames</author><id>1408401</id><index>0</index><defaultHeight>540</defaultHeight><defaultWidth>720</defaultWidth><exposed>False</exposed><type>SLIDE</type></slide></conversation>