<conversation><title>(working_together_1) chagan at 23/10/2010 3:03:43 PM</title><author>chagan</author><created>23/10/2010 3:03:49 PM</created><lastAccessed>23/10/2010 3:03:46 PM</lastAccessed><tag>unTagged</tag><subject>Unrestricted</subject><jid>115600</jid><permissions><studentCanPublish>false</studentCanPublish><studentCanOpenFriends>false</studentCanOpenFriends><usersAreCompulsorilySynced>true</usersAreCompulsorilySynced></permissions><slide><author>chagan</author><id>115601</id><index>0</index><defaultHeight>540</defaultHeight><defaultWidth>720</defaultWidth><exposed>False</exposed><type>SLIDE</type></slide></conversation>