<conversation><title>Hobbled MeTL for note-taking study</title><author>wmck</author><created>27/07/2010 12:07:59 PM</created><tag>note-taking</tag><subject>Staff</subject><jid>1127400</jid><permissions><studentCanPublish>true</studentCanPublish><studentCanOpenFriends>true</studentCanOpenFriends><usersAreCompulsorilySynced>false</usersAreCompulsorilySynced></permissions><slide><author>wmck</author><id>1127401</id><index>0</index><type>SLIDE</type></slide><slide><author>wmck</author><id>1127403</id><index>1</index><type>POLL</type></slide><slide><author>wmck</author><id>1127402</id><index>2</index><type>POLL</type></slide></conversation>