<conversation><title>myLS scope</title><author>nate</author><created>22/06/2010 10:48:07 AM</created><tag>eec</tag><subject>Unrestricted</subject><jid>1021400</jid><permissions><studentCanPublish>true</studentCanPublish><studentCanOpenFriends>true</studentCanOpenFriends><usersAreCompulsorilySynced>false</usersAreCompulsorilySynced></permissions><slide><author>nate</author><id>1021401</id><index>0</index><type>SLIDE</type></slide><slide><author>nate</author><id>1021402</id><index>1</index><type>SLIDE</type></slide><slide><author>nate</author><id>1021403</id><index>2</index><type>SLIDE</type></slide><slide><author>nate</author><id>1021404</id><index>3</index><type>SLIDE</type></slide><slide><author>nate</author><id>1021405</id><index>4</index><type>SLIDE</type></slide><slide><author>nate</author><id>1021406</id><index>5</index><type>SLIDE</type></slide><slide><author>nate</author><id>1021407</id><index>6</index><type>SLIDE</type></slide><slide><author>nate</author><id>1021408</id><index>7</index><type>SLIDE</type></slide><slide><author>nate</author><id>1021409</id><index>8</index><type>SLIDE</type></slide><slide><author>nate</author><id>1021410</id><index>9</index><type>SLIDE</type></slide><slide><author>nate</author><id>1021411</id><index>10</index><type>SLIDE</type></slide><slide><author>nate</author><id>1021412</id><index>11</index><type>SLIDE</type></slide><slide><author>nate</author><id>1021413</id><index>12</index><type>SLIDE</type></slide><slide><author>nate</author><id>1021414</id><index>13</index><type>SLIDE</type></slide><slide><author>nate</author><id>1021415</id><index>14</index><type>SLIDE</type></slide><slide><author>nate</author><id>1021416</id><index>15</index><type>SLIDE</type></slide><slide><author>nate</author><id>1021417</id><index>16</index><type>SLIDE</type></slide><slide><author>nate</author><id>1021418</id><index>17</index><type>SLIDE</type></slide><slide><author>nate</author><id>1021419</id><index>18</index><type>SLIDE</type></slide><slide><author>nate</author><id>1021420</id><index>19</index><type>SLIDE</type></slide><slide><author>nate</author><id>1021421</id><index>20</index><type>SLIDE</type></slide><slide><author>nate</author><id>1021422</id><index>21</index><type>SLIDE</type></slide><slide><author>nate</author><id>1021423</id><index>22</index><type>SLIDE</type></slide><slide><author>nate</author><id>1021424</id><index>23</index><type>SLIDE</type></slide><slide><author>nate</author><id>1021425</id><index>24</index><type>SLIDE</type></slide><slide><author>nate</author><id>1021426</id><index>25</index><type>SLIDE</type></slide><slide><author>nate</author><id>1021427</id><index>26</index><type>SLIDE</type></slide></conversation>