<conversation><title>ppt2k7hidef</title><author>hagand</author><created>8/06/2010 4:49:30 PM</created><tag>unTagged</tag><subject>Unrestricted</subject><jid>44400</jid><permissions><studentCanPublish>false</studentCanPublish><studentCanOpenFriends>false</studentCanOpenFriends><usersAreCompulsorilySynced>true</usersAreCompulsorilySynced></permissions><slide><author>hagand</author><id>44401</id><index>0</index><defaultHeight>720</defaultHeight><defaultWidth>540</defaultWidth><exposed>True</exposed><type>SLIDE</type></slide><slide><author>hagand</author><id>44403</id><index>1</index><defaultHeight>540</defaultHeight><defaultWidth>720</defaultWidth><exposed>False</exposed><type>SLIDE</type></slide><slide><author>hagand</author><id>44407</id><index>2</index><defaultHeight>540</defaultHeight><defaultWidth>720</defaultWidth><exposed>False</exposed><type>SLIDE</type></slide><slide><author>hagand</author><id>44405</id><index>3</index><defaultHeight>540</defaultHeight><defaultWidth>720</defaultWidth><exposed>False</exposed><type>SLIDE</type></slide><slide><author>hagand</author><id>44406</id><index>4</index><defaultHeight>540</defaultHeight><defaultWidth>720</defaultWidth><exposed>False</exposed><type>SLIDE</type></slide><slide><author>hagand</author><id>44404</id><index>5</index><defaultHeight>540</defaultHeight><defaultWidth>720</defaultWidth><exposed>False</exposed><type>SLIDE</type></slide><slide><author>hagand</author><id>44402</id><index>6</index><defaultHeight>720</defaultHeight><defaultWidth>540</defaultWidth><exposed>True</exposed><type>POLL</type></slide></conversation>