<conversation><title>20741421</title><author>ajran2</author><created>25/03/2010 2:37:31 PM</created><tag>Neh assessment</tag><subject>Unrestricted</subject><jid>818400</jid><permissions><studentCanPublish>true</studentCanPublish><studentCanOpenFriends>true</studentCanOpenFriends><usersAreCompulsorilySynced>false</usersAreCompulsorilySynced></permissions><slide><author>ajran2</author><id>818401</id><index>0</index><type>SLIDE</type></slide><slide><author>ajran2</author><id>818402</id><index>1</index><type>SLIDE</type></slide></conversation>