<conversation><title>edf4410 13 october</title><author>micphill</author><created>13/10/2010 11:51:24 AM</created><tag></tag><subject>Unrestricted</subject><jid>1415400</jid><permissions><studentCanPublish>true</studentCanPublish><studentCanOpenFriends>true</studentCanOpenFriends><usersAreCompulsorilySynced>false</usersAreCompulsorilySynced></permissions><slide><author>micphill</author><id>1415401</id><index>0</index><type>SLIDE</type></slide><slide><author>micphill</author><id>1415402</id><index>1</index><type>SLIDE</type></slide><slide><author>micphill</author><id>1415403</id><index>2</index><type>SLIDE</type></slide><slide><author>micphill</author><id>1415404</id><index>3</index><type>SLIDE</type></slide></conversation>