<conversation><title>hsc1061_15March11am</title><author>dragan</author><created>15/03/2010 11:22:11 AM</created><tag></tag><subject>HSC1061</subject><jid>722400</jid><permissions><studentCanPublish>true</studentCanPublish><studentCanOpenFriends>true</studentCanOpenFriends><usersAreCompulsorilySynced>false</usersAreCompulsorilySynced></permissions><slide><author>dragan</author><id>722401</id><index>0</index><type>SLIDE</type></slide><slide><author>dragan</author><id>722402</id><index>1</index><type>SLIDE</type></slide><slide><author>dragan</author><id>722403</id><index>2</index><type>SLIDE</type></slide><slide><author>dragan</author><id>722404</id><index>3</index><type>SLIDE</type></slide><slide><author>dragan</author><id>722405</id><index>4</index><type>SLIDE</type></slide><slide><author>dragan</author><id>722406</id><index>5</index><type>SLIDE</type></slide></conversation>