<conversation><title>AutomatedConversationEdited</title><author>dhag22</author><created>21/06/2010 12:41:02 PM</created><tag>unTagged</tag><subject>Unrestricted</subject><jid>55800</jid><permissions><studentCanPublish>false</studentCanPublish><studentCanOpenFriends>false</studentCanOpenFriends><usersAreCompulsorilySynced>true</usersAreCompulsorilySynced></permissions><slide><author>dhag22</author><id>55801</id><index>0</index><exposed>False</exposed><type>SLIDE</type></slide><slide><author>dhag22</author><id>55815</id><index>1</index><exposed>False</exposed><type>SLIDE</type></slide><slide><author>dhag22</author><id>55812</id><index>2</index><exposed>False</exposed><type>SLIDE</type></slide><slide><author>dhag22</author><id>55811</id><index>3</index><exposed>False</exposed><type>SLIDE</type></slide><slide><author>dhag22</author><id>55810</id><index>4</index><exposed>False</exposed><type>SLIDE</type></slide><slide><author>dhag22</author><id>55809</id><index>5</index><exposed>False</exposed><type>SLIDE</type></slide><slide><author>dhag22</author><id>55808</id><index>6</index><exposed>False</exposed><type>SLIDE</type></slide><slide><author>dhag22</author><id>55807</id><index>7</index><exposed>False</exposed><type>SLIDE</type></slide><slide><author>dhag22</author><id>55816</id><index>8</index><exposed>False</exposed><type>SLIDE</type></slide><slide><author>dhag22</author><id>55806</id><index>9</index><exposed>False</exposed><type>SLIDE</type></slide><slide><author>dhag22</author><id>55813</id><index>10</index><exposed>False</exposed><type>SLIDE</type></slide><slide><author>dhag22</author><id>55814</id><index>11</index><exposed>False</exposed><type>SLIDE</type></slide><slide><author>dhag22</author><id>55802</id><index>12</index><exposed>False</exposed><type>SLIDE</type></slide><slide><author>dhag22</author><id>55803</id><index>13</index><exposed>False</exposed><type>SLIDE</type></slide><slide><author>dhag22</author><id>55804</id><index>14</index><exposed>False</exposed><type>SLIDE</type></slide><slide><author>dhag22</author><id>55805</id><index>15</index><exposed>False</exposed><type>SLIDE</type></slide></conversation>