<conversation><title>S15 Touch interface sketches</title><author>ihutchin</author><created>28/06/2010 12:00:14 PM</created><tag>S15 eEducation</tag><subject>eEducation Centre</subject><jid>1025400</jid><permissions><studentCanPublish>true</studentCanPublish><studentCanOpenFriends>true</studentCanOpenFriends><usersAreCompulsorilySynced>false</usersAreCompulsorilySynced></permissions><slide><author>ihutchin</author><id>1025401</id><index>0</index><type>SLIDE</type></slide><slide><author>ihutchin</author><id>1025402</id><index>1</index><type>SLIDE</type></slide><slide><author>ihutchin</author><id>1025403</id><index>2</index><type>SLIDE</type></slide><slide><author>ihutchin</author><id>1025404</id><index>3</index><type>SLIDE</type></slide><slide><author>ihutchin</author><id>1025405</id><index>4</index><type>SLIDE</type></slide><slide><author>ihutchin</author><id>1025406</id><index>5</index><type>SLIDE</type></slide><slide><author>ihutchin</author><id>1025407</id><index>6</index><type>SLIDE</type></slide><slide><author>ihutchin</author><id>1025408</id><index>7</index><type>SLIDE</type></slide><slide><author>ihutchin</author><id>1025409</id><index>8</index><type>SLIDE</type></slide><slide><author>ihutchin</author><id>1025410</id><index>9</index><type>SLIDE</type></slide><slide><author>ihutchin</author><id>1025411</id><index>10</index><type>SLIDE</type></slide><slide><author>ihutchin</author><id>1025412</id><index>11</index><type>SLIDE</type></slide></conversation>