<conversation><title>Thought 4</title><author>sajames</author><created>20/05/2010 3:59:24 PM</created><tag>unTagged</tag><subject>sajames</subject><jid>35600</jid><permissions><studentCanPublish>true</studentCanPublish><studentCanOpenFriends>true</studentCanOpenFriends><usersAreCompulsorilySynced>false</usersAreCompulsorilySynced></permissions><slide><author>sajames</author><id>35601</id><index>0</index><type>SLIDE</type></slide><slide><author>sajames</author><id>35605</id><index>1</index><type>THOUGHT</type></slide><slide><author>sajames</author><id>35604</id><index>2</index><type>THOUGHT</type></slide><slide><author>sajames</author><id>35603</id><index>3</index><type>SLIDE</type></slide><slide><author>sajames</author><id>35602</id><index>4</index><type>THOUGHT</type></slide></conversation>