<conversation><title>eEC team meeting, 21st January 2010</title><author>nate</author><created>20/01/2010 7:13:46 PM</created><tag>eec team meeting</tag><subject>Staff</subject><jid>401400</jid><permissions><studentCanPublish>true</studentCanPublish><studentCanOpenFriends>true</studentCanOpenFriends><usersAreCompulsorilySynced>false</usersAreCompulsorilySynced></permissions><slide><author>nate</author><id>401401</id><index>0</index><type>SLIDE</type></slide><slide><author>nate</author><id>401402</id><index>1</index><type>SLIDE</type></slide><slide><author>nate</author><id>401403</id><index>2</index><type>SLIDE</type></slide><slide><author>nate</author><id>401404</id><index>3</index><type>SLIDE</type></slide><slide><author>nate</author><id>401405</id><index>4</index><type>SLIDE</type></slide><slide><author>nate</author><id>401406</id><index>5</index><type>SLIDE</type></slide><slide><author>nate</author><id>401407</id><index>6</index><type>SLIDE</type></slide></conversation>