<conversation><title>ICSS training session #1</title><author>nate</author><created>11/02/2010 9:29:31 AM</created><tag>eec</tag><subject>Unrestricted</subject><jid>532400</jid><permissions><studentCanPublish>false</studentCanPublish><studentCanOpenFriends>false</studentCanOpenFriends><usersAreCompulsorilySynced>true</usersAreCompulsorilySynced></permissions><slide><author>nate</author><id>532401</id><index>0</index><type>SLIDE</type></slide><slide><author>nate</author><id>532402</id><index>1</index><type>SLIDE</type></slide><slide><author>nate</author><id>532403</id><index>2</index><type>SLIDE</type></slide><slide><author>nate</author><id>532404</id><index>3</index><type>SLIDE</type></slide><slide><author>nate</author><id>532405</id><index>4</index><type>SLIDE</type></slide><slide><author>nate</author><id>532406</id><index>5</index><type>SLIDE</type></slide><slide><author>nate</author><id>532407</id><index>6</index><type>SLIDE</type></slide><slide><author>nate</author><id>532408</id><index>7</index><type>SLIDE</type></slide><slide><author>nate</author><id>532409</id><index>8</index><type>SLIDE</type></slide><slide><author>nate</author><id>532410</id><index>9</index><type>SLIDE</type></slide><slide><author>nate</author><id>532411</id><index>10</index><type>SLIDE</type></slide><slide><author>nate</author><id>532412</id><index>11</index><type>SLIDE</type></slide><slide><author>nate</author><id>532413</id><index>12</index><type>SLIDE</type></slide><slide><author>nate</author><id>532414</id><index>13</index><type>SLIDE</type></slide><slide><author>nate</author><id>532415</id><index>14</index><type>SLIDE</type></slide><slide><author>nate</author><id>532416</id><index>15</index><type>SLIDE</type></slide><slide><author>nate</author><id>532417</id><index>16</index><type>SLIDE</type></slide><slide><author>nate</author><id>532418</id><index>17</index><type>SLIDE</type></slide><slide><author>nate</author><id>532419</id><index>18</index><type>SLIDE</type></slide><slide><author>nate</author><id>532420</id><index>19</index><type>SLIDE</type></slide><slide><author>nate</author><id>532421</id><index>20</index><type>SLIDE</type></slide><slide><author>nate</author><id>532422</id><index>21</index><type>SLIDE</type></slide><slide><author>nate</author><id>532423</id><index>22</index><type>SLIDE</type></slide><slide><author>nate</author><id>532424</id><index>23</index><type>SLIDE</type></slide><slide><author>nate</author><id>532425</id><index>24</index><type>SLIDE</type></slide><slide><author>nate</author><id>532426</id><index>25</index><type>SLIDE</type></slide><slide><author>nate</author><id>532427</id><index>26</index><type>SLIDE</type></slide><slide><author>nate</author><id>532428</id><index>27</index><type>SLIDE</type></slide><slide><author>nate</author><id>532429</id><index>28</index><type>SLIDE</type></slide></conversation>