<conversation><title>THIS CONVERSATION IS CORRUPT DO NOT TOUCH</title><author>sajames</author><created>4/08/2010 12:43:25 PM</created><tag>unTagged</tag><subject>Unrestricted</subject><jid>90400</jid><permissions><studentCanPublish>false</studentCanPublish><studentCanOpenFriends>false</studentCanOpenFriends><usersAreCompulsorilySynced>true</usersAreCompulsorilySynced></permissions><slide><author>sajames</author><id>90401</id><index>0</index><defaultHeight>0</defaultHeight><defaultWidth>0</defaultWidth><exposed>False</exposed><type>SLIDE</type></slide><slide><author>sajames</author><id>90402</id><index>1</index><defaultHeight>540</defaultHeight><defaultWidth>720</defaultWidth><exposed>False</exposed><type>SLIDE</type></slide></conversation>