<conversation><title>Document Correctness Service</title><author>chagan</author><created>8/09/2010 5:56:48 PM</created><tag></tag><subject>eEducation Centre</subject><jid>1327400</jid><permissions><studentCanPublish>true</studentCanPublish><studentCanOpenFriends>true</studentCanOpenFriends><usersAreCompulsorilySynced>false</usersAreCompulsorilySynced></permissions><slide><author>chagan</author><id>1327401</id><index>0</index><defaultHeight>540</defaultHeight><defaultWidth>720</defaultWidth><exposed>True</exposed><type>SLIDE</type></slide><slide><author>chagan</author><id>1327406</id><index>1</index><defaultHeight>540</defaultHeight><defaultWidth>720</defaultWidth><exposed>False</exposed><type>SLIDE</type></slide><slide><author>chagan</author><id>1327405</id><index>2</index><defaultHeight>540</defaultHeight><defaultWidth>720</defaultWidth><exposed>False</exposed><type>SLIDE</type></slide><slide><author>chagan</author><id>1327402</id><index>3</index><defaultHeight>540</defaultHeight><defaultWidth>720</defaultWidth><exposed>True</exposed><type>SLIDE</type></slide><slide><author>chagan</author><id>1327403</id><index>4</index><defaultHeight>540</defaultHeight><defaultWidth>720</defaultWidth><exposed>True</exposed><type>SLIDE</type></slide><slide><author>chagan</author><id>1327404</id><index>5</index><defaultHeight>540</defaultHeight><defaultWidth>720</defaultWidth><exposed>True</exposed><type>SLIDE</type></slide></conversation>