<conversation><title>size1</title><author>bhughes</author><created>29/07/2010 12:43:05 PM</created><tag>unTagged</tag><subject>Unrestricted</subject><jid>85200</jid><permissions><studentCanPublish>false</studentCanPublish><studentCanOpenFriends>false</studentCanOpenFriends><usersAreCompulsorilySynced>true</usersAreCompulsorilySynced></permissions><slide><author>bhughes</author><id>85201</id><index>0</index><defaultHeight>1080</defaultHeight><defaultWidth>1440</defaultWidth><exposed>False</exposed><type>SLIDE</type></slide><slide><author>bhughes</author><id>85202</id><index>1</index><defaultHeight>1080</defaultHeight><defaultWidth>1440</defaultWidth><exposed>False</exposed><type>SLIDE</type></slide><slide><author>bhughes</author><id>85203</id><index>2</index><defaultHeight>1080</defaultHeight><defaultWidth>1440</defaultWidth><exposed>False</exposed><type>SLIDE</type></slide><slide><author>bhughes</author><id>85204</id><index>3</index><defaultHeight>1080</defaultHeight><defaultWidth>1440</defaultWidth><exposed>False</exposed><type>SLIDE</type></slide><slide><author>bhughes</author><id>85205</id><index>4</index><defaultHeight>1080</defaultHeight><defaultWidth>1440</defaultWidth><exposed>False</exposed><type>SLIDE</type></slide></conversation>