<conversation><title>helen's first steps conversation</title><author>helenke</author><created>1/02/2010 10:19:57 AM</created><tag></tag><subject>Unrestricted</subject><jid>434400</jid><permissions><studentCanPublish>false</studentCanPublish><studentCanOpenFriends>false</studentCanOpenFriends><usersAreCompulsorilySynced>true</usersAreCompulsorilySynced></permissions><slide><author>helenke</author><id>434401</id><index>0</index><type>SLIDE</type></slide><slide><author>helenke</author><id>434402</id><index>1</index><type>SLIDE</type></slide><slide><author>helenke</author><id>434403</id><index>2</index><type>SLIDE</type></slide><slide><author>helenke</author><id>434404</id><index>3</index><type>SLIDE</type></slide></conversation>