<conversation><title>gyufgyufguyfguyguygu</title><author>micphill</author><created>29/10/2010 8:51:41 PM</created><tag></tag><subject>Unrestricted</subject><jid>1516400</jid><permissions><studentCanPublish>true</studentCanPublish><studentCanOpenFriends>true</studentCanOpenFriends><usersAreCompulsorilySynced>false</usersAreCompulsorilySynced></permissions><slide><author>micphill</author><id>1516401</id><index>0</index><type>SLIDE</type></slide><slide><author>micphill</author><id>1516402</id><index>1</index><type>SLIDE</type></slide><slide><author>micphill</author><id>1516403</id><index>2</index><type>SLIDE</type></slide><slide><author>micphill</author><id>1516404</id><index>3</index><type>SLIDE</type></slide></conversation>