<conversation><title>live thumbnail work</title><author>sajames</author><created>11/06/2010 11:51:16 AM</created><tag>unTagged</tag><subject>sajames</subject><jid>49600</jid><permissions><studentCanPublish>false</studentCanPublish><studentCanOpenFriends>false</studentCanOpenFriends><usersAreCompulsorilySynced>true</usersAreCompulsorilySynced></permissions><slide><author>sajames</author><id>49601</id><index>0</index><exposed>False</exposed><type>SLIDE</type></slide><slide><author>sajames</author><id>49602</id><index>1</index><exposed>False</exposed><type>SLIDE</type></slide><slide><author>sajames</author><id>49603</id><index>2</index><exposed>False</exposed><type>SLIDE</type></slide><slide><author>sajames</author><id>49604</id><index>3</index><exposed>False</exposed><type>SLIDE</type></slide><slide><author>sajames</author><id>49605</id><index>4</index><exposed>False</exposed><type>SLIDE</type></slide></conversation>