<conversation><title>THis is invisible</title><author>bhughes</author><created>14/06/2010 4:35:25 PM</created><tag></tag><subject>Unrestricted</subject><jid>1011400</jid><permissions><studentCanPublish>false</studentCanPublish><studentCanOpenFriends>false</studentCanOpenFriends><usersAreCompulsorilySynced>true</usersAreCompulsorilySynced></permissions><slide><author>bhughes</author><id>1011401</id><index>0</index><type>SLIDE</type></slide><slide><author>bhughes</author><id>1011402</id><index>1</index><type>POLL</type></slide></conversation>