<conversation><title>2k3ss</title><author>rossr</author><created>13/07/2010 9:32:08 AM</created><tag></tag><subject>Unrestricted</subject><jid>76400</jid><permissions><studentCanPublish>false</studentCanPublish><studentCanOpenFriends>false</studentCanOpenFriends><usersAreCompulsorilySynced>true</usersAreCompulsorilySynced></permissions><slide><author>rossr</author><id>76401</id><index>0</index><type>SLIDE</type></slide><slide><author>rossr</author><id>76402</id><index>1</index><type>SLIDE</type></slide><slide><author>rossr</author><id>76403</id><index>2</index><type>SLIDE</type></slide></conversation>