<conversation><title>robits2k7_notes2</title><author>hagand</author><created>13/07/2010 9:29:08 AM</created><tag></tag><subject>Unrestricted</subject><jid>76000</jid><permissions><studentCanPublish>false</studentCanPublish><studentCanOpenFriends>false</studentCanOpenFriends><usersAreCompulsorilySynced>true</usersAreCompulsorilySynced></permissions><slide><author>hagand</author><id>76001</id><index>0</index><type>SLIDE</type></slide><slide><author>hagand</author><id>76002</id><index>1</index><type>SLIDE</type></slide><slide><author>hagand</author><id>76003</id><index>2</index><type>SLIDE</type></slide></conversation>