<conversation><title>Ben we shall test like cobras</title><author>sajames</author><created>28/06/2010 10:25:05 AM</created><tag>unTagged</tag><subject>Unrestricted</subject><jid>60800</jid><permissions><studentCanPublish>false</studentCanPublish><studentCanOpenFriends>false</studentCanOpenFriends><usersAreCompulsorilySynced>true</usersAreCompulsorilySynced></permissions><slide><author>sajames</author><id>60801</id><index>0</index><exposed>False</exposed><type>SLIDE</type></slide><slide><author>sajames</author><id>60802</id><index>1</index><exposed>False</exposed><type>SLIDE</type></slide><slide><author>sajames</author><id>60803</id><index>2</index><exposed>False</exposed><type>SLIDE</type></slide><slide><author>sajames</author><id>60804</id><index>3</index><exposed>False</exposed><type>SLIDE</type></slide><slide><author>sajames</author><id>60806</id><index>4</index><exposed>False</exposed><type>SLIDE</type></slide><slide><author>sajames</author><id>60805</id><index>5</index><exposed>False</exposed><type>SLIDE</type></slide></conversation>