<conversation><title>Michael and Melanie's Test MeTL Conversation</title><author>micphill</author><created>9/09/2010 12:21:34 PM</created><tag></tag><subject>Unrestricted</subject><jid>1337400</jid><permissions><studentCanPublish>true</studentCanPublish><studentCanOpenFriends>true</studentCanOpenFriends><usersAreCompulsorilySynced>false</usersAreCompulsorilySynced></permissions><slide><author>micphill</author><id>1337401</id><index>0</index><type>SLIDE</type></slide><slide><author>micphill</author><id>1337403</id><index>1</index><type>SLIDE</type></slide><slide><author>micphill</author><id>1337402</id><index>2</index><type>SLIDE</type></slide><slide><author>micphill</author><id>1337404</id><index>3</index><type>SLIDE</type></slide><slide><author>micphill</author><id>1337405</id><index>4</index><type>SLIDE</type></slide></conversation>