<conversation><title>AutomatedConversationEdited</title><author>sajames</author><created>17/06/2010 3:12:02 PM</created><tag>unTagged</tag><subject>Unrestricted</subject><jid>54000</jid><permissions><studentCanPublish>false</studentCanPublish><studentCanOpenFriends>false</studentCanOpenFriends><usersAreCompulsorilySynced>true</usersAreCompulsorilySynced></permissions><slide><author>sajames</author><id>54001</id><index>0</index><exposed>False</exposed><type>SLIDE</type></slide><slide><author>sajames</author><id>54002</id><index>1</index><exposed>False</exposed><type>SLIDE</type></slide><slide><author>sajames</author><id>54003</id><index>2</index><exposed>False</exposed><type>SLIDE</type></slide><slide><author>sajames</author><id>54004</id><index>3</index><exposed>False</exposed><type>SLIDE</type></slide><slide><author>sajames</author><id>54005</id><index>4</index><exposed>False</exposed><type>SLIDE</type></slide></conversation>