<logCollection date='{2010,8,19}'><message xml:lang='en' to='1242413@conference.deified.adm.monash.edu.au' from='wmck@deified.adm.monash.edu.au' type='groupchat' time='1282188474069'><image xmlns='monash:metl'><tag>{&quot;author&quot;:&quot;wmck&quot;,&quot;privacy&quot;:&quot;public&quot;,&quot;id&quot;:&quot;wmck:19/08/2010 1:34:28 PM:0&quot;,&quot;isBackground&quot;:false,&quot;zIndex&quot;:0}</tag><source>/Resource/1242413/background59.jpg</source><width>720</width><height>540</height><x>0</x><y>0</y><author>wmck</author><target>presentationSpace</target><privacy>public</privacy><slide>1242413</slide><identity>wmck:19/08/2010 1:34:28 PM:0</identity></image></message><message xml:lang='en' to='1242413@conference.deified.adm.monash.edu.au' from='wmck@deified.adm.monash.edu.au' type='groupchat' time='1282188474108'><image xmlns='monash:metl'><tag>{&quot;author&quot;:&quot;wmck&quot;,&quot;privacy&quot;:&quot;public&quot;,&quot;id&quot;:&quot;wmck:19/08/2010 1:34:29 PM:1&quot;,&quot;isBackground&quot;:false,&quot;zIndex&quot;:0}</tag><source>/Resource/1242413/background60.jpg</source><width>648</width><height>90</height><x>36</x><y>21.62504</y><author>wmck</author><target>presentationSpace</target><privacy>public</privacy><slide>1242413</slide><identity>wmck:19/08/2010 1:34:29 PM:1</identity></image></message><message xml:lang='en' to='1242413@conference.deified.adm.monash.edu.au' from='wmck@deified.adm.monash.edu.au' type='groupchat' time='1282188474472'><image xmlns='monash:metl'><tag>{&quot;author&quot;:&quot;wmck&quot;,&quot;privacy&quot;:&quot;public&quot;,&quot;id&quot;:&quot;wmck:19/08/2010 1:34:30 PM:2&quot;,&quot;isBackground&quot;:false,&quot;zIndex&quot;:0}</tag><source>/Resource/1242413/background61.jpg</source><width>649.624939</width><height>408</height><x>36.87504</x><y>122.625038</y><author>wmck</author><target>presentationSpace</target><privacy>public</privacy><slide>1242413</slide><identity>wmck:19/08/2010 1:34:30 PM:2</identity></image></message><message xml:lang='en' to='1242413@conference.deified.adm.monash.edu.au' from='wmck@deified.adm.monash.edu.au' type='groupchat' time='1282189005465'><ink xmlns='monash:metl'><checksum>44025.2</checksum><points>503.2 257.1 127 495.5 262.9 127 493.5 268.7 127 493.5 271.6 127 494.5 274.5 127 495.5 276.5 127 497.4 278.4 127 499.3 278.4 127 502.3 278.4 127 504.2 277.4 127 507.1 276.5 127 510 274.5 127 512 271.6 127 513.9 269.7 127 515.8 266.8 127 517.8 263.8 127 518.7 260.9 127 519.7 258 127 519.7 256.1 127 520.7 254.1 127 520.7 252.2 127 521.7 251.2 127 521.7 250.3 127 521.7 249.3 127 521.7 250.3 127 520.7 251.2 127 520.7 253.2 127 520.7 255.1 127 519.7 257.1 127 519.7 260 127 519.7 262.9 127 519.7 265.8 127 520.7 267.7 127 521.7 270.6 127 522.6 272.6 127 523.6 273.5 127 524.6 274.5 127 525.5 274.5 127 526.5 274.5 127 527.5 273.5 127 528.4 272.6 127 529.4 270.6 127 530.4 268.7 127 530.4 267.7 127 530.4 265.8 127 531.4 264.8 127 530.4 265.8 127 530.4 267.7 127 530.4 268.7 127 530.4 270.6 127 531.4 272.6 127 531.4 274.5 127 532.3 276.5 127 532.3 277.4 127 533.3 277.4 127 533.3 276.5 127</points><color>0 0 255 255</color><thickness>3</thickness><highlight>False</highlight><author>wmck</author><target>presentationSpace</target><privacy>public</privacy><slide>1242413</slide></ink></message><message xml:lang='en' to='1242413@conference.deified.adm.monash.edu.au' from='wmck@deified.adm.monash.edu.au' type='groupchat' time='1282189005611'><ink xmlns='monash:metl'><checksum>1579.7</checksum><points>532.3 258 127 531.4 258 127</points><color>0 0 255 255</color><thickness>3</thickness><highlight>False</highlight><author>wmck</author><target>presentationSpace</target><privacy>public</privacy><slide>1242413</slide></ink></message><message xml:lang='en' to='1242413@conference.deified.adm.monash.edu.au' from='wmck@deified.adm.monash.edu.au' type='groupchat' time='1282189005860'><ink xmlns='monash:metl'><checksum>19480.6</checksum><points>532.3 258 127 537.2 261.9 127 537.2 262.9 127 538.1 264.8 127 538.1 266.8 127 539.1 268.7 127 540.1 270.6 127 540.1 272.6 127 541.1 274.5 127 542 275.5 127 543 276.5 127 544 276.5 127 544.9 276.5 127 544.9 275.5 127 544.9 274.5 127 545.9 272.6 127 545.9 270.6 127 546.9 268.7 127 546.9 266.8 127 546.9 264.8 127 546.9 263.8 127 547.8 262.9 127 547.8 261.9 127 548.8 261.9 127</points><color>0 0 255 255</color><thickness>3</thickness><highlight>False</highlight><author>wmck</author><target>presentationSpace</target><privacy>public</privacy><slide>1242413</slide></ink></message><message xml:lang='en' to='1242413@conference.deified.adm.monash.edu.au' from='wmck@deified.adm.monash.edu.au' type='groupchat' time='1282189006186'><ink xmlns='monash:metl'><checksum>15790.8</checksum><points>550.8 268.7 127 554.6 273.5 127 560.5 260.9 127 558.5 260.9 127 556.6 263.8 127 555.6 265.8 127 554.6 267.7 127 553.7 269.7 127 553.7 271.6 127 554.6 273.5 127 555.6 275.5 127 556.6 276.5 127 558.5 277.4 127 560.5 278.4 127 563.4 278.4 127 565.3 278.4 127 567.2 277.4 127 569.2 276.5 127 570.2 276.5 127</points><color>0 0 255 255</color><thickness>3</thickness><highlight>False</highlight><author>wmck</author><target>presentationSpace</target><privacy>public</privacy><slide>1242413</slide></ink></message><message xml:lang='en' to='1242413@conference.deified.adm.monash.edu.au' from='wmck@deified.adm.monash.edu.au' type='groupchat' time='1282189006877'><ink xmlns='monash:metl'><checksum>26364.6</checksum><points>499.3 300.7 127 504.2 320.1 127 504.2 317.2 127 506.1 312.3 127 506.1 310.4 127 507.1 309.4 127 508.1 307.5 127 509 307.5 127 510 309.4 127 511 310.4 127 512 312.3 127 512.9 314.3 127 513.9 315.3 127 514.9 316.2 127 515.8 317.2 127 516.8 318.2 127 517.8 318.2 127 518.7 317.2 127 518.7 316.2 127 518.7 315.3 127 518.7 313.3 127 518.7 311.4 127 518.7 308.5 127 519.7 306.5 127 519.7 303.6 127 519.7 301.7 127 519.7 299.7 127 519.7 298.8 127 519.7 297.8 127 520.7 297.8 127 520.7 298.8 127 520.7 299.7 127</points><color>0 0 255 255</color><thickness>3</thickness><highlight>False</highlight><author>wmck</author><target>presentationSpace</target><privacy>public</privacy><slide>1242413</slide></ink></message><message xml:lang='en' to='1242413@conference.deified.adm.monash.edu.au' from='wmck@deified.adm.monash.edu.au' type='groupchat' time='1282189007239'><ink xmlns='monash:metl'><checksum>16103.8</checksum><points>523.6 316.2 127 525.5 316.2 127 530.4 302.6 127 527.5 305.6 127 526.5 309.4 127 526.5 312.3 127 526.5 314.3 127 527.5 316.2 127 527.5 317.2 127 528.4 318.2 127 530.4 319.1 127 532.3 320.1 127 534.3 320.1 127 536.2 319.1 127 538.1 319.1 127 540.1 317.2 127 543 316.2 127 544.9 315.3 127 545.9 314.3 127</points><color>0 0 255 255</color><thickness>3</thickness><highlight>False</highlight><author>wmck</author><target>presentationSpace</target><privacy>public</privacy><slide>1242413</slide></ink></message><message xml:lang='en' to='1242413@conference.deified.adm.monash.edu.au' from='wmck@deified.adm.monash.edu.au' type='groupchat' time='1282189007988'><ink xmlns='monash:metl'><checksum>57320.5</checksum><points>551.7 309.4 127 555.6 309.4 127 553.7 302.6 127 551.7 301.7 127 550.8 302.6 127 549.8 303.6 127 548.8 304.6 127 547.8 306.5 127 546.9 308.5 127 545.9 310.4 127 545.9 312.3 127 545.9 314.3 127 545.9 315.3 127 545.9 317.2 127 546.9 317.2 127 547.8 318.2 127 548.8 318.2 127 548.8 317.2 127 549.8 316.2 127 550.8 315.3 127 550.8 314.3 127 551.7 312.3 127 551.7 310.4 127 551.7 309.4 127 551.7 308.5 127 552.7 308.5 127 551.7 309.4 127 551.7 310.4 127 552.7 311.4 127 552.7 312.3 127 552.7 313.3 127 553.7 314.3 127 554.6 315.3 127 555.6 315.3 127 556.6 315.3 127 557.5 315.3 127 557.5 314.3 127 558.5 313.3 127 559.5 312.3 127 559.5 310.4 127 560.5 309.4 127 560.5 308.5 127 561.4 307.5 127 562.4 308.5 127 563.4 309.4 127 563.4 310.4 127 564.3 312.3 127 564.3 313.3 127 565.3 314.3 127 565.3 315.3 127 566.3 316.2 127 566.3 317.2 127 565.3 316.2 127 565.3 315.3 127 565.3 314.3 127 566.3 312.3 127 567.2 310.4 127 568.2 309.4 127 569.2 307.5 127 570.2 305.6 127 572.1 303.6 127 573.1 301.7 127 575 300.7 127 576 299.7 127 576.9 299.7 127 577.9 299.7 127</points><color>0 0 255 255</color><thickness>3</thickness><highlight>False</highlight><author>wmck</author><target>presentationSpace</target><privacy>public</privacy><slide>1242413</slide></ink></message><message xml:lang='en' to='1242413@conference.deified.adm.monash.edu.au' from='wmck@deified.adm.monash.edu.au' type='groupchat' time='1282189008189'><ink xmlns='monash:metl'><checksum>1771.8</checksum><points>580.8 303.6 127 581.8 305.6 127</points><color>0 0 255 255</color><thickness>3</thickness><highlight>False</highlight><author>wmck</author><target>presentationSpace</target><privacy>public</privacy><slide>1242413</slide></ink></message><message xml:lang='en' to='1242413@conference.deified.adm.monash.edu.au' from='wmck@deified.adm.monash.edu.au' type='groupchat' time='1282189008340'><ink xmlns='monash:metl'><checksum>1763</checksum><points>583.7 298.8 127 583.7 296.8 127</points><color>0 0 255 255</color><thickness>3</thickness><highlight>False</highlight><author>wmck</author><target>presentationSpace</target><privacy>public</privacy><slide>1242413</slide></ink></message><message xml:lang='en' to='1242413@conference.deified.adm.monash.edu.au' from='wmck@deified.adm.monash.edu.au' type='groupchat' time='1282189009067'><ink xmlns='monash:metl'><checksum>77746.5</checksum><points>583.7 298.8 127 592.5 304.6 127 592.5 306.5 127 592.5 308.5 127 592.5 310.4 127 591.5 311.4 127 591.5 313.3 127 591.5 314.3 127 591.5 315.3 127 591.5 316.2 127 591.5 315.3 127 591.5 314.3 127 591.5 313.3 127 591.5 312.3 127 591.5 311.4 127 592.5 310.4 127 593.4 309.4 127 594.4 309.4 127 595.4 310.4 127 596.3 310.4 127 597.3 311.4 127 598.3 312.3 127 599.3 313.3 127 600.2 314.3 127 601.2 315.3 127 602.2 315.3 127 604.1 316.2 127 606 316.2 127 607 316.2 127 609 315.3 127 610.9 314.3 127 612.8 313.3 127 613.8 312.3 127 615.7 310.4 127 616.7 308.5 127 617.7 307.5 127 618.7 305.6 127 618.7 304.6 127 617.7 303.6 127 616.7 302.6 127 615.7 302.6 127 614.8 303.6 127 612.8 304.6 127 611.9 305.6 127 610.9 307.5 127 609.9 309.4 127 609 310.4 127 609 312.3 127 609 313.3 127 609.9 314.3 127 609.9 315.3 127 610.9 315.3 127 611.9 315.3 127 612.8 315.3 127 613.8 314.3 127 614.8 314.3 127 615.7 314.3 127 616.7 315.3 127 618.7 316.2 127 619.6 318.2 127 620.6 320.1 127 621.6 323 127 621.6 325.9 127 622.5 329.8 127 622.5 332.7 127 621.6 335.6 127 621.6 338.5 127 620.6 341.4 127 618.7 342.4 127 616.7 344.4 127 614.8 345.3 127 612.8 345.3 127 610.9 345.3 127 609 344.4 127 607 342.4 127 606 341.4 127 605.1 339.5 127 605.1 337.6 127 605.1 335.6 127 606 333.7 127 606 331.7 127 607 330.8 127 608 328.8 127 608 327.9 127</points><color>0 0 255 255</color><thickness>3</thickness><highlight>False</highlight><author>wmck</author><target>presentationSpace</target><privacy>public</privacy><slide>1242413</slide></ink></message><message xml:lang='en' to='1242413@conference.deified.adm.monash.edu.au' from='wmck@deified.adm.monash.edu.au' type='groupchat' time='1282189009648'><ink xmlns='monash:metl'><checksum>17102</checksum><points>464.4 219.2 127 464.4 238.6 127 464.4 254.1 127 464.4 262.9 127 464.4 272.6 127 464.4 282.3 127 463.5 292.9 127 463.5 302.6 127 463.5 312.3 127 462.5 322 127 462.5 329.8 127 461.5 336.6 127 461.5 342.4 127 461.5 347.3 127 460.5 351.1 127 460.5 353.1 127 460.5 354.1 127 460.5 355 127 460.5 354.1 127 460.5 352.1 127 460.5 349.2 127 461.5 346.3 127</points><color>0 0 255 255</color><thickness>3</thickness><highlight>False</highlight><author>wmck</author><target>presentationSpace</target><privacy>public</privacy><slide>1242413</slide></ink></message><message xml:lang='en' to='1242413@conference.deified.adm.monash.edu.au' from='wmck@deified.adm.monash.edu.au' type='groupchat' time='1282189010796'><ink xmlns='monash:metl'><checksum>94437.9</checksum><points>457.6 218.3 127 477 216.3 127 487.7 216.3 127 493.5 216.3 127 500.3 216.3 127 507.1 216.3 127 514.9 216.3 127 522.6 216.3 127 530.4 216.3 127 539.1 216.3 127 547.8 217.3 127 556.6 217.3 127 565.3 217.3 127 575 218.3 127 583.7 218.3 127 593.4 218.3 127 602.2 219.2 127 611.9 219.2 127 620.6 219.2 127 629.3 219.2 127 637.1 219.2 127 644.9 219.2 127 652.6 220.2 127 658.4 220.2 127 664.3 220.2 127 670.1 221.2 127 674.9 221.2 127 678.8 222.1 127 681.7 222.1 127 684.6 223.1 127 686.6 224.1 127 688.5 225 127 689.5 226 127 690.4 227 127 691.4 228.9 127 691.4 230.9 127 691.4 232.8 127 690.4 235.7 127 690.4 238.6 127 689.5 242.5 127 688.5 246.4 127 688.5 251.2 127 687.5 256.1 127 686.6 261.9 127 685.6 267.7 127 684.6 273.5 127 683.7 280.3 127 683.7 287.1 127 682.7 292.9 127 681.7 299.7 127 681.7 306.5 127 680.7 312.3 127 679.8 319.1 127 679.8 325 127 678.8 330.8 127 677.8 335.6 127 676.9 341.4 127 675.9 345.3 127 674.9 349.2 127 674 353.1 127 673 356 127 672 358.9 127 671 361.8 127 670.1 363.8 127 669.1 365.7 127 668.1 367.6 127 667.2 368.6 127 665.2 369.6 127 663.3 370.5 127 660.4 371.5 127 657.5 372.5 127 654.6 372.5 127 650.7 372.5 127 646.8 372.5 127 642.9 372.5 127 637.1 372.5 127 632.2 372.5 127 626.4 372.5 127 619.6 371.5 127 612.8 371.5 127 606 371.5 127 599.3 370.5 127 591.5 369.6 127 582.8 368.6 127 575 367.6 127 567.2 366.7 127 558.5 365.7 127 549.8 364.7 127 542 363.8 127 533.3 362.8 127 509 359.9 127 501.3 358.9 127 494.5 357.9 127 487.7 357 127 480.9 357 127 476.1 356 127 471.2 356 127 466.4 355 127 463.5 355 127 460.5 354.1 127 458.6 354.1 127 457.6 354.1 127 456.7 354.1 127 457.6 353.1 127</points><color>0 0 255 255</color><thickness>3</thickness><highlight>False</highlight><author>wmck</author><target>presentationSpace</target><privacy>public</privacy><slide>1242413</slide></ink></message><message xml:lang='en' to='1242413@conference.deified.adm.monash.edu.au' from='wmck@deified.adm.monash.edu.au' type='groupchat' time='1282189017933'><ink xmlns='monash:metl'><checksum>5881.7</checksum><points>241.3 237.7 127 253 228 127 260.7 224.1 127 263.6 223.1 127 267.5 222.1 127 270.4 221.2 127 272.4 220.2 127 274.3 219.2 127 276.2 219.2 127 277.2 218.3 127 278.2 218.3 127 277.2 218.3 127</points><color>0 0 255 255</color><thickness>3</thickness><highlight>False</highlight><author>wmck</author><target>presentationSpace</target><privacy>public</privacy><slide>1242413</slide></ink></message><message xml:lang='en' to='1242413@conference.deified.adm.monash.edu.au' from='wmck@deified.adm.monash.edu.au' type='groupchat' time='1282189018272'><ink xmlns='monash:metl'><checksum>7036.7</checksum><points>272.4 216.3 127 273.3 213.4 127 283 218.3 127 284 219.2 127 283 221.2 127 282.1 223.1 127 281.1 224.1 127 280.1 225 127 279.2 226 127 279.2 227 127 278.2 227 127 278.2 228 127 278.2 228.9 127 279.2 228 127</points><color>0 0 255 255</color><thickness>3</thickness><highlight>False</highlight><author>wmck</author><target>presentationSpace</target><privacy>public</privacy><slide>1242413</slide></ink></message><message xml:lang='en' to='1242413@conference.deified.adm.monash.edu.au' from='wmck@deified.adm.monash.edu.au' type='groupchat' time='1282189019847'><ink xmlns='monash:metl'><checksum>41650.7</checksum><points>293.7 228 127 306.3 218.3 127 309.2 213.4 127 310.2 211.5 127 310.2 209.5 127 310.2 208.6 127 310.2 207.6 127 309.2 206.6 127 307.3 206.6 127 306.3 206.6 127 304.4 207.6 127 303.4 209.5 127 301.5 211.5 127 300.5 214.4 127 298.6 217.3 127 297.6 220.2 127 297.6 223.1 127 297.6 226 127 297.6 228.9 127 299.5 231.8 127 300.5 233.8 127 302.4 234.7 127 304.4 235.7 127 307.3 235.7 127 309.2 235.7 127 311.2 234.7 127 312.1 233.8 127 314.1 232.8 127 315 230.9 127 315 229.9 127 315 228.9 127 315 228 127 315 227 127 315 226 127 315 225 127 314.1 225 127 314.1 226 127 314.1 227 127 314.1 228 127 314.1 228.9 127 315 228.9 127 315 229.9 127 316 230.9 127 317 230.9 127 318 230.9 127 318.9 230.9 127 320.9 229.9 127 321.8 228.9 127 323.8 228 127 324.7 226 127 326.7 224.1 127 327.7 222.1 127 328.6 220.2 127 328.6 217.3 127 329.6 215.3 127 329.6 213.4 127 329.6 211.5 127 329.6 210.5 127 328.6 209.5 127 327.7 210.5 127 326.7 211.5 127 325.7 214.4 127 325.7 216.3 127 324.7 219.2 127 324.7 223.1 127 324.7 227 127 324.7 229.9 127 324.7 233.8 127 324.7 236.7 127 325.7 239.6 127 325.7 242.5 127 326.7 244.4 127 326.7 245.4 127 326.7 246.4 127 326.7 245.4 127 326.7 244.4 127 326.7 243.5 127</points><color>0 0 255 255</color><thickness>3</thickness><highlight>False</highlight><author>wmck</author><target>presentationSpace</target><privacy>public</privacy><slide>1242413</slide></ink></message><message xml:lang='en' to='1242413@conference.deified.adm.monash.edu.au' from='wmck@deified.adm.monash.edu.au' type='groupchat' time='1282189020170'><ink xmlns='monash:metl'><checksum>10772.6</checksum><points>325.7 234.7 127 326.7 233.8 127 341.2 225 127 341.2 223.1 127 340.3 222.1 127 339.3 222.1 127 338.3 223.1 127 337.4 224.1 127 336.4 225 127 335.4 227 127 335.4 228.9 127 335.4 229.9 127 335.4 231.8 127 336.4 232.8 127 338.3 233.8 127 340.3 234.7 127 342.2 234.7 127 345.1 234.7 127 347.1 233.8 127</points><color>0 0 255 255</color><thickness>3</thickness><highlight>False</highlight><author>wmck</author><target>presentationSpace</target><privacy>public</privacy><slide>1242413</slide></ink></message><message xml:lang='en' to='1242413@conference.deified.adm.monash.edu.au' from='wmck@deified.adm.monash.edu.au' type='groupchat' time='1282189020573'><ink xmlns='monash:metl'><checksum>16012</checksum><points>364.5 205.6 127 362.6 228 127 362.6 229.9 127 362.6 230.9 127 362.6 229.9 127 362.6 228.9 127 363.5 227 127 363.5 226 127 364.5 224.1 127 365.5 223.1 127 366.5 222.1 127 367.4 222.1 127 368.4 221.2 127 370.3 222.1 127 370.3 223.1 127 371.3 224.1 127 371.3 225 127 371.3 226 127 371.3 227 127 370.3 228.9 127 369.4 229.9 127 368.4 230.9 127 367.4 230.9 127 366.5 231.8 127 365.5 231.8 127 364.5 231.8 127 363.5 231.8 127</points><color>0 0 255 255</color><thickness>3</thickness><highlight>False</highlight><author>wmck</author><target>presentationSpace</target><privacy>public</privacy><slide>1242413</slide></ink></message><message xml:lang='en' to='1242413@conference.deified.adm.monash.edu.au' from='wmck@deified.adm.monash.edu.au' type='groupchat' time='1282189021568'><ink xmlns='monash:metl'><checksum>58053.5999999999</checksum><points>372.3 228.9 127 382.9 218.3 127 381 220.2 127 379.1 223.1 127 379.1 224.1 127 381 228 127 382 228.9 127 383.9 228.9 127 386.8 228.9 127 388.8 228 127 391.7 227 127 393.6 226 127 395.6 224.1 127 397.5 222.1 127 398.5 220.2 127 399.4 217.3 127 400.4 214.4 127 401.4 212.4 127 401.4 209.5 127 401.4 207.6 127 400.4 205.6 127 400.4 204.7 127 399.4 204.7 127 398.5 205.6 127 397.5 206.6 127 396.5 209.5 127 395.6 212.4 127 394.6 215.3 127 394.6 218.3 127 394.6 221.2 127 394.6 224.1 127 394.6 227 127 395.6 228.9 127 395.6 230.9 127 396.5 232.8 127 397.5 233.8 127 398.5 234.7 127 399.4 233.8 127 400.4 233.8 127 400.4 232.8 127 401.4 231.8 127 402.3 230.9 127 402.3 229.9 127 403.3 228.9 127 403.3 228 127 403.3 227 127 404.3 228 127 405.3 228 127 406.2 228 127 407.2 228 127 408.2 228 127 409.1 227 127 411.1 227 127 412 226 127 413 225 127 414 224.1 127 415 223.1 127 415 222.1 127 415.9 221.2 127 415 221.2 127 415 222.1 127 414 222.1 127 414 223.1 127 414 224.1 127 415 225 127 415 226 127 415.9 226 127 416.9 227 127 418.8 227 127 419.8 227 127 420.8 227 127 422.7 227 127 423.7 226 127 424.7 225 127 425.6 224.1 127 426.6 223.1 127 426.6 222.1 127 425.6 221.2 127 424.7 221.2 127 423.7 222.1 127 423.7 223.1 127 422.7 224.1 127 422.7 225 127 422.7 227 127 422.7 228 127 423.7 228.9 127 424.7 230.9 127 425.6 231.8 127 426.6 233.8 127 427.6 235.7 127 427.6 237.7 127 427.6 240.6 127</points><color>0 0 255 255</color><thickness>3</thickness><highlight>False</highlight><author>wmck</author><target>presentationSpace</target><privacy>public</privacy><slide>1242413</slide></ink></message><message xml:lang='en' to='1242413@conference.deified.adm.monash.edu.au' from='wmck@deified.adm.monash.edu.au' type='groupchat' time='1282189022038'><ink xmlns='monash:metl'><checksum>5701.6</checksum><points>248.1 294.9 127 245.2 294.9 127 253.9 312.3 127 257.8 315.3 127 259.8 315.3 127 261.7 316.2 127 263.6 316.2 127 265.6 316.2 127 266.5 315.3 127 267.5 315.3 127</points><color>0 0 255 255</color><thickness>3</thickness><highlight>False</highlight><author>wmck</author><target>presentationSpace</target><privacy>public</privacy><slide>1242413</slide></ink></message><message xml:lang='en' to='1242413@conference.deified.adm.monash.edu.au' from='wmck@deified.adm.monash.edu.au' type='groupchat' time='1282189022306'><ink xmlns='monash:metl'><checksum>7670</checksum><points>266.5 306.5 127 263.6 305.6 127 270.4 319.1 127 270.4 322 127 270.4 323 127 269.5 325 127 268.5 325.9 127 267.5 327.9 127 265.6 328.8 127 264.6 329.8 127 263.6 329.8 127 262.7 330.8 127 261.7 330.8 127</points><color>0 0 255 255</color><thickness>3</thickness><highlight>False</highlight><author>wmck</author><target>presentationSpace</target><privacy>public</privacy><slide>1242413</slide></ink></message><message xml:lang='en' to='1242413@conference.deified.adm.monash.edu.au' from='wmck@deified.adm.monash.edu.au' type='groupchat' time='1282189023530'><ink xmlns='monash:metl'><checksum>55637.9999999999</checksum><points>281.1 317.2 127 281.1 315.3 127 282.1 326.9 127 283 323 127 284 320.1 127 285 318.2 127 285 317.2 127 285.9 316.2 127 286.9 316.2 127 286.9 317.2 127 287.9 318.2 127 287.9 319.1 127 288.9 320.1 127 289.8 321.1 127 290.8 322 127 291.8 322 127 293.7 323 127 294.7 323 127 296.6 324 127 297.6 323 127 298.6 323 127 300.5 322 127 300.5 321.1 127 301.5 320.1 127 302.4 318.2 127 302.4 317.2 127 302.4 315.3 127 302.4 314.3 127 302.4 312.3 127 301.5 311.4 127 300.5 311.4 127 300.5 310.4 127 299.5 311.4 127 298.6 312.3 127 298.6 313.3 127 297.6 314.3 127 297.6 316.2 127 297.6 317.2 127 298.6 319.1 127 298.6 320.1 127 299.5 321.1 127 301.5 322 127 302.4 323 127 304.4 323 127 305.3 323 127 306.3 322 127 308.3 321.1 127 309.2 320.1 127 309.2 319.1 127 310.2 318.2 127 310.2 317.2 127 310.2 316.2 127 310.2 315.3 127 310.2 314.3 127 310.2 315.3 127 310.2 316.2 127 310.2 317.2 127 310.2 318.2 127 311.2 320.1 127 311.2 321.1 127 312.1 321.1 127 313.1 322 127 314.1 322 127 315 322 127 315 321.1 127 316 320.1 127 317 319.1 127 318 318.2 127 318.9 317.2 127 319.9 316.2 127 320.9 317.2 127 321.8 318.2 127 322.8 319.1 127 323.8 319.1 127 324.7 320.1 127 325.7 321.1 127 326.7 321.1 127 327.7 321.1 127 328.6 320.1 127 329.6 319.1 127 330.6 318.2 127 331.5 317.2 127 331.5 316.2 127 331.5 315.3 127 331.5 314.3 127 330.6 312.3 127 329.6 311.4 127 328.6 311.4 127 327.7 311.4 127</points><color>0 0 255 255</color><thickness>3</thickness><highlight>False</highlight><author>wmck</author><target>presentationSpace</target><privacy>public</privacy><slide>1242413</slide></ink></message><message xml:lang='en' to='1242413@conference.deified.adm.monash.edu.au' from='wmck@deified.adm.monash.edu.au' type='groupchat' time='1282189023765'><ink xmlns='monash:metl'><checksum>1303.3</checksum><points>310.2 340.5 127 310.2 342.4 127</points><color>0 0 255 255</color><thickness>3</thickness><highlight>False</highlight><author>wmck</author><target>presentationSpace</target><privacy>public</privacy><slide>1242413</slide></ink></message><message xml:lang='en' to='1242413@conference.deified.adm.monash.edu.au' from='wmck@deified.adm.monash.edu.au' type='groupchat' time='1282189023933'><ink xmlns='monash:metl'><checksum>1290.7</checksum><points>310.2 336.6 127 309.2 334.7 127</points><color>0 0 255 255</color><thickness>3</thickness><highlight>False</highlight><author>wmck</author><target>presentationSpace</target><privacy>public</privacy><slide>1242413</slide></ink></message><message xml:lang='en' to='1242413@conference.deified.adm.monash.edu.au' from='wmck@deified.adm.monash.edu.au' type='groupchat' time='1282189025946'><ink xmlns='monash:metl'><checksum>163558.3</checksum><points>310.2 336.6 127 318.9 339.5 127 318.9 341.4 127 319.9 342.4 127 319.9 343.4 127 319.9 345.3 127 319.9 346.3 127 320.9 347.3 127 320.9 346.3 127 320.9 345.3 127 320.9 344.4 127 320.9 343.4 127 321.8 342.4 127 321.8 341.4 127 322.8 341.4 127 323.8 341.4 127 324.7 342.4 127 325.7 342.4 127 326.7 343.4 127 327.7 343.4 127 328.6 343.4 127 330.6 343.4 127 331.5 343.4 127 333.5 342.4 127 334.4 341.4 127 335.4 340.5 127 336.4 339.5 127 337.4 337.6 127 338.3 335.6 127 338.3 333.7 127 338.3 331.7 127 338.3 330.8 127 338.3 328.8 127 337.4 328.8 127 337.4 327.9 127 336.4 328.8 127 336.4 329.8 127 336.4 330.8 127 336.4 332.7 127 336.4 335.6 127 336.4 338.5 127 336.4 341.4 127 337.4 344.4 127 338.3 347.3 127 339.3 351.1 127 340.3 354.1 127 340.3 357 127 341.2 358.9 127 341.2 361.8 127 341.2 362.8 127 340.3 364.7 127 339.3 364.7 127 338.3 364.7 127 336.4 364.7 127 335.4 362.8 127 333.5 361.8 127 332.5 359.9 127 331.5 358.9 127 330.6 357 127 329.6 355 127 329.6 354.1 127 329.6 353.1 127 329.6 352.1 127 330.6 351.1 127 331.5 351.1 127 332.5 350.2 127 334.4 350.2 127 336.4 350.2 127 337.4 349.2 127 339.3 349.2 127 341.2 349.2 127 342.2 349.2 127 344.1 349.2 127 345.1 349.2 127 346.1 348.2 127 347.1 348.2 127 348 347.3 127 349 346.3 127 350 345.3 127 350.9 344.4 127 350.9 342.4 127 350.9 341.4 127 350.9 340.5 127 350.9 339.5 127 350 338.5 127 349 338.5 127 347.1 338.5 127 346.1 339.5 127 345.1 339.5 127 344.1 340.5 127 343.2 342.4 127 343.2 343.4 127 343.2 344.4 127 343.2 345.3 127 344.1 346.3 127 346.1 347.3 127 347.1 347.3 127 349 347.3 127 350 346.3 127 351.9 346.3 127 352.9 345.3 127 353.8 343.4 127 355.8 342.4 127 355.8 341.4 127 356.8 341.4 127 356.8 340.5 127 357.7 340.5 127 357.7 341.4 127 358.7 341.4 127 358.7 342.4 127 358.7 343.4 127 358.7 344.4 127 359.7 345.3 127 359.7 346.3 127 360.6 346.3 127 360.6 345.3 127 361.6 345.3 127 361.6 344.4 127 362.6 343.4 127 363.5 341.4 127 364.5 340.5 127 365.5 338.5 127 367.4 337.6 127 367.4 336.6 127 369.4 336.6 127 369.4 335.6 127 370.3 335.6 127 370.3 336.6 127 370.3 337.6 127 370.3 338.5 127 370.3 339.5 127 370.3 340.5 127 370.3 341.4 127 370.3 342.4 127 370.3 343.4 127 370.3 345.3 127 370.3 346.3 127 371.3 347.3 127 371.3 348.2 127 372.3 347.3 127 372.3 346.3 127 372.3 345.3 127 373.2 344.4 127 374.2 342.4 127 374.2 341.4 127 375.2 339.5 127 376.2 338.5 127 377.1 337.6 127 377.1 336.6 127 378.1 336.6 127 379.1 336.6 127 379.1 337.6 127 379.1 338.5 127 379.1 339.5 127 379.1 340.5 127 379.1 341.4 127 380 342.4 127 380 343.4 127 381 344.4 127 382 343.4 127 382.9 342.4 127 383.9 342.4 127 384.9 341.4 127 385.9 341.4 127 386.8 342.4 127 387.8 342.4 127 388.8 343.4 127 389.7 343.4 127 390.7 344.4 127 392.6 344.4 127 393.6 344.4 127 395.6 344.4 127 397.5 344.4 127 398.5 343.4 127 400.4 343.4 127 402.3 342.4 127 403.3 341.4 127 404.3 340.5 127 404.3 338.5 127 405.3 337.6 127 404.3 336.6 127 403.3 335.6 127 402.3 335.6 127 401.4 336.6 127 400.4 336.6 127 399.4 337.6 127 398.5 338.5 127 397.5 339.5 127 397.5 340.5 127 397.5 341.4 127 397.5 342.4 127 398.5 343.4 127 399.4 343.4 127 400.4 343.4 127 400.4 342.4 127 401.4 342.4 127 402.3 342.4 127 402.3 341.4 127 403.3 341.4 127 404.3 341.4 127 405.3 342.4 127 406.2 342.4 127 407.2 343.4 127 409.1 343.4 127 410.1 342.4 127 411.1 342.4 127 412 341.4 127 413 340.5 127 414 339.5 127 415 337.6 127 415 335.6 127 415.9 333.7 127 415.9 331.7 127 416.9 328.8 127 416.9 326.9 127 416.9 325 127 416.9 323 127 416.9 322 127 416.9 324 127 416.9 325 127 416.9 326.9 127 416.9 328.8 127 416.9 331.7 127 416.9 333.7 127 416.9 335.6 127 416.9 337.6 127 416.9 339.5 127 417.9 340.5 127 416.9 340.5 127 417.9 341.4 127 416.9 341.4 127</points><color>0 0 255 255</color><thickness>3</thickness><highlight>False</highlight><author>wmck</author><target>presentationSpace</target><privacy>public</privacy><slide>1242413</slide></ink></message><message xml:lang='en' to='1242413@conference.deified.adm.monash.edu.au' from='wmck@deified.adm.monash.edu.au' type='groupchat' time='1282189026340'><ink xmlns='monash:metl'><checksum>18192.6</checksum><points>410.1 337.6 127 410.1 335.6 127 426.6 334.7 127 427.6 336.6 127 427.6 339.5 127 427.6 340.5 127 427.6 341.4 127 427.6 340.5 127 426.6 339.5 127 426.6 338.5 127 426.6 337.6 127 426.6 335.6 127 425.6 333.7 127 425.6 331.7 127 425.6 330.8 127 425.6 328.8 127 425.6 327.9 127 424.7 325.9 127 425.6 325.9 127 424.7 325 127 425.6 325 127 426.6 325.9 127 426.6 326.9 127 426.6 327.9 127</points><color>0 0 255 255</color><thickness>3</thickness><highlight>False</highlight><author>wmck</author><target>presentationSpace</target><privacy>public</privacy><slide>1242413</slide></ink></message><message xml:lang='en' to='1242413@conference.deified.adm.monash.edu.au' from='wmck@deified.adm.monash.edu.au' type='groupchat' time='1282189026857'><ink xmlns='monash:metl'><checksum>21902.5</checksum><points>431.4 340.5 127 436.3 342.4 127 440.2 332.7 127 436.3 333.7 127 434.4 335.6 127 433.4 340.5 127 433.4 341.4 127 435.3 341.4 127 438.2 340.5 127 440.2 338.5 127 442.1 337.6 127 443.1 336.6 127 444.1 335.6 127 445 335.6 127 446 335.6 127 447 335.6 127 447 336.6 127 447.9 337.6 127 447.9 338.5 127 447.9 339.5 127 448.9 339.5 127 449.9 339.5 127 450.8 338.5 127 451.8 338.5 127 452.8 338.5 127 453.8 338.5 127 454.7 338.5 127 455.7 339.5 127</points><color>0 0 255 255</color><thickness>3</thickness><highlight>False</highlight><author>wmck</author><target>presentationSpace</target><privacy>public</privacy><slide>1242413</slide></ink></message><message xml:lang='en' to='1242413@conference.deified.adm.monash.edu.au' from='wmck@deified.adm.monash.edu.au' type='groupchat' time='1282189026970'><ink xmlns='monash:metl'><checksum>798.1</checksum><points>458.6 339.5 127</points><color>0 0 255 255</color><thickness>3</thickness><highlight>False</highlight><author>wmck</author><target>presentationSpace</target><privacy>public</privacy><slide>1242413</slide></ink></message>