<conversation><title>(Nasty powerpoint) chagan at 3/11/2010 2:17:51 PM</title><author>chagan</author><created>3/11/2010 2:17:58 PM</created><lastAccessed>3/11/2010 2:17:51 PM</lastAccessed><tag>unTagged</tag><subject>Deleted</subject><jid>1534400</jid><permissions><studentCanPublish>false</studentCanPublish><studentCanOpenFriends>false</studentCanOpenFriends><usersAreCompulsorilySynced>true</usersAreCompulsorilySynced></permissions><slide><author>chagan</author><id>1534401</id><index>0</index><defaultHeight>540</defaultHeight><defaultWidth>720</defaultWidth><exposed>False</exposed><type>SLIDE</type></slide><slide><author>chagan</author><id>1534402</id><index>1</index><defaultHeight>540</defaultHeight><defaultWidth>720</defaultWidth><exposed>False</exposed><type>SLIDE</type></slide></conversation>