<conversation><title>beards test</title><author>bhughes</author><created>24/11/2010 11:11:17 AM</created><tag></tag><subject>Unrestricted</subject><jid>9000</jid><permissions><studentCanPublish>false</studentCanPublish><studentCanOpenFriends>false</studentCanOpenFriends><usersAreCompulsorilySynced>true</usersAreCompulsorilySynced></permissions><slide><author>bhughes</author><id>9001</id><index>0</index><type>SLIDE</type></slide><slide><author>bhughes</author><id>9002</id><index>1</index><type>SLIDE</type></slide><slide><author>bhughes</author><id>9003</id><index>2</index><type>SLIDE</type></slide><slide><author>bhughes</author><id>9004</id><index>3</index><type>SLIDE</type></slide><slide><author>bhughes</author><id>9005</id><index>4</index><type>SLIDE</type></slide><slide><author>bhughes</author><id>9006</id><index>5</index><type>SLIDE</type></slide><slide><author>bhughes</author><id>9007</id><index>6</index><type>SLIDE</type></slide><slide><author>bhughes</author><id>9008</id><index>7</index><type>SLIDE</type></slide></conversation>