<conversation><title>robitsk7HDD</title><author>rossr</author><created>12/07/2010 10:45:45 AM</created><tag></tag><subject>Unrestricted</subject><jid>66600</jid><permissions><studentCanPublish>false</studentCanPublish><studentCanOpenFriends>false</studentCanOpenFriends><usersAreCompulsorilySynced>true</usersAreCompulsorilySynced></permissions><slide><author>rossr</author><id>66601</id><index>0</index><type>SLIDE</type></slide><slide><author>rossr</author><id>66602</id><index>1</index><type>SLIDE</type></slide><slide><author>rossr</author><id>66603</id><index>2</index><type>SLIDE</type></slide></conversation>