<conversation><title>HSC 1052 lecture 8</title><author>charlesl</author><created>6/09/2010 11:29:32 AM</created><tag></tag><subject>Unrestricted</subject><jid>1310400</jid><permissions><studentCanPublish>false</studentCanPublish><studentCanOpenFriends>false</studentCanOpenFriends><usersAreCompulsorilySynced>true</usersAreCompulsorilySynced></permissions><slide><author>charlesl</author><id>1310401</id><index>0</index><type>SLIDE</type></slide><slide><author>charlesl</author><id>1310402</id><index>1</index><type>SLIDE</type></slide><slide><author>charlesl</author><id>1310403</id><index>2</index><type>SLIDE</type></slide><slide><author>charlesl</author><id>1310404</id><index>3</index><type>SLIDE</type></slide><slide><author>charlesl</author><id>1310405</id><index>4</index><type>SLIDE</type></slide><slide><author>charlesl</author><id>1310406</id><index>5</index><type>SLIDE</type></slide><slide><author>charlesl</author><id>1310407</id><index>6</index><type>SLIDE</type></slide><slide><author>charlesl</author><id>1310408</id><index>7</index><type>SLIDE</type></slide><slide><author>charlesl</author><id>1310409</id><index>8</index><type>SLIDE</type></slide><slide><author>charlesl</author><id>1310410</id><index>9</index><type>SLIDE</type></slide><slide><author>charlesl</author><id>1310411</id><index>10</index><type>SLIDE</type></slide><slide><author>charlesl</author><id>1310412</id><index>11</index><type>SLIDE</type></slide><slide><author>charlesl</author><id>1310413</id><index>12</index><type>SLIDE</type></slide><slide><author>charlesl</author><id>1310414</id><index>13</index><type>SLIDE</type></slide><slide><author>charlesl</author><id>1310415</id><index>14</index><type>SLIDE</type></slide><slide><author>charlesl</author><id>1310416</id><index>15</index><type>SLIDE</type></slide><slide><author>charlesl</author><id>1310417</id><index>16</index><type>SLIDE</type></slide><slide><author>charlesl</author><id>1310418</id><index>17</index><type>SLIDE</type></slide><slide><author>charlesl</author><id>1310419</id><index>18</index><type>SLIDE</type></slide><slide><author>charlesl</author><id>1310420</id><index>19</index><type>SLIDE</type></slide><slide><author>charlesl</author><id>1310421</id><index>20</index><type>SLIDE</type></slide><slide><author>charlesl</author><id>1310422</id><index>21</index><type>SLIDE</type></slide></conversation>