<conversation><title>Mockup2</title><author>chagan</author><created>13/10/2010 5:01:13 PM</created><tag>unTagged</tag><subject>eEducation Centre</subject><jid>1424400</jid><permissions><studentCanPublish>false</studentCanPublish><studentCanOpenFriends>false</studentCanOpenFriends><usersAreCompulsorilySynced>true</usersAreCompulsorilySynced></permissions><slide><author>chagan</author><id>1424401</id><index>0</index><defaultHeight>540</defaultHeight><defaultWidth>720</defaultWidth><exposed>False</exposed><type>SLIDE</type></slide></conversation>