<conversation><title>Information Session SPP_Test Import</title><author>wmck</author><created>19/04/2010 2:11:10 PM</created><tag>test</tag><subject>School of Psychology and Psychiatry</subject><jid>910400</jid><permissions><studentCanPublish>false</studentCanPublish><studentCanOpenFriends>false</studentCanOpenFriends><usersAreCompulsorilySynced>true</usersAreCompulsorilySynced></permissions><slide><author>wmck</author><id>910401</id><index>0</index><type>SLIDE</type></slide><slide><author>wmck</author><id>910402</id><index>1</index><type>SLIDE</type></slide><slide><author>wmck</author><id>910403</id><index>2</index><type>SLIDE</type></slide><slide><author>wmck</author><id>910404</id><index>3</index><type>SLIDE</type></slide><slide><author>wmck</author><id>910405</id><index>4</index><type>SLIDE</type></slide><slide><author>wmck</author><id>910406</id><index>5</index><type>SLIDE</type></slide><slide><author>wmck</author><id>910407</id><index>6</index><type>SLIDE</type></slide><slide><author>wmck</author><id>910408</id><index>7</index><type>SLIDE</type></slide><slide><author>wmck</author><id>910409</id><index>8</index><type>SLIDE</type></slide><slide><author>wmck</author><id>910410</id><index>9</index><type>SLIDE</type></slide><slide><author>wmck</author><id>910411</id><index>10</index><type>SLIDE</type></slide><slide><author>wmck</author><id>910412</id><index>11</index><type>SLIDE</type></slide><slide><author>wmck</author><id>910413</id><index>12</index><type>SLIDE</type></slide><slide><author>wmck</author><id>910414</id><index>13</index><type>SLIDE</type></slide><slide><author>wmck</author><id>910415</id><index>14</index><type>SLIDE</type></slide><slide><author>wmck</author><id>910416</id><index>15</index><type>SLIDE</type></slide><slide><author>wmck</author><id>910417</id><index>16</index><type>SLIDE</type></slide><slide><author>wmck</author><id>910418</id><index>17</index><type>SLIDE</type></slide><slide><author>wmck</author><id>910419</id><index>18</index><type>SLIDE</type></slide><slide><author>wmck</author><id>910420</id><index>19</index><type>SLIDE</type></slide></conversation>