<logCollection date='{2010,9,10}'><message xml:lang='en' to='1042400@conference.deified.adm.monash.edu.au' from='richardr@deified.adm.monash.edu.au' type='groupchat' time='1284082179145'><body>/SYNC_MOVE 1042402</body></message><message xml:lang='en' to='1042400@conference.deified.adm.monash.edu.au' from='richardr@deified.adm.monash.edu.au' type='groupchat' time='1284082189126'><body>/SYNC_MOVE 1042404</body></message><message xml:lang='en' to='1042400@conference.deified.adm.monash.edu.au' from='richardr@deified.adm.monash.edu.au' type='groupchat' time='1284082193727'><body>/SYNC_MOVE 1042405</body></message><message xml:lang='en' to='1042400@conference.deified.adm.monash.edu.au' from='richardr@deified.adm.monash.edu.au' type='groupchat' time='1284082200902'><body>/SYNC_MOVE 1042404</body></message><message xml:lang='en' to='1042400@conference.deified.adm.monash.edu.au' from='richardr@deified.adm.monash.edu.au' type='groupchat' time='1284082201154'><body>/SYNC_MOVE 1042402</body></message><message xml:lang='en' to='1042400@conference.deified.adm.monash.edu.au' from='richardr@deified.adm.monash.edu.au' type='groupchat' time='1284082214520'><body>/SYNC_MOVE 1042404</body></message><message xml:lang='en' to='1042400@conference.deified.adm.monash.edu.au' from='richardr@deified.adm.monash.edu.au' type='groupchat' time='1284082227785'><body>/SYNC_MOVE 1042405</body></message><message xml:lang='en' to='1042400@conference.deified.adm.monash.edu.au' from='richardr@deified.adm.monash.edu.au' type='groupchat' time='1284082293183'><textbox xmlns='monash:metl'><height>NaN</height><width>NaN</width><caret>0</caret><x>NaN</x><y>NaN</y><text>10/09/2010 11:39:50 AM richardr:
hello</text><tag>{&quot;author&quot;:&quot;richardr&quot;,&quot;privacy&quot;:&quot;public&quot;,&quot;id&quot;:&quot;richardr:10/09/2010 11:39:50 AM&quot;}</tag><style>Normal</style><family>Segoe UI</family><weight>Normal</weight><size>12</size><decoration>None</decoration><author>richardr</author><identity>richardr:10/09/2010 11:39:50 AM</identity><target>chat</target><privacy>public</privacy><slide>0</slide><color>#FF000000</color></textbox></message><message xml:lang='en' to='1042400@conference.deified.adm.monash.edu.au' from='khalif@deified.adm.monash.edu.au' type='groupchat' time='1284082389014'><textbox xmlns='monash:metl'><height>NaN</height><width>NaN</width><caret>0</caret><x>NaN</x><y>NaN</y><text>10/09/2010 11:40:23 AM khalif:
hello to you too</text><tag>{&quot;author&quot;:&quot;khalif&quot;,&quot;privacy&quot;:&quot;public&quot;,&quot;id&quot;:&quot;khalif:10/09/2010 11:40:23 AM&quot;}</tag><style>Normal</style><family>Segoe UI</family><weight>Normal</weight><size>12</size><decoration>None</decoration><author>khalif</author><identity>khalif:10/09/2010 11:40:23 AM</identity><target>chat</target><privacy>public</privacy><slide>0</slide><color>#FF000000</color></textbox></message><message xml:lang='en' to='1042400@conference.deified.adm.monash.edu.au' from='richardr@deified.adm.monash.edu.au' type='groupchat' time='1284082405807'><textbox xmlns='monash:metl'><height>NaN</height><width>NaN</width><caret>0</caret><x>NaN</x><y>NaN</y><text>10/09/2010 11:41:42 AM richardr:
Medicine is great</text><tag>{&quot;author&quot;:&quot;richardr&quot;,&quot;privacy&quot;:&quot;public&quot;,&quot;id&quot;:&quot;richardr:10/09/2010 11:41:42 AM&quot;}</tag><style>Normal</style><family>Segoe UI</family><weight>Normal</weight><size>12</size><decoration>None</decoration><author>richardr</author><identity>richardr:10/09/2010 11:41:42 AM</identity><target>chat</target><privacy>public</privacy><slide>0</slide><color>#FF000000</color></textbox></message><message xml:lang='en' to='1042400@conference.deified.adm.monash.edu.au' from='khalif@deified.adm.monash.edu.au' type='groupchat' time='1284082411728'><textbox xmlns='monash:metl'><height>NaN</height><width>NaN</width><caret>0</caret><x>NaN</x><y>NaN</y><text>10/09/2010 11:40:45 AM khalif:
it sure it</text><tag>{&quot;author&quot;:&quot;khalif&quot;,&quot;privacy&quot;:&quot;public&quot;,&quot;id&quot;:&quot;khalif:10/09/2010 11:40:45 AM&quot;}</tag><style>Normal</style><family>Segoe UI</family><weight>Normal</weight><size>12</size><decoration>None</decoration><author>khalif</author><identity>khalif:10/09/2010 11:40:45 AM</identity><target>chat</target><privacy>public</privacy><slide>0</slide><color>#FF000000</color></textbox></message><message xml:lang='en' to='1042400@conference.deified.adm.monash.edu.au' from='khalif@deified.adm.monash.edu.au' type='groupchat' time='1284082413598'><textbox xmlns='monash:metl'><height>NaN</height><width>NaN</width><caret>0</caret><x>NaN</x><y>NaN</y><text>10/09/2010 11:40:47 AM khalif:
is!</text><tag>{&quot;author&quot;:&quot;khalif&quot;,&quot;privacy&quot;:&quot;public&quot;,&quot;id&quot;:&quot;khalif:10/09/2010 11:40:47 AM&quot;}</tag><style>Normal</style><family>Segoe UI</family><weight>Normal</weight><size>12</size><decoration>None</decoration><author>khalif</author><identity>khalif:10/09/2010 11:40:47 AM</identity><target>chat</target><privacy>public</privacy><slide>0</slide><color>#FF000000</color></textbox></message><message xml:lang='en' to='1042400@conference.deified.adm.monash.edu.au' from='richardr@deified.adm.monash.edu.au' type='groupchat' time='1284082414509'><textbox xmlns='monash:metl'><height>NaN</height><width>NaN</width><caret>0</caret><x>NaN</x><y>NaN</y><text>10/09/2010 11:41:51 AM richardr:
:)</text><tag>{&quot;author&quot;:&quot;richardr&quot;,&quot;privacy&quot;:&quot;public&quot;,&quot;id&quot;:&quot;richardr:10/09/2010 11:41:51 AM&quot;}</tag><style>Normal</style><family>Segoe UI</family><weight>Normal</weight><size>12</size><decoration>None</decoration><author>richardr</author><identity>richardr:10/09/2010 11:41:51 AM</identity><target>chat</target><privacy>public</privacy><slide>0</slide><color>#FF000000</color></textbox></message>