<conversation><title>ICSS training session now that Nathan's arrived</title><author>hagand</author><created>11/02/2010 1:23:44 PM</created><tag>ICSS S9 today</tag><subject>Office of the Deputy Vice-Chancellor (Education)</subject><jid>536400</jid><permissions><studentCanPublish>false</studentCanPublish><studentCanOpenFriends>false</studentCanOpenFriends><usersAreCompulsorilySynced>true</usersAreCompulsorilySynced></permissions><slide><author>hagand</author><id>536401</id><index>0</index><type>SLIDE</type></slide><slide><author>hagand</author><id>536410</id><index>9</index><type>SLIDE</type></slide><slide><author>hagand</author><id>536408</id><index>7</index><type>SLIDE</type></slide><slide><author>hagand</author><id>536409</id><index>8</index><type>SLIDE</type></slide><slide><author>hagand</author><id>536405</id><index>4</index><type>SLIDE</type></slide><slide><author>hagand</author><id>536406</id><index>5</index><type>SLIDE</type></slide><slide><author>hagand</author><id>536404</id><index>3</index><type>POLL</type></slide><slide><author>hagand</author><id>536402</id><index>1</index><type>SLIDE</type></slide><slide><author>hagand</author><id>536407</id><index>6</index><type>SLIDE</type></slide><slide><author>hagand</author><id>536403</id><index>2</index><type>SLIDE</type></slide></conversation>