<conversation><title>robits2k74</title><author>rossr</author><created>12/07/2010 1:57:47 PM</created><tag></tag><subject>Unrestricted</subject><jid>68600</jid><permissions><studentCanPublish>false</studentCanPublish><studentCanOpenFriends>false</studentCanOpenFriends><usersAreCompulsorilySynced>true</usersAreCompulsorilySynced></permissions><slide><author>rossr</author><id>68601</id><index>0</index><type>SLIDE</type></slide><slide><author>rossr</author><id>68602</id><index>1</index><type>SLIDE</type></slide><slide><author>rossr</author><id>68603</id><index>2</index><type>SLIDE</type></slide></conversation>