<logCollection date='{2010,7,30}'><message xml:lang='en' to='1142405@conference.deified.adm.monash.edu.au' from='krichard@deified.adm.monash.edu.au' type='groupchat' time='1280447439802'><image xmlns='monash:metl'><tag>{&quot;author&quot;:&quot;krichard&quot;,&quot;privacy&quot;:&quot;public&quot;,&quot;id&quot;:&quot;krichard:30/07/2010 9:56:35 AM:0&quot;,&quot;isBackground&quot;:false,&quot;zIndex&quot;:0}</tag><source>/Resource/1142405/background15.jpg</source><width>720</width><height>540</height><x>0</x><y>0</y><author>krichard</author><target>presentationSpace</target><privacy>public</privacy><slide>1142405</slide><identity>krichard:30/07/2010 9:56:35 AM:0</identity></image></message><message xml:lang='en' to='1142405@conference.deified.adm.monash.edu.au' from='krichard@deified.adm.monash.edu.au' type='groupchat' time='1280447439916'><image xmlns='monash:metl'><tag>{&quot;author&quot;:&quot;krichard&quot;,&quot;privacy&quot;:&quot;public&quot;,&quot;id&quot;:&quot;krichard:30/07/2010 9:56:36 AM:1&quot;,&quot;isBackground&quot;:false,&quot;zIndex&quot;:0}</tag><source>/Resource/1142405/background16.jpg</source><width>648</width><height>90</height><x>36</x><y>21.62504</y><author>krichard</author><target>presentationSpace</target><privacy>public</privacy><slide>1142405</slide><identity>krichard:30/07/2010 9:56:36 AM:1</identity></image></message><message xml:lang='en' to='1142405@conference.deified.adm.monash.edu.au' from='ceben3@deified.adm.monash.edu.au' type='groupchat' time='1280457793420'><textbox xmlns='monash:metl'><height>NaN</height><width>NaN</width><caret>2</caret><x>26.2616822429907</x><y>139.81308411215</y><text>99</text><tag>{&quot;author&quot;:&quot;ceben3&quot;,&quot;privacy&quot;:&quot;public&quot;,&quot;id&quot;:&quot;ceben3:30/07/2010 12:49:06 PM&quot;}</tag><style>Normal</style><family>Arial</family><weight>Normal</weight><size>10</size><decoration>None</decoration><author>ceben3</author><identity>ceben3:30/07/2010 12:49:06 PM</identity><target>presentationSpace</target><privacy>public</privacy><slide>1142405</slide><color>#FF000000</color></textbox></message><message xml:lang='en' to='1142405@conference.deified.adm.monash.edu.au' from='ceben3@deified.adm.monash.edu.au' type='groupchat' time='1280457795192'><textbox xmlns='monash:metl'><height>NaN</height><width>NaN</width><caret>0</caret><x>26.2616822429907</x><y>139.81308411215</y><text/><tag>{&quot;author&quot;:&quot;ceben3&quot;,&quot;privacy&quot;:&quot;public&quot;,&quot;id&quot;:&quot;ceben3:30/07/2010 12:49:06 PM&quot;}</tag><style>Normal</style><family>Arial</family><weight>Normal</weight><size>10</size><decoration>None</decoration><author>ceben3</author><identity>ceben3:30/07/2010 12:49:06 PM</identity><target>presentationSpace</target><privacy>public</privacy><slide>1142405</slide><color>#FF000000</color></textbox></message>