<conversation><title>IT Managers Forum</title><author>hagand</author><created>21/04/2010 3:06:58 PM</created><tag></tag><subject>eEducation Centre</subject><jid>924400</jid><permissions><studentCanPublish>true</studentCanPublish><studentCanOpenFriends>true</studentCanOpenFriends><usersAreCompulsorilySynced>false</usersAreCompulsorilySynced></permissions><slide><author>hagand</author><id>924401</id><index>0</index><type>SLIDE</type></slide><slide><author>hagand</author><id>924402</id><index>1</index><type>SLIDE</type></slide><slide><author>hagand</author><id>924403</id><index>2</index><type>SLIDE</type></slide><slide><author>hagand</author><id>924404</id><index>3</index><type>SLIDE</type></slide><slide><author>hagand</author><id>924405</id><index>4</index><type>SLIDE</type></slide></conversation>