<conversation><title>a day at home</title><author>mtngu22</author><created>13/03/2010 1:37:17 PM</created><tag></tag><subject>mtngu22</subject><jid>715400</jid><permissions><studentCanPublish>false</studentCanPublish><studentCanOpenFriends>false</studentCanOpenFriends><usersAreCompulsorilySynced>true</usersAreCompulsorilySynced></permissions><slide><author>mtngu22</author><id>715401</id><index>0</index><type>SLIDE</type></slide><slide><author>mtngu22</author><id>715404</id><index>3</index><type>SLIDE</type></slide><slide><author>mtngu22</author><id>715409</id><index>8</index><type>POLL</type></slide><slide><author>mtngu22</author><id>715405</id><index>4</index><type>SLIDE</type></slide><slide><author>mtngu22</author><id>715407</id><index>6</index><type>SLIDE</type></slide><slide><author>mtngu22</author><id>715408</id><index>7</index><type>SLIDE</type></slide><slide><author>mtngu22</author><id>715406</id><index>5</index><type>SLIDE</type></slide><slide><author>mtngu22</author><id>715403</id><index>2</index><type>SLIDE</type></slide><slide><author>mtngu22</author><id>715402</id><index>1</index><type>SLIDE</type></slide></conversation>