<conversation><title>ojoijiomomiompiom</title><author>micphill</author><created>19/08/2010 10:56:36 AM</created><tag></tag><subject>micphill</subject><jid>1238400</jid><permissions><studentCanPublish>false</studentCanPublish><studentCanOpenFriends>false</studentCanOpenFriends><usersAreCompulsorilySynced>true</usersAreCompulsorilySynced></permissions><slide><author>micphill</author><id>1238401</id><index>0</index><type>SLIDE</type></slide><slide><author>micphill</author><id>1238402</id><index>1</index><type>SLIDE</type></slide></conversation>