<conversation><title>make this date correct!</title><author>bhughes</author><created>18/08/2010 11:47:13 AM</created><tag>unTagged</tag><subject>Unrestricted</subject><jid>1237400</jid><permissions><studentCanPublish>false</studentCanPublish><studentCanOpenFriends>false</studentCanOpenFriends><usersAreCompulsorilySynced>true</usersAreCompulsorilySynced></permissions><slide><author>bhughes</author><id>1237401</id><index>0</index><defaultHeight>540</defaultHeight><defaultWidth>720</defaultWidth><exposed>False</exposed><type>SLIDE</type></slide></conversation>