<conversation><title>SCI2010-rovers-abstract2</title><author>allief</author><created>17/11/2010 3:59:44 PM</created><tag>Workshop2</tag><subject>SCI2010</subject><jid>1614400</jid><permissions><studentCanPublish>true</studentCanPublish><studentCanOpenFriends>true</studentCanOpenFriends><usersAreCompulsorilySynced>false</usersAreCompulsorilySynced></permissions><slide><author>allief</author><id>1614401</id><index>0</index><type>SLIDE</type></slide><slide><author>allief</author><id>1614402</id><index>1</index><type>SLIDE</type></slide></conversation>