<conversation><title>gchetrial 2</title><author>wmck</author><created>27/04/2010 9:53:29 PM</created><tag></tag><subject>wmck</subject><jid>937400</jid><permissions><studentCanPublish>false</studentCanPublish><studentCanOpenFriends>false</studentCanOpenFriends><usersAreCompulsorilySynced>true</usersAreCompulsorilySynced></permissions><slide><author>wmck</author><id>937401</id><index>0</index><type>SLIDE</type></slide><slide><author>wmck</author><id>937402</id><index>1</index><type>SLIDE</type></slide><slide><author>wmck</author><id>937403</id><index>2</index><type>SLIDE</type></slide><slide><author>wmck</author><id>937404</id><index>3</index><type>SLIDE</type></slide><slide><author>wmck</author><id>937405</id><index>4</index><type>SLIDE</type></slide><slide><author>wmck</author><id>937406</id><index>5</index><type>SLIDE</type></slide><slide><author>wmck</author><id>937407</id><index>6</index><type>SLIDE</type></slide><slide><author>wmck</author><id>937408</id><index>7</index><type>SLIDE</type></slide><slide><author>wmck</author><id>937409</id><index>8</index><type>SLIDE</type></slide><slide><author>wmck</author><id>937410</id><index>9</index><type>SLIDE</type></slide><slide><author>wmck</author><id>937411</id><index>10</index><type>SLIDE</type></slide><slide><author>wmck</author><id>937412</id><index>11</index><type>SLIDE</type></slide><slide><author>wmck</author><id>937413</id><index>12</index><type>SLIDE</type></slide><slide><author>wmck</author><id>937414</id><index>13</index><type>SLIDE</type></slide><slide><author>wmck</author><id>937415</id><index>14</index><type>SLIDE</type></slide><slide><author>wmck</author><id>937416</id><index>15</index><type>SLIDE</type></slide><slide><author>wmck</author><id>937417</id><index>16</index><type>SLIDE</type></slide><slide><author>wmck</author><id>937418</id><index>17</index><type>SLIDE</type></slide><slide><author>wmck</author><id>937419</id><index>18</index><type>SLIDE</type></slide><slide><author>wmck</author><id>937420</id><index>19</index><type>SLIDE</type></slide><slide><author>wmck</author><id>937421</id><index>20</index><type>SLIDE</type></slide><slide><author>wmck</author><id>937422</id><index>21</index><type>SLIDE</type></slide><slide><author>wmck</author><id>937423</id><index>22</index><type>SLIDE</type></slide><slide><author>wmck</author><id>937424</id><index>23</index><type>SLIDE</type></slide><slide><author>wmck</author><id>937425</id><index>24</index><type>SLIDE</type></slide><slide><author>wmck</author><id>937426</id><index>25</index><type>SLIDE</type></slide><slide><author>wmck</author><id>937427</id><index>26</index><type>SLIDE</type></slide><slide><author>wmck</author><id>937428</id><index>27</index><type>SLIDE</type></slide><slide><author>wmck</author><id>937429</id><index>28</index><type>SLIDE</type></slide><slide><author>wmck</author><id>937430</id><index>29</index><type>SLIDE</type></slide><slide><author>wmck</author><id>937431</id><index>30</index><type>SLIDE</type></slide><slide><author>wmck</author><id>937432</id><index>31</index><type>SLIDE</type></slide><slide><author>wmck</author><id>937433</id><index>32</index><type>SLIDE</type></slide><slide><author>wmck</author><id>937434</id><index>33</index><type>SLIDE</type></slide><slide><author>wmck</author><id>937435</id><index>34</index><type>SLIDE</type></slide></conversation>