<conversation><title>dmeva1</title><author>dmeva1</author><created>25/03/2010 2:46:31 PM</created><tag></tag><subject>Unrestricted</subject><jid>810400</jid><permissions><studentCanPublish>false</studentCanPublish><studentCanOpenFriends>false</studentCanOpenFriends><usersAreCompulsorilySynced>true</usersAreCompulsorilySynced></permissions><slide><author>dmeva1</author><id>810401</id><index>0</index><type>SLIDE</type></slide><slide><author>dmeva1</author><id>810402</id><index>1</index><type>SLIDE</type></slide><slide><author>dmeva1</author><id>810403</id><index>2</index><type>SLIDE</type></slide><slide><author>dmeva1</author><id>810404</id><index>3</index><type>SLIDE</type></slide><slide><author>dmeva1</author><id>810405</id><index>4</index><type>SLIDE</type></slide><slide><author>dmeva1</author><id>810406</id><index>5</index><type>SLIDE</type></slide><slide><author>dmeva1</author><id>810407</id><index>6</index><type>SLIDE</type></slide><slide><author>dmeva1</author><id>810408</id><index>7</index><type>SLIDE</type></slide><slide><author>dmeva1</author><id>810409</id><index>8</index><type>SLIDE</type></slide><slide><author>dmeva1</author><id>810410</id><index>9</index><type>SLIDE</type></slide></conversation>