<conversation><title>trial image import</title><author>wmck</author><created>19/04/2010 2:18:29 PM</created><tag>no tag</tag><subject>wmck</subject><jid>911400</jid><permissions><studentCanPublish>false</studentCanPublish><studentCanOpenFriends>false</studentCanOpenFriends><usersAreCompulsorilySynced>true</usersAreCompulsorilySynced></permissions><slide><author>wmck</author><id>911401</id><index>0</index><type>SLIDE</type></slide><slide><author>wmck</author><id>911402</id><index>1</index><type>SLIDE</type></slide><slide><author>wmck</author><id>911403</id><index>2</index><type>SLIDE</type></slide><slide><author>wmck</author><id>911404</id><index>3</index><type>SLIDE</type></slide><slide><author>wmck</author><id>911405</id><index>4</index><type>SLIDE</type></slide><slide><author>wmck</author><id>911406</id><index>5</index><type>SLIDE</type></slide><slide><author>wmck</author><id>911407</id><index>6</index><type>SLIDE</type></slide><slide><author>wmck</author><id>911408</id><index>7</index><type>SLIDE</type></slide><slide><author>wmck</author><id>911409</id><index>8</index><type>SLIDE</type></slide><slide><author>wmck</author><id>911410</id><index>9</index><type>SLIDE</type></slide><slide><author>wmck</author><id>911411</id><index>10</index><type>SLIDE</type></slide><slide><author>wmck</author><id>911412</id><index>11</index><type>SLIDE</type></slide><slide><author>wmck</author><id>911413</id><index>12</index><type>SLIDE</type></slide><slide><author>wmck</author><id>911414</id><index>13</index><type>SLIDE</type></slide><slide><author>wmck</author><id>911415</id><index>14</index><type>SLIDE</type></slide><slide><author>wmck</author><id>911416</id><index>15</index><type>SLIDE</type></slide><slide><author>wmck</author><id>911417</id><index>16</index><type>SLIDE</type></slide><slide><author>wmck</author><id>911418</id><index>17</index><type>SLIDE</type></slide><slide><author>wmck</author><id>911419</id><index>18</index><type>SLIDE</type></slide></conversation>