<conversation><title>Getting Prepared 2010 - Caufield HSC1061, HSC1081</title><author>micphill</author><created>23/02/2010 12:10:20 PM</created><tag>HSC1061 HSC1081 MyLearningSpace 2010</tag><subject>micphill</subject><jid>611400</jid><permissions><studentCanPublish>false</studentCanPublish><studentCanOpenFriends>false</studentCanOpenFriends><usersAreCompulsorilySynced>true</usersAreCompulsorilySynced></permissions><slide><author>micphill</author><id>611401</id><index>0</index><type>SLIDE</type></slide><slide><author>micphill</author><id>611402</id><index>1</index><type>SLIDE</type></slide><slide><author>micphill</author><id>611403</id><index>2</index><type>SLIDE</type></slide><slide><author>micphill</author><id>611404</id><index>3</index><type>SLIDE</type></slide><slide><author>micphill</author><id>611405</id><index>4</index><type>SLIDE</type></slide><slide><author>micphill</author><id>611406</id><index>5</index><type>SLIDE</type></slide><slide><author>micphill</author><id>611407</id><index>6</index><type>SLIDE</type></slide><slide><author>micphill</author><id>611408</id><index>7</index><type>SLIDE</type></slide><slide><author>micphill</author><id>611409</id><index>8</index><type>SLIDE</type></slide><slide><author>micphill</author><id>611410</id><index>9</index><type>SLIDE</type></slide><slide><author>micphill</author><id>611411</id><index>10</index><type>SLIDE</type></slide><slide><author>micphill</author><id>611412</id><index>11</index><type>SLIDE</type></slide><slide><author>micphill</author><id>611413</id><index>12</index><type>SLIDE</type></slide><slide><author>micphill</author><id>611414</id><index>13</index><type>SLIDE</type></slide><slide><author>micphill</author><id>611415</id><index>14</index><type>SLIDE</type></slide></conversation>