<conversation><title>HSC 1052 </title><author>charlesl</author><created>18/08/2010 10:23:07 AM</created><tag></tag><subject>Unrestricted</subject><jid>1227400</jid><permissions><studentCanPublish>true</studentCanPublish><studentCanOpenFriends>true</studentCanOpenFriends><usersAreCompulsorilySynced>false</usersAreCompulsorilySynced></permissions><slide><author>charlesl</author><id>1227401</id><index>0</index><type>SLIDE</type></slide><slide><author>charlesl</author><id>1227402</id><index>1</index><type>SLIDE</type></slide><slide><author>charlesl</author><id>1227403</id><index>2</index><type>SLIDE</type></slide><slide><author>charlesl</author><id>1227404</id><index>3</index><type>SLIDE</type></slide><slide><author>charlesl</author><id>1227405</id><index>4</index><type>SLIDE</type></slide><slide><author>charlesl</author><id>1227406</id><index>5</index><type>SLIDE</type></slide><slide><author>charlesl</author><id>1227407</id><index>6</index><type>SLIDE</type></slide><slide><author>charlesl</author><id>1227408</id><index>7</index><type>SLIDE</type></slide><slide><author>charlesl</author><id>1227412</id><index>8</index><type>SLIDE</type></slide><slide><author>charlesl</author><id>1227409</id><index>9</index><type>SLIDE</type></slide><slide><author>charlesl</author><id>1227410</id><index>10</index><type>SLIDE</type></slide><slide><author>charlesl</author><id>1227411</id><index>11</index><type>SLIDE</type></slide></conversation>