<conversation><title>karen tutorial 2</title><author>krichard</author><created>29/07/2010 10:25:14 AM</created><tag></tag><subject>Unrestricted</subject><jid>1136400</jid><permissions><studentCanPublish>true</studentCanPublish><studentCanOpenFriends>true</studentCanOpenFriends><usersAreCompulsorilySynced>false</usersAreCompulsorilySynced></permissions><slide><author>krichard</author><id>1136401</id><index>0</index><type>SLIDE</type></slide><slide><author>krichard</author><id>1136430</id><index>1</index><type>SLIDE</type></slide><slide><author>krichard</author><id>1136402</id><index>2</index><type>SLIDE</type></slide><slide><author>krichard</author><id>1136403</id><index>3</index><type>SLIDE</type></slide><slide><author>krichard</author><id>1136404</id><index>4</index><type>SLIDE</type></slide><slide><author>krichard</author><id>1136418</id><index>5</index><type>SLIDE</type></slide><slide><author>krichard</author><id>1136419</id><index>6</index><type>SLIDE</type></slide><slide><author>krichard</author><id>1136420</id><index>7</index><type>SLIDE</type></slide><slide><author>krichard</author><id>1136427</id><index>8</index><type>SLIDE</type></slide><slide><author>krichard</author><id>1136421</id><index>9</index><type>SLIDE</type></slide><slide><author>krichard</author><id>1136405</id><index>10</index><type>SLIDE</type></slide><slide><author>krichard</author><id>1136406</id><index>11</index><type>SLIDE</type></slide><slide><author>krichard</author><id>1136407</id><index>12</index><type>SLIDE</type></slide><slide><author>krichard</author><id>1136428</id><index>13</index><type>SLIDE</type></slide><slide><author>krichard</author><id>1136423</id><index>14</index><type>SLIDE</type></slide><slide><author>krichard</author><id>1136424</id><index>15</index><type>SLIDE</type></slide><slide><author>krichard</author><id>1136425</id><index>16</index><type>SLIDE</type></slide><slide><author>krichard</author><id>1136426</id><index>17</index><type>SLIDE</type></slide><slide><author>krichard</author><id>1136422</id><index>18</index><type>SLIDE</type></slide><slide><author>krichard</author><id>1136408</id><index>19</index><type>SLIDE</type></slide><slide><author>krichard</author><id>1136409</id><index>20</index><type>SLIDE</type></slide><slide><author>krichard</author><id>1136410</id><index>21</index><type>SLIDE</type></slide><slide><author>krichard</author><id>1136411</id><index>22</index><type>SLIDE</type></slide><slide><author>krichard</author><id>1136412</id><index>23</index><type>SLIDE</type></slide><slide><author>krichard</author><id>1136413</id><index>24</index><type>SLIDE</type></slide><slide><author>krichard</author><id>1136414</id><index>25</index><type>SLIDE</type></slide><slide><author>krichard</author><id>1136415</id><index>26</index><type>SLIDE</type></slide><slide><author>krichard</author><id>1136416</id><index>27</index><type>SLIDE</type></slide><slide><author>krichard</author><id>1136417</id><index>28</index><type>SLIDE</type></slide><slide><author>krichard</author><id>1136429</id><index>29</index><type>SLIDE</type></slide></conversation>