<conversation><title>BMS1042</title><author>bdiug</author><created>23/06/2010 3:08:47 PM</created><tag></tag><subject>Unrestricted</subject><jid>1022400</jid><permissions><studentCanPublish>true</studentCanPublish><studentCanOpenFriends>true</studentCanOpenFriends><usersAreCompulsorilySynced>false</usersAreCompulsorilySynced></permissions><slide><author>bdiug</author><id>1022401</id><index>0</index><type>SLIDE</type></slide><slide><author>bdiug</author><id>1022402</id><index>1</index><type>POLL</type></slide></conversation>