<conversation><title>pptHighDefTest</title><author>hagand</author><created>8/06/2010 4:32:10 PM</created><tag>unTagged</tag><subject>Unrestricted</subject><jid>42800</jid><permissions><studentCanPublish>false</studentCanPublish><studentCanOpenFriends>false</studentCanOpenFriends><usersAreCompulsorilySynced>true</usersAreCompulsorilySynced></permissions><slide><author>hagand</author><id>42801</id><index>0</index><type>SLIDE</type></slide><slide><author>hagand</author><id>42802</id><index>1</index><type>SLIDE</type></slide><slide><author>hagand</author><id>42803</id><index>2</index><type>SLIDE</type></slide><slide><author>hagand</author><id>42804</id><index>3</index><type>SLIDE</type></slide></conversation>