<conversation><title>Dell discussions</title><author>hagand</author><created>20/05/2010 3:35:24 PM</created><tag>unTagged</tag><subject>Unrestricted</subject><jid>35400</jid><permissions><studentCanPublish>true</studentCanPublish><studentCanOpenFriends>true</studentCanOpenFriends><usersAreCompulsorilySynced>true</usersAreCompulsorilySynced></permissions><slide><author>hagand</author><id>35401</id><index>0</index><type>SLIDE</type></slide><slide><author>hagand</author><id>35402</id><index>1</index><type>SLIDE</type></slide><slide><author>hagand</author><id>35408</id><index>2</index><type>SLIDE</type></slide><slide><author>hagand</author><id>35404</id><index>3</index><type>SLIDE</type></slide><slide><author>hagand</author><id>35405</id><index>4</index><type>SLIDE</type></slide><slide><author>hagand</author><id>35406</id><index>5</index><type>SLIDE</type></slide><slide><author>hagand</author><id>35407</id><index>6</index><type>SLIDE</type></slide><slide><author>hagand</author><id>35403</id><index>7</index><type>SLIDE</type></slide></conversation>