<conversation><title>Test ppoint 1 Feb</title><author>wlord</author><created>2/02/2010 10:09:20 AM</created><tag></tag><subject>Unrestricted</subject><jid>432400</jid><permissions><studentCanPublish>false</studentCanPublish><studentCanOpenFriends>false</studentCanOpenFriends><usersAreCompulsorilySynced>true</usersAreCompulsorilySynced></permissions><slide><author>wlord</author><id>432401</id><index>0</index><type>SLIDE</type></slide><slide><author>wlord</author><id>432402</id><index>1</index><type>SLIDE</type></slide><slide><author>wlord</author><id>432403</id><index>2</index><type>SLIDE</type></slide><slide><author>wlord</author><id>432404</id><index>3</index><type>SLIDE</type></slide></conversation>