<conversation><title>Monash MeTL @ ATiEC Changing dynamics in your class</title><author>micphill</author><created>8/12/2010 3:43:09 PM</created><tag></tag><subject>Unrestricted</subject><jid>1636400</jid><permissions><studentCanPublish>true</studentCanPublish><studentCanOpenFriends>true</studentCanOpenFriends><usersAreCompulsorilySynced>false</usersAreCompulsorilySynced></permissions><slide><author>micphill</author><id>1636401</id><index>0</index><type>SLIDE</type></slide><slide><author>micphill</author><id>1636407</id><index>1</index><type>SLIDE</type></slide><slide><author>micphill</author><id>1636403</id><index>2</index><type>SLIDE</type></slide><slide><author>micphill</author><id>1636404</id><index>3</index><type>SLIDE</type></slide><slide><author>micphill</author><id>1636405</id><index>4</index><type>SLIDE</type></slide><slide><author>micphill</author><id>1636409</id><index>5</index><type>SLIDE</type></slide><slide><author>micphill</author><id>1636406</id><index>6</index><type>SLIDE</type></slide><slide><author>micphill</author><id>1636408</id><index>7</index><type>SLIDE</type></slide><slide><author>micphill</author><id>1636402</id><index>8</index><type>SLIDE</type></slide><slide><author>micphill</author><id>1636410</id><index>9</index><type>SLIDE</type></slide><slide><author>micphill</author><id>1636411</id><index>10</index><type>SLIDE</type></slide></conversation>