<conversation><title>Test ppt</title><author>gibsonb</author><created>7/07/2010 11:09:19 AM</created><tag></tag><subject>Unrestricted</subject><jid>1033400</jid><permissions><studentCanPublish>false</studentCanPublish><studentCanOpenFriends>false</studentCanOpenFriends><usersAreCompulsorilySynced>true</usersAreCompulsorilySynced></permissions><slide><author>gibsonb</author><id>1033401</id><index>0</index><type>SLIDE</type></slide><slide><author>gibsonb</author><id>1033406</id><index>1</index><type>POLL</type></slide><slide><author>gibsonb</author><id>1033402</id><index>2</index><type>SLIDE</type></slide><slide><author>gibsonb</author><id>1033403</id><index>3</index><type>SLIDE</type></slide><slide><author>gibsonb</author><id>1033404</id><index>4</index><type>SLIDE</type></slide><slide><author>gibsonb</author><id>1033405</id><index>5</index><type>SLIDE</type></slide></conversation>