<logCollection date='{2010,10,15}'><message xml:lang='en' to='1442401@conference.deified.adm.monash.edu.au' from='eypil1@deified.adm.monash.edu.au' type='groupchat' time='1287107877127'><ink xmlns='monash:metl'><checksum>1455.1</checksum><startingSum>1455.1</startingSum><points>191 61 127 114.8 61.9 127 74.8 62.9 127 69 62.9 127 64.3 62.9 127 63.3 62.9 127 59.5 62.9 127 58.6 62.9 127 68.1 191.4 127</points><color>255 255 0 255</color><thickness>23.8095238095238</thickness><highlight>True</highlight><author>eypil1</author><target>presentationSpace</target><privacy>public</privacy><slide>1442401</slide></ink></message><message xml:lang='en' to='1442401@conference.deified.adm.monash.edu.au' from='eypil1@deified.adm.monash.edu.au' type='groupchat' time='1287107887284'><image xmlns='monash:metl'><tag>{&quot;author&quot;:&quot;eypil1&quot;,&quot;privacy&quot;:&quot;public&quot;,&quot;id&quot;:&quot;eypil1:15/10/2010 1:05:56 PM:0&quot;,&quot;isBackground&quot;:false,&quot;zIndex&quot;:-1}</tag><source>/Resource/1442401/soccer.png</source><width>600</width><height>600</height><x>0</x><y>0</y><author>eypil1</author><target>presentationSpace</target><privacy>public</privacy><slide>1442401</slide><identity>eypil1:15/10/2010 1:05:56 PM:0</identity></image></message><message xml:lang='en' to='1442401@conference.deified.adm.monash.edu.au' from='eypil1@deified.adm.monash.edu.au' type='groupchat' time='1287107893333'><dirtyImage xmlns='monash:metl'><author>eypil1</author><slide>1442401</slide><target>presentationSpace</target><privacy>public</privacy><identity>eypil1:15/10/2010 1:05:56 PM:0</identity></dirtyImage></message><message xml:lang='en' to='1442401@conference.deified.adm.monash.edu.au' from='eypil1@deified.adm.monash.edu.au' type='groupchat' time='1287107893510'><image xmlns='monash:metl'><tag>{&quot;author&quot;:&quot;eypil1&quot;,&quot;privacy&quot;:&quot;public&quot;,&quot;id&quot;:&quot;eypil1:15/10/2010 1:05:56 PM:0&quot;,&quot;isBackground&quot;:false,&quot;zIndex&quot;:-1}</tag><source>/Resource/1442401/soccer.png</source><width>240.670194003527</width><height>197.636684303351</height><x>-2.00558495002939</x><y>400.716343327454</y><author>eypil1</author><target>presentationSpace</target><privacy>public</privacy><slide>1442401</slide><identity>eypil1:15/10/2010 1:05:56 PM:0</identity></image></message><message xml:lang='en' to='1442401@conference.deified.adm.monash.edu.au' from='eypil1@deified.adm.monash.edu.au' type='groupchat' time='1287107898105'><dirtyImage xmlns='monash:metl'><author>eypil1</author><slide>1442401</slide><target>presentationSpace</target><privacy>public</privacy><identity>eypil1:15/10/2010 1:05:56 PM:0</identity></dirtyImage></message><message xml:lang='en' to='1442401@conference.deified.adm.monash.edu.au' from='eypil1@deified.adm.monash.edu.au' type='groupchat' time='1287107898213'><image xmlns='monash:metl'><tag>{&quot;author&quot;:&quot;eypil1&quot;,&quot;privacy&quot;:&quot;public&quot;,&quot;id&quot;:&quot;eypil1:15/10/2010 1:05:56 PM:0&quot;,&quot;isBackground&quot;:false,&quot;zIndex&quot;:-1}</tag><source>/Resource/1442401/soccer.png</source><width>240.670194003527</width><height>197.636684303351</height><x>265.519404500102</x><y>124.264286906654</y><author>eypil1</author><target>presentationSpace</target><privacy>public</privacy><slide>1442401</slide><identity>eypil1:15/10/2010 1:05:56 PM:0</identity></image></message><message xml:lang='en' to='1442401@conference.deified.adm.monash.edu.au' from='eypil1@deified.adm.monash.edu.au' type='groupchat' time='1287108186893'><textbox xmlns='monash:metl'><height>NaN</height><width>NaN</width><caret>13</caret><x>564.030888661922</x><y>54.7996631418112</y><text>ssdfsdffdsfds</text><tag>{&quot;author&quot;:&quot;eypil1&quot;,&quot;privacy&quot;:&quot;public&quot;,&quot;id&quot;:&quot;eypil1:15/10/2010 1:10:28 PM&quot;}</tag><style>Normal</style><family>Arial</family><weight>Normal</weight><size>24</size><decoration>None</decoration><author>eypil1</author><identity>eypil1:15/10/2010 1:10:28 PM</identity><target>presentationSpace</target><privacy>public</privacy><slide>1442401</slide><color>#FF000000</color></textbox></message><message xml:lang='en' to='1442401@conference.deified.adm.monash.edu.au' from='eypil1@deified.adm.monash.edu.au' type='groupchat' time='1287108195211'><image xmlns='monash:metl'><tag>{&quot;author&quot;:&quot;eypil1&quot;,&quot;privacy&quot;:&quot;public&quot;,&quot;id&quot;:&quot;eypil1:15/10/2010 1:11:04 PM:0&quot;,&quot;isBackground&quot;:false,&quot;zIndex&quot;:-1}</tag><source>/Resource/1442401/socces.png</source><width>600</width><height>600</height><x>0</x><y>0</y><author>eypil1</author><target>presentationSpace</target><privacy>public</privacy><slide>1442401</slide><identity>eypil1:15/10/2010 1:11:04 PM:0</identity></image></message><message xml:lang='en' to='1442401@conference.deified.adm.monash.edu.au' from='eypil1@deified.adm.monash.edu.au' type='groupchat' time='1287108206927'><dirtyImage xmlns='monash:metl'><author>eypil1</author><slide>1442401</slide><target>presentationSpace</target><privacy>public</privacy><identity>eypil1:15/10/2010 1:11:04 PM:0</identity></dirtyImage></message><message xml:lang='en' to='1442401@conference.deified.adm.monash.edu.au' from='eypil1@deified.adm.monash.edu.au' type='groupchat' time='1287108207325'><image xmlns='monash:metl'><tag>{&quot;author&quot;:&quot;eypil1&quot;,&quot;privacy&quot;:&quot;public&quot;,&quot;id&quot;:&quot;eypil1:15/10/2010 1:11:04 PM:0&quot;,&quot;isBackground&quot;:false,&quot;zIndex&quot;:-1}</tag><source>/Resource/1442401/socces.png</source><width>289.082892416226</width><height>289.082892416226</height><x>-2.40902410346855</x><y>260.776748971193</y><author>eypil1</author><target>presentationSpace</target><privacy>public</privacy><slide>1442401</slide><identity>eypil1:15/10/2010 1:11:04 PM:0</identity></image></message><message xml:lang='en' to='1442401@conference.deified.adm.monash.edu.au' from='eypil1@deified.adm.monash.edu.au' type='groupchat' time='1287108211228'><dirtyImage xmlns='monash:metl'><author>eypil1</author><slide>1442401</slide><target>presentationSpace</target><privacy>public</privacy><identity>eypil1:15/10/2010 1:11:04 PM:0</identity></dirtyImage></message><message xml:lang='en' to='1442401@conference.deified.adm.monash.edu.au' from='eypil1@deified.adm.monash.edu.au' type='groupchat' time='1287108211632'><image xmlns='monash:metl'><tag>{&quot;author&quot;:&quot;eypil1&quot;,&quot;privacy&quot;:&quot;public&quot;,&quot;id&quot;:&quot;eypil1:15/10/2010 1:11:04 PM:0&quot;,&quot;isBackground&quot;:false,&quot;zIndex&quot;:-1}</tag><source>/Resource/1442401/socces.png</source><width>289.082892416226</width><height>289.082892416226</height><x>-8.39643087840228</x><y>174.809393426628</y><author>eypil1</author><target>presentationSpace</target><privacy>public</privacy><slide>1442401</slide><identity>eypil1:15/10/2010 1:11:04 PM:0</identity></image></message><message xml:lang='en' to='1442401@conference.deified.adm.monash.edu.au' from='eypil1@deified.adm.monash.edu.au' type='groupchat' time='1287108215991'><dirtyImage xmlns='monash:metl'><author>eypil1</author><slide>1442401</slide><target>presentationSpace</target><privacy>public</privacy><identity>eypil1:15/10/2010 1:11:04 PM:0</identity></dirtyImage></message>