<conversation><title>robits2k716</title><author>hagand</author><created>12/07/2010 5:56:04 PM</created><tag></tag><subject>Unrestricted</subject><jid>70800</jid><permissions><studentCanPublish>false</studentCanPublish><studentCanOpenFriends>false</studentCanOpenFriends><usersAreCompulsorilySynced>true</usersAreCompulsorilySynced></permissions><slide><author>hagand</author><id>70801</id><index>0</index><type>SLIDE</type></slide><slide><author>hagand</author><id>70802</id><index>1</index><type>SLIDE</type></slide><slide><author>hagand</author><id>70803</id><index>2</index><type>SLIDE</type></slide></conversation>