<conversation><title>karen tutorial one friday</title><author>krichard</author><created>22/07/2010 5:59:38 PM</created><tag></tag><subject>Unrestricted</subject><jid>1114400</jid><permissions><studentCanPublish>false</studentCanPublish><studentCanOpenFriends>false</studentCanOpenFriends><usersAreCompulsorilySynced>true</usersAreCompulsorilySynced></permissions><slide><author>krichard</author><id>1114401</id><index>0</index><type>SLIDE</type></slide><slide><author>krichard</author><id>1114402</id><index>1</index><type>SLIDE</type></slide><slide><author>krichard</author><id>1114403</id><index>2</index><type>SLIDE</type></slide><slide><author>krichard</author><id>1114404</id><index>3</index><type>SLIDE</type></slide><slide><author>krichard</author><id>1114405</id><index>4</index><type>SLIDE</type></slide><slide><author>krichard</author><id>1114406</id><index>5</index><type>SLIDE</type></slide><slide><author>krichard</author><id>1114407</id><index>6</index><type>SLIDE</type></slide><slide><author>krichard</author><id>1114408</id><index>7</index><type>SLIDE</type></slide><slide><author>krichard</author><id>1114430</id><index>8</index><type>SLIDE</type></slide><slide><author>krichard</author><id>1114433</id><index>9</index><type>SLIDE</type></slide><slide><author>krichard</author><id>1114434</id><index>10</index><type>SLIDE</type></slide><slide><author>krichard</author><id>1114435</id><index>11</index><type>SLIDE</type></slide><slide><author>krichard</author><id>1114436</id><index>12</index><type>SLIDE</type></slide><slide><author>krichard</author><id>1114431</id><index>13</index><type>SLIDE</type></slide><slide><author>krichard</author><id>1114409</id><index>14</index><type>SLIDE</type></slide><slide><author>krichard</author><id>1114410</id><index>15</index><type>SLIDE</type></slide><slide><author>krichard</author><id>1114411</id><index>16</index><type>SLIDE</type></slide><slide><author>krichard</author><id>1114412</id><index>17</index><type>SLIDE</type></slide><slide><author>krichard</author><id>1114413</id><index>18</index><type>SLIDE</type></slide><slide><author>krichard</author><id>1114414</id><index>19</index><type>SLIDE</type></slide><slide><author>krichard</author><id>1114415</id><index>20</index><type>SLIDE</type></slide><slide><author>krichard</author><id>1114432</id><index>21</index><type>SLIDE</type></slide><slide><author>krichard</author><id>1114416</id><index>22</index><type>SLIDE</type></slide><slide><author>krichard</author><id>1114437</id><index>23</index><type>SLIDE</type></slide><slide><author>krichard</author><id>1114417</id><index>24</index><type>SLIDE</type></slide><slide><author>krichard</author><id>1114418</id><index>25</index><type>SLIDE</type></slide><slide><author>krichard</author><id>1114419</id><index>26</index><type>SLIDE</type></slide><slide><author>krichard</author><id>1114420</id><index>27</index><type>SLIDE</type></slide><slide><author>krichard</author><id>1114421</id><index>28</index><type>SLIDE</type></slide><slide><author>krichard</author><id>1114422</id><index>29</index><type>SLIDE</type></slide><slide><author>krichard</author><id>1114423</id><index>30</index><type>SLIDE</type></slide><slide><author>krichard</author><id>1114424</id><index>31</index><type>SLIDE</type></slide><slide><author>krichard</author><id>1114425</id><index>32</index><type>SLIDE</type></slide><slide><author>krichard</author><id>1114426</id><index>33</index><type>SLIDE</type></slide><slide><author>krichard</author><id>1114427</id><index>34</index><type>SLIDE</type></slide><slide><author>krichard</author><id>1114428</id><index>35</index><type>SLIDE</type></slide><slide><author>krichard</author><id>1114429</id><index>36</index><type>SLIDE</type></slide></conversation>