<conversation><title>(Sorry Stuart, This is upsidedown) bhughes at 25/11/2010 2:49:25 PM</title><author>bhughes</author><created>25/11/2010 2:49:27 PM</created><lastAccessed>25/11/2010 2:49:25 PM</lastAccessed><tag>unTagged</tag><subject>Unrestricted</subject><jid>151800</jid><permissions><studentCanPublish>false</studentCanPublish><studentCanOpenFriends>false</studentCanOpenFriends><usersAreCompulsorilySynced>true</usersAreCompulsorilySynced></permissions><slide><author>bhughes</author><id>151801</id><index>0</index><defaultHeight>540</defaultHeight><defaultWidth>720</defaultWidth><exposed>False</exposed><type>SLIDE</type></slide><slide><author>bhughes</author><id>151802</id><index>1</index><defaultHeight>540</defaultHeight><defaultWidth>720</defaultWidth><exposed>False</exposed><type>SLIDE</type></slide></conversation>