<conversation><title>speed test</title><author>sajames</author><created>1/07/2010 11:52:43 AM</created><tag>unTagged</tag><subject>Unrestricted</subject><jid>62200</jid><permissions><studentCanPublish>false</studentCanPublish><studentCanOpenFriends>false</studentCanOpenFriends><usersAreCompulsorilySynced>true</usersAreCompulsorilySynced></permissions><slide><author>sajames</author><id>62201</id><index>0</index><exposed>False</exposed><type>SLIDE</type></slide><slide><author>sajames</author><id>62202</id><index>1</index><exposed>False</exposed><type>SLIDE</type></slide><slide><author>sajames</author><id>62203</id><index>2</index><exposed>False</exposed><type>SLIDE</type></slide><slide><author>sajames</author><id>62204</id><index>3</index><exposed>False</exposed><type>SLIDE</type></slide></conversation>