<conversation><title>(working_together_1) chagan at 23/10/2010 3:06:02 PM</title><author>chagan</author><created>23/10/2010 3:06:09 PM</created><lastAccessed>23/10/2010 3:06:06 PM</lastAccessed><tag>unTagged</tag><subject>Deleted</subject><jid>116000</jid><permissions><studentCanPublish>false</studentCanPublish><studentCanOpenFriends>false</studentCanOpenFriends><usersAreCompulsorilySynced>true</usersAreCompulsorilySynced></permissions><slide><author>chagan</author><id>116001</id><index>0</index><defaultHeight>540</defaultHeight><defaultWidth>720</defaultWidth><exposed>False</exposed><type>SLIDE</type></slide></conversation>