<conversation><title>eEd video vision</title><author>hagand</author><created>20/05/2010 8:44:53 AM</created><tag>unTagged</tag><subject>Unrestricted</subject><jid>34800</jid><permissions><studentCanPublish>true</studentCanPublish><studentCanOpenFriends>true</studentCanOpenFriends><usersAreCompulsorilySynced>true</usersAreCompulsorilySynced></permissions><slide><author>hagand</author><id>34801</id><index>0</index><type>SLIDE</type></slide><slide><author>hagand</author><id>34802</id><index>1</index><type>SLIDE</type></slide><slide><author>hagand</author><id>34803</id><index>2</index><type>SLIDE</type></slide><slide><author>hagand</author><id>34804</id><index>3</index><type>SLIDE</type></slide></conversation>