<conversation><title>LM2k3slide</title><author>rossr</author><created>15/07/2010 1:50:08 PM</created><tag>unTagged</tag><subject>Unrestricted</subject><jid>80800</jid><permissions><studentCanPublish>false</studentCanPublish><studentCanOpenFriends>false</studentCanOpenFriends><usersAreCompulsorilySynced>true</usersAreCompulsorilySynced></permissions><slide><author>rossr</author><id>80801</id><index>0</index><exposed>False</exposed><type>SLIDE</type></slide><slide><author>rossr</author><id>80802</id><index>1</index><exposed>False</exposed><type>SLIDE</type></slide><slide><author>rossr</author><id>80803</id><index>2</index><exposed>False</exposed><type>SLIDE</type></slide></conversation>