<conversation><title>thougthbubbles and starting sums</title><author>sajames</author><created>24/05/2010 2:31:53 PM</created><tag>unTagged</tag><subject>sajames</subject><jid>39400</jid><permissions><studentCanPublish>true</studentCanPublish><studentCanOpenFriends>true</studentCanOpenFriends><usersAreCompulsorilySynced>true</usersAreCompulsorilySynced></permissions><slide><author>sajames</author><id>39401</id><index>0</index><type>SLIDE</type></slide><slide><author>sajames</author><id>39404</id><index>1</index><type>THOUGHT</type></slide><slide><author>sajames</author><id>39403</id><index>2</index><type>THOUGHT</type></slide><slide><author>sajames</author><id>39402</id><index>3</index><type>THOUGHT</type></slide></conversation>