<logCollection date='{2010,8,19}'><message xml:lang='en' to='1242415@conference.deified.adm.monash.edu.au' from='wmck@deified.adm.monash.edu.au' type='groupchat' time='1282188474079'><image xmlns='monash:metl'><tag>{&quot;author&quot;:&quot;wmck&quot;,&quot;privacy&quot;:&quot;public&quot;,&quot;id&quot;:&quot;wmck:19/08/2010 1:34:28 PM:0&quot;,&quot;isBackground&quot;:false,&quot;zIndex&quot;:0}</tag><source>/Resource/1242415/background66.jpg</source><width>720</width><height>540</height><x>0</x><y>0</y><author>wmck</author><target>presentationSpace</target><privacy>public</privacy><slide>1242415</slide><identity>wmck:19/08/2010 1:34:28 PM:0</identity></image></message><message xml:lang='en' to='1242415@conference.deified.adm.monash.edu.au' from='wmck@deified.adm.monash.edu.au' type='groupchat' time='1282188474398'><image xmlns='monash:metl'><tag>{&quot;author&quot;:&quot;wmck&quot;,&quot;privacy&quot;:&quot;public&quot;,&quot;id&quot;:&quot;wmck:19/08/2010 1:34:30 PM:1&quot;,&quot;isBackground&quot;:false,&quot;zIndex&quot;:0}</tag><source>/Resource/1242415/background67.jpg</source><width>648</width><height>90</height><x>36</x><y>21.62504</y><author>wmck</author><target>presentationSpace</target><privacy>public</privacy><slide>1242415</slide><identity>wmck:19/08/2010 1:34:30 PM:1</identity></image></message><message xml:lang='en' to='1242415@conference.deified.adm.monash.edu.au' from='wmck@deified.adm.monash.edu.au' type='groupchat' time='1282188474925'><image xmlns='monash:metl'><tag>{&quot;author&quot;:&quot;wmck&quot;,&quot;privacy&quot;:&quot;public&quot;,&quot;id&quot;:&quot;wmck:19/08/2010 1:34:30 PM:2&quot;,&quot;isBackground&quot;:false,&quot;zIndex&quot;:0}</tag><source>/Resource/1242415/background68.jpg</source><width>648</width><height>356.375031</height><x>36</x><y>126</y><author>wmck</author><target>presentationSpace</target><privacy>public</privacy><slide>1242415</slide><identity>wmck:19/08/2010 1:34:30 PM:2</identity></image></message><message xml:lang='en' to='1242415@conference.deified.adm.monash.edu.au' from='wmck@deified.adm.monash.edu.au' type='groupchat' time='1282188475033'><image xmlns='monash:metl'><tag>{&quot;author&quot;:&quot;wmck&quot;,&quot;privacy&quot;:&quot;public&quot;,&quot;id&quot;:&quot;wmck:19/08/2010 1:34:30 PM:3&quot;,&quot;isBackground&quot;:false,&quot;zIndex&quot;:0}</tag><source>/Resource/1242415/background69.jpg</source><width>436.124969</width><height>334.5</height><x>87.87504</x><y>128.25</y><author>wmck</author><target>presentationSpace</target><privacy>public</privacy><slide>1242415</slide><identity>wmck:19/08/2010 1:34:30 PM:3</identity></image></message><message xml:lang='en' to='1242415@conference.deified.adm.monash.edu.au' from='wmck@deified.adm.monash.edu.au' type='groupchat' time='1282188475171'><image xmlns='monash:metl'><tag>{&quot;author&quot;:&quot;wmck&quot;,&quot;privacy&quot;:&quot;public&quot;,&quot;id&quot;:&quot;wmck:19/08/2010 1:34:31 PM:4&quot;,&quot;isBackground&quot;:false,&quot;zIndex&quot;:0}</tag><source>/Resource/1242415/background70.jpg</source><width>357.125031</width><height>31.25</height><x>167.25</x><y>479.75</y><author>wmck</author><target>presentationSpace</target><privacy>public</privacy><slide>1242415</slide><identity>wmck:19/08/2010 1:34:31 PM:4</identity></image></message><message xml:lang='en' to='1242415@conference.deified.adm.monash.edu.au' from='wmck@deified.adm.monash.edu.au' type='groupchat' time='1282189076783'><ink xmlns='monash:metl'><checksum>8189.3</checksum><points>436.3 174.6 127 435.3 172.7 127 453.8 170.7 127 456.7 169.8 127 462.5 168.8 127 464.4 168.8 127 466.4 168.8 127 467.3 168.8 127 468.3 168.8 127 469.3 168.8 127 468.3 168.8 127 467.3 168.8 127 466.4 168.8 127</points><color>0 0 255 255</color><thickness>3</thickness><highlight>False</highlight><author>wmck</author><target>presentationSpace</target><privacy>public</privacy><slide>1242415</slide></ink></message><message xml:lang='en' to='1242415@conference.deified.adm.monash.edu.au' from='wmck@deified.adm.monash.edu.au' type='groupchat' time='1282189077090'><ink xmlns='monash:metl'><checksum>7078.8</checksum><points>462.5 164.9 127 464.4 163 127 475.1 166.8 127 476.1 167.8 127 475.1 170.7 127 475.1 172.7 127 474.1 173.6 127 473.2 175.6 127 472.2 176.5 127 471.2 178.5 127 470.2 179.5 127</points><color>0 0 255 255</color><thickness>3</thickness><highlight>False</highlight><author>wmck</author><target>presentationSpace</target><privacy>public</privacy><slide>1242415</slide></ink></message><message xml:lang='en' to='1242415@conference.deified.adm.monash.edu.au' from='wmck@deified.adm.monash.edu.au' type='groupchat' time='1282189078214'><ink xmlns='monash:metl'><checksum>38544.8</checksum><points>502.3 162 127 501.3 160.1 127 500.3 167.8 127 499.3 171.7 127 499.3 172.7 127 499.3 173.6 127 499.3 174.6 127 499.3 173.6 127 499.3 172.7 127 499.3 171.7 127 500.3 169.8 127 500.3 168.8 127 501.3 166.8 127 502.3 164.9 127 503.2 163 127 504.2 162 127 505.2 161 127 506.1 161 127 506.1 162 127 506.1 163 127 506.1 164.9 127 506.1 165.9 127 506.1 166.8 127 506.1 167.8 127 507.1 168.8 127 507.1 169.8 127 508.1 169.8 127 508.1 168.8 127 509 168.8 127 510 167.8 127 510 166.8 127 511 165.9 127 512 164.9 127 512 165.9 127 512.9 166.8 127 513.9 167.8 127 514.9 167.8 127 516.8 168.8 127 518.7 168.8 127 519.7 168.8 127 521.7 167.8 127 522.6 166.8 127 523.6 165.9 127 524.6 164.9 127 524.6 163 127 523.6 162 127 522.6 161 127 521.7 161 127 519.7 160.1 127 518.7 160.1 127 516.8 161 127 515.8 161 127 513.9 162 127 513.9 163 127 512.9 163.9 127 514.9 164.9 127 515.8 164.9 127</points><color>0 0 255 255</color><thickness>3</thickness><highlight>False</highlight><author>wmck</author><target>presentationSpace</target><privacy>public</privacy><slide>1242415</slide></ink></message><message xml:lang='en' to='1242415@conference.deified.adm.monash.edu.au' from='wmck@deified.adm.monash.edu.au' type='groupchat' time='1282189078449'><ink xmlns='monash:metl'><checksum>1360.5</checksum><points>527.5 153.3 127 528.4 151.3 127</points><color>0 0 255 255</color><thickness>3</thickness><highlight>False</highlight><author>wmck</author><target>presentationSpace</target><privacy>public</privacy><slide>1242415</slide></ink></message><message xml:lang='en' to='1242415@conference.deified.adm.monash.edu.au' from='wmck@deified.adm.monash.edu.au' type='groupchat' time='1282189078798'><ink xmlns='monash:metl'><checksum>14757.3</checksum><points>528.4 158.1 127 529.4 160.1 127 548.8 152.3 127 546.9 151.3 127 545.9 152.3 127 544.9 152.3 127 543 153.3 127 542 154.2 127 541.1 156.2 127 541.1 157.1 127 541.1 159.1 127 541.1 160.1 127 542 161 127 543 162 127 544.9 162 127 546.9 162 127 549.8 162 127 551.7 162 127 553.7 162 127 554.6 161 127 555.6 161 127</points><color>0 0 255 255</color><thickness>3</thickness><highlight>False</highlight><author>wmck</author><target>presentationSpace</target><privacy>public</privacy><slide>1242415</slide></ink></message><message xml:lang='en' to='1242415@conference.deified.adm.monash.edu.au' from='wmck@deified.adm.monash.edu.au' type='groupchat' time='1282189080634'><ink xmlns='monash:metl'><checksum>129494.1</checksum><points>465.4 211.5 127 468.3 222.1 127 468.3 219.2 127 469.3 214.4 127 469.3 211.5 127 471.2 209.5 127 472.2 206.6 127 474.1 204.7 127 475.1 203.7 127 477 201.8 127 478 201.8 127 479 201.8 127 479.9 201.8 127 480.9 202.7 127 480.9 203.7 127 480.9 205.6 127 480.9 206.6 127 479.9 208.6 127 479.9 209.5 127 479.9 211.5 127 479 212.4 127 479 214.4 127 479 215.3 127 479 216.3 127 479 217.3 127 479.9 218.3 127 480.9 218.3 127 481.9 218.3 127 482.9 218.3 127 483.8 217.3 127 485.8 216.3 127 486.7 214.4 127 487.7 212.4 127 488.7 211.5 127 488.7 209.5 127 488.7 207.6 127 488.7 206.6 127 488.7 205.6 127 487.7 204.7 127 486.7 204.7 127 485.8 205.6 127 484.8 207.6 127 483.8 209.5 127 483.8 211.5 127 482.9 213.4 127 482.9 216.3 127 483.8 217.3 127 483.8 219.2 127 485.8 220.2 127 487.7 221.2 127 489.6 221.2 127 491.6 221.2 127 493.5 220.2 127 495.5 219.2 127 497.4 217.3 127 499.3 216.3 127 500.3 213.4 127 501.3 212.4 127 502.3 210.5 127 503.2 208.6 127 503.2 206.6 127 503.2 205.6 127 503.2 204.7 127 503.2 203.7 127 502.3 204.7 127 502.3 205.6 127 501.3 206.6 127 501.3 207.6 127 501.3 208.6 127 501.3 210.5 127 501.3 211.5 127 501.3 212.4 127 502.3 214.4 127 502.3 215.3 127 504.2 216.3 127 505.2 216.3 127 507.1 216.3 127 509 216.3 127 511 215.3 127 512.9 214.4 127 514.9 212.4 127 515.8 210.5 127 517.8 208.6 127 518.7 205.6 127 518.7 203.7 127 518.7 201.8 127 518.7 200.8 127 517.8 199.8 127 516.8 199.8 127 515.8 200.8 127 514.9 201.8 127 513.9 203.7 127 513.9 205.6 127 513.9 207.6 127 513.9 208.6 127 514.9 210.5 127 515.8 212.4 127 516.8 213.4 127 518.7 213.4 127 519.7 213.4 127 521.7 212.4 127 523.6 211.5 127 524.6 210.5 127 526.5 208.6 127 527.5 206.6 127 528.4 204.7 127 530.4 202.7 127 531.4 200.8 127 531.4 199.8 127 532.3 199.8 127 533.3 199.8 127 533.3 201.8 127 533.3 202.7 127 533.3 204.7 127 533.3 205.6 127 533.3 207.6 127 534.3 209.5 127 534.3 210.5 127 535.2 210.5 127 536.2 210.5 127 536.2 209.5 127 537.2 208.6 127 537.2 207.6 127 538.1 206.6 127 539.1 205.6 127 539.1 204.7 127 539.1 203.7 127 540.1 203.7 127 541.1 204.7 127 541.1 205.6 127 542 205.6 127 542 206.6 127 543 207.6 127 544 207.6 127 544.9 207.6 127 546.9 207.6 127 547.8 207.6 127 548.8 207.6 127 549.8 206.6 127 550.8 205.6 127 550.8 204.7 127 551.7 203.7 127 552.7 203.7 127 552.7 202.7 127 553.7 202.7 127 554.6 202.7 127 555.6 202.7 127 556.6 202.7 127 557.5 202.7 127 558.5 202.7 127 559.5 201.8 127 560.5 200.8 127 561.4 199.8 127 562.4 198.9 127 563.4 197.9 127 564.3 196.9 127 564.3 195.9 127 565.3 195 127 565.3 195.9 127 565.3 197.9 127 565.3 199.8 127 565.3 202.7 127 565.3 206.6 127 566.3 209.5 127 566.3 213.4 127 567.2 216.3 127 567.2 220.2 127 567.2 223.1 127 567.2 225 127 566.3 228 127 564.3 228.9 127 562.4 230.9 127 559.5 230.9 127 557.5 231.8 127 553.7 232.8 127 550.8 232.8 127 546.9 232.8 127 544 232.8 127</points><color>0 0 255 255</color><thickness>3</thickness><highlight>False</highlight><author>wmck</author><target>presentationSpace</target><privacy>public</privacy><slide>1242415</slide></ink></message><message xml:lang='en' to='1242415@conference.deified.adm.monash.edu.au' from='wmck@deified.adm.monash.edu.au' type='groupchat' time='1282189082103'><ink xmlns='monash:metl'><checksum>112272.8</checksum><points>498.4 248.3 127 499.3 249.3 127 511 237.7 127 508.1 238.6 127 507.1 241.5 127 507.1 242.5 127 507.1 244.4 127 508.1 245.4 127 510 246.4 127 511 247.4 127 512.9 248.3 127 514.9 247.4 127 516.8 247.4 127 518.7 246.4 127 520.7 244.4 127 521.7 242.5 127 522.6 240.6 127 523.6 238.6 127 523.6 236.7 127 523.6 234.7 127 523.6 233.8 127 523.6 232.8 127 523.6 233.8 127 523.6 235.7 127 524.6 238.6 127 524.6 241.5 127 525.5 245.4 127 526.5 249.3 127 527.5 253.2 127 528.4 258 127 529.4 261.9 127 530.4 266.8 127 530.4 269.7 127 530.4 272.6 127 530.4 275.5 127 529.4 276.5 127 528.4 277.4 127 527.5 277.4 127 526.5 275.5 127 525.5 274.5 127 524.6 271.6 127 523.6 268.7 127 523.6 265.8 127 524.6 261.9 127 524.6 259 127 526.5 255.1 127 527.5 252.2 127 529.4 248.3 127 531.4 245.4 127 533.3 242.5 127 534.3 238.6 127 536.2 236.7 127 537.2 233.8 127 538.1 231.8 127 538.1 230.9 127 538.1 232.8 127 538.1 234.7 127 538.1 236.7 127 538.1 239.6 127 538.1 243.5 127 538.1 246.4 127 539.1 249.3 127 539.1 252.2 127 540.1 255.1 127 541.1 257.1 127 541.1 258 127 542 259 127 542 258 127 541.1 257.1 127 540.1 256.1 127 539.1 254.1 127 539.1 253.2 127 538.1 252.2 127 537.2 250.3 127 536.2 250.3 127 536.2 249.3 127 537.2 249.3 127 538.1 249.3 127 539.1 249.3 127 541.1 249.3 127 543 249.3 127 544.9 249.3 127 547.8 248.3 127 549.8 248.3 127 551.7 246.4 127 552.7 245.4 127 554.6 244.4 127 554.6 243.5 127 555.6 241.5 127 555.6 240.6 127 555.6 239.6 127 554.6 239.6 127 553.7 239.6 127 552.7 240.6 127 551.7 242.5 127 550.8 243.5 127 550.8 245.4 127 550.8 247.4 127 551.7 248.3 127 552.7 249.3 127 553.7 250.3 127 555.6 250.3 127 557.5 250.3 127 558.5 249.3 127 560.5 248.3 127 561.4 247.4 127 562.4 246.4 127 563.4 244.4 127 563.4 243.5 127 564.3 241.5 127 563.4 240.6 127 563.4 239.6 127 563.4 240.6 127 563.4 241.5 127 563.4 242.5 127 564.3 244.4 127 565.3 245.4 127 566.3 246.4 127 567.2 247.4 127 568.2 247.4 127 570.2 248.3 127 571.1 247.4 127 573.1 247.4 127 574 246.4 127 575 244.4 127 576 242.5 127 576 240.6 127 576.9 237.7 127 577.9 233.8 127 577.9 230.9 127 577.9 228 127 577.9 228.9 127 577.9 229.9 127 577.9 231.8 127 577.9 233.8 127 578.9 234.7 127 578.9 236.7 127 579.9 238.6 127 580.8 240.6 127 580.8 241.5 127 581.8 242.5 127 581.8 243.5 127</points><color>0 0 255 255</color><thickness>3</thickness><highlight>False</highlight><author>wmck</author><target>presentationSpace</target><privacy>public</privacy><slide>1242415</slide></ink></message><message xml:lang='en' to='1242415@conference.deified.adm.monash.edu.au' from='wmck@deified.adm.monash.edu.au' type='groupchat' time='1282189082252'><ink xmlns='monash:metl'><checksum>1622.4</checksum><points>572.1 238.6 127 574 237.7 127</points><color>0 0 255 255</color><thickness>3</thickness><highlight>False</highlight><author>wmck</author><target>presentationSpace</target><privacy>public</privacy><slide>1242415</slide></ink></message><message xml:lang='en' to='1242415@conference.deified.adm.monash.edu.au' from='wmck@deified.adm.monash.edu.au' type='groupchat' time='1282189082611'><ink xmlns='monash:metl'><checksum>21075</checksum><points>596.3 227 127 605.1 235.7 127 606 232.8 127 607 230.9 127 608 228.9 127 609 228 127 609.9 227 127 610.9 226 127 612.8 226 127 613.8 227 127 614.8 227 127 615.7 228 127 616.7 228.9 127 617.7 229.9 127 618.7 231.8 127 618.7 232.8 127 618.7 233.8 127 617.7 233.8 127 616.7 234.7 127 614.8 234.7 127 613.8 235.7 127 611.9 234.7 127 609.9 234.7 127 608 233.8 127 606 232.8 127</points><color>0 0 255 255</color><thickness>3</thickness><highlight>False</highlight><author>wmck</author><target>presentationSpace</target><privacy>public</privacy><slide>1242415</slide></ink></message><message xml:lang='en' to='1242415@conference.deified.adm.monash.edu.au' from='wmck@deified.adm.monash.edu.au' type='groupchat' time='1282189082755'><ink xmlns='monash:metl'><checksum>1633</checksum><points>601.2 215.3 127 603.1 213.4 127</points><color>0 0 255 255</color><thickness>3</thickness><highlight>False</highlight><author>wmck</author><target>presentationSpace</target><privacy>public</privacy><slide>1242415</slide></ink></message><message xml:lang='en' to='1242415@conference.deified.adm.monash.edu.au' from='wmck@deified.adm.monash.edu.au' type='groupchat' time='1282189083092'><ink xmlns='monash:metl'><checksum>17823.7</checksum><points>625.4 211.5 127 637.1 225 127 641 224.1 127 642.9 220.2 127 643.9 218.3 127 643.9 216.3 127 643.9 213.4 127 642.9 211.5 127 641.9 209.5 127 640 208.6 127 638.1 207.6 127 636.1 207.6 127 634.2 207.6 127 632.2 208.6 127 630.3 209.5 127 629.3 210.5 127 628.4 212.4 127 627.4 213.4 127 627.4 214.4 127 627.4 215.3 127 628.4 216.3 127</points><color>0 0 255 255</color><thickness>3</thickness><highlight>False</highlight><author>wmck</author><target>presentationSpace</target><privacy>public</privacy><slide>1242415</slide></ink></message><message xml:lang='en' to='1242415@conference.deified.adm.monash.edu.au' from='wmck@deified.adm.monash.edu.au' type='groupchat' time='1282189083354'><ink xmlns='monash:metl'><checksum>5152.5</checksum><points>643.9 191.1 127 647.8 215.3 127 647.8 217.3 127 647.8 216.3 127 647.8 215.3 127 648.7 213.4 127</points><color>0 0 255 255</color><thickness>3</thickness><highlight>False</highlight><author>wmck</author><target>presentationSpace</target><privacy>public</privacy><slide>1242415</slide></ink></message><message xml:lang='en' to='1242415@conference.deified.adm.monash.edu.au' from='wmck@deified.adm.monash.edu.au' type='groupchat' time='1282189083603'><ink xmlns='monash:metl'><checksum>9563.8</checksum><points>653.6 202.7 127 648.7 214.4 127 649.7 214.4 127 652.6 214.4 127 654.6 214.4 127 655.5 215.3 127 657.5 215.3 127 658.4 215.3 127 659.4 215.3 127 660.4 215.3 127 661.3 215.3 127</points><color>0 0 255 255</color><thickness>3</thickness><highlight>False</highlight><author>wmck</author><target>presentationSpace</target><privacy>public</privacy><slide>1242415</slide></ink></message><message xml:lang='en' to='1242415@conference.deified.adm.monash.edu.au' from='wmck@deified.adm.monash.edu.au' type='groupchat' time='1282189083777'><ink xmlns='monash:metl'><checksum>1771.8</checksum><points>670.1 216.3 127 669.1 216.3 127</points><color>0 0 255 255</color><thickness>3</thickness><highlight>False</highlight><author>wmck</author><target>presentationSpace</target><privacy>public</privacy><slide>1242415</slide></ink></message><message xml:lang='en' to='1242415@conference.deified.adm.monash.edu.au' from='wmck@deified.adm.monash.edu.au' type='groupchat' time='1282189084000'><ink xmlns='monash:metl'><checksum>7188.1</checksum><points>631.3 241.5 127 651.6 242.5 127 659.4 240.6 127 662.3 239.6 127 665.2 238.6 127 667.2 237.7 127 668.1 237.7 127 668.1 236.7 127</points><color>0 0 255 255</color><thickness>3</thickness><highlight>False</highlight><author>wmck</author><target>presentationSpace</target><privacy>public</privacy><slide>1242415</slide></ink></message><message xml:lang='en' to='1242415@conference.deified.adm.monash.edu.au' from='wmck@deified.adm.monash.edu.au' type='groupchat' time='1282189085928'><ink xmlns='monash:metl'><checksum>7133.3</checksum><points>224.8 249.3 127 224.8 248.3 127 223.9 270.6 127 222.9 280.3 127 222.9 285.2 127 222.9 289.1 127 221.9 292.9 127 221.9 295.9 127 221.9 297.8 127 221.9 299.7 127 221.9 301.7 127 221 302.6 127 221 303.6 127 220 302.6 127</points><color>0 0 255 255</color><thickness>3</thickness><highlight>False</highlight><author>wmck</author><target>presentationSpace</target><privacy>public</privacy><slide>1242415</slide></ink></message><message xml:lang='en' to='1242415@conference.deified.adm.monash.edu.au' from='wmck@deified.adm.monash.edu.au' type='groupchat' time='1282189086265'><ink xmlns='monash:metl'><checksum>7546.6</checksum><points>211.3 292.9 127 225.8 309.4 127 228.7 309.4 127 229.7 309.4 127 231.6 308.5 127 233.6 307.5 127 234.5 306.5 127 236.5 304.6 127 238.4 303.6 127 240.4 302.6 127 242.3 301.7 127 244.2 300.7 127 245.2 300.7 127 246.2 300.7 127</points><color>0 0 255 255</color><thickness>3</thickness><highlight>False</highlight><author>wmck</author><target>presentationSpace</target><privacy>public</privacy><slide>1242415</slide></ink></message><message xml:lang='en' to='1242415@conference.deified.adm.monash.edu.au' from='wmck@deified.adm.monash.edu.au' type='groupchat' time='1282189087138'><ink xmlns='monash:metl'><checksum>30037.9</checksum><points>257.8 329.8 127 258.8 346.3 127 258.8 343.4 127 259.8 339.5 127 260.7 337.6 127 260.7 336.6 127 261.7 335.6 127 262.7 334.7 127 263.6 334.7 127 263.6 335.6 127 263.6 336.6 127 264.6 337.6 127 264.6 339.5 127 265.6 340.5 127 266.5 341.4 127 267.5 342.4 127 268.5 342.4 127 268.5 343.4 127 269.5 343.4 127 270.4 342.4 127 271.4 342.4 127 272.4 341.4 127 272.4 340.5 127 273.3 340.5 127 274.3 341.4 127 274.3 342.4 127 275.3 343.4 127 276.2 344.4 127 277.2 345.3 127 279.2 345.3 127 281.1 346.3 127 282.1 345.3 127 284 345.3 127 285.9 343.4 127 286.9 342.4 127 287.9 340.5 127 288.9 338.5 127 287.9 337.6 127 287.9 335.6 127 285.9 334.7 127 284 333.7 127 282.1 333.7 127 280.1 334.7 127 278.2 335.6 127 277.2 336.6 127 275.3 338.5 127 274.3 339.5 127 274.3 341.4 127 274.3 342.4 127</points><color>0 0 255 255</color><thickness>3</thickness><highlight>False</highlight><author>wmck</author><target>presentationSpace</target><privacy>public</privacy><slide>1242415</slide></ink></message><message xml:lang='en' to='1242415@conference.deified.adm.monash.edu.au' from='wmck@deified.adm.monash.edu.au' type='groupchat' time='1282189087886'><ink xmlns='monash:metl'><checksum>5374.3</checksum><points>307.3 337.6 127 311.2 358.9 127 311.2 363.8 127 311.2 365.7 127 312.1 366.7 127 312.1 365.7 127 312.1 364.7 127 311.2 362.8 127</points><color>0 0 255 255</color><thickness>3</thickness><highlight>False</highlight><author>wmck</author><target>presentationSpace</target><privacy>public</privacy><slide>1242415</slide></ink></message><message xml:lang='en' to='1242415@conference.deified.adm.monash.edu.au' from='wmck@deified.adm.monash.edu.au' type='groupchat' time='1282189088191'><ink xmlns='monash:metl'><checksum>7908.7</checksum><points>307.3 342.4 127 315 337.6 127 321.8 341.4 127 320.9 342.4 127 318.9 345.3 127 317 345.3 127 316 346.3 127 315 346.3 127 313.1 346.3 127 312.1 345.3 127 312.1 344.4 127 313.1 343.4 127</points><color>0 0 255 255</color><thickness>3</thickness><highlight>False</highlight><author>wmck</author><target>presentationSpace</target><privacy>public</privacy><slide>1242415</slide></ink></message><message xml:lang='en' to='1242415@conference.deified.adm.monash.edu.au' from='wmck@deified.adm.monash.edu.au' type='groupchat' time='1282189088439'><ink xmlns='monash:metl'><checksum>5371.3</checksum><points>321.8 340.5 127 328.6 347.3 127 331.5 340.5 127 333.5 337.6 127 334.4 336.6 127 335.4 336.6 127 336.4 336.6 127 337.4 336.6 127</points><color>0 0 255 255</color><thickness>3</thickness><highlight>False</highlight><author>wmck</author><target>presentationSpace</target><privacy>public</privacy><slide>1242415</slide></ink></message><message xml:lang='en' to='1242415@conference.deified.adm.monash.edu.au' from='wmck@deified.adm.monash.edu.au' type='groupchat' time='1282189088609'><ink xmlns='monash:metl'><checksum>1360.6</checksum><points>340.3 339.5 127 340.3 340.5 127</points><color>0 0 255 255</color><thickness>3</thickness><highlight>False</highlight><author>wmck</author><target>presentationSpace</target><privacy>public</privacy><slide>1242415</slide></ink></message><message xml:lang='en' to='1242415@conference.deified.adm.monash.edu.au' from='wmck@deified.adm.monash.edu.au' type='groupchat' time='1282189088715'><ink xmlns='monash:metl'><checksum>1356.7</checksum><points>343.2 336.6 127 342.2 334.7 127</points><color>0 0 255 255</color><thickness>3</thickness><highlight>False</highlight><author>wmck</author><target>presentationSpace</target><privacy>public</privacy><slide>1242415</slide></ink></message><message xml:lang='en' to='1242415@conference.deified.adm.monash.edu.au' from='wmck@deified.adm.monash.edu.au' type='groupchat' time='1282189089831'><ink xmlns='monash:metl'><checksum>89667.7</checksum><points>343.2 336.6 127 350 341.4 127 350 343.4 127 350 344.4 127 350.9 345.3 127 350.9 346.3 127 350.9 347.3 127 350.9 348.2 127 351.9 347.3 127 351.9 346.3 127 351.9 345.3 127 352.9 344.4 127 352.9 343.4 127 353.8 341.4 127 354.8 340.5 127 354.8 339.5 127 355.8 338.5 127 356.8 338.5 127 357.7 338.5 127 358.7 339.5 127 359.7 340.5 127 359.7 341.4 127 360.6 342.4 127 361.6 344.4 127 361.6 345.3 127 362.6 346.3 127 362.6 347.3 127 363.5 346.3 127 363.5 345.3 127 363.5 344.4 127 364.5 343.4 127 365.5 342.4 127 365.5 341.4 127 366.5 340.5 127 367.4 340.5 127 368.4 340.5 127 369.4 340.5 127 370.3 341.4 127 371.3 341.4 127 372.3 342.4 127 373.2 343.4 127 374.2 344.4 127 376.2 344.4 127 377.1 345.3 127 379.1 345.3 127 381 345.3 127 382.9 346.3 127 383.9 346.3 127 385.9 346.3 127 386.8 346.3 127 387.8 346.3 127 388.8 346.3 127 389.7 345.3 127 390.7 344.4 127 390.7 343.4 127 390.7 342.4 127 390.7 340.5 127 390.7 339.5 127 390.7 338.5 127 389.7 338.5 127 388.8 337.6 127 386.8 337.6 127 385.9 338.5 127 383.9 338.5 127 382.9 340.5 127 382 341.4 127 381 342.4 127 380 344.4 127 380 345.3 127 380 346.3 127 381 347.3 127 382 347.3 127 382.9 347.3 127 384.9 347.3 127 385.9 347.3 127 387.8 346.3 127 388.8 345.3 127 389.7 344.4 127 390.7 343.4 127 390.7 342.4 127 391.7 341.4 127 392.6 341.4 127 392.6 342.4 127 393.6 343.4 127 393.6 344.4 127 394.6 344.4 127 395.6 345.3 127 396.5 345.3 127 397.5 345.3 127 398.5 345.3 127 399.4 345.3 127 399.4 344.4 127 400.4 344.4 127 401.4 344.4 127 402.3 344.4 127 403.3 344.4 127 404.3 345.3 127 405.3 345.3 127 406.2 344.4 127 407.2 344.4 127 408.2 344.4 127 410.1 343.4 127 411.1 342.4 127 412 341.4 127 412 340.5 127 413 339.5 127 414 339.5 127 415 340.5 127 415 341.4 127 415 342.4 127 415 345.3 127 415.9 347.3 127 415.9 351.1 127 415.9 354.1 127 415 357 127 415 359.9 127 414 362.8 127 413 365.7 127 412 367.6 127 411.1 368.6 127 409.1 369.6 127 408.2 369.6 127 407.2 369.6 127</points><color>0 0 255 255</color><thickness>3</thickness><highlight>False</highlight><author>wmck</author><target>presentationSpace</target><privacy>public</privacy><slide>1242415</slide></ink></message><message xml:lang='en' to='1242415@conference.deified.adm.monash.edu.au' from='wmck@deified.adm.monash.edu.au' type='groupchat' time='1282189090549'><ink xmlns='monash:metl'><checksum>39130.7</checksum><points>445 329.8 127 447 332.7 127 448.9 314.3 127 447 312.3 127 446 313.3 127 445 315.3 127 444.1 318.2 127 444.1 321.1 127 444.1 325 127 444.1 329.8 127 445 333.7 127 446 338.5 127 447 342.4 127 447.9 345.3 127 449.9 348.2 127 450.8 351.1 127 451.8 352.1 127 452.8 353.1 127 453.8 354.1 127 454.7 354.1 127 454.7 353.1 127 454.7 352.1 127 454.7 351.1 127 454.7 350.2 127 454.7 349.2 127 454.7 347.3 127 454.7 346.3 127 454.7 345.3 127 455.7 344.4 127 456.7 344.4 127 457.6 344.4 127 458.6 344.4 127 459.6 344.4 127 460.5 345.3 127 461.5 346.3 127 462.5 346.3 127 464.4 347.3 127 465.4 348.2 127 466.4 349.2 127 467.3 350.2 127 468.3 350.2 127 469.3 351.1 127 470.2 351.1 127 470.2 350.2 127 471.2 349.2 127 471.2 347.3 127 471.2 346.3 127 471.2 345.3 127 470.2 344.4 127</points><color>0 0 255 255</color><thickness>3</thickness><highlight>False</highlight><author>wmck</author><target>presentationSpace</target><privacy>public</privacy><slide>1242415</slide></ink></message><message xml:lang='en' to='1242415@conference.deified.adm.monash.edu.au' from='wmck@deified.adm.monash.edu.au' type='groupchat' time='1282189091061'><ink xmlns='monash:metl'><checksum>27204.8</checksum><points>429.5 388 127 430.5 391.9 127 436.3 376.4 127 433.4 378.3 127 432.4 379.3 127 430.5 382.2 127 429.5 384.1 127 429.5 387 127 429.5 389 127 429.5 390.9 127 429.5 392.9 127 430.5 392.9 127 431.4 393.8 127 432.4 392.9 127 433.4 391.9 127 435.3 390.9 127 436.3 389 127 436.3 387 127 437.3 386.1 127 438.2 384.1 127 439.2 383.2 127 439.2 384.1 127 440.2 385.1 127 440.2 387 127 441.1 388 127 441.1 389 127 442.1 389.9 127 443.1 390.9 127 444.1 390.9 127 445 390.9 127 446 390.9 127 447 389.9 127 447.9 389 127</points><color>0 0 255 255</color><thickness>3</thickness><highlight>False</highlight><author>wmck</author><target>presentationSpace</target><privacy>public</privacy><slide>1242415</slide></ink></message><message xml:lang='en' to='1242415@conference.deified.adm.monash.edu.au' from='wmck@deified.adm.monash.edu.au' type='groupchat' time='1282189092172'><ink xmlns='monash:metl'><checksum>98999.3</checksum><points>449.9 384.1 127 452.8 391.9 127 453.8 388 127 455.7 385.1 127 456.7 384.1 127 457.6 382.2 127 458.6 382.2 127 459.6 381.2 127 460.5 382.2 127 461.5 384.1 127 461.5 386.1 127 462.5 388 127 462.5 389 127 462.5 390.9 127 462.5 392.9 127 462.5 393.8 127 463.5 393.8 127 463.5 392.9 127 463.5 391.9 127 464.4 390.9 127 464.4 389.9 127 465.4 388 127 465.4 387 127 466.4 386.1 127 467.3 385.1 127 468.3 385.1 127 469.3 386.1 127 470.2 387 127 471.2 387 127 472.2 388 127 473.2 389 127 474.1 389 127 475.1 389 127 476.1 388 127 477 388 127 478 387 127 479 386.1 127 479.9 384.1 127 480.9 383.2 127 480.9 382.2 127 481.9 381.2 127 481.9 380.2 127 482.9 380.2 127 482.9 381.2 127 482.9 382.2 127 483.8 384.1 127 483.8 386.1 127 483.8 388 127 484.8 389.9 127 484.8 390.9 127 484.8 391.9 127 484.8 392.9 127 485.8 393.8 127 485.8 392.9 127 486.7 391.9 127 486.7 390.9 127 486.7 389.9 127 487.7 389 127 488.7 388 127 488.7 387 127 489.6 386.1 127 490.6 386.1 127 491.6 387 127 492.6 388 127 493.5 389 127 494.5 389.9 127 495.5 389.9 127 496.4 389.9 127 498.4 389.9 127 499.3 389 127 501.3 389 127 502.3 387 127 504.2 386.1 127 505.2 385.1 127 506.1 383.2 127 506.1 382.2 127 506.1 380.2 127 506.1 379.3 127 505.2 379.3 127 504.2 379.3 127 503.2 380.2 127 502.3 381.2 127 502.3 382.2 127 501.3 384.1 127 501.3 386.1 127 502.3 387 127 503.2 388 127 504.2 389 127 505.2 389.9 127 507.1 389.9 127 508.1 389 127 510 389 127 511 388 127 512.9 387 127 513.9 385.1 127 514.9 384.1 127 516.8 383.2 127 517.8 383.2 127 518.7 383.2 127 519.7 383.2 127 520.7 384.1 127 520.7 385.1 127 521.7 386.1 127 521.7 387 127 521.7 388 127 521.7 389.9 127 520.7 390.9 127 519.7 390.9 127 519.7 391.9 127 518.7 391.9 127 517.8 390.9 127 516.8 389.9 127 516.8 389 127</points><color>0 0 255 255</color><thickness>3</thickness><highlight>False</highlight><author>wmck</author><target>presentationSpace</target><privacy>public</privacy><slide>1242415</slide></ink></message><message xml:lang='en' to='1242415@conference.deified.adm.monash.edu.au' from='wmck@deified.adm.monash.edu.au' type='groupchat' time='1282189092333'><ink xmlns='monash:metl'><checksum>1804.8</checksum><points>518.7 383.2 127 521.7 381.2 127</points><color>0 0 255 255</color><thickness>3</thickness><highlight>False</highlight><author>wmck</author><target>presentationSpace</target><privacy>public</privacy><slide>1242415</slide></ink></message><message xml:lang='en' to='1242415@conference.deified.adm.monash.edu.au' from='wmck@deified.adm.monash.edu.au' type='groupchat' time='1282189092814'><ink xmlns='monash:metl'><checksum>35523.5</checksum><points>535.2 380.2 127 538.1 381.2 127 536.2 387 127 536.2 389.9 127 536.2 390.9 127 537.2 391.9 127 538.1 392.9 127 539.1 392.9 127 540.1 392.9 127 541.1 391.9 127 542 390.9 127 543 389 127 544 388 127 544.9 386.1 127 545.9 385.1 127 545.9 384.1 127 546.9 383.2 127 546.9 382.2 127 547.8 382.2 127 548.8 382.2 127 549.8 383.2 127 549.8 384.1 127 550.8 385.1 127 551.7 386.1 127 551.7 387 127 552.7 388 127 552.7 389.9 127 552.7 390.9 127 552.7 392.9 127 552.7 393.8 127 551.7 394.8 127 550.8 394.8 127 549.8 395.8 127 548.8 395.8 127 547.8 394.8 127 547.8 393.8 127 547.8 392.9 127 547.8 391.9 127</points><color>0 0 255 255</color><thickness>3</thickness><highlight>False</highlight><author>wmck</author><target>presentationSpace</target><privacy>public</privacy><slide>1242415</slide></ink></message><message xml:lang='en' to='1242415@conference.deified.adm.monash.edu.au' from='wmck@deified.adm.monash.edu.au' type='groupchat' time='1282189092949'><ink xmlns='monash:metl'><checksum>1892.9</checksum><points>555.6 389.9 127 557.5 389.9 127</points><color>0 0 255 255</color><thickness>3</thickness><highlight>False</highlight><author>wmck</author><target>presentationSpace</target><privacy>public</privacy><slide>1242415</slide></ink></message>