<conversation><title>worm</title><author>eecrole</author><created>16/08/2010 5:46:37 PM</created><tag>unTagged</tag><subject>eecrole</subject><jid>1214400</jid><permissions><studentCanPublish>false</studentCanPublish><studentCanOpenFriends>false</studentCanOpenFriends><usersAreCompulsorilySynced>true</usersAreCompulsorilySynced></permissions><slide><author>eecrole</author><id>1214401</id><index>0</index><type>SLIDE</type></slide><slide><author>eecrole</author><id>1214402</id><index>1</index><type>SLIDE</type></slide><slide><author>eecrole</author><id>1214403</id><index>2</index><type>SLIDE</type></slide><slide><author>eecrole</author><id>1214404</id><index>3</index><type>SLIDE</type></slide></conversation>