<conversation><title>hsc</title><author>laviniat</author><created>23/06/2010 3:09:02 PM</created><tag></tag><subject>Department of Epidemiology and Preventive Medicine</subject><jid>1023400</jid><permissions><studentCanPublish>true</studentCanPublish><studentCanOpenFriends>true</studentCanOpenFriends><usersAreCompulsorilySynced>false</usersAreCompulsorilySynced></permissions><slide><author>laviniat</author><id>1023401</id><index>0</index><type>SLIDE</type></slide><slide><author>laviniat</author><id>1023406</id><index>1</index><type>SLIDE</type></slide><slide><author>laviniat</author><id>1023405</id><index>2</index><type>SLIDE</type></slide><slide><author>laviniat</author><id>1023404</id><index>3</index><type>POLL</type></slide><slide><author>laviniat</author><id>1023403</id><index>4</index><type>POLL</type></slide><slide><author>laviniat</author><id>1023402</id><index>5</index><type>SLIDE</type></slide></conversation>