<conversation><title>usual test - high quality version II</title><author>bhughes</author><created>8/09/2010 5:23:51 PM</created><tag>unTagged</tag><subject>bhughes</subject><jid>1326400</jid><permissions><studentCanPublish>false</studentCanPublish><studentCanOpenFriends>false</studentCanOpenFriends><usersAreCompulsorilySynced>true</usersAreCompulsorilySynced></permissions><slide><author>bhughes</author><id>1326401</id><index>0</index><defaultHeight>1080</defaultHeight><defaultWidth>1440</defaultWidth><exposed>False</exposed><type>SLIDE</type></slide><slide><author>bhughes</author><id>1326402</id><index>1</index><defaultHeight>1080</defaultHeight><defaultWidth>1440</defaultWidth><exposed>False</exposed><type>SLIDE</type></slide><slide><author>bhughes</author><id>1326403</id><index>2</index><defaultHeight>1080</defaultHeight><defaultWidth>1440</defaultWidth><exposed>False</exposed><type>SLIDE</type></slide><slide><author>bhughes</author><id>1326404</id><index>3</index><defaultHeight>1080</defaultHeight><defaultWidth>1440</defaultWidth><exposed>False</exposed><type>SLIDE</type></slide><slide><author>bhughes</author><id>1326405</id><index>4</index><defaultHeight>1080</defaultHeight><defaultWidth>1440</defaultWidth><exposed>False</exposed><type>SLIDE</type></slide></conversation>