<conversation><title>Australian facts 3</title><author>gibsonb</author><created>6/09/2010 12:01:50 PM</created><tag>unTagged</tag><subject>Unrestricted</subject><jid>1312400</jid><permissions><studentCanPublish>false</studentCanPublish><studentCanOpenFriends>false</studentCanOpenFriends><usersAreCompulsorilySynced>true</usersAreCompulsorilySynced></permissions><slide><author>gibsonb</author><id>1312401</id><index>0</index><defaultHeight>0</defaultHeight><defaultWidth>0</defaultWidth><exposed>False</exposed><type>SLIDE</type></slide><slide><author>gibsonb</author><id>1312418</id><index>1</index><defaultHeight>540</defaultHeight><defaultWidth>720</defaultWidth><exposed>False</exposed><type>SLIDE</type></slide><slide><author>gibsonb</author><id>1312417</id><index>2</index><defaultHeight>540</defaultHeight><defaultWidth>720</defaultWidth><exposed>False</exposed><type>SLIDE</type></slide><slide><author>gibsonb</author><id>1312416</id><index>3</index><defaultHeight>540</defaultHeight><defaultWidth>720</defaultWidth><exposed>False</exposed><type>SLIDE</type></slide><slide><author>gibsonb</author><id>1312415</id><index>4</index><defaultHeight>540</defaultHeight><defaultWidth>720</defaultWidth><exposed>False</exposed><type>SLIDE</type></slide><slide><author>gibsonb</author><id>1312414</id><index>5</index><defaultHeight>540</defaultHeight><defaultWidth>720</defaultWidth><exposed>False</exposed><type>SLIDE</type></slide><slide><author>gibsonb</author><id>1312402</id><index>6</index><defaultHeight>0</defaultHeight><defaultWidth>0</defaultWidth><exposed>False</exposed><type>SLIDE</type></slide><slide><author>gibsonb</author><id>1312403</id><index>7</index><defaultHeight>0</defaultHeight><defaultWidth>0</defaultWidth><exposed>False</exposed><type>SLIDE</type></slide><slide><author>gibsonb</author><id>1312404</id><index>8</index><defaultHeight>0</defaultHeight><defaultWidth>0</defaultWidth><exposed>False</exposed><type>SLIDE</type></slide><slide><author>gibsonb</author><id>1312405</id><index>9</index><defaultHeight>0</defaultHeight><defaultWidth>0</defaultWidth><exposed>False</exposed><type>SLIDE</type></slide><slide><author>gibsonb</author><id>1312406</id><index>10</index><defaultHeight>0</defaultHeight><defaultWidth>0</defaultWidth><exposed>False</exposed><type>SLIDE</type></slide><slide><author>gibsonb</author><id>1312407</id><index>11</index><defaultHeight>0</defaultHeight><defaultWidth>0</defaultWidth><exposed>False</exposed><type>SLIDE</type></slide><slide><author>gibsonb</author><id>1312408</id><index>12</index><defaultHeight>0</defaultHeight><defaultWidth>0</defaultWidth><exposed>False</exposed><type>SLIDE</type></slide><slide><author>gibsonb</author><id>1312409</id><index>13</index><defaultHeight>0</defaultHeight><defaultWidth>0</defaultWidth><exposed>False</exposed><type>SLIDE</type></slide><slide><author>gibsonb</author><id>1312410</id><index>14</index><defaultHeight>0</defaultHeight><defaultWidth>0</defaultWidth><exposed>False</exposed><type>SLIDE</type></slide><slide><author>gibsonb</author><id>1312411</id><index>15</index><defaultHeight>0</defaultHeight><defaultWidth>0</defaultWidth><exposed>False</exposed><type>SLIDE</type></slide><slide><author>gibsonb</author><id>1312412</id><index>16</index><defaultHeight>0</defaultHeight><defaultWidth>0</defaultWidth><exposed>False</exposed><type>SLIDE</type></slide><slide><author>gibsonb</author><id>1312413</id><index>17</index><defaultHeight>0</defaultHeight><defaultWidth>0</defaultWidth><exposed>False</exposed><type>SLIDE</type></slide></conversation>