<conversation><title>Adele Downey 19859465</title><author>ajdow3</author><created>25/03/2010 2:41:35 PM</created><tag></tag><subject>Unrestricted</subject><jid>813400</jid><permissions><studentCanPublish>false</studentCanPublish><studentCanOpenFriends>false</studentCanOpenFriends><usersAreCompulsorilySynced>true</usersAreCompulsorilySynced></permissions><slide><author>ajdow3</author><id>813401</id><index>0</index><type>SLIDE</type></slide><slide><author>ajdow3</author><id>813402</id><index>1</index><type>SLIDE</type></slide><slide><author>ajdow3</author><id>813403</id><index>2</index><type>SLIDE</type></slide><slide><author>ajdow3</author><id>813404</id><index>3</index><type>SLIDE</type></slide><slide><author>ajdow3</author><id>813405</id><index>4</index><type>SLIDE</type></slide><slide><author>ajdow3</author><id>813406</id><index>5</index><type>SLIDE</type></slide><slide><author>ajdow3</author><id>813407</id><index>6</index><type>SLIDE</type></slide><slide><author>ajdow3</author><id>813409</id><index>7</index><type>SLIDE</type></slide><slide><author>ajdow3</author><id>813408</id><index>8</index><type>SLIDE</type></slide><slide><author>ajdow3</author><id>813411</id><index>9</index><type>SLIDE</type></slide><slide><author>ajdow3</author><id>813410</id><index>10</index><type>SLIDE</type></slide><slide><author>ajdow3</author><id>813414</id><index>11</index><type>SLIDE</type></slide><slide><author>ajdow3</author><id>813413</id><index>12</index><type>SLIDE</type></slide><slide><author>ajdow3</author><id>813412</id><index>13</index><type>SLIDE</type></slide></conversation>