<conversation><title>sync is a fairly good thing</title><author>bhughes</author><created>22/01/2010 11:52:21 AM</created><tag></tag><subject>Unrestricted</subject><jid>406400</jid><permissions><studentCanPublish>true</studentCanPublish><studentCanOpenFriends>true</studentCanOpenFriends><usersAreCompulsorilySynced>false</usersAreCompulsorilySynced></permissions><slide><author>bhughes</author><id>406401</id><index>0</index><type>SLIDE</type></slide><slide><author>bhughes</author><id>406433</id><index>32</index><type>SLIDE</type></slide><slide><author>bhughes</author><id>406431</id><index>30</index><type>SLIDE</type></slide><slide><author>bhughes</author><id>406432</id><index>31</index><type>SLIDE</type></slide><slide><author>bhughes</author><id>406435</id><index>34</index><type>SLIDE</type></slide><slide><author>bhughes</author><id>406436</id><index>35</index><type>SLIDE</type></slide><slide><author>bhughes</author><id>406437</id><index>36</index><type>SLIDE</type></slide><slide><author>bhughes</author><id>406438</id><index>37</index><type>SLIDE</type></slide><slide><author>bhughes</author><id>406402</id><index>1</index><type>SLIDE</type></slide><slide><author>bhughes</author><id>406403</id><index>2</index><type>SLIDE</type></slide><slide><author>bhughes</author><id>406404</id><index>3</index><type>SLIDE</type></slide><slide><author>bhughes</author><id>406405</id><index>4</index><type>SLIDE</type></slide><slide><author>bhughes</author><id>406406</id><index>5</index><type>SLIDE</type></slide><slide><author>bhughes</author><id>406407</id><index>6</index><type>SLIDE</type></slide><slide><author>bhughes</author><id>406408</id><index>7</index><type>SLIDE</type></slide><slide><author>bhughes</author><id>406409</id><index>8</index><type>SLIDE</type></slide><slide><author>bhughes</author><id>406410</id><index>9</index><type>SLIDE</type></slide><slide><author>bhughes</author><id>406411</id><index>10</index><type>SLIDE</type></slide><slide><author>bhughes</author><id>406412</id><index>11</index><type>SLIDE</type></slide><slide><author>bhughes</author><id>406413</id><index>12</index><type>SLIDE</type></slide><slide><author>bhughes</author><id>406414</id><index>13</index><type>SLIDE</type></slide><slide><author>bhughes</author><id>406415</id><index>14</index><type>SLIDE</type></slide><slide><author>bhughes</author><id>406434</id><index>33</index><type>SLIDE</type></slide><slide><author>bhughes</author><id>406416</id><index>15</index><type>SLIDE</type></slide><slide><author>bhughes</author><id>406417</id><index>16</index><type>SLIDE</type></slide><slide><author>bhughes</author><id>406418</id><index>17</index><type>SLIDE</type></slide><slide><author>bhughes</author><id>406419</id><index>18</index><type>SLIDE</type></slide><slide><author>bhughes</author><id>406420</id><index>19</index><type>SLIDE</type></slide><slide><author>bhughes</author><id>406421</id><index>20</index><type>SLIDE</type></slide><slide><author>bhughes</author><id>406422</id><index>21</index><type>SLIDE</type></slide><slide><author>bhughes</author><id>406423</id><index>22</index><type>SLIDE</type></slide><slide><author>bhughes</author><id>406424</id><index>23</index><type>SLIDE</type></slide><slide><author>bhughes</author><id>406425</id><index>24</index><type>SLIDE</type></slide><slide><author>bhughes</author><id>406426</id><index>25</index><type>SLIDE</type></slide><slide><author>bhughes</author><id>406427</id><index>26</index><type>SLIDE</type></slide><slide><author>bhughes</author><id>406428</id><index>27</index><type>SLIDE</type></slide><slide><author>bhughes</author><id>406429</id><index>28</index><type>SLIDE</type></slide><slide><author>bhughes</author><id>406439</id><index>38</index><type>POLL</type></slide><slide><author>bhughes</author><id>406430</id><index>29</index><type>SLIDE</type></slide></conversation>