<conversation><title>ppt2K7SDpostStuh</title><author>hagand</author><created>8/06/2010 4:58:27 PM</created><tag>unTagged</tag><subject>Unrestricted</subject><jid>45400</jid><permissions><studentCanPublish>true</studentCanPublish><studentCanOpenFriends>true</studentCanOpenFriends><usersAreCompulsorilySynced>false</usersAreCompulsorilySynced></permissions><slide><author>hagand</author><id>45401</id><index>0</index><type>SLIDE</type></slide><slide><author>hagand</author><id>45402</id><index>1</index><type>SLIDE</type></slide><slide><author>hagand</author><id>45403</id><index>2</index><type>SLIDE</type></slide><slide><author>hagand</author><id>45404</id><index>3</index><type>SLIDE</type></slide></conversation>