<conversation><title>ppt2k7HDpostStuj</title><author>hagand</author><created>8/06/2010 4:59:06 PM</created><tag>unTagged</tag><subject>Unrestricted</subject><jid>45600</jid><permissions><studentCanPublish>false</studentCanPublish><studentCanOpenFriends>false</studentCanOpenFriends><usersAreCompulsorilySynced>true</usersAreCompulsorilySynced></permissions><slide><author>hagand</author><id>45601</id><index>0</index><type>SLIDE</type></slide><slide><author>hagand</author><id>45602</id><index>1</index><type>SLIDE</type></slide><slide><author>hagand</author><id>45603</id><index>2</index><type>SLIDE</type></slide><slide><author>hagand</author><id>45604</id><index>3</index><type>SLIDE</type></slide></conversation>