<conversation><title>(Sorry Stuart, This is upsidedown) bhughes at 2/12/2010 11:33:44 AM</title><author>bhughes</author><created>2/12/2010 11:33:47 AM</created><lastAccessed>2/12/2010 11:33:44 AM</lastAccessed><tag>unTagged</tag><subject>Unrestricted</subject><jid>159800</jid><permissions><studentCanPublish>false</studentCanPublish><studentCanOpenFriends>false</studentCanOpenFriends><usersAreCompulsorilySynced>true</usersAreCompulsorilySynced></permissions><slide><author>bhughes</author><id>159801</id><index>0</index><defaultHeight>1080</defaultHeight><defaultWidth>1440</defaultWidth><exposed>False</exposed><type>SLIDE</type></slide></conversation>