<conversation><title>JMSS</title><author>gsanson</author><created>23/11/2010 2:03:03 PM</created><tag></tag><subject>Unrestricted</subject><jid>1626400</jid><permissions><studentCanPublish>true</studentCanPublish><studentCanOpenFriends>true</studentCanOpenFriends><usersAreCompulsorilySynced>false</usersAreCompulsorilySynced></permissions><slide><author>gsanson</author><id>1626401</id><index>0</index><type>SLIDE</type></slide><slide><author>gsanson</author><id>1626404</id><index>1</index><type>SLIDE</type></slide><slide><author>gsanson</author><id>1626402</id><index>2</index><type>SLIDE</type></slide><slide><author>gsanson</author><id>1626403</id><index>3</index><type>SLIDE</type></slide></conversation>