<conversation><title>rasmi7</title><author>rasmi7</author><created>25/03/2010 2:47:59 PM</created><tag>neh3001 assessment 1</tag><subject>rasmi7</subject><jid>837400</jid><permissions><studentCanPublish>true</studentCanPublish><studentCanOpenFriends>true</studentCanOpenFriends><usersAreCompulsorilySynced>false</usersAreCompulsorilySynced></permissions><slide><author>rasmi7</author><id>837401</id><index>0</index><type>SLIDE</type></slide><slide><author>rasmi7</author><id>837402</id><index>1</index><type>SLIDE</type></slide><slide><author>rasmi7</author><id>837403</id><index>2</index><type>SLIDE</type></slide><slide><author>rasmi7</author><id>837432</id><index>31</index><type>SLIDE</type></slide><slide><author>rasmi7</author><id>837404</id><index>3</index><type>SLIDE</type></slide><slide><author>rasmi7</author><id>837405</id><index>4</index><type>SLIDE</type></slide><slide><author>rasmi7</author><id>837406</id><index>5</index><type>SLIDE</type></slide><slide><author>rasmi7</author><id>837407</id><index>6</index><type>SLIDE</type></slide><slide><author>rasmi7</author><id>837408</id><index>7</index><type>SLIDE</type></slide><slide><author>rasmi7</author><id>837409</id><index>8</index><type>SLIDE</type></slide><slide><author>rasmi7</author><id>837410</id><index>9</index><type>SLIDE</type></slide><slide><author>rasmi7</author><id>837411</id><index>10</index><type>SLIDE</type></slide><slide><author>rasmi7</author><id>837412</id><index>11</index><type>SLIDE</type></slide><slide><author>rasmi7</author><id>837413</id><index>12</index><type>SLIDE</type></slide><slide><author>rasmi7</author><id>837414</id><index>13</index><type>SLIDE</type></slide><slide><author>rasmi7</author><id>837415</id><index>14</index><type>SLIDE</type></slide><slide><author>rasmi7</author><id>837416</id><index>15</index><type>SLIDE</type></slide><slide><author>rasmi7</author><id>837417</id><index>16</index><type>SLIDE</type></slide><slide><author>rasmi7</author><id>837418</id><index>17</index><type>SLIDE</type></slide><slide><author>rasmi7</author><id>837419</id><index>18</index><type>SLIDE</type></slide><slide><author>rasmi7</author><id>837420</id><index>19</index><type>SLIDE</type></slide><slide><author>rasmi7</author><id>837421</id><index>20</index><type>SLIDE</type></slide><slide><author>rasmi7</author><id>837422</id><index>21</index><type>SLIDE</type></slide><slide><author>rasmi7</author><id>837423</id><index>22</index><type>SLIDE</type></slide><slide><author>rasmi7</author><id>837424</id><index>23</index><type>SLIDE</type></slide><slide><author>rasmi7</author><id>837426</id><index>25</index><type>SLIDE</type></slide><slide><author>rasmi7</author><id>837425</id><index>24</index><type>SLIDE</type></slide><slide><author>rasmi7</author><id>837427</id><index>26</index><type>SLIDE</type></slide><slide><author>rasmi7</author><id>837428</id><index>27</index><type>SLIDE</type></slide><slide><author>rasmi7</author><id>837429</id><index>28</index><type>SLIDE</type></slide><slide><author>rasmi7</author><id>837430</id><index>29</index><type>SLIDE</type></slide><slide><author>rasmi7</author><id>837431</id><index>30</index><type>SLIDE</type></slide><slide><author>rasmi7</author><id>837433</id><index>32</index><type>SLIDE</type></slide></conversation>