<conversation><title>pptBugtracking</title><author>hagand</author><created>6/07/2010 1:26:12 PM</created><tag>unTagged</tag><subject>Unrestricted</subject><jid>63000</jid><permissions><studentCanPublish>false</studentCanPublish><studentCanOpenFriends>false</studentCanOpenFriends><usersAreCompulsorilySynced>true</usersAreCompulsorilySynced></permissions><slide><author>hagand</author><id>63001</id><index>0</index><exposed>False</exposed><type>SLIDE</type></slide><slide><author>hagand</author><id>63002</id><index>1</index><exposed>False</exposed><type>SLIDE</type></slide><slide><author>hagand</author><id>63003</id><index>2</index><exposed>False</exposed><type>SLIDE</type></slide><slide><author>hagand</author><id>63004</id><index>3</index><exposed>False</exposed><type>SLIDE</type></slide><slide><author>hagand</author><id>63005</id><index>4</index><exposed>False</exposed><type>SLIDE</type></slide><slide><author>hagand</author><id>63006</id><index>5</index><exposed>False</exposed><type>SLIDE</type></slide><slide><author>hagand</author><id>63007</id><index>6</index><exposed>False</exposed><type>SLIDE</type></slide></conversation>