<conversation><title>HSC1061 Lecture 7 </title><author>tsharniz</author><created>19/04/2010 8:15:05 AM</created><tag>How do you analyse quantitative data&gt;</tag><subject>Unrestricted</subject><jid>909400</jid><permissions><studentCanPublish>false</studentCanPublish><studentCanOpenFriends>false</studentCanOpenFriends><usersAreCompulsorilySynced>true</usersAreCompulsorilySynced></permissions><slide><author>tsharniz</author><id>909401</id><index>0</index><type>SLIDE</type></slide><slide><author>tsharniz</author><id>909402</id><index>1</index><type>SLIDE</type></slide><slide><author>tsharniz</author><id>909403</id><index>2</index><type>SLIDE</type></slide><slide><author>tsharniz</author><id>909404</id><index>3</index><type>SLIDE</type></slide><slide><author>tsharniz</author><id>909405</id><index>4</index><type>SLIDE</type></slide><slide><author>tsharniz</author><id>909406</id><index>5</index><type>SLIDE</type></slide><slide><author>tsharniz</author><id>909407</id><index>6</index><type>SLIDE</type></slide><slide><author>tsharniz</author><id>909408</id><index>7</index><type>SLIDE</type></slide><slide><author>tsharniz</author><id>909409</id><index>8</index><type>SLIDE</type></slide><slide><author>tsharniz</author><id>909410</id><index>9</index><type>SLIDE</type></slide><slide><author>tsharniz</author><id>909411</id><index>10</index><type>SLIDE</type></slide><slide><author>tsharniz</author><id>909412</id><index>11</index><type>SLIDE</type></slide><slide><author>tsharniz</author><id>909413</id><index>12</index><type>SLIDE</type></slide><slide><author>tsharniz</author><id>909414</id><index>13</index><type>SLIDE</type></slide><slide><author>tsharniz</author><id>909415</id><index>14</index><type>SLIDE</type></slide><slide><author>tsharniz</author><id>909416</id><index>15</index><type>SLIDE</type></slide><slide><author>tsharniz</author><id>909417</id><index>16</index><type>SLIDE</type></slide><slide><author>tsharniz</author><id>909418</id><index>17</index><type>SLIDE</type></slide><slide><author>tsharniz</author><id>909419</id><index>18</index><type>SLIDE</type></slide><slide><author>tsharniz</author><id>909420</id><index>19</index><type>SLIDE</type></slide><slide><author>tsharniz</author><id>909421</id><index>20</index><type>SLIDE</type></slide><slide><author>tsharniz</author><id>909422</id><index>21</index><type>SLIDE</type></slide><slide><author>tsharniz</author><id>909423</id><index>22</index><type>SLIDE</type></slide><slide><author>tsharniz</author><id>909424</id><index>23</index><type>SLIDE</type></slide><slide><author>tsharniz</author><id>909425</id><index>24</index><type>SLIDE</type></slide><slide><author>tsharniz</author><id>909426</id><index>25</index><type>SLIDE</type></slide><slide><author>tsharniz</author><id>909427</id><index>26</index><type>SLIDE</type></slide><slide><author>tsharniz</author><id>909428</id><index>27</index><type>SLIDE</type></slide><slide><author>tsharniz</author><id>909429</id><index>28</index><type>SLIDE</type></slide><slide><author>tsharniz</author><id>909430</id><index>29</index><type>SLIDE</type></slide><slide><author>tsharniz</author><id>909431</id><index>30</index><type>SLIDE</type></slide><slide><author>tsharniz</author><id>909432</id><index>31</index><type>SLIDE</type></slide></conversation>