<conversation><title>bernie test 2</title><author>gibsonb</author><created>15/06/2010 5:32:15 PM</created><lastAccessed>1/01/0001 12:00:00 AM</lastAccessed><tag></tag><subject>Deleted</subject><jid>1012400</jid><permissions><studentCanPublish>true</studentCanPublish><studentCanOpenFriends>true</studentCanOpenFriends><usersAreCompulsorilySynced>false</usersAreCompulsorilySynced></permissions><slide><author>gibsonb</author><id>1012401</id><index>0</index><defaultHeight>540</defaultHeight><defaultWidth>720</defaultWidth><exposed>True</exposed><type>SLIDE</type></slide><slide><author>gibsonb</author><id>1012402</id><index>1</index><defaultHeight>540</defaultHeight><defaultWidth>720</defaultWidth><exposed>True</exposed><type>SLIDE</type></slide><slide><author>gibsonb</author><id>1012403</id><index>2</index><defaultHeight>540</defaultHeight><defaultWidth>720</defaultWidth><exposed>True</exposed><type>SLIDE</type></slide></conversation>