<conversation><title>jess</title><author>jamol2</author><created>25/03/2010 2:43:57 PM</created><tag></tag><subject>jamol2</subject><jid>825400</jid><permissions><studentCanPublish>true</studentCanPublish><studentCanOpenFriends>true</studentCanOpenFriends><usersAreCompulsorilySynced>false</usersAreCompulsorilySynced></permissions><slide><author>jamol2</author><id>825401</id><index>0</index><type>SLIDE</type></slide><slide><author>jamol2</author><id>825402</id><index>1</index><type>SLIDE</type></slide></conversation>