<logCollection date='{2010,3,2}'><message xml:lang='en' to='642441@conference.reifier.adm.monash.edu.au' from='eastwood@reifier.adm.monash.edu.au' type='groupchat' time='1267499841371'><image xmlns='monash:metl'><tag>{&quot;author&quot;:&quot;eastwood&quot;,&quot;privacy&quot;:&quot;public&quot;,&quot;id&quot;:&quot;eastwood:2/03/2010 2:19:05 PM:0&quot;,&quot;isBackground&quot;:true,&quot;zIndex&quot;:0}</tag><source>/Resource/642441/background141.jpg</source><width>NaN</width><height>NaN</height><x>0</x><y>0</y><author>eastwood</author><target>presentationSpace</target><privacy>public</privacy><slide>642441</slide><identity>eastwood:2/03/2010 2:19:05 PM:0</identity></image></message><message xml:lang='en' to='642441@conference.reifier.adm.monash.edu.au' from='eastwood@reifier.adm.monash.edu.au' type='groupchat' time='1267499842185'><image xmlns='monash:metl'><tag>{&quot;author&quot;:&quot;eastwood&quot;,&quot;privacy&quot;:&quot;public&quot;,&quot;id&quot;:&quot;eastwood:2/03/2010 2:19:06 PM:1&quot;,&quot;isBackground&quot;:false,&quot;zIndex&quot;:0}</tag><source>/Resource/642441/background142.jpg</source><width>NaN</width><height>NaN</height><x>42.5</x><y>122.625038</y><author>eastwood</author><target>presentationSpace</target><privacy>public</privacy><slide>642441</slide><identity>eastwood:2/03/2010 2:19:06 PM:1</identity></image></message><message xml:lang='en' to='642441@conference.reifier.adm.monash.edu.au' from='eastwood@reifier.adm.monash.edu.au' type='groupchat' time='1267499842359'><image xmlns='monash:metl'><tag>{&quot;author&quot;:&quot;eastwood&quot;,&quot;privacy&quot;:&quot;public&quot;,&quot;id&quot;:&quot;eastwood:2/03/2010 2:19:06 PM:2&quot;,&quot;isBackground&quot;:false,&quot;zIndex&quot;:0}</tag><source>/Resource/642441/background143.jpg</source><width>NaN</width><height>NaN</height><x>30.12504</x><y>12</y><author>eastwood</author><target>presentationSpace</target><privacy>public</privacy><slide>642441</slide><identity>eastwood:2/03/2010 2:19:06 PM:2</identity></image></message>