<conversation><title>Essence2</title><author>gsanson</author><created>7/12/2010 8:38:31 AM</created><tag></tag><subject>Unrestricted</subject><jid>1632400</jid><permissions><studentCanPublish>true</studentCanPublish><studentCanOpenFriends>true</studentCanOpenFriends><usersAreCompulsorilySynced>false</usersAreCompulsorilySynced></permissions><slide><author>gsanson</author><id>1632401</id><index>0</index><type>SLIDE</type></slide><slide><author>gsanson</author><id>1632402</id><index>1</index><type>SLIDE</type></slide><slide><author>gsanson</author><id>1632403</id><index>2</index><type>SLIDE</type></slide></conversation>