<conversation><title>Thought Bubble</title><author>sajames</author><created>19/05/2010 3:14:58 PM</created><tag>unTagged</tag><subject>eEducation Centre</subject><jid>34200</jid><permissions><studentCanPublish>true</studentCanPublish><studentCanOpenFriends>true</studentCanOpenFriends><usersAreCompulsorilySynced>true</usersAreCompulsorilySynced></permissions><slide><author>sajames</author><id>34201</id><index>0</index><type>SLIDE</type></slide><slide><author>sajames</author><id>34215</id><index>1</index><type>SLIDE</type></slide><slide><author>sajames</author><id>34205</id><index>2</index><type>THOUGHT</type></slide><slide><author>sajames</author><id>34204</id><index>3</index><type>THOUGHT</type></slide><slide><author>sajames</author><id>34203</id><index>4</index><type>SLIDE</type></slide><slide><author>sajames</author><id>34211</id><index>5</index><type>THOUGHT</type></slide><slide><author>sajames</author><id>34210</id><index>6</index><type>SLIDE</type></slide><slide><author>sajames</author><id>34214</id><index>7</index><type>THOUGHT</type></slide><slide><author>sajames</author><id>34213</id><index>8</index><type>THOUGHT</type></slide><slide><author>sajames</author><id>34212</id><index>9</index><type>THOUGHT</type></slide><slide><author>sajames</author><id>34209</id><index>10</index><type>THOUGHT</type></slide><slide><author>sajames</author><id>34208</id><index>11</index><type>THOUGHT</type></slide><slide><author>sajames</author><id>34207</id><index>12</index><type>THOUGHT</type></slide><slide><author>sajames</author><id>34206</id><index>13</index><type>THOUGHT</type></slide><slide><author>sajames</author><id>34202</id><index>14</index><type>THOUGHT</type></slide></conversation>