<conversation><title>This one</title><author>chagan</author><created>23/02/2010 12:35:35 PM</created><tag></tag><subject>Office of the Deputy Vice-Chancellor (Education)</subject><jid>614400</jid><permissions><studentCanPublish>true</studentCanPublish><studentCanOpenFriends>true</studentCanOpenFriends><usersAreCompulsorilySynced>false</usersAreCompulsorilySynced></permissions><slide><author>chagan</author><id>614401</id><index>0</index><type>SLIDE</type></slide><slide><author>chagan</author><id>614402</id><index>1</index><type>SLIDE</type></slide><slide><author>chagan</author><id>614403</id><index>2</index><type>SLIDE</type></slide><slide><author>chagan</author><id>614404</id><index>3</index><type>SLIDE</type></slide></conversation>