<conversation><title>Karen fix 4 - Attempted failure 2</title><author>bhughes</author><created>26/07/2010 12:35:05 PM</created><tag></tag><subject>bhughes</subject><jid>1122400</jid><permissions><studentCanPublish>false</studentCanPublish><studentCanOpenFriends>false</studentCanOpenFriends><usersAreCompulsorilySynced>true</usersAreCompulsorilySynced></permissions><slide><author>bhughes</author><id>1122401</id><index>0</index><type>SLIDE</type></slide><slide><author>bhughes</author><id>1122402</id><index>1</index><type>SLIDE</type></slide><slide><author>bhughes</author><id>1122403</id><index>2</index><type>SLIDE</type></slide><slide><author>bhughes</author><id>1122404</id><index>3</index><type>SLIDE</type></slide><slide><author>bhughes</author><id>1122405</id><index>4</index><type>SLIDE</type></slide><slide><author>bhughes</author><id>1122406</id><index>5</index><type>SLIDE</type></slide><slide><author>bhughes</author><id>1122407</id><index>6</index><type>SLIDE</type></slide><slide><author>bhughes</author><id>1122408</id><index>7</index><type>SLIDE</type></slide><slide><author>bhughes</author><id>1122409</id><index>8</index><type>SLIDE</type></slide><slide><author>bhughes</author><id>1122410</id><index>9</index><type>SLIDE</type></slide><slide><author>bhughes</author><id>1122411</id><index>10</index><type>SLIDE</type></slide><slide><author>bhughes</author><id>1122412</id><index>11</index><type>SLIDE</type></slide><slide><author>bhughes</author><id>1122413</id><index>12</index><type>SLIDE</type></slide><slide><author>bhughes</author><id>1122414</id><index>13</index><type>SLIDE</type></slide><slide><author>bhughes</author><id>1122415</id><index>14</index><type>SLIDE</type></slide><slide><author>bhughes</author><id>1122416</id><index>15</index><type>SLIDE</type></slide><slide><author>bhughes</author><id>1122417</id><index>16</index><type>SLIDE</type></slide><slide><author>bhughes</author><id>1122418</id><index>17</index><type>SLIDE</type></slide><slide><author>bhughes</author><id>1122419</id><index>18</index><type>SLIDE</type></slide><slide><author>bhughes</author><id>1122420</id><index>19</index><type>SLIDE</type></slide><slide><author>bhughes</author><id>1122421</id><index>20</index><type>SLIDE</type></slide><slide><author>bhughes</author><id>1122422</id><index>21</index><type>SLIDE</type></slide><slide><author>bhughes</author><id>1122423</id><index>22</index><type>SLIDE</type></slide><slide><author>bhughes</author><id>1122424</id><index>23</index><type>SLIDE</type></slide><slide><author>bhughes</author><id>1122425</id><index>24</index><type>SLIDE</type></slide><slide><author>bhughes</author><id>1122426</id><index>25</index><type>SLIDE</type></slide><slide><author>bhughes</author><id>1122427</id><index>26</index><type>SLIDE</type></slide><slide><author>bhughes</author><id>1122428</id><index>27</index><type>SLIDE</type></slide><slide><author>bhughes</author><id>1122429</id><index>28</index><type>SLIDE</type></slide><slide><author>bhughes</author><id>1122430</id><index>29</index><type>SLIDE</type></slide><slide><author>bhughes</author><id>1122431</id><index>30</index><type>SLIDE</type></slide><slide><author>bhughes</author><id>1122432</id><index>31</index><type>SLIDE</type></slide><slide><author>bhughes</author><id>1122433</id><index>32</index><type>SLIDE</type></slide><slide><author>bhughes</author><id>1122434</id><index>33</index><type>SLIDE</type></slide><slide><author>bhughes</author><id>1122435</id><index>34</index><type>SLIDE</type></slide></conversation>