<conversation><title>thought demo</title><author>sajames</author><created>16/06/2010 2:38:49 PM</created><tag>unTagged</tag><subject>sajames</subject><jid>53200</jid><permissions><studentCanPublish>false</studentCanPublish><studentCanOpenFriends>false</studentCanOpenFriends><usersAreCompulsorilySynced>true</usersAreCompulsorilySynced></permissions><slide><author>sajames</author><id>53201</id><index>0</index><exposed>False</exposed><type>SLIDE</type></slide><slide><author>sajames</author><id>53202</id><index>1</index><exposed>False</exposed><type>THOUGHT</type></slide></conversation>