<conversation><title>MP Test 1/3/10</title><author>micphill</author><created>1/03/2010 10:05:58 AM</created><tag></tag><subject>micphill</subject><jid>636400</jid><permissions><studentCanPublish>false</studentCanPublish><studentCanOpenFriends>false</studentCanOpenFriends><usersAreCompulsorilySynced>true</usersAreCompulsorilySynced></permissions><slide><author>micphill</author><id>636401</id><index>0</index><type>SLIDE</type></slide><slide><author>micphill</author><id>636402</id><index>1</index><type>SLIDE</type></slide><slide><author>micphill</author><id>636416</id><index>15</index><type>SLIDE</type></slide><slide><author>micphill</author><id>636417</id><index>16</index><type>SLIDE</type></slide><slide><author>micphill</author><id>636403</id><index>2</index><type>SLIDE</type></slide><slide><author>micphill</author><id>636418</id><index>17</index><type>SLIDE</type></slide><slide><author>micphill</author><id>636419</id><index>18</index><type>SLIDE</type></slide><slide><author>micphill</author><id>636404</id><index>3</index><type>SLIDE</type></slide><slide><author>micphill</author><id>636405</id><index>4</index><type>SLIDE</type></slide><slide><author>micphill</author><id>636406</id><index>5</index><type>SLIDE</type></slide><slide><author>micphill</author><id>636407</id><index>6</index><type>SLIDE</type></slide><slide><author>micphill</author><id>636408</id><index>7</index><type>SLIDE</type></slide><slide><author>micphill</author><id>636409</id><index>8</index><type>SLIDE</type></slide><slide><author>micphill</author><id>636410</id><index>9</index><type>SLIDE</type></slide><slide><author>micphill</author><id>636411</id><index>10</index><type>SLIDE</type></slide><slide><author>micphill</author><id>636412</id><index>11</index><type>SLIDE</type></slide><slide><author>micphill</author><id>636413</id><index>12</index><type>SLIDE</type></slide><slide><author>micphill</author><id>636414</id><index>13</index><type>SLIDE</type></slide><slide><author>micphill</author><id>636415</id><index>14</index><type>SLIDE</type></slide></conversation>