<conversation><title>Sept 9 Using tablets in teaching_full import</title><author>wmck</author><created>8/09/2010 8:30:17 PM</created><tag></tag><subject>Unrestricted</subject><jid>1331400</jid><permissions><studentCanPublish>true</studentCanPublish><studentCanOpenFriends>true</studentCanOpenFriends><usersAreCompulsorilySynced>false</usersAreCompulsorilySynced></permissions><slide><author>wmck</author><id>1331401</id><index>0</index><type>SLIDE</type></slide><slide><author>wmck</author><id>1331402</id><index>1</index><type>SLIDE</type></slide><slide><author>wmck</author><id>1331403</id><index>2</index><type>SLIDE</type></slide><slide><author>wmck</author><id>1331404</id><index>3</index><type>SLIDE</type></slide><slide><author>wmck</author><id>1331405</id><index>4</index><type>SLIDE</type></slide><slide><author>wmck</author><id>1331406</id><index>5</index><type>SLIDE</type></slide><slide><author>wmck</author><id>1331407</id><index>6</index><type>SLIDE</type></slide><slide><author>wmck</author><id>1331408</id><index>7</index><type>SLIDE</type></slide><slide><author>wmck</author><id>1331409</id><index>8</index><type>SLIDE</type></slide><slide><author>wmck</author><id>1331410</id><index>9</index><type>SLIDE</type></slide><slide><author>wmck</author><id>1331411</id><index>10</index><type>SLIDE</type></slide><slide><author>wmck</author><id>1331412</id><index>11</index><type>SLIDE</type></slide><slide><author>wmck</author><id>1331413</id><index>12</index><type>SLIDE</type></slide><slide><author>wmck</author><id>1331414</id><index>13</index><type>SLIDE</type></slide><slide><author>wmck</author><id>1331415</id><index>14</index><type>SLIDE</type></slide><slide><author>wmck</author><id>1331416</id><index>15</index><type>SLIDE</type></slide><slide><author>wmck</author><id>1331417</id><index>16</index><type>SLIDE</type></slide><slide><author>wmck</author><id>1331418</id><index>17</index><type>SLIDE</type></slide><slide><author>wmck</author><id>1331419</id><index>18</index><type>SLIDE</type></slide><slide><author>wmck</author><id>1331420</id><index>19</index><type>SLIDE</type></slide><slide><author>wmck</author><id>1331421</id><index>20</index><type>SLIDE</type></slide><slide><author>wmck</author><id>1331422</id><index>21</index><type>SLIDE</type></slide><slide><author>wmck</author><id>1331423</id><index>22</index><type>SLIDE</type></slide><slide><author>wmck</author><id>1331424</id><index>23</index><type>SLIDE</type></slide><slide><author>wmck</author><id>1331425</id><index>24</index><type>SLIDE</type></slide><slide><author>wmck</author><id>1331426</id><index>25</index><type>SLIDE</type></slide><slide><author>wmck</author><id>1331427</id><index>26</index><type>SLIDE</type></slide><slide><author>wmck</author><id>1331428</id><index>27</index><type>SLIDE</type></slide><slide><author>wmck</author><id>1331429</id><index>28</index><type>SLIDE</type></slide><slide><author>wmck</author><id>1331430</id><index>29</index><type>SLIDE</type></slide><slide><author>wmck</author><id>1331431</id><index>30</index><type>SLIDE</type></slide><slide><author>wmck</author><id>1331432</id><index>31</index><type>SLIDE</type></slide><slide><author>wmck</author><id>1331433</id><index>32</index><type>SLIDE</type></slide><slide><author>wmck</author><id>1331434</id><index>33</index><type>SLIDE</type></slide><slide><author>wmck</author><id>1331435</id><index>34</index><type>SLIDE</type></slide><slide><author>wmck</author><id>1331436</id><index>35</index><type>SLIDE</type></slide><slide><author>wmck</author><id>1331437</id><index>36</index><type>SLIDE</type></slide><slide><author>wmck</author><id>1331438</id><index>37</index><type>SLIDE</type></slide><slide><author>wmck</author><id>1331439</id><index>38</index><type>SLIDE</type></slide><slide><author>wmck</author><id>1331440</id><index>39</index><type>SLIDE</type></slide><slide><author>wmck</author><id>1331441</id><index>40</index><type>SLIDE</type></slide><slide><author>wmck</author><id>1331442</id><index>41</index><type>SLIDE</type></slide><slide><author>wmck</author><id>1331443</id><index>42</index><type>SLIDE</type></slide></conversation>