<conversation><title>ATiEC Monash MeTL MIchael Phillips</title><author>micphill</author><created>8/12/2010 11:41:59 AM</created><tag></tag><subject>micphill</subject><jid>1635400</jid><permissions><studentCanPublish>false</studentCanPublish><studentCanOpenFriends>false</studentCanOpenFriends><usersAreCompulsorilySynced>true</usersAreCompulsorilySynced></permissions><slide><author>micphill</author><id>1635401</id><index>0</index><type>SLIDE</type></slide><slide><author>micphill</author><id>1635402</id><index>1</index><type>SLIDE</type></slide><slide><author>micphill</author><id>1635403</id><index>2</index><type>SLIDE</type></slide></conversation>