<conversation><title>89</title><author>sajames</author><created>9/06/2010 9:53:26 AM</created><tag>unTagged</tag><subject>sajames</subject><jid>48600</jid><permissions><studentCanPublish>false</studentCanPublish><studentCanOpenFriends>false</studentCanOpenFriends><usersAreCompulsorilySynced>true</usersAreCompulsorilySynced></permissions><slide><author>sajames</author><id>48601</id><index>0</index><exposed>True</exposed><type>SLIDE</type></slide><slide><author>sajames</author><id>48608</id><index>1</index><exposed>False</exposed><type>SLIDE</type></slide><slide><author>sajames</author><id>48606</id><index>2</index><exposed>False</exposed><type>SLIDE</type></slide><slide><author>sajames</author><id>48607</id><index>3</index><exposed>False</exposed><type>SLIDE</type></slide><slide><author>sajames</author><id>48602</id><index>4</index><exposed>True</exposed><type>SLIDE</type></slide><slide><author>sajames</author><id>48603</id><index>5</index><exposed>True</exposed><type>SLIDE</type></slide><slide><author>sajames</author><id>48604</id><index>6</index><exposed>True</exposed><type>SLIDE</type></slide><slide><author>sajames</author><id>48605</id><index>7</index><exposed>True</exposed><type>SLIDE</type></slide><slide><author>sajames</author><id>48609</id><index>8</index><exposed>False</exposed><type>SLIDE</type></slide></conversation>