<conversation><title>BEH</title><author>lsheen</author><created>25/02/2010 1:51:46 PM</created><tag>BEH3021 Introduction and Unit Overview</tag><subject>BEH3021</subject><jid>630400</jid><permissions><studentCanPublish>false</studentCanPublish><studentCanOpenFriends>false</studentCanOpenFriends><usersAreCompulsorilySynced>true</usersAreCompulsorilySynced></permissions><slide><author>lsheen</author><id>630401</id><index>0</index><type>SLIDE</type></slide><slide><author>lsheen</author><id>630402</id><index>1</index><type>SLIDE</type></slide><slide><author>lsheen</author><id>630403</id><index>2</index><type>SLIDE</type></slide><slide><author>lsheen</author><id>630404</id><index>3</index><type>SLIDE</type></slide><slide><author>lsheen</author><id>630405</id><index>4</index><type>SLIDE</type></slide><slide><author>lsheen</author><id>630406</id><index>5</index><type>SLIDE</type></slide><slide><author>lsheen</author><id>630407</id><index>6</index><type>SLIDE</type></slide><slide><author>lsheen</author><id>630408</id><index>7</index><type>SLIDE</type></slide><slide><author>lsheen</author><id>630409</id><index>8</index><type>SLIDE</type></slide><slide><author>lsheen</author><id>630410</id><index>9</index><type>SLIDE</type></slide><slide><author>lsheen</author><id>630411</id><index>10</index><type>SLIDE</type></slide><slide><author>lsheen</author><id>630412</id><index>11</index><type>SLIDE</type></slide><slide><author>lsheen</author><id>630413</id><index>12</index><type>SLIDE</type></slide><slide><author>lsheen</author><id>630414</id><index>13</index><type>SLIDE</type></slide><slide><author>lsheen</author><id>630415</id><index>14</index><type>SLIDE</type></slide><slide><author>lsheen</author><id>630416</id><index>15</index><type>SLIDE</type></slide><slide><author>lsheen</author><id>630417</id><index>16</index><type>SLIDE</type></slide><slide><author>lsheen</author><id>630418</id><index>17</index><type>SLIDE</type></slide><slide><author>lsheen</author><id>630419</id><index>18</index><type>SLIDE</type></slide><slide><author>lsheen</author><id>630420</id><index>19</index><type>SLIDE</type></slide><slide><author>lsheen</author><id>630421</id><index>20</index><type>SLIDE</type></slide><slide><author>lsheen</author><id>630422</id><index>21</index><type>SLIDE</type></slide></conversation>