<conversation><title>Richard-NBN-v4</title><author>richardr</author><created>18/08/2010 8:44:15 AM</created><tag></tag><subject>Unrestricted</subject><jid>1225400</jid><permissions><studentCanPublish>false</studentCanPublish><studentCanOpenFriends>false</studentCanOpenFriends><usersAreCompulsorilySynced>true</usersAreCompulsorilySynced></permissions><slide><author>richardr</author><id>1225401</id><index>0</index><type>SLIDE</type></slide><slide><author>richardr</author><id>1225402</id><index>1</index><type>SLIDE</type></slide><slide><author>richardr</author><id>1225403</id><index>2</index><type>SLIDE</type></slide><slide><author>richardr</author><id>1225404</id><index>3</index><type>SLIDE</type></slide><slide><author>richardr</author><id>1225405</id><index>4</index><type>SLIDE</type></slide><slide><author>richardr</author><id>1225406</id><index>5</index><type>SLIDE</type></slide><slide><author>richardr</author><id>1225407</id><index>6</index><type>SLIDE</type></slide><slide><author>richardr</author><id>1225408</id><index>7</index><type>SLIDE</type></slide><slide><author>richardr</author><id>1225409</id><index>8</index><type>SLIDE</type></slide><slide><author>richardr</author><id>1225410</id><index>9</index><type>SLIDE</type></slide></conversation>