<conversation><title>robits2k715</title><author>hagand</author><created>12/07/2010 5:48:51 PM</created><tag></tag><subject>Unrestricted</subject><jid>70600</jid><permissions><studentCanPublish>false</studentCanPublish><studentCanOpenFriends>false</studentCanOpenFriends><usersAreCompulsorilySynced>true</usersAreCompulsorilySynced></permissions><slide><author>hagand</author><id>70601</id><index>0</index><type>SLIDE</type></slide><slide><author>hagand</author><id>70602</id><index>1</index><type>SLIDE</type></slide><slide><author>hagand</author><id>70603</id><index>2</index><type>SLIDE</type></slide></conversation>