<logCollection date='{2010,8,31}'><message xml:lang='en' to='1242401@conference.deified.adm.monash.edu.au' from='wmck@deified.adm.monash.edu.au' type='groupchat' time='1283208234738'><dirtyInk xmlns='monash:metl'><author>wmck</author><slide>1242401</slide><target>presentationSpace</target><privacy>public</privacy><identity>88716.6999999999</identity></dirtyInk></message><message xml:lang='en' to='1242401@conference.deified.adm.monash.edu.au' from='wmck@deified.adm.monash.edu.au' type='groupchat' time='1283208235925'><dirtyInk xmlns='monash:metl'><author>wmck</author><slide>1242401</slide><target>presentationSpace</target><privacy>public</privacy><identity>788.3</identity></dirtyInk></message><message xml:lang='en' to='1242401@conference.deified.adm.monash.edu.au' from='wmck@deified.adm.monash.edu.au' type='groupchat' time='1283208236240'><dirtyInk xmlns='monash:metl'><author>wmck</author><slide>1242401</slide><target>presentationSpace</target><privacy>public</privacy><identity>805.9</identity></dirtyInk></message>