<logCollection date='{2010,3,25}'><message xml:lang='en' to='842401@conference.reifier.adm.monash.edu.au' from='aign1@reifier.adm.monash.edu.au' type='groupchat' time='1269493539369'><ink xmlns='monash:metl'><checksum>320.7</checksum><points>202.7 118 127</points><color>0 0 0 255</color><thickness>1</thickness><highlight>False</highlight><author>aign1</author><target>presentationSpace</target><privacy>public</privacy><slide>842401</slide></ink></message><message xml:lang='en' to='842401@conference.reifier.adm.monash.edu.au' from='aign1@reifier.adm.monash.edu.au' type='groupchat' time='1269493539415'><ink xmlns='monash:metl'><checksum>318.9</checksum><points>203.7 115.2 127</points><color>0 0 0 255</color><thickness>1</thickness><highlight>False</highlight><author>aign1</author><target>presentationSpace</target><privacy>public</privacy><slide>842401</slide></ink></message><message xml:lang='en' to='842401@conference.reifier.adm.monash.edu.au' from='aign1@reifier.adm.monash.edu.au' type='groupchat' time='1269493539431'><ink xmlns='monash:metl'><checksum>324.1</checksum><points>207.3 116.8 127</points><color>0 0 0 255</color><thickness>1</thickness><highlight>False</highlight><author>aign1</author><target>presentationSpace</target><privacy>public</privacy><slide>842401</slide></ink></message><message xml:lang='en' to='842401@conference.reifier.adm.monash.edu.au' from='aign1@reifier.adm.monash.edu.au' type='groupchat' time='1269493552709'><ink xmlns='monash:metl'><checksum>321.3</checksum><points>246.6 74.7 127</points><color>0 0 0 255</color><thickness>1</thickness><highlight>False</highlight><author>aign1</author><target>presentationSpace</target><privacy>public</privacy><slide>842401</slide></ink></message>