<conversation><title>Automated14/06/2010 4:43:48 PM</title><author>dhag20</author><created>14/06/2010 4:43:51 PM</created><tag>unTagged</tag><subject>Unrestricted</subject><jid>50600</jid><permissions><studentCanPublish>false</studentCanPublish><studentCanOpenFriends>false</studentCanOpenFriends><usersAreCompulsorilySynced>true</usersAreCompulsorilySynced></permissions><slide><author>dhag20</author><id>50601</id><index>0</index><exposed>False</exposed><type>SLIDE</type></slide><slide><author>dhag20</author><id>50602</id><index>1</index><exposed>False</exposed><type>SLIDE</type></slide><slide><author>dhag20</author><id>50603</id><index>2</index><exposed>False</exposed><type>SLIDE</type></slide><slide><author>dhag20</author><id>50604</id><index>3</index><exposed>False</exposed><type>SLIDE</type></slide><slide><author>dhag20</author><id>50605</id><index>4</index><exposed>False</exposed><type>SLIDE</type></slide></conversation>