<conversation><title>AutomatedConversation21/06/2010 11:47:52 AM</title><author>dhag22</author><created>21/06/2010 11:48:21 AM</created><tag>unTagged</tag><subject>Unrestricted</subject><jid>55400</jid><permissions><studentCanPublish>false</studentCanPublish><studentCanOpenFriends>false</studentCanOpenFriends><usersAreCompulsorilySynced>true</usersAreCompulsorilySynced></permissions><slide><author>dhag22</author><id>55401</id><index>0</index><exposed>False</exposed><type>SLIDE</type></slide><slide><author>dhag22</author><id>55402</id><index>1</index><exposed>False</exposed><type>SLIDE</type></slide><slide><author>dhag22</author><id>55403</id><index>2</index><exposed>False</exposed><type>SLIDE</type></slide><slide><author>dhag22</author><id>55404</id><index>3</index><exposed>False</exposed><type>SLIDE</type></slide><slide><author>dhag22</author><id>55405</id><index>4</index><exposed>False</exposed><type>SLIDE</type></slide></conversation>