<conversation><title>(getting-started[1]) gibsonb at 29/10/2010 11:31:10 AM</title><author>gibsonb</author><created>29/10/2010 11:31:16 AM</created><lastAccessed>29/10/2010 11:31:10 AM</lastAccessed><tag>unTagged</tag><subject>Deleted</subject><jid>1514400</jid><permissions><studentCanPublish>false</studentCanPublish><studentCanOpenFriends>false</studentCanOpenFriends><usersAreCompulsorilySynced>true</usersAreCompulsorilySynced></permissions><slide><author>gibsonb</author><id>1514401</id><index>0</index><defaultHeight>540</defaultHeight><defaultWidth>720</defaultWidth><exposed>False</exposed><type>SLIDE</type></slide><slide><author>gibsonb</author><id>1514402</id><index>1</index><defaultHeight>540</defaultHeight><defaultWidth>720</defaultWidth><exposed>False</exposed><type>SLIDE</type></slide></conversation>