<conversation><title>fdgdgxfgccfhfyjhjg</title><author>micphill</author><created>18/11/2010 10:37:50 AM</created><tag></tag><subject>Unrestricted</subject><jid>1616400</jid><permissions><studentCanPublish>true</studentCanPublish><studentCanOpenFriends>true</studentCanOpenFriends><usersAreCompulsorilySynced>false</usersAreCompulsorilySynced></permissions><slide><author>micphill</author><id>1616401</id><index>0</index><type>SLIDE</type></slide><slide><author>micphill</author><id>1616403</id><index>1</index><type>SLIDE</type></slide><slide><author>micphill</author><id>1616402</id><index>2</index><type>SLIDE</type></slide></conversation>