<conversation><title>Charles' Test Conversation</title><author>micphill</author><created>11/02/2010 12:09:27 PM</created><tag></tag><subject>Unrestricted</subject><jid>534400</jid><permissions><studentCanPublish>true</studentCanPublish><studentCanOpenFriends>true</studentCanOpenFriends><usersAreCompulsorilySynced>false</usersAreCompulsorilySynced></permissions><slide><author>micphill</author><id>534401</id><index>0</index><type>SLIDE</type></slide><slide><author>micphill</author><id>534402</id><index>1</index><type>SLIDE</type></slide></conversation>