<conversation><title>Test</title><author>malboyle</author><created>28/01/2010 1:14:32 PM</created><tag></tag><subject>Unrestricted</subject><jid>416400</jid><permissions><studentCanPublish>false</studentCanPublish><studentCanOpenFriends>false</studentCanOpenFriends><usersAreCompulsorilySynced>true</usersAreCompulsorilySynced></permissions><slide><author>malboyle</author><id>416401</id><index>0</index><type>SLIDE</type></slide><slide><author>malboyle</author><id>416402</id><index>1</index><type>SLIDE</type></slide></conversation>