<conversation><title>Lecture Mode!@#$%^&amp;*()_+-={}[]|\:";'&lt;&gt;?,,./</title><author>rossr</author><created>15/07/2010 12:21:50 PM</created><tag>unTagged</tag><subject>Unrestricted</subject><jid>80200</jid><permissions><studentCanPublish>false</studentCanPublish><studentCanOpenFriends>false</studentCanOpenFriends><usersAreCompulsorilySynced>true</usersAreCompulsorilySynced></permissions><slide><author>rossr</author><id>80201</id><index>0</index><exposed>False</exposed><type>SLIDE</type></slide></conversation>