<conversation><title>STA1010 Lectures 1-4</title><author>ihutchin</author><created>26/07/2010 2:38:48 PM</created><tag></tag><subject>eEducation Centre</subject><jid>1123400</jid><permissions><studentCanPublish>true</studentCanPublish><studentCanOpenFriends>true</studentCanOpenFriends><usersAreCompulsorilySynced>false</usersAreCompulsorilySynced></permissions><slide><author>ihutchin</author><id>1123401</id><index>0</index><type>SLIDE</type></slide><slide><author>ihutchin</author><id>1123402</id><index>1</index><type>SLIDE</type></slide><slide><author>ihutchin</author><id>1123403</id><index>2</index><type>SLIDE</type></slide><slide><author>ihutchin</author><id>1123404</id><index>3</index><type>SLIDE</type></slide><slide><author>ihutchin</author><id>1123405</id><index>4</index><type>SLIDE</type></slide><slide><author>ihutchin</author><id>1123406</id><index>5</index><type>SLIDE</type></slide><slide><author>ihutchin</author><id>1123407</id><index>6</index><type>SLIDE</type></slide><slide><author>ihutchin</author><id>1123408</id><index>7</index><type>SLIDE</type></slide><slide><author>ihutchin</author><id>1123409</id><index>8</index><type>SLIDE</type></slide><slide><author>ihutchin</author><id>1123410</id><index>9</index><type>SLIDE</type></slide><slide><author>ihutchin</author><id>1123411</id><index>10</index><type>SLIDE</type></slide><slide><author>ihutchin</author><id>1123412</id><index>11</index><type>SLIDE</type></slide><slide><author>ihutchin</author><id>1123413</id><index>12</index><type>SLIDE</type></slide><slide><author>ihutchin</author><id>1123414</id><index>13</index><type>SLIDE</type></slide><slide><author>ihutchin</author><id>1123415</id><index>14</index><type>SLIDE</type></slide><slide><author>ihutchin</author><id>1123416</id><index>15</index><type>SLIDE</type></slide><slide><author>ihutchin</author><id>1123417</id><index>16</index><type>SLIDE</type></slide><slide><author>ihutchin</author><id>1123418</id><index>17</index><type>SLIDE</type></slide><slide><author>ihutchin</author><id>1123419</id><index>18</index><type>SLIDE</type></slide><slide><author>ihutchin</author><id>1123420</id><index>19</index><type>SLIDE</type></slide><slide><author>ihutchin</author><id>1123421</id><index>20</index><type>SLIDE</type></slide><slide><author>ihutchin</author><id>1123422</id><index>21</index><type>SLIDE</type></slide><slide><author>ihutchin</author><id>1123423</id><index>22</index><type>SLIDE</type></slide><slide><author>ihutchin</author><id>1123424</id><index>23</index><type>SLIDE</type></slide><slide><author>ihutchin</author><id>1123425</id><index>24</index><type>SLIDE</type></slide></conversation>