<conversation><title>HSC1052 tutorial5 CT</title><author>ctobin</author><created>18/08/2010 10:27:47 AM</created><tag></tag><subject>Unrestricted</subject><jid>1228400</jid><permissions><studentCanPublish>false</studentCanPublish><studentCanOpenFriends>false</studentCanOpenFriends><usersAreCompulsorilySynced>true</usersAreCompulsorilySynced></permissions><slide><author>ctobin</author><id>1228401</id><index>0</index><type>SLIDE</type></slide><slide><author>ctobin</author><id>1228402</id><index>1</index><type>SLIDE</type></slide><slide><author>ctobin</author><id>1228403</id><index>2</index><type>SLIDE</type></slide><slide><author>ctobin</author><id>1228404</id><index>3</index><type>SLIDE</type></slide><slide><author>ctobin</author><id>1228405</id><index>4</index><type>SLIDE</type></slide><slide><author>ctobin</author><id>1228406</id><index>5</index><type>SLIDE</type></slide><slide><author>ctobin</author><id>1228407</id><index>6</index><type>SLIDE</type></slide><slide><author>ctobin</author><id>1228408</id><index>7</index><type>SLIDE</type></slide></conversation>