<conversation><title>Automated14/06/2010 4:38:43 PM</title><author>dhag20</author><created>14/06/2010 4:38:54 PM</created><tag>unTagged</tag><subject>Unrestricted</subject><jid>50400</jid><permissions><studentCanPublish>false</studentCanPublish><studentCanOpenFriends>false</studentCanOpenFriends><usersAreCompulsorilySynced>true</usersAreCompulsorilySynced></permissions><slide><author>dhag20</author><id>50401</id><index>0</index><exposed>False</exposed><type>SLIDE</type></slide><slide><author>dhag20</author><id>50402</id><index>1</index><exposed>False</exposed><type>SLIDE</type></slide><slide><author>dhag20</author><id>50403</id><index>2</index><exposed>False</exposed><type>SLIDE</type></slide><slide><author>dhag20</author><id>50404</id><index>3</index><exposed>False</exposed><type>SLIDE</type></slide><slide><author>dhag20</author><id>50405</id><index>4</index><exposed>False</exposed><type>SLIDE</type></slide></conversation>