<logCollection date='{2010,3,2}'><message xml:lang='en' to='642432@conference.reifier.adm.monash.edu.au' from='eastwood@reifier.adm.monash.edu.au' type='groupchat' time='1267499841672'><image xmlns='monash:metl'><tag>{&quot;author&quot;:&quot;eastwood&quot;,&quot;privacy&quot;:&quot;public&quot;,&quot;id&quot;:&quot;eastwood:2/03/2010 2:19:06 PM:0&quot;,&quot;isBackground&quot;:true,&quot;zIndex&quot;:0}</tag><source>/Resource/642432/background114.jpg</source><width>NaN</width><height>NaN</height><x>0</x><y>0</y><author>eastwood</author><target>presentationSpace</target><privacy>public</privacy><slide>642432</slide><identity>eastwood:2/03/2010 2:19:06 PM:0</identity></image></message><message xml:lang='en' to='642432@conference.reifier.adm.monash.edu.au' from='eastwood@reifier.adm.monash.edu.au' type='groupchat' time='1267499841672'><image xmlns='monash:metl'><tag>{&quot;author&quot;:&quot;eastwood&quot;,&quot;privacy&quot;:&quot;public&quot;,&quot;id&quot;:&quot;eastwood:2/03/2010 2:19:06 PM:1&quot;,&quot;isBackground&quot;:false,&quot;zIndex&quot;:0}</tag><source>/Resource/642432/background115.jpg</source><width>NaN</width><height>NaN</height><x>25.5</x><y>133.875046</y><author>eastwood</author><target>presentationSpace</target><privacy>public</privacy><slide>642432</slide><identity>eastwood:2/03/2010 2:19:06 PM:1</identity></image></message><message xml:lang='en' to='642432@conference.reifier.adm.monash.edu.au' from='eastwood@reifier.adm.monash.edu.au' type='groupchat' time='1267499841673'><image xmlns='monash:metl'><tag>{&quot;author&quot;:&quot;eastwood&quot;,&quot;privacy&quot;:&quot;public&quot;,&quot;id&quot;:&quot;eastwood:2/03/2010 2:19:06 PM:2&quot;,&quot;isBackground&quot;:false,&quot;zIndex&quot;:0}</tag><source>/Resource/642432/background116.jpg</source><width>NaN</width><height>NaN</height><x>19.75</x><y>0</y><author>eastwood</author><target>presentationSpace</target><privacy>public</privacy><slide>642432</slide><identity>eastwood:2/03/2010 2:19:06 PM:2</identity></image></message>