<conversation><title>robits2k7_slides_notes1</title><author>hagand</author><created>13/07/2010 9:38:32 AM</created><tag></tag><subject>Unrestricted</subject><jid>77200</jid><permissions><studentCanPublish>true</studentCanPublish><studentCanOpenFriends>true</studentCanOpenFriends><usersAreCompulsorilySynced>false</usersAreCompulsorilySynced></permissions><slide><author>hagand</author><id>77201</id><index>0</index><type>SLIDE</type></slide><slide><author>hagand</author><id>77202</id><index>1</index><type>SLIDE</type></slide><slide><author>hagand</author><id>77203</id><index>2</index><type>SLIDE</type></slide></conversation>