<conversation><title>misc. testing 25th of January</title><author>bhughes</author><created>25/01/2010 9:35:39 AM</created><tag></tag><subject>Office of the Deputy Vice-Chancellor (Education)</subject><jid>409400</jid><permissions><studentCanPublish>true</studentCanPublish><studentCanOpenFriends>true</studentCanOpenFriends><usersAreCompulsorilySynced>false</usersAreCompulsorilySynced></permissions><slide><author>bhughes</author><id>409401</id><index>0</index><type>SLIDE</type></slide><slide><author>bhughes</author><id>409403</id><index>2</index><type>SLIDE</type></slide><slide><author>bhughes</author><id>409405</id><index>4</index><type>SLIDE</type></slide><slide><author>bhughes</author><id>409404</id><index>3</index><type>SLIDE</type></slide><slide><author>bhughes</author><id>409407</id><index>6</index><type>SLIDE</type></slide><slide><author>bhughes</author><id>409406</id><index>5</index><type>SLIDE</type></slide><slide><author>bhughes</author><id>409409</id><index>8</index><type>SLIDE</type></slide><slide><author>bhughes</author><id>409408</id><index>7</index><type>SLIDE</type></slide><slide><author>bhughes</author><id>409411</id><index>10</index><type>SLIDE</type></slide><slide><author>bhughes</author><id>409410</id><index>9</index><type>SLIDE</type></slide><slide><author>bhughes</author><id>409413</id><index>12</index><type>SLIDE</type></slide><slide><author>bhughes</author><id>409412</id><index>11</index><type>SLIDE</type></slide><slide><author>bhughes</author><id>409415</id><index>14</index><type>SLIDE</type></slide><slide><author>bhughes</author><id>409414</id><index>13</index><type>SLIDE</type></slide><slide><author>bhughes</author><id>409402</id><index>1</index><type>SLIDE</type></slide></conversation>