<conversation><title>Testing 1207 lecture</title><author>eecrole</author><created>12/07/2010 9:54:34 AM</created><tag>blah</tag><subject>Unrestricted</subject><jid>65400</jid><permissions><studentCanPublish>true</studentCanPublish><studentCanOpenFriends>true</studentCanOpenFriends><usersAreCompulsorilySynced>false</usersAreCompulsorilySynced></permissions><slide><author>eecrole</author><id>65401</id><index>0</index><type>SLIDE</type></slide><slide><author>eecrole</author><id>65402</id><index>1</index><type>SLIDE</type></slide></conversation>