<conversation><title>hsc1061 15 March Tutorial</title><author>adamj</author><created>15/03/2010 11:38:32 AM</created><tag>hsc1061</tag><subject>Unrestricted</subject><jid>724400</jid><permissions><studentCanPublish>true</studentCanPublish><studentCanOpenFriends>true</studentCanOpenFriends><usersAreCompulsorilySynced>false</usersAreCompulsorilySynced></permissions><slide><author>adamj</author><id>724401</id><index>0</index><type>SLIDE</type></slide><slide><author>adamj</author><id>724402</id><index>1</index><type>SLIDE</type></slide><slide><author>adamj</author><id>724403</id><index>2</index><type>SLIDE</type></slide><slide><author>adamj</author><id>724405</id><index>4</index><type>SLIDE</type></slide><slide><author>adamj</author><id>724406</id><index>5</index><type>SLIDE</type></slide><slide><author>adamj</author><id>724404</id><index>3</index><type>SLIDE</type></slide></conversation>