<conversation><title>Walid and Michael</title><author>micphill</author><created>7/09/2010 3:44:07 PM</created><tag></tag><subject>Unrestricted</subject><jid>1318400</jid><permissions><studentCanPublish>true</studentCanPublish><studentCanOpenFriends>true</studentCanOpenFriends><usersAreCompulsorilySynced>false</usersAreCompulsorilySynced></permissions><slide><author>micphill</author><id>1318401</id><index>0</index><type>SLIDE</type></slide><slide><author>micphill</author><id>1318437</id><index>1</index><type>SLIDE</type></slide><slide><author>micphill</author><id>1318402</id><index>2</index><type>SLIDE</type></slide><slide><author>micphill</author><id>1318403</id><index>3</index><type>SLIDE</type></slide><slide><author>micphill</author><id>1318404</id><index>4</index><type>SLIDE</type></slide><slide><author>micphill</author><id>1318438</id><index>5</index><type>SLIDE</type></slide><slide><author>micphill</author><id>1318405</id><index>6</index><type>SLIDE</type></slide><slide><author>micphill</author><id>1318406</id><index>7</index><type>SLIDE</type></slide><slide><author>micphill</author><id>1318407</id><index>8</index><type>SLIDE</type></slide><slide><author>micphill</author><id>1318408</id><index>9</index><type>SLIDE</type></slide><slide><author>micphill</author><id>1318409</id><index>10</index><type>SLIDE</type></slide><slide><author>micphill</author><id>1318410</id><index>11</index><type>SLIDE</type></slide><slide><author>micphill</author><id>1318411</id><index>12</index><type>SLIDE</type></slide><slide><author>micphill</author><id>1318412</id><index>13</index><type>SLIDE</type></slide><slide><author>micphill</author><id>1318413</id><index>14</index><type>SLIDE</type></slide><slide><author>micphill</author><id>1318414</id><index>15</index><type>SLIDE</type></slide><slide><author>micphill</author><id>1318415</id><index>16</index><type>SLIDE</type></slide><slide><author>micphill</author><id>1318416</id><index>17</index><type>SLIDE</type></slide><slide><author>micphill</author><id>1318417</id><index>18</index><type>SLIDE</type></slide><slide><author>micphill</author><id>1318418</id><index>19</index><type>SLIDE</type></slide><slide><author>micphill</author><id>1318419</id><index>20</index><type>SLIDE</type></slide><slide><author>micphill</author><id>1318420</id><index>21</index><type>SLIDE</type></slide><slide><author>micphill</author><id>1318421</id><index>22</index><type>SLIDE</type></slide><slide><author>micphill</author><id>1318422</id><index>23</index><type>SLIDE</type></slide><slide><author>micphill</author><id>1318423</id><index>24</index><type>SLIDE</type></slide><slide><author>micphill</author><id>1318424</id><index>25</index><type>SLIDE</type></slide><slide><author>micphill</author><id>1318425</id><index>26</index><type>SLIDE</type></slide><slide><author>micphill</author><id>1318426</id><index>27</index><type>SLIDE</type></slide><slide><author>micphill</author><id>1318427</id><index>28</index><type>SLIDE</type></slide><slide><author>micphill</author><id>1318428</id><index>29</index><type>SLIDE</type></slide><slide><author>micphill</author><id>1318429</id><index>30</index><type>SLIDE</type></slide><slide><author>micphill</author><id>1318430</id><index>31</index><type>SLIDE</type></slide><slide><author>micphill</author><id>1318431</id><index>32</index><type>SLIDE</type></slide><slide><author>micphill</author><id>1318432</id><index>33</index><type>SLIDE</type></slide><slide><author>micphill</author><id>1318433</id><index>34</index><type>SLIDE</type></slide><slide><author>micphill</author><id>1318434</id><index>35</index><type>SLIDE</type></slide><slide><author>micphill</author><id>1318435</id><index>36</index><type>SLIDE</type></slide><slide><author>micphill</author><id>1318436</id><index>37</index><type>SLIDE</type></slide></conversation>