<conversation><title>Kati's MeTL test conversation</title><author>kfranke</author><created>1/02/2010 10:08:50 AM</created><tag></tag><subject>Unrestricted</subject><jid>429400</jid><permissions><studentCanPublish>false</studentCanPublish><studentCanOpenFriends>false</studentCanOpenFriends><usersAreCompulsorilySynced>true</usersAreCompulsorilySynced></permissions><slide><author>kfranke</author><id>429401</id><index>0</index><type>SLIDE</type></slide><slide><author>kfranke</author><id>429409</id><index>1</index><type>SLIDE</type></slide><slide><author>kfranke</author><id>429408</id><index>8</index><type>SLIDE</type></slide><slide><author>kfranke</author><id>429402</id><index>2</index><type>SLIDE</type></slide><slide><author>kfranke</author><id>429403</id><index>3</index><type>SLIDE</type></slide><slide><author>kfranke</author><id>429405</id><index>5</index><type>SLIDE</type></slide><slide><author>kfranke</author><id>429406</id><index>6</index><type>SLIDE</type></slide><slide><author>kfranke</author><id>429404</id><index>4</index><type>SLIDE</type></slide><slide><author>kfranke</author><id>429407</id><index>7</index><type>SLIDE</type></slide></conversation>