<conversation><title>(capslock) bhughes at 2/12/2010 11:33:10 AM</title><author>bhughes</author><created>2/12/2010 11:33:24 AM</created><lastAccessed>2/12/2010 11:33:10 AM</lastAccessed><tag>unTagged</tag><subject>Unrestricted</subject><jid>159600</jid><permissions><studentCanPublish>false</studentCanPublish><studentCanOpenFriends>false</studentCanOpenFriends><usersAreCompulsorilySynced>true</usersAreCompulsorilySynced></permissions><slide><author>bhughes</author><id>159601</id><index>0</index><defaultHeight>540</defaultHeight><defaultWidth>720</defaultWidth><exposed>False</exposed><type>SLIDE</type></slide></conversation>