<conversation><title>death test, like, fourteen?</title><author>bhughes</author><created>16/08/2010 10:18:56 AM</created><tag>unTagged</tag><subject>bhughes</subject><jid>95600</jid><permissions><studentCanPublish>false</studentCanPublish><studentCanOpenFriends>false</studentCanOpenFriends><usersAreCompulsorilySynced>true</usersAreCompulsorilySynced></permissions><slide><author>bhughes</author><id>95601</id><index>0</index><defaultHeight>540</defaultHeight><defaultWidth>720</defaultWidth><exposed>False</exposed><type>SLIDE</type></slide></conversation>