<conversation><title>HSC1112 Tutorial1 Friday10amCT</title><author>ctobin</author><created>22/07/2010 5:01:23 PM</created><tag></tag><subject>Unrestricted</subject><jid>1113400</jid><permissions><studentCanPublish>false</studentCanPublish><studentCanOpenFriends>false</studentCanOpenFriends><usersAreCompulsorilySynced>true</usersAreCompulsorilySynced></permissions><slide><author>ctobin</author><id>1113401</id><index>0</index><type>SLIDE</type></slide><slide><author>ctobin</author><id>1113402</id><index>1</index><type>SLIDE</type></slide><slide><author>ctobin</author><id>1113403</id><index>2</index><type>SLIDE</type></slide><slide><author>ctobin</author><id>1113404</id><index>3</index><type>SLIDE</type></slide><slide><author>ctobin</author><id>1113405</id><index>4</index><type>SLIDE</type></slide><slide><author>ctobin</author><id>1113406</id><index>5</index><type>SLIDE</type></slide><slide><author>ctobin</author><id>1113407</id><index>6</index><type>SLIDE</type></slide><slide><author>ctobin</author><id>1113408</id><index>7</index><type>SLIDE</type></slide><slide><author>ctobin</author><id>1113409</id><index>8</index><type>SLIDE</type></slide><slide><author>ctobin</author><id>1113410</id><index>9</index><type>SLIDE</type></slide><slide><author>ctobin</author><id>1113418</id><index>10</index><type>SLIDE</type></slide><slide><author>ctobin</author><id>1113411</id><index>11</index><type>SLIDE</type></slide><slide><author>ctobin</author><id>1113419</id><index>12</index><type>SLIDE</type></slide><slide><author>ctobin</author><id>1113412</id><index>13</index><type>SLIDE</type></slide><slide><author>ctobin</author><id>1113413</id><index>14</index><type>SLIDE</type></slide><slide><author>ctobin</author><id>1113414</id><index>15</index><type>SLIDE</type></slide><slide><author>ctobin</author><id>1113415</id><index>16</index><type>SLIDE</type></slide><slide><author>ctobin</author><id>1113416</id><index>17</index><type>SLIDE</type></slide><slide><author>ctobin</author><id>1113417</id><index>18</index><type>SLIDE</type></slide></conversation>