<conversation><title>FOR CHRIS</title><author>sajames</author><created>9/06/2010 3:59:40 PM</created><tag>unTagged</tag><subject>Superuser</subject><jid>49400</jid><permissions><studentCanPublish>false</studentCanPublish><studentCanOpenFriends>false</studentCanOpenFriends><usersAreCompulsorilySynced>true</usersAreCompulsorilySynced></permissions><slide><author>sajames</author><id>49401</id><index>0</index><type>SLIDE</type></slide><slide><author>sajames</author><id>49402</id><index>1</index><type>SLIDE</type></slide><slide><author>sajames</author><id>49406</id><index>2</index><type>SLIDE</type></slide><slide><author>sajames</author><id>49403</id><index>3</index><type>SLIDE</type></slide><slide><author>sajames</author><id>49404</id><index>4</index><type>SLIDE</type></slide><slide><author>sajames</author><id>49405</id><index>5</index><type>SLIDE</type></slide></conversation>