<conversation><title>hormonestest</title><author>bdiug</author><created>7/07/2010 11:12:42 AM</created><tag></tag><subject>Unrestricted</subject><jid>1032400</jid><permissions><studentCanPublish>false</studentCanPublish><studentCanOpenFriends>false</studentCanOpenFriends><usersAreCompulsorilySynced>true</usersAreCompulsorilySynced></permissions><slide><author>bdiug</author><id>1032401</id><index>0</index><type>SLIDE</type></slide><slide><author>bdiug</author><id>1032402</id><index>1</index><type>SLIDE</type></slide><slide><author>bdiug</author><id>1032403</id><index>2</index><type>SLIDE</type></slide><slide><author>bdiug</author><id>1032404</id><index>3</index><type>SLIDE</type></slide><slide><author>bdiug</author><id>1032405</id><index>4</index><type>SLIDE</type></slide><slide><author>bdiug</author><id>1032406</id><index>5</index><type>SLIDE</type></slide><slide><author>bdiug</author><id>1032407</id><index>6</index><type>SLIDE</type></slide><slide><author>bdiug</author><id>1032408</id><index>7</index><type>SLIDE</type></slide><slide><author>bdiug</author><id>1032409</id><index>8</index><type>SLIDE</type></slide><slide><author>bdiug</author><id>1032410</id><index>9</index><type>SLIDE</type></slide><slide><author>bdiug</author><id>1032411</id><index>10</index><type>SLIDE</type></slide><slide><author>bdiug</author><id>1032412</id><index>11</index><type>SLIDE</type></slide><slide><author>bdiug</author><id>1032413</id><index>12</index><type>SLIDE</type></slide><slide><author>bdiug</author><id>1032414</id><index>13</index><type>SLIDE</type></slide><slide><author>bdiug</author><id>1032415</id><index>14</index><type>SLIDE</type></slide><slide><author>bdiug</author><id>1032416</id><index>15</index><type>SLIDE</type></slide><slide><author>bdiug</author><id>1032417</id><index>16</index><type>SLIDE</type></slide><slide><author>bdiug</author><id>1032430</id><index>17</index><type>POLL</type></slide><slide><author>bdiug</author><id>1032418</id><index>18</index><type>SLIDE</type></slide><slide><author>bdiug</author><id>1032419</id><index>19</index><type>SLIDE</type></slide><slide><author>bdiug</author><id>1032420</id><index>20</index><type>SLIDE</type></slide><slide><author>bdiug</author><id>1032421</id><index>21</index><type>SLIDE</type></slide><slide><author>bdiug</author><id>1032422</id><index>22</index><type>SLIDE</type></slide><slide><author>bdiug</author><id>1032423</id><index>23</index><type>SLIDE</type></slide><slide><author>bdiug</author><id>1032424</id><index>24</index><type>SLIDE</type></slide><slide><author>bdiug</author><id>1032425</id><index>25</index><type>SLIDE</type></slide><slide><author>bdiug</author><id>1032426</id><index>26</index><type>SLIDE</type></slide><slide><author>bdiug</author><id>1032427</id><index>27</index><type>SLIDE</type></slide><slide><author>bdiug</author><id>1032428</id><index>28</index><type>SLIDE</type></slide><slide><author>bdiug</author><id>1032429</id><index>29</index><type>SLIDE</type></slide></conversation>