<conversation><title>die, bug, die!</title><author>bhughes</author><created>14/06/2010 4:22:57 PM</created><tag></tag><subject>bhughes</subject><jid>1009400</jid><permissions><studentCanPublish>false</studentCanPublish><studentCanOpenFriends>false</studentCanOpenFriends><usersAreCompulsorilySynced>true</usersAreCompulsorilySynced></permissions><slide><author>bhughes</author><id>1009401</id><index>0</index><type>SLIDE</type></slide><slide><author>bhughes</author><id>1009402</id><index>1</index><type>POLL</type></slide></conversation>