<conversation><title>david, import</title><author>dgoma1</author><created>15/10/2010 10:05:33 AM</created><tag>unTagged</tag><subject>Unrestricted</subject><jid>105400</jid><permissions><studentCanPublish>false</studentCanPublish><studentCanOpenFriends>false</studentCanOpenFriends><usersAreCompulsorilySynced>true</usersAreCompulsorilySynced></permissions><slide><author>dgoma1</author><id>105401</id><index>0</index><defaultHeight>0</defaultHeight><defaultWidth>0</defaultWidth><exposed>False</exposed><type>SLIDE</type></slide><slide><author>dgoma1</author><id>105402</id><index>1</index><defaultHeight>0</defaultHeight><defaultWidth>0</defaultWidth><exposed>False</exposed><type>SLIDE</type></slide><slide><author>dgoma1</author><id>105403</id><index>2</index><defaultHeight>0</defaultHeight><defaultWidth>0</defaultWidth><exposed>False</exposed><type>SLIDE</type></slide><slide><author>dgoma1</author><id>105404</id><index>3</index><defaultHeight>0</defaultHeight><defaultWidth>0</defaultWidth><exposed>False</exposed><type>SLIDE</type></slide><slide><author>dgoma1</author><id>105405</id><index>4</index><defaultHeight>0</defaultHeight><defaultWidth>0</defaultWidth><exposed>False</exposed><type>SLIDE</type></slide><slide><author>dgoma1</author><id>105406</id><index>5</index><defaultHeight>0</defaultHeight><defaultWidth>0</defaultWidth><exposed>False</exposed><type>SLIDE</type></slide><slide><author>dgoma1</author><id>105407</id><index>6</index><defaultHeight>0</defaultHeight><defaultWidth>0</defaultWidth><exposed>False</exposed><type>SLIDE</type></slide><slide><author>dgoma1</author><id>105408</id><index>7</index><defaultHeight>0</defaultHeight><defaultWidth>0</defaultWidth><exposed>False</exposed><type>SLIDE</type></slide><slide><author>dgoma1</author><id>105409</id><index>8</index><defaultHeight>0</defaultHeight><defaultWidth>0</defaultWidth><exposed>False</exposed><type>SLIDE</type></slide><slide><author>dgoma1</author><id>105410</id><index>9</index><defaultHeight>0</defaultHeight><defaultWidth>0</defaultWidth><exposed>False</exposed><type>SLIDE</type></slide><slide><author>dgoma1</author><id>105411</id><index>10</index><defaultHeight>0</defaultHeight><defaultWidth>0</defaultWidth><exposed>False</exposed><type>SLIDE</type></slide><slide><author>dgoma1</author><id>105412</id><index>11</index><defaultHeight>0</defaultHeight><defaultWidth>0</defaultWidth><exposed>False</exposed><type>SLIDE</type></slide><slide><author>dgoma1</author><id>105413</id><index>12</index><defaultHeight>0</defaultHeight><defaultWidth>0</defaultWidth><exposed>False</exposed><type>SLIDE</type></slide><slide><author>dgoma1</author><id>105414</id><index>13</index><defaultHeight>0</defaultHeight><defaultWidth>0</defaultWidth><exposed>False</exposed><type>SLIDE</type></slide><slide><author>dgoma1</author><id>105415</id><index>14</index><defaultHeight>0</defaultHeight><defaultWidth>0</defaultWidth><exposed>False</exposed><type>SLIDE</type></slide><slide><author>dgoma1</author><id>105416</id><index>15</index><defaultHeight>0</defaultHeight><defaultWidth>0</defaultWidth><exposed>False</exposed><type>SLIDE</type></slide><slide><author>dgoma1</author><id>105417</id><index>16</index><defaultHeight>0</defaultHeight><defaultWidth>0</defaultWidth><exposed>False</exposed><type>SLIDE</type></slide><slide><author>dgoma1</author><id>105418</id><index>17</index><defaultHeight>0</defaultHeight><defaultWidth>0</defaultWidth><exposed>False</exposed><type>SLIDE</type></slide><slide><author>dgoma1</author><id>105419</id><index>18</index><defaultHeight>0</defaultHeight><defaultWidth>0</defaultWidth><exposed>False</exposed><type>SLIDE</type></slide><slide><author>dgoma1</author><id>105420</id><index>19</index><defaultHeight>0</defaultHeight><defaultWidth>0</defaultWidth><exposed>False</exposed><type>SLIDE</type></slide><slide><author>dgoma1</author><id>105421</id><index>20</index><defaultHeight>0</defaultHeight><defaultWidth>0</defaultWidth><exposed>False</exposed><type>SLIDE</type></slide><slide><author>dgoma1</author><id>105422</id><index>21</index><defaultHeight>0</defaultHeight><defaultWidth>0</defaultWidth><exposed>False</exposed><type>SLIDE</type></slide><slide><author>dgoma1</author><id>105423</id><index>22</index><defaultHeight>0</defaultHeight><defaultWidth>0</defaultWidth><exposed>False</exposed><type>SLIDE</type></slide><slide><author>dgoma1</author><id>105424</id><index>23</index><defaultHeight>0</defaultHeight><defaultWidth>0</defaultWidth><exposed>False</exposed><type>SLIDE</type></slide><slide><author>dgoma1</author><id>105425</id><index>24</index><defaultHeight>0</defaultHeight><defaultWidth>0</defaultWidth><exposed>False</exposed><type>SLIDE</type></slide><slide><author>dgoma1</author><id>105426</id><index>25</index><defaultHeight>0</defaultHeight><defaultWidth>0</defaultWidth><exposed>False</exposed><type>SLIDE</type></slide><slide><author>dgoma1</author><id>105427</id><index>26</index><defaultHeight>0</defaultHeight><defaultWidth>0</defaultWidth><exposed>False</exposed><type>SLIDE</type></slide><slide><author>dgoma1</author><id>105428</id><index>27</index><defaultHeight>0</defaultHeight><defaultWidth>0</defaultWidth><exposed>False</exposed><type>SLIDE</type></slide><slide><author>dgoma1</author><id>105429</id><index>28</index><defaultHeight>0</defaultHeight><defaultWidth>0</defaultWidth><exposed>False</exposed><type>SLIDE</type></slide><slide><author>dgoma1</author><id>105430</id><index>29</index><defaultHeight>0</defaultHeight><defaultWidth>0</defaultWidth><exposed>False</exposed><type>SLIDE</type></slide><slide><author>dgoma1</author><id>105431</id><index>30</index><defaultHeight>0</defaultHeight><defaultWidth>0</defaultWidth><exposed>False</exposed><type>SLIDE</type></slide><slide><author>dgoma1</author><id>105432</id><index>31</index><defaultHeight>0</defaultHeight><defaultWidth>0</defaultWidth><exposed>False</exposed><type>SLIDE</type></slide><slide><author>dgoma1</author><id>105433</id><index>32</index><defaultHeight>0</defaultHeight><defaultWidth>0</defaultWidth><exposed>False</exposed><type>SLIDE</type></slide><slide><author>dgoma1</author><id>105434</id><index>33</index><defaultHeight>0</defaultHeight><defaultWidth>0</defaultWidth><exposed>False</exposed><type>SLIDE</type></slide><slide><author>dgoma1</author><id>105435</id><index>34</index><defaultHeight>0</defaultHeight><defaultWidth>0</defaultWidth><exposed>False</exposed><type>SLIDE</type></slide><slide><author>dgoma1</author><id>105436</id><index>35</index><defaultHeight>0</defaultHeight><defaultWidth>0</defaultWidth><exposed>False</exposed><type>SLIDE</type></slide><slide><author>dgoma1</author><id>105437</id><index>36</index><defaultHeight>0</defaultHeight><defaultWidth>0</defaultWidth><exposed>False</exposed><type>SLIDE</type></slide><slide><author>dgoma1</author><id>105438</id><index>37</index><defaultHeight>0</defaultHeight><defaultWidth>0</defaultWidth><exposed>False</exposed><type>SLIDE</type></slide><slide><author>dgoma1</author><id>105439</id><index>38</index><defaultHeight>0</defaultHeight><defaultWidth>0</defaultWidth><exposed>False</exposed><type>SLIDE</type></slide><slide><author>dgoma1</author><id>105440</id><index>39</index><defaultHeight>0</defaultHeight><defaultWidth>0</defaultWidth><exposed>False</exposed><type>SLIDE</type></slide><slide><author>dgoma1</author><id>105441</id><index>40</index><defaultHeight>0</defaultHeight><defaultWidth>0</defaultWidth><exposed>False</exposed><type>SLIDE</type></slide><slide><author>dgoma1</author><id>105442</id><index>41</index><defaultHeight>0</defaultHeight><defaultWidth>0</defaultWidth><exposed>False</exposed><type>SLIDE</type></slide><slide><author>dgoma1</author><id>105443</id><index>42</index><defaultHeight>0</defaultHeight><defaultWidth>0</defaultWidth><exposed>False</exposed><type>SLIDE</type></slide><slide><author>dgoma1</author><id>105444</id><index>43</index><defaultHeight>0</defaultHeight><defaultWidth>0</defaultWidth><exposed>False</exposed><type>SLIDE</type></slide><slide><author>dgoma1</author><id>105445</id><index>44</index><defaultHeight>0</defaultHeight><defaultWidth>0</defaultWidth><exposed>False</exposed><type>SLIDE</type></slide><slide><author>dgoma1</author><id>105446</id><index>45</index><defaultHeight>0</defaultHeight><defaultWidth>0</defaultWidth><exposed>False</exposed><type>SLIDE</type></slide><slide><author>dgoma1</author><id>105447</id><index>46</index><defaultHeight>0</defaultHeight><defaultWidth>0</defaultWidth><exposed>False</exposed><type>SLIDE</type></slide><slide><author>dgoma1</author><id>105448</id><index>47</index><defaultHeight>0</defaultHeight><defaultWidth>0</defaultWidth><exposed>False</exposed><type>SLIDE</type></slide><slide><author>dgoma1</author><id>105449</id><index>48</index><defaultHeight>0</defaultHeight><defaultWidth>0</defaultWidth><exposed>False</exposed><type>SLIDE</type></slide><slide><author>dgoma1</author><id>105450</id><index>49</index><defaultHeight>0</defaultHeight><defaultWidth>0</defaultWidth><exposed>False</exposed><type>SLIDE</type></slide></conversation>