<conversation><title>HSC1061-15-03-10-11amtutorial</title><author>dragan</author><created>15/03/2010 11:42:41 AM</created><tag>hsc1061</tag><subject>HSC1061</subject><jid>725400</jid><permissions><studentCanPublish>true</studentCanPublish><studentCanOpenFriends>true</studentCanOpenFriends><usersAreCompulsorilySynced>false</usersAreCompulsorilySynced></permissions><slide><author>dragan</author><id>725401</id><index>0</index><type>SLIDE</type></slide><slide><author>dragan</author><id>725402</id><index>1</index><type>SLIDE</type></slide><slide><author>dragan</author><id>725404</id><index>3</index><type>SLIDE</type></slide><slide><author>dragan</author><id>725405</id><index>4</index><type>SLIDE</type></slide><slide><author>dragan</author><id>725406</id><index>5</index><type>SLIDE</type></slide><slide><author>dragan</author><id>725403</id><index>2</index><type>SLIDE</type></slide></conversation>