<conversation><title>Kilbreda Presentation</title><author>micphill</author><created>11/08/2010 3:14:27 PM</created><tag>unTagged</tag><subject>micphill</subject><jid>94600</jid><permissions><studentCanPublish>false</studentCanPublish><studentCanOpenFriends>false</studentCanOpenFriends><usersAreCompulsorilySynced>true</usersAreCompulsorilySynced></permissions><slide><author>micphill</author><id>94601</id><index>0</index><defaultHeight>0</defaultHeight><defaultWidth>0</defaultWidth><exposed>False</exposed><type>SLIDE</type></slide><slide><author>micphill</author><id>94602</id><index>1</index><defaultHeight>0</defaultHeight><defaultWidth>0</defaultWidth><exposed>False</exposed><type>SLIDE</type></slide><slide><author>micphill</author><id>94603</id><index>2</index><defaultHeight>0</defaultHeight><defaultWidth>0</defaultWidth><exposed>False</exposed><type>SLIDE</type></slide><slide><author>micphill</author><id>94604</id><index>3</index><defaultHeight>0</defaultHeight><defaultWidth>0</defaultWidth><exposed>False</exposed><type>SLIDE</type></slide><slide><author>micphill</author><id>94605</id><index>4</index><defaultHeight>0</defaultHeight><defaultWidth>0</defaultWidth><exposed>False</exposed><type>SLIDE</type></slide><slide><author>micphill</author><id>94606</id><index>5</index><defaultHeight>0</defaultHeight><defaultWidth>0</defaultWidth><exposed>False</exposed><type>SLIDE</type></slide><slide><author>micphill</author><id>94607</id><index>6</index><defaultHeight>0</defaultHeight><defaultWidth>0</defaultWidth><exposed>False</exposed><type>SLIDE</type></slide><slide><author>micphill</author><id>94608</id><index>7</index><defaultHeight>0</defaultHeight><defaultWidth>0</defaultWidth><exposed>False</exposed><type>SLIDE</type></slide><slide><author>micphill</author><id>94637</id><index>8</index><defaultHeight>540</defaultHeight><defaultWidth>720</defaultWidth><exposed>False</exposed><type>SLIDE</type></slide><slide><author>micphill</author><id>94638</id><index>9</index><defaultHeight>540</defaultHeight><defaultWidth>720</defaultWidth><exposed>False</exposed><type>SLIDE</type></slide><slide><author>micphill</author><id>94639</id><index>10</index><defaultHeight>540</defaultHeight><defaultWidth>720</defaultWidth><exposed>False</exposed><type>SLIDE</type></slide><slide><author>micphill</author><id>94609</id><index>11</index><defaultHeight>0</defaultHeight><defaultWidth>0</defaultWidth><exposed>False</exposed><type>SLIDE</type></slide><slide><author>micphill</author><id>94610</id><index>12</index><defaultHeight>0</defaultHeight><defaultWidth>0</defaultWidth><exposed>False</exposed><type>SLIDE</type></slide><slide><author>micphill</author><id>94611</id><index>13</index><defaultHeight>0</defaultHeight><defaultWidth>0</defaultWidth><exposed>False</exposed><type>SLIDE</type></slide><slide><author>micphill</author><id>94612</id><index>14</index><defaultHeight>0</defaultHeight><defaultWidth>0</defaultWidth><exposed>False</exposed><type>SLIDE</type></slide><slide><author>micphill</author><id>94613</id><index>15</index><defaultHeight>0</defaultHeight><defaultWidth>0</defaultWidth><exposed>False</exposed><type>SLIDE</type></slide><slide><author>micphill</author><id>94614</id><index>16</index><defaultHeight>0</defaultHeight><defaultWidth>0</defaultWidth><exposed>False</exposed><type>SLIDE</type></slide><slide><author>micphill</author><id>94615</id><index>17</index><defaultHeight>0</defaultHeight><defaultWidth>0</defaultWidth><exposed>False</exposed><type>SLIDE</type></slide><slide><author>micphill</author><id>94616</id><index>18</index><defaultHeight>0</defaultHeight><defaultWidth>0</defaultWidth><exposed>False</exposed><type>SLIDE</type></slide><slide><author>micphill</author><id>94617</id><index>19</index><defaultHeight>0</defaultHeight><defaultWidth>0</defaultWidth><exposed>False</exposed><type>SLIDE</type></slide><slide><author>micphill</author><id>94618</id><index>20</index><defaultHeight>0</defaultHeight><defaultWidth>0</defaultWidth><exposed>False</exposed><type>SLIDE</type></slide><slide><author>micphill</author><id>94619</id><index>21</index><defaultHeight>0</defaultHeight><defaultWidth>0</defaultWidth><exposed>False</exposed><type>SLIDE</type></slide><slide><author>micphill</author><id>94620</id><index>22</index><defaultHeight>0</defaultHeight><defaultWidth>0</defaultWidth><exposed>False</exposed><type>SLIDE</type></slide><slide><author>micphill</author><id>94621</id><index>23</index><defaultHeight>0</defaultHeight><defaultWidth>0</defaultWidth><exposed>False</exposed><type>SLIDE</type></slide><slide><author>micphill</author><id>94622</id><index>24</index><defaultHeight>0</defaultHeight><defaultWidth>0</defaultWidth><exposed>False</exposed><type>SLIDE</type></slide><slide><author>micphill</author><id>94623</id><index>25</index><defaultHeight>0</defaultHeight><defaultWidth>0</defaultWidth><exposed>False</exposed><type>SLIDE</type></slide><slide><author>micphill</author><id>94624</id><index>26</index><defaultHeight>0</defaultHeight><defaultWidth>0</defaultWidth><exposed>False</exposed><type>SLIDE</type></slide><slide><author>micphill</author><id>94625</id><index>27</index><defaultHeight>0</defaultHeight><defaultWidth>0</defaultWidth><exposed>False</exposed><type>SLIDE</type></slide><slide><author>micphill</author><id>94626</id><index>28</index><defaultHeight>0</defaultHeight><defaultWidth>0</defaultWidth><exposed>False</exposed><type>SLIDE</type></slide><slide><author>micphill</author><id>94627</id><index>29</index><defaultHeight>0</defaultHeight><defaultWidth>0</defaultWidth><exposed>False</exposed><type>SLIDE</type></slide><slide><author>micphill</author><id>94628</id><index>30</index><defaultHeight>0</defaultHeight><defaultWidth>0</defaultWidth><exposed>False</exposed><type>SLIDE</type></slide><slide><author>micphill</author><id>94629</id><index>31</index><defaultHeight>0</defaultHeight><defaultWidth>0</defaultWidth><exposed>False</exposed><type>SLIDE</type></slide><slide><author>micphill</author><id>94630</id><index>32</index><defaultHeight>0</defaultHeight><defaultWidth>0</defaultWidth><exposed>False</exposed><type>SLIDE</type></slide><slide><author>micphill</author><id>94631</id><index>33</index><defaultHeight>0</defaultHeight><defaultWidth>0</defaultWidth><exposed>False</exposed><type>SLIDE</type></slide><slide><author>micphill</author><id>94632</id><index>34</index><defaultHeight>0</defaultHeight><defaultWidth>0</defaultWidth><exposed>False</exposed><type>SLIDE</type></slide><slide><author>micphill</author><id>94633</id><index>35</index><defaultHeight>0</defaultHeight><defaultWidth>0</defaultWidth><exposed>False</exposed><type>SLIDE</type></slide><slide><author>micphill</author><id>94634</id><index>36</index><defaultHeight>0</defaultHeight><defaultWidth>0</defaultWidth><exposed>False</exposed><type>SLIDE</type></slide><slide><author>micphill</author><id>94635</id><index>37</index><defaultHeight>0</defaultHeight><defaultWidth>0</defaultWidth><exposed>False</exposed><type>SLIDE</type></slide><slide><author>micphill</author><id>94636</id><index>38</index><defaultHeight>0</defaultHeight><defaultWidth>0</defaultWidth><exposed>False</exposed><type>SLIDE</type></slide></conversation>