<conversation><title>robits2k3lideinstruc</title><author>rossr</author><created>12/07/2010 11:13:00 AM</created><tag></tag><subject>Unrestricted</subject><jid>68400</jid><permissions><studentCanPublish>false</studentCanPublish><studentCanOpenFriends>false</studentCanOpenFriends><usersAreCompulsorilySynced>true</usersAreCompulsorilySynced></permissions><slide><author>rossr</author><id>68401</id><index>0</index><type>SLIDE</type></slide><slide><author>rossr</author><id>68406</id><index>1</index><type>SLIDE</type></slide><slide><author>rossr</author><id>68402</id><index>2</index><type>SLIDE</type></slide><slide><author>rossr</author><id>68403</id><index>3</index><type>SLIDE</type></slide><slide><author>rossr</author><id>68404</id><index>4</index><type>SLIDE</type></slide><slide><author>rossr</author><id>68405</id><index>5</index><type>SLIDE</type></slide><slide><author>rossr</author><id>68407</id><index>6</index><type>SLIDE</type></slide><slide><author>rossr</author><id>68408</id><index>7</index><type>SLIDE</type></slide><slide><author>rossr</author><id>68409</id><index>8</index><type>SLIDE</type></slide></conversation>