<conversation><title>Presentation1h</title><author>chagan</author><created>23/10/2010 12:31:30 AM</created><lastAccessed>23/10/2010 12:31:16 AM</lastAccessed><tag>unTagged</tag><subject>Unrestricted</subject><jid>113200</jid><permissions><studentCanPublish>false</studentCanPublish><studentCanOpenFriends>false</studentCanOpenFriends><usersAreCompulsorilySynced>true</usersAreCompulsorilySynced></permissions><slide><author>chagan</author><id>113201</id><index>0</index><defaultHeight>540</defaultHeight><defaultWidth>720</defaultWidth><exposed>False</exposed><type>SLIDE</type></slide></conversation>