<conversation><title>2k7ssslideinstruc</title><author>rossr</author><created>13/07/2010 9:31:22 AM</created><tag></tag><subject>Unrestricted</subject><jid>76200</jid><permissions><studentCanPublish>false</studentCanPublish><studentCanOpenFriends>false</studentCanOpenFriends><usersAreCompulsorilySynced>true</usersAreCompulsorilySynced></permissions><slide><author>rossr</author><id>76201</id><index>0</index><type>SLIDE</type></slide><slide><author>rossr</author><id>76202</id><index>1</index><type>SLIDE</type></slide><slide><author>rossr</author><id>76203</id><index>2</index><type>SLIDE</type></slide></conversation>