<conversation><title>bigImportTest</title><author>hagand</author><created>16/07/2010 3:55:17 PM</created><tag></tag><subject>Unrestricted</subject><jid>81200</jid><permissions><studentCanPublish>false</studentCanPublish><studentCanOpenFriends>false</studentCanOpenFriends><usersAreCompulsorilySynced>true</usersAreCompulsorilySynced></permissions><slide><author>hagand</author><id>81201</id><index>0</index><type>SLIDE</type></slide><slide><author>hagand</author><id>81202</id><index>1</index><type>SLIDE</type></slide><slide><author>hagand</author><id>81203</id><index>2</index><type>SLIDE</type></slide><slide><author>hagand</author><id>81204</id><index>3</index><type>SLIDE</type></slide><slide><author>hagand</author><id>81205</id><index>4</index><type>SLIDE</type></slide><slide><author>hagand</author><id>81206</id><index>5</index><type>SLIDE</type></slide><slide><author>hagand</author><id>81207</id><index>6</index><type>SLIDE</type></slide><slide><author>hagand</author><id>81208</id><index>7</index><type>SLIDE</type></slide><slide><author>hagand</author><id>81209</id><index>8</index><type>SLIDE</type></slide><slide><author>hagand</author><id>81210</id><index>9</index><type>SLIDE</type></slide><slide><author>hagand</author><id>81211</id><index>10</index><type>SLIDE</type></slide><slide><author>hagand</author><id>81212</id><index>11</index><type>SLIDE</type></slide><slide><author>hagand</author><id>81213</id><index>12</index><type>SLIDE</type></slide><slide><author>hagand</author><id>81214</id><index>13</index><type>SLIDE</type></slide><slide><author>hagand</author><id>81215</id><index>14</index><type>SLIDE</type></slide><slide><author>hagand</author><id>81216</id><index>15</index><type>SLIDE</type></slide><slide><author>hagand</author><id>81217</id><index>16</index><type>SLIDE</type></slide><slide><author>hagand</author><id>81218</id><index>17</index><type>SLIDE</type></slide><slide><author>hagand</author><id>81219</id><index>18</index><type>SLIDE</type></slide><slide><author>hagand</author><id>81220</id><index>19</index><type>SLIDE</type></slide><slide><author>hagand</author><id>81221</id><index>20</index><type>SLIDE</type></slide><slide><author>hagand</author><id>81222</id><index>21</index><type>SLIDE</type></slide><slide><author>hagand</author><id>81223</id><index>22</index><type>SLIDE</type></slide><slide><author>hagand</author><id>81224</id><index>23</index><type>SLIDE</type></slide><slide><author>hagand</author><id>81225</id><index>24</index><type>SLIDE</type></slide><slide><author>hagand</author><id>81226</id><index>25</index><type>SLIDE</type></slide><slide><author>hagand</author><id>81227</id><index>26</index><type>SLIDE</type></slide><slide><author>hagand</author><id>81228</id><index>27</index><type>SLIDE</type></slide><slide><author>hagand</author><id>81229</id><index>28</index><type>SLIDE</type></slide><slide><author>hagand</author><id>81230</id><index>29</index><type>SLIDE</type></slide><slide><author>hagand</author><id>81231</id><index>30</index><type>SLIDE</type></slide><slide><author>hagand</author><id>81232</id><index>31</index><type>SLIDE</type></slide><slide><author>hagand</author><id>81233</id><index>32</index><type>SLIDE</type></slide><slide><author>hagand</author><id>81234</id><index>33</index><type>SLIDE</type></slide><slide><author>hagand</author><id>81235</id><index>34</index><type>SLIDE</type></slide><slide><author>hagand</author><id>81236</id><index>35</index><type>SLIDE</type></slide><slide><author>hagand</author><id>81237</id><index>36</index><type>SLIDE</type></slide><slide><author>hagand</author><id>81238</id><index>37</index><type>SLIDE</type></slide><slide><author>hagand</author><id>81239</id><index>38</index><type>SLIDE</type></slide><slide><author>hagand</author><id>81240</id><index>39</index><type>SLIDE</type></slide><slide><author>hagand</author><id>81241</id><index>40</index><type>SLIDE</type></slide><slide><author>hagand</author><id>81242</id><index>41</index><type>SLIDE</type></slide><slide><author>hagand</author><id>81243</id><index>42</index><type>SLIDE</type></slide><slide><author>hagand</author><id>81244</id><index>43</index><type>SLIDE</type></slide><slide><author>hagand</author><id>81245</id><index>44</index><type>SLIDE</type></slide><slide><author>hagand</author><id>81246</id><index>45</index><type>SLIDE</type></slide><slide><author>hagand</author><id>81247</id><index>46</index><type>SLIDE</type></slide><slide><author>hagand</author><id>81248</id><index>47</index><type>SLIDE</type></slide><slide><author>hagand</author><id>81249</id><index>48</index><type>SLIDE</type></slide><slide><author>hagand</author><id>81250</id><index>49</index><type>SLIDE</type></slide><slide><author>hagand</author><id>81251</id><index>50</index><type>SLIDE</type></slide><slide><author>hagand</author><id>81252</id><index>51</index><type>SLIDE</type></slide><slide><author>hagand</author><id>81253</id><index>52</index><type>SLIDE</type></slide><slide><author>hagand</author><id>81254</id><index>53</index><type>SLIDE</type></slide><slide><author>hagand</author><id>81255</id><index>54</index><type>SLIDE</type></slide><slide><author>hagand</author><id>81256</id><index>55</index><type>SLIDE</type></slide><slide><author>hagand</author><id>81257</id><index>56</index><type>SLIDE</type></slide><slide><author>hagand</author><id>81258</id><index>57</index><type>SLIDE</type></slide><slide><author>hagand</author><id>81259</id><index>58</index><type>SLIDE</type></slide><slide><author>hagand</author><id>81260</id><index>59</index><type>SLIDE</type></slide><slide><author>hagand</author><id>81261</id><index>60</index><type>SLIDE</type></slide><slide><author>hagand</author><id>81262</id><index>61</index><type>SLIDE</type></slide><slide><author>hagand</author><id>81263</id><index>62</index><type>SLIDE</type></slide><slide><author>hagand</author><id>81264</id><index>63</index><type>SLIDE</type></slide><slide><author>hagand</author><id>81265</id><index>64</index><type>SLIDE</type></slide><slide><author>hagand</author><id>81266</id><index>65</index><type>SLIDE</type></slide><slide><author>hagand</author><id>81267</id><index>66</index><type>SLIDE</type></slide><slide><author>hagand</author><id>81268</id><index>67</index><type>SLIDE</type></slide><slide><author>hagand</author><id>81269</id><index>68</index><type>SLIDE</type></slide><slide><author>hagand</author><id>81270</id><index>69</index><type>SLIDE</type></slide></conversation>