<conversation><title>(Nasty powerpoint) chagan at 9/11/2010 11:14:40 AM</title><author>chagan</author><created>9/11/2010 11:14:44 AM</created><lastAccessed>9/11/2010 11:14:40 AM</lastAccessed><tag>unTagged</tag><subject>Unrestricted</subject><jid>146800</jid><permissions><studentCanPublish>false</studentCanPublish><studentCanOpenFriends>false</studentCanOpenFriends><usersAreCompulsorilySynced>true</usersAreCompulsorilySynced></permissions><slide><author>chagan</author><id>146801</id><index>0</index><defaultHeight>540</defaultHeight><defaultWidth>720</defaultWidth><exposed>False</exposed><type>SLIDE</type></slide></conversation>