<conversation><title>Google talk</title><author>hagand</author><created>28/06/2010 5:36:22 PM</created><tag>google</tag><subject>hagand</subject><jid>1026400</jid><permissions><studentCanPublish>true</studentCanPublish><studentCanOpenFriends>true</studentCanOpenFriends><usersAreCompulsorilySynced>false</usersAreCompulsorilySynced></permissions><slide><author>hagand</author><id>1026401</id><index>0</index><type>SLIDE</type></slide><slide><author>hagand</author><id>1026402</id><index>1</index><type>SLIDE</type></slide><slide><author>hagand</author><id>1026403</id><index>2</index><type>SLIDE</type></slide><slide><author>hagand</author><id>1026404</id><index>3</index><type>SLIDE</type></slide></conversation>