<conversation><title>BEH2501</title><author>lsheen</author><created>25/02/2010 1:41:42 PM</created><tag>Evaluation Models</tag><subject>Unrestricted</subject><jid>628400</jid><permissions><studentCanPublish>false</studentCanPublish><studentCanOpenFriends>false</studentCanOpenFriends><usersAreCompulsorilySynced>true</usersAreCompulsorilySynced></permissions><slide><author>lsheen</author><id>628401</id><index>0</index><type>SLIDE</type></slide><slide><author>lsheen</author><id>628402</id><index>1</index><type>SLIDE</type></slide><slide><author>lsheen</author><id>628403</id><index>2</index><type>SLIDE</type></slide><slide><author>lsheen</author><id>628404</id><index>3</index><type>SLIDE</type></slide><slide><author>lsheen</author><id>628405</id><index>4</index><type>SLIDE</type></slide><slide><author>lsheen</author><id>628406</id><index>5</index><type>SLIDE</type></slide><slide><author>lsheen</author><id>628407</id><index>6</index><type>SLIDE</type></slide><slide><author>lsheen</author><id>628408</id><index>7</index><type>SLIDE</type></slide><slide><author>lsheen</author><id>628409</id><index>8</index><type>SLIDE</type></slide><slide><author>lsheen</author><id>628410</id><index>9</index><type>SLIDE</type></slide><slide><author>lsheen</author><id>628411</id><index>10</index><type>SLIDE</type></slide><slide><author>lsheen</author><id>628412</id><index>11</index><type>SLIDE</type></slide><slide><author>lsheen</author><id>628413</id><index>12</index><type>SLIDE</type></slide><slide><author>lsheen</author><id>628414</id><index>13</index><type>SLIDE</type></slide><slide><author>lsheen</author><id>628415</id><index>14</index><type>SLIDE</type></slide><slide><author>lsheen</author><id>628416</id><index>15</index><type>SLIDE</type></slide><slide><author>lsheen</author><id>628417</id><index>16</index><type>SLIDE</type></slide><slide><author>lsheen</author><id>628418</id><index>17</index><type>SLIDE</type></slide><slide><author>lsheen</author><id>628419</id><index>18</index><type>SLIDE</type></slide><slide><author>lsheen</author><id>628420</id><index>19</index><type>SLIDE</type></slide><slide><author>lsheen</author><id>628421</id><index>20</index><type>SLIDE</type></slide><slide><author>lsheen</author><id>628422</id><index>21</index><type>SLIDE</type></slide><slide><author>lsheen</author><id>628423</id><index>22</index><type>SLIDE</type></slide><slide><author>lsheen</author><id>628424</id><index>23</index><type>SLIDE</type></slide><slide><author>lsheen</author><id>628425</id><index>24</index><type>SLIDE</type></slide><slide><author>lsheen</author><id>628426</id><index>25</index><type>SLIDE</type></slide><slide><author>lsheen</author><id>628427</id><index>26</index><type>SLIDE</type></slide><slide><author>lsheen</author><id>628428</id><index>27</index><type>SLIDE</type></slide><slide><author>lsheen</author><id>628429</id><index>28</index><type>SLIDE</type></slide><slide><author>lsheen</author><id>628430</id><index>29</index><type>SLIDE</type></slide><slide><author>lsheen</author><id>628431</id><index>30</index><type>SLIDE</type></slide><slide><author>lsheen</author><id>628432</id><index>31</index><type>SLIDE</type></slide><slide><author>lsheen</author><id>628433</id><index>32</index><type>SLIDE</type></slide></conversation>