<conversation><title>powerpointing</title><author>chagan</author><created>8/06/2010 5:15:35 PM</created><tag>unTagged</tag><subject>chagan</subject><jid>46000</jid><permissions><studentCanPublish>false</studentCanPublish><studentCanOpenFriends>false</studentCanOpenFriends><usersAreCompulsorilySynced>true</usersAreCompulsorilySynced></permissions><slide><author>chagan</author><id>46001</id><index>0</index><type>SLIDE</type></slide><slide><author>chagan</author><id>46002</id><index>1</index><type>SLIDE</type></slide><slide><author>chagan</author><id>46003</id><index>2</index><type>SLIDE</type></slide><slide><author>chagan</author><id>46004</id><index>3</index><type>SLIDE</type></slide><slide><author>chagan</author><id>46005</id><index>4</index><type>SLIDE</type></slide><slide><author>chagan</author><id>46006</id><index>5</index><type>SLIDE</type></slide><slide><author>chagan</author><id>46007</id><index>6</index><type>SLIDE</type></slide><slide><author>chagan</author><id>46008</id><index>7</index><type>SLIDE</type></slide><slide><author>chagan</author><id>46009</id><index>8</index><type>SLIDE</type></slide><slide><author>chagan</author><id>46010</id><index>9</index><type>SLIDE</type></slide><slide><author>chagan</author><id>46011</id><index>10</index><type>SLIDE</type></slide><slide><author>chagan</author><id>46012</id><index>11</index><type>SLIDE</type></slide><slide><author>chagan</author><id>46013</id><index>12</index><type>SLIDE</type></slide><slide><author>chagan</author><id>46014</id><index>13</index><type>SLIDE</type></slide><slide><author>chagan</author><id>46015</id><index>14</index><type>SLIDE</type></slide><slide><author>chagan</author><id>46016</id><index>15</index><type>SLIDE</type></slide><slide><author>chagan</author><id>46017</id><index>16</index><type>SLIDE</type></slide><slide><author>chagan</author><id>46018</id><index>17</index><type>SLIDE</type></slide><slide><author>chagan</author><id>46019</id><index>18</index><type>SLIDE</type></slide><slide><author>chagan</author><id>46020</id><index>19</index><type>SLIDE</type></slide><slide><author>chagan</author><id>46021</id><index>20</index><type>SLIDE</type></slide><slide><author>chagan</author><id>46022</id><index>21</index><type>SLIDE</type></slide><slide><author>chagan</author><id>46023</id><index>22</index><type>SLIDE</type></slide><slide><author>chagan</author><id>46024</id><index>23</index><type>SLIDE</type></slide><slide><author>chagan</author><id>46025</id><index>24</index><type>SLIDE</type></slide><slide><author>chagan</author><id>46026</id><index>25</index><type>SLIDE</type></slide><slide><author>chagan</author><id>46027</id><index>26</index><type>SLIDE</type></slide><slide><author>chagan</author><id>46028</id><index>27</index><type>SLIDE</type></slide><slide><author>chagan</author><id>46029</id><index>28</index><type>SLIDE</type></slide><slide><author>chagan</author><id>46030</id><index>29</index><type>SLIDE</type></slide><slide><author>chagan</author><id>46031</id><index>30</index><type>SLIDE</type></slide><slide><author>chagan</author><id>46032</id><index>31</index><type>SLIDE</type></slide><slide><author>chagan</author><id>46033</id><index>32</index><type>SLIDE</type></slide><slide><author>chagan</author><id>46034</id><index>33</index><type>SLIDE</type></slide><slide><author>chagan</author><id>46035</id><index>34</index><type>SLIDE</type></slide><slide><author>chagan</author><id>46036</id><index>35</index><type>SLIDE</type></slide><slide><author>chagan</author><id>46037</id><index>36</index><type>SLIDE</type></slide></conversation>