<conversation><title>robits2k713</title><author>hagand</author><created>12/07/2010 5:26:48 PM</created><tag></tag><subject>Unrestricted</subject><jid>70200</jid><permissions><studentCanPublish>false</studentCanPublish><studentCanOpenFriends>false</studentCanOpenFriends><usersAreCompulsorilySynced>true</usersAreCompulsorilySynced></permissions><slide><author>hagand</author><id>70201</id><index>0</index><type>SLIDE</type></slide><slide><author>hagand</author><id>70202</id><index>1</index><type>SLIDE</type></slide><slide><author>hagand</author><id>70203</id><index>2</index><type>SLIDE</type></slide></conversation>