<conversation><title>TessTuteweek5HSC1052Quiz</title><author>tessn</author><created>18/08/2010 8:02:34 AM</created><tag></tag><subject>tessn</subject><jid>1223400</jid><permissions><studentCanPublish>false</studentCanPublish><studentCanOpenFriends>false</studentCanOpenFriends><usersAreCompulsorilySynced>true</usersAreCompulsorilySynced></permissions><slide><author>tessn</author><id>1223401</id><index>0</index><type>SLIDE</type></slide><slide><author>tessn</author><id>1223402</id><index>1</index><type>SLIDE</type></slide></conversation>