<conversation><title>tthur1</title><author>tthur1</author><created>25/03/2010 11:52:15 AM</created><tag></tag><subject>tthur1</subject><jid>831400</jid><permissions><studentCanPublish>false</studentCanPublish><studentCanOpenFriends>false</studentCanOpenFriends><usersAreCompulsorilySynced>true</usersAreCompulsorilySynced></permissions><slide><author>tthur1</author><id>831401</id><index>0</index><type>SLIDE</type></slide><slide><author>tthur1</author><id>831402</id><index>1</index><type>SLIDE</type></slide></conversation>