<conversation><title>pasdfasdf</title><author>hagand</author><created>8/06/2010 5:39:44 PM</created><tag>unTagged</tag><subject>Unrestricted</subject><jid>46800</jid><permissions><studentCanPublish>false</studentCanPublish><studentCanOpenFriends>false</studentCanOpenFriends><usersAreCompulsorilySynced>true</usersAreCompulsorilySynced></permissions><slide><author>hagand</author><id>46801</id><index>0</index><type>SLIDE</type></slide><slide><author>hagand</author><id>46802</id><index>1</index><type>SLIDE</type></slide><slide><author>hagand</author><id>46803</id><index>2</index><type>SLIDE</type></slide><slide><author>hagand</author><id>46804</id><index>3</index><type>SLIDE</type></slide></conversation>