<conversation><title>stats draft 22/2</title><author>eastwood</author><created>22/02/2010 3:00:25 PM</created><tag></tag><subject>eastwood</subject><jid>609400</jid><permissions><studentCanPublish>false</studentCanPublish><studentCanOpenFriends>false</studentCanOpenFriends><usersAreCompulsorilySynced>true</usersAreCompulsorilySynced></permissions><slide><author>eastwood</author><id>609401</id><index>0</index><type>SLIDE</type></slide><slide><author>eastwood</author><id>609402</id><index>1</index><type>SLIDE</type></slide><slide><author>eastwood</author><id>609403</id><index>2</index><type>SLIDE</type></slide><slide><author>eastwood</author><id>609404</id><index>3</index><type>SLIDE</type></slide><slide><author>eastwood</author><id>609405</id><index>4</index><type>SLIDE</type></slide><slide><author>eastwood</author><id>609406</id><index>5</index><type>SLIDE</type></slide><slide><author>eastwood</author><id>609407</id><index>6</index><type>SLIDE</type></slide><slide><author>eastwood</author><id>609408</id><index>7</index><type>SLIDE</type></slide><slide><author>eastwood</author><id>609409</id><index>8</index><type>SLIDE</type></slide><slide><author>eastwood</author><id>609410</id><index>9</index><type>SLIDE</type></slide><slide><author>eastwood</author><id>609411</id><index>10</index><type>SLIDE</type></slide><slide><author>eastwood</author><id>609412</id><index>11</index><type>SLIDE</type></slide><slide><author>eastwood</author><id>609413</id><index>12</index><type>SLIDE</type></slide><slide><author>eastwood</author><id>609414</id><index>13</index><type>SLIDE</type></slide><slide><author>eastwood</author><id>609415</id><index>14</index><type>SLIDE</type></slide><slide><author>eastwood</author><id>609416</id><index>15</index><type>SLIDE</type></slide><slide><author>eastwood</author><id>609417</id><index>16</index><type>SLIDE</type></slide><slide><author>eastwood</author><id>609418</id><index>17</index><type>SLIDE</type></slide><slide><author>eastwood</author><id>609419</id><index>18</index><type>SLIDE</type></slide><slide><author>eastwood</author><id>609420</id><index>19</index><type>SLIDE</type></slide><slide><author>eastwood</author><id>609421</id><index>20</index><type>SLIDE</type></slide><slide><author>eastwood</author><id>609422</id><index>21</index><type>SLIDE</type></slide><slide><author>eastwood</author><id>609423</id><index>22</index><type>SLIDE</type></slide><slide><author>eastwood</author><id>609424</id><index>23</index><type>SLIDE</type></slide><slide><author>eastwood</author><id>609425</id><index>24</index><type>SLIDE</type></slide><slide><author>eastwood</author><id>609426</id><index>25</index><type>SLIDE</type></slide><slide><author>eastwood</author><id>609427</id><index>26</index><type>SLIDE</type></slide><slide><author>eastwood</author><id>609428</id><index>27</index><type>SLIDE</type></slide><slide><author>eastwood</author><id>609429</id><index>28</index><type>SLIDE</type></slide><slide><author>eastwood</author><id>609430</id><index>29</index><type>SLIDE</type></slide><slide><author>eastwood</author><id>609431</id><index>30</index><type>SLIDE</type></slide><slide><author>eastwood</author><id>609432</id><index>31</index><type>SLIDE</type></slide><slide><author>eastwood</author><id>609433</id><index>32</index><type>SLIDE</type></slide><slide><author>eastwood</author><id>609434</id><index>33</index><type>SLIDE</type></slide><slide><author>eastwood</author><id>609435</id><index>34</index><type>SLIDE</type></slide><slide><author>eastwood</author><id>609436</id><index>35</index><type>SLIDE</type></slide><slide><author>eastwood</author><id>609437</id><index>36</index><type>SLIDE</type></slide><slide><author>eastwood</author><id>609438</id><index>37</index><type>SLIDE</type></slide><slide><author>eastwood</author><id>609439</id><index>38</index><type>SLIDE</type></slide><slide><author>eastwood</author><id>609440</id><index>39</index><type>SLIDE</type></slide><slide><author>eastwood</author><id>609441</id><index>40</index><type>SLIDE</type></slide><slide><author>eastwood</author><id>609442</id><index>41</index><type>SLIDE</type></slide><slide><author>eastwood</author><id>609443</id><index>42</index><type>SLIDE</type></slide><slide><author>eastwood</author><id>609444</id><index>43</index><type>SLIDE</type></slide><slide><author>eastwood</author><id>609445</id><index>44</index><type>SLIDE</type></slide><slide><author>eastwood</author><id>609446</id><index>45</index><type>SLIDE</type></slide><slide><author>eastwood</author><id>609447</id><index>46</index><type>SLIDE</type></slide><slide><author>eastwood</author><id>609448</id><index>47</index><type>SLIDE</type></slide><slide><author>eastwood</author><id>609449</id><index>48</index><type>SLIDE</type></slide><slide><author>eastwood</author><id>609450</id><index>49</index><type>SLIDE</type></slide><slide><author>eastwood</author><id>609451</id><index>50</index><type>SLIDE</type></slide></conversation>