<conversation><title>sajames at 25/10/2010 3:13:43 PM</title><author>sajames</author><created>25/10/2010 3:13:43 PM</created><lastAccessed>25/10/2010 3:13:43 PM</lastAccessed><tag>unTagged</tag><subject>Deleted</subject><jid>127000</jid><permissions><studentCanPublish>false</studentCanPublish><studentCanOpenFriends>false</studentCanOpenFriends><usersAreCompulsorilySynced>true</usersAreCompulsorilySynced></permissions><slide><author>sajames</author><id>127001</id><index>0</index><defaultHeight>540</defaultHeight><defaultWidth>720</defaultWidth><exposed>False</exposed><type>SLIDE</type></slide></conversation>