<logCollection date='{2010,3,2}'><message xml:lang='en' to='642413@conference.reifier.adm.monash.edu.au' from='eastwood@reifier.adm.monash.edu.au' type='groupchat' time='1267499842194'><image xmlns='monash:metl'><tag>{&quot;author&quot;:&quot;eastwood&quot;,&quot;privacy&quot;:&quot;public&quot;,&quot;id&quot;:&quot;eastwood:2/03/2010 2:19:06 PM:0&quot;,&quot;isBackground&quot;:true,&quot;zIndex&quot;:0}</tag><source>/Resource/642413/background40.jpg</source><width>NaN</width><height>NaN</height><x>0</x><y>0</y><author>eastwood</author><target>presentationSpace</target><privacy>public</privacy><slide>642413</slide><identity>eastwood:2/03/2010 2:19:06 PM:0</identity></image></message><message xml:lang='en' to='642413@conference.reifier.adm.monash.edu.au' from='eastwood@reifier.adm.monash.edu.au' type='groupchat' time='1267499842398'><image xmlns='monash:metl'><tag>{&quot;author&quot;:&quot;eastwood&quot;,&quot;privacy&quot;:&quot;public&quot;,&quot;id&quot;:&quot;eastwood:2/03/2010 2:19:06 PM:1&quot;,&quot;isBackground&quot;:false,&quot;zIndex&quot;:0}</tag><source>/Resource/642413/background41.jpg</source><width>NaN</width><height>NaN</height><x>54</x><y>179.25</y><author>eastwood</author><target>presentationSpace</target><privacy>public</privacy><slide>642413</slide><identity>eastwood:2/03/2010 2:19:06 PM:1</identity></image></message><message xml:lang='en' to='642413@conference.reifier.adm.monash.edu.au' from='eastwood@reifier.adm.monash.edu.au' type='groupchat' time='1267499842415'><image xmlns='monash:metl'><tag>{&quot;author&quot;:&quot;eastwood&quot;,&quot;privacy&quot;:&quot;public&quot;,&quot;id&quot;:&quot;eastwood:2/03/2010 2:19:06 PM:2&quot;,&quot;isBackground&quot;:false,&quot;zIndex&quot;:0}</tag><source>/Resource/642413/background42.jpg</source><width>NaN</width><height>NaN</height><x>366</x><y>179.25</y><author>eastwood</author><target>presentationSpace</target><privacy>public</privacy><slide>642413</slide><identity>eastwood:2/03/2010 2:19:06 PM:2</identity></image></message><message xml:lang='en' to='642413@conference.reifier.adm.monash.edu.au' from='eastwood@reifier.adm.monash.edu.au' type='groupchat' time='1267499842433'><image xmlns='monash:metl'><tag>{&quot;author&quot;:&quot;eastwood&quot;,&quot;privacy&quot;:&quot;public&quot;,&quot;id&quot;:&quot;eastwood:2/03/2010 2:19:06 PM:3&quot;,&quot;isBackground&quot;:false,&quot;zIndex&quot;:0}</tag><source>/Resource/642413/background43.jpg</source><width>NaN</width><height>NaN</height><x>174</x><y>138</y><author>eastwood</author><target>presentationSpace</target><privacy>public</privacy><slide>642413</slide><identity>eastwood:2/03/2010 2:19:06 PM:3</identity></image></message><message xml:lang='en' to='642413@conference.reifier.adm.monash.edu.au' from='eastwood@reifier.adm.monash.edu.au' type='groupchat' time='1267499842505'><image xmlns='monash:metl'><tag>{&quot;author&quot;:&quot;eastwood&quot;,&quot;privacy&quot;:&quot;public&quot;,&quot;id&quot;:&quot;eastwood:2/03/2010 2:19:06 PM:4&quot;,&quot;isBackground&quot;:false,&quot;zIndex&quot;:0}</tag><source>/Resource/642413/background44.jpg</source><width>NaN</width><height>NaN</height><x>507</x><y>141</y><author>eastwood</author><target>presentationSpace</target><privacy>public</privacy><slide>642413</slide><identity>eastwood:2/03/2010 2:19:06 PM:4</identity></image></message><message xml:lang='en' to='642413@conference.reifier.adm.monash.edu.au' from='eastwood@reifier.adm.monash.edu.au' type='groupchat' time='1267499842509'><image xmlns='monash:metl'><tag>{&quot;author&quot;:&quot;eastwood&quot;,&quot;privacy&quot;:&quot;public&quot;,&quot;id&quot;:&quot;eastwood:2/03/2010 2:19:06 PM:5&quot;,&quot;isBackground&quot;:false,&quot;zIndex&quot;:0}</tag><source>/Resource/642413/background45.jpg</source><width>NaN</width><height>NaN</height><x>0</x><y>31.5</y><author>eastwood</author><target>presentationSpace</target><privacy>public</privacy><slide>642413</slide><identity>eastwood:2/03/2010 2:19:06 PM:5</identity></image></message>