<conversation><title>beards - Copy will it break?</title><author>sajames</author><created>22/09/2010 10:14:03 AM</created><tag>unTagged</tag><subject>Unrestricted</subject><jid>101200</jid><permissions><studentCanPublish>false</studentCanPublish><studentCanOpenFriends>false</studentCanOpenFriends><usersAreCompulsorilySynced>true</usersAreCompulsorilySynced></permissions><slide><author>sajames</author><id>101201</id><index>0</index><defaultHeight>1080</defaultHeight><defaultWidth>1440</defaultWidth><exposed>False</exposed><type>SLIDE</type></slide><slide><author>sajames</author><id>101202</id><index>1</index><defaultHeight>1080</defaultHeight><defaultWidth>1440</defaultWidth><exposed>False</exposed><type>SLIDE</type></slide><slide><author>sajames</author><id>101203</id><index>2</index><defaultHeight>1080</defaultHeight><defaultWidth>1440</defaultWidth><exposed>False</exposed><type>SLIDE</type></slide><slide><author>sajames</author><id>101204</id><index>3</index><defaultHeight>1080</defaultHeight><defaultWidth>1440</defaultWidth><exposed>False</exposed><type>SLIDE</type></slide><slide><author>sajames</author><id>101205</id><index>4</index><defaultHeight>1080</defaultHeight><defaultWidth>1440</defaultWidth><exposed>False</exposed><type>SLIDE</type></slide></conversation>