<conversation><title>Intro to Tablets</title><author>micphill</author><created>11/10/2010 2:39:05 PM</created><tag></tag><subject>Unrestricted</subject><jid>1411400</jid><permissions><studentCanPublish>true</studentCanPublish><studentCanOpenFriends>true</studentCanOpenFriends><usersAreCompulsorilySynced>false</usersAreCompulsorilySynced></permissions><slide><author>micphill</author><id>1411401</id><index>0</index><type>SLIDE</type></slide><slide><author>micphill</author><id>1411402</id><index>1</index><type>SLIDE</type></slide></conversation>