<conversation><title>actualy dozen deaths!</title><author>bhughes</author><created>13/08/2010 12:41:06 PM</created><tag>unTagged</tag><subject>bhughes</subject><jid>1210400</jid><permissions><studentCanPublish>false</studentCanPublish><studentCanOpenFriends>false</studentCanOpenFriends><usersAreCompulsorilySynced>true</usersAreCompulsorilySynced></permissions><slide><author>bhughes</author><id>1210401</id><index>0</index><defaultHeight>540</defaultHeight><defaultWidth>720</defaultWidth><exposed>False</exposed><type>SLIDE</type></slide></conversation>