<conversation><title>25/03/10</title><author>tcol11</author><created>25/03/2010 1:47:39 PM</created><tag></tag><subject>Unrestricted</subject><jid>814400</jid><permissions><studentCanPublish>true</studentCanPublish><studentCanOpenFriends>true</studentCanOpenFriends><usersAreCompulsorilySynced>false</usersAreCompulsorilySynced></permissions><slide><author>tcol11</author><id>814401</id><index>0</index><type>SLIDE</type></slide><slide><author>tcol11</author><id>814404</id><index>1</index><type>SLIDE</type></slide><slide><author>tcol11</author><id>814403</id><index>2</index><type>SLIDE</type></slide><slide><author>tcol11</author><id>814406</id><index>3</index><type>SLIDE</type></slide><slide><author>tcol11</author><id>814402</id><index>4</index><type>SLIDE</type></slide><slide><author>tcol11</author><id>814405</id><index>5</index><type>SLIDE</type></slide></conversation>