<conversation><title>HSC1052 quiz wk5</title><author>ctobin</author><created>18/08/2010 10:28:59 AM</created><tag></tag><subject>ctobin</subject><jid>1229400</jid><permissions><studentCanPublish>false</studentCanPublish><studentCanOpenFriends>false</studentCanOpenFriends><usersAreCompulsorilySynced>true</usersAreCompulsorilySynced></permissions><slide><author>ctobin</author><id>1229401</id><index>0</index><type>SLIDE</type></slide><slide><author>ctobin</author><id>1229402</id><index>1</index><type>SLIDE</type></slide></conversation>