<logCollection date='{2010,11,3}'><message xml:lang='en' to='1542401@conference.deified.adm.monash.edu.au' from='bhughes@deified.adm.monash.edu.au/634243921914620443' type='groupchat' time='1288756056425'><ink xmlns='monash:metl'><checksum>2008.5</checksum><startingSum>2008.5</startingSum><points>51.2 30.6 49 47.6 31.9 87 43.7 34.3 122 40.7 37.5 159 38.7 41 175 39 46 182 40.8 52.2 189 44.1 59.4 194 48 66.8 199 52.1 73.8 203 55 79.7 207 55.9 84.3 209 54.4 87.3 210 51.2 89 206 47.6 89.6 167 44.9 88.8 128 44.3 87 89 45.5 84.6 48</points><color>0 0 255 255</color><thickness>1.9047619047619</thickness><highlight>False</highlight><author>bhughes</author><target>presentationSpace</target><privacy>public</privacy><slide>1542401</slide></ink></message><message xml:lang='en' to='1542401@conference.deified.adm.monash.edu.au' from='bhughes@deified.adm.monash.edu.au/634243921914620443' type='groupchat' time='1288756056966'><ink xmlns='monash:metl'><checksum>1582.7</checksum><startingSum>1582.7</startingSum><points>74 71.3 67 74.1 72.2 106 74.7 72.5 144 75.2 71.8 182 75.7 71.1 195 75.2 70.2 199 74.2 68.7 195 73.4 66.8 156 73.6 65.3 115 74.9 64.9 75 77.3 65.6 35</points><color>0 0 255 255</color><thickness>1.9047619047619</thickness><highlight>False</highlight><author>bhughes</author><target>presentationSpace</target><privacy>public</privacy><slide>1542401</slide></ink></message><message xml:lang='en' to='1542401@conference.deified.adm.monash.edu.au' from='bhughes@deified.adm.monash.edu.au/634243921914620443' type='groupchat' time='1288756057852'><ink xmlns='monash:metl'><checksum>4183.8</checksum><startingSum>4183.8</startingSum><points>93 66.9 60 92.9 69.7 101 93.2 72.4 141 93.1 74.1 180 93 74.9 196 92.7 74.1 203 92.4 72.3 206 92 69 208 92.3 65.1 208 92.8 61.7 208 93.4 59.5 208 94.1 59 208 94.7 60.1 210 95.2 61.9 211 95.9 63.9 212 96.7 65.9 213 97.5 68.1 213 98.8 69.9 214 100.8 71.3 216 103.8 72.4 217 107.1 73.3 210 110.7 74.1 171 113.8 74 130 116.4 73.5 89 118.3 72.1 48</points><color>0 0 255 255</color><thickness>1.9047619047619</thickness><highlight>False</highlight><author>bhughes</author><target>presentationSpace</target><privacy>public</privacy><slide>1542401</slide></ink></message><message xml:lang='en' to='1542401@conference.deified.adm.monash.edu.au' from='bhughes@deified.adm.monash.edu.au/634243921914620443' type='groupchat' time='1288756058589'><ink xmlns='monash:metl'><checksum>4113.5</checksum><startingSum>4113.5</startingSum><points>119.3 66.3 75 119.1 67.8 116 118.9 68.6 155 118.4 67.9 195 118.3 66.2 206 118.3 63.3 211 118.7 59.8 212 119.3 56.4 212 120.1 53.7 212 120.5 52.2 212 120.5 52.2 212 121.4 53.6 213 121.9 56.2 214 122.6 59.1 215 123.6 62.1 216 125.1 64.8 218 127.4 66.9 219 130.6 68 213 134.2 67.8 174 138.3 67 132 142.3 65.3 92 145.9 63.6 49</points><color>0 0 255 255</color><thickness>1.9047619047619</thickness><highlight>False</highlight><author>bhughes</author><target>presentationSpace</target><privacy>public</privacy><slide>1542401</slide></ink></message><message xml:lang='en' to='1542401@conference.deified.adm.monash.edu.au' from='bhughes@deified.adm.monash.edu.au/634243921914620443' type='groupchat' time='1288756059090'><ink xmlns='monash:metl'><checksum>2797.5</checksum><startingSum>2797.5</startingSum><points>150.5 49 83 152 47.9 125 154.1 46.6 164 156.8 45.6 204 159 45.4 212 160.9 46.9 215 162.2 49.9 217 163.3 53.8 220 163.8 58.5 219 163.4 63.9 180 162.5 69.2 140 161.4 73.5 101 161 76.4 60</points><color>0 0 255 255</color><thickness>1.9047619047619</thickness><highlight>False</highlight><author>bhughes</author><target>presentationSpace</target><privacy>public</privacy><slide>1542401</slide></ink></message>