<conversation><title>stupid skynet</title><author>sajames</author><created>15/06/2010 2:10:18 PM</created><tag>unTagged</tag><subject>sajames</subject><jid>51400</jid><permissions><studentCanPublish>false</studentCanPublish><studentCanOpenFriends>false</studentCanOpenFriends><usersAreCompulsorilySynced>true</usersAreCompulsorilySynced></permissions><slide><author>sajames</author><id>51401</id><index>0</index><exposed>False</exposed><type>SLIDE</type></slide><slide><author>sajames</author><id>51403</id><index>1</index><exposed>False</exposed><type>SLIDE</type></slide><slide><author>sajames</author><id>51402</id><index>2</index><exposed>False</exposed><type>THOUGHT</type></slide></conversation>