<conversation><title>ppt70import</title><author>hagand</author><created>16/07/2010 5:26:39 PM</created><tag></tag><subject>Unrestricted</subject><jid>81600</jid><permissions><studentCanPublish>false</studentCanPublish><studentCanOpenFriends>false</studentCanOpenFriends><usersAreCompulsorilySynced>true</usersAreCompulsorilySynced></permissions><slide><author>hagand</author><id>81601</id><index>0</index><type>SLIDE</type></slide><slide><author>hagand</author><id>81602</id><index>1</index><type>SLIDE</type></slide><slide><author>hagand</author><id>81603</id><index>2</index><type>SLIDE</type></slide><slide><author>hagand</author><id>81604</id><index>3</index><type>SLIDE</type></slide><slide><author>hagand</author><id>81605</id><index>4</index><type>SLIDE</type></slide><slide><author>hagand</author><id>81606</id><index>5</index><type>SLIDE</type></slide><slide><author>hagand</author><id>81607</id><index>6</index><type>SLIDE</type></slide><slide><author>hagand</author><id>81608</id><index>7</index><type>SLIDE</type></slide><slide><author>hagand</author><id>81609</id><index>8</index><type>SLIDE</type></slide><slide><author>hagand</author><id>81610</id><index>9</index><type>SLIDE</type></slide><slide><author>hagand</author><id>81611</id><index>10</index><type>SLIDE</type></slide><slide><author>hagand</author><id>81612</id><index>11</index><type>SLIDE</type></slide><slide><author>hagand</author><id>81613</id><index>12</index><type>SLIDE</type></slide><slide><author>hagand</author><id>81614</id><index>13</index><type>SLIDE</type></slide><slide><author>hagand</author><id>81615</id><index>14</index><type>SLIDE</type></slide><slide><author>hagand</author><id>81616</id><index>15</index><type>SLIDE</type></slide><slide><author>hagand</author><id>81617</id><index>16</index><type>SLIDE</type></slide><slide><author>hagand</author><id>81618</id><index>17</index><type>SLIDE</type></slide><slide><author>hagand</author><id>81619</id><index>18</index><type>SLIDE</type></slide><slide><author>hagand</author><id>81620</id><index>19</index><type>SLIDE</type></slide><slide><author>hagand</author><id>81621</id><index>20</index><type>SLIDE</type></slide><slide><author>hagand</author><id>81622</id><index>21</index><type>SLIDE</type></slide><slide><author>hagand</author><id>81623</id><index>22</index><type>SLIDE</type></slide><slide><author>hagand</author><id>81624</id><index>23</index><type>SLIDE</type></slide><slide><author>hagand</author><id>81625</id><index>24</index><type>SLIDE</type></slide><slide><author>hagand</author><id>81626</id><index>25</index><type>SLIDE</type></slide><slide><author>hagand</author><id>81627</id><index>26</index><type>SLIDE</type></slide><slide><author>hagand</author><id>81628</id><index>27</index><type>SLIDE</type></slide><slide><author>hagand</author><id>81629</id><index>28</index><type>SLIDE</type></slide><slide><author>hagand</author><id>81630</id><index>29</index><type>SLIDE</type></slide><slide><author>hagand</author><id>81631</id><index>30</index><type>SLIDE</type></slide><slide><author>hagand</author><id>81632</id><index>31</index><type>SLIDE</type></slide><slide><author>hagand</author><id>81633</id><index>32</index><type>SLIDE</type></slide><slide><author>hagand</author><id>81634</id><index>33</index><type>SLIDE</type></slide><slide><author>hagand</author><id>81635</id><index>34</index><type>SLIDE</type></slide><slide><author>hagand</author><id>81636</id><index>35</index><type>SLIDE</type></slide><slide><author>hagand</author><id>81637</id><index>36</index><type>SLIDE</type></slide><slide><author>hagand</author><id>81638</id><index>37</index><type>SLIDE</type></slide><slide><author>hagand</author><id>81639</id><index>38</index><type>SLIDE</type></slide><slide><author>hagand</author><id>81640</id><index>39</index><type>SLIDE</type></slide><slide><author>hagand</author><id>81641</id><index>40</index><type>SLIDE</type></slide><slide><author>hagand</author><id>81642</id><index>41</index><type>SLIDE</type></slide><slide><author>hagand</author><id>81643</id><index>42</index><type>SLIDE</type></slide><slide><author>hagand</author><id>81644</id><index>43</index><type>SLIDE</type></slide><slide><author>hagand</author><id>81645</id><index>44</index><type>SLIDE</type></slide><slide><author>hagand</author><id>81646</id><index>45</index><type>SLIDE</type></slide><slide><author>hagand</author><id>81647</id><index>46</index><type>SLIDE</type></slide><slide><author>hagand</author><id>81648</id><index>47</index><type>SLIDE</type></slide><slide><author>hagand</author><id>81649</id><index>48</index><type>SLIDE</type></slide><slide><author>hagand</author><id>81650</id><index>49</index><type>SLIDE</type></slide><slide><author>hagand</author><id>81651</id><index>50</index><type>SLIDE</type></slide><slide><author>hagand</author><id>81652</id><index>51</index><type>SLIDE</type></slide><slide><author>hagand</author><id>81653</id><index>52</index><type>SLIDE</type></slide><slide><author>hagand</author><id>81654</id><index>53</index><type>SLIDE</type></slide><slide><author>hagand</author><id>81655</id><index>54</index><type>SLIDE</type></slide><slide><author>hagand</author><id>81656</id><index>55</index><type>SLIDE</type></slide><slide><author>hagand</author><id>81657</id><index>56</index><type>SLIDE</type></slide><slide><author>hagand</author><id>81658</id><index>57</index><type>SLIDE</type></slide><slide><author>hagand</author><id>81659</id><index>58</index><type>SLIDE</type></slide><slide><author>hagand</author><id>81660</id><index>59</index><type>SLIDE</type></slide><slide><author>hagand</author><id>81661</id><index>60</index><type>SLIDE</type></slide><slide><author>hagand</author><id>81662</id><index>61</index><type>SLIDE</type></slide><slide><author>hagand</author><id>81663</id><index>62</index><type>SLIDE</type></slide><slide><author>hagand</author><id>81664</id><index>63</index><type>SLIDE</type></slide><slide><author>hagand</author><id>81665</id><index>64</index><type>SLIDE</type></slide><slide><author>hagand</author><id>81666</id><index>65</index><type>SLIDE</type></slide><slide><author>hagand</author><id>81667</id><index>66</index><type>SLIDE</type></slide><slide><author>hagand</author><id>81668</id><index>67</index><type>SLIDE</type></slide><slide><author>hagand</author><id>81669</id><index>68</index><type>SLIDE</type></slide><slide><author>hagand</author><id>81670</id><index>69</index><type>SLIDE</type></slide></conversation>