<conversation><title>vulnerable 2</title><author>micphill</author><created>14/10/2010 2:33:33 PM</created><tag></tag><subject>Unrestricted</subject><jid>1431400</jid><permissions><studentCanPublish>true</studentCanPublish><studentCanOpenFriends>true</studentCanOpenFriends><usersAreCompulsorilySynced>false</usersAreCompulsorilySynced></permissions><slide><author>micphill</author><id>1431401</id><index>0</index><type>SLIDE</type></slide><slide><author>micphill</author><id>1431402</id><index>1</index><type>SLIDE</type></slide><slide><author>micphill</author><id>1431403</id><index>2</index><type>SLIDE</type></slide><slide><author>micphill</author><id>1431404</id><index>3</index><type>SLIDE</type></slide><slide><author>micphill</author><id>1431405</id><index>4</index><type>SLIDE</type></slide><slide><author>micphill</author><id>1431406</id><index>5</index><type>SLIDE</type></slide><slide><author>micphill</author><id>1431407</id><index>6</index><type>SLIDE</type></slide><slide><author>micphill</author><id>1431408</id><index>7</index><type>SLIDE</type></slide><slide><author>micphill</author><id>1431409</id><index>8</index><type>SLIDE</type></slide><slide><author>micphill</author><id>1431410</id><index>9</index><type>SLIDE</type></slide><slide><author>micphill</author><id>1431411</id><index>10</index><type>SLIDE</type></slide></conversation>