<conversation><title>MeTL demo SPP 20 April</title><author>wmck</author><created>19/04/2010 3:03:39 PM</created><tag>wmck</tag><subject>Unrestricted</subject><jid>912400</jid><permissions><studentCanPublish>true</studentCanPublish><studentCanOpenFriends>true</studentCanOpenFriends><usersAreCompulsorilySynced>false</usersAreCompulsorilySynced></permissions><slide><author>wmck</author><id>912401</id><index>0</index><type>SLIDE</type></slide><slide><author>wmck</author><id>912402</id><index>1</index><type>SLIDE</type></slide><slide><author>wmck</author><id>912403</id><index>2</index><type>SLIDE</type></slide><slide><author>wmck</author><id>912404</id><index>3</index><type>SLIDE</type></slide><slide><author>wmck</author><id>912405</id><index>4</index><type>SLIDE</type></slide><slide><author>wmck</author><id>912406</id><index>5</index><type>SLIDE</type></slide><slide><author>wmck</author><id>912407</id><index>6</index><type>SLIDE</type></slide><slide><author>wmck</author><id>912408</id><index>7</index><type>SLIDE</type></slide><slide><author>wmck</author><id>912409</id><index>8</index><type>SLIDE</type></slide></conversation>