<conversation><title>import MeTL tutorial slides </title><author>wmck</author><created>9/09/2010 10:20:29 AM</created><tag></tag><subject>Unrestricted</subject><jid>1333400</jid><permissions><studentCanPublish>true</studentCanPublish><studentCanOpenFriends>true</studentCanOpenFriends><usersAreCompulsorilySynced>false</usersAreCompulsorilySynced></permissions><slide><author>wmck</author><id>1333401</id><index>0</index><type>SLIDE</type></slide><slide><author>wmck</author><id>1333402</id><index>1</index><type>SLIDE</type></slide><slide><author>wmck</author><id>1333403</id><index>2</index><type>SLIDE</type></slide><slide><author>wmck</author><id>1333404</id><index>3</index><type>SLIDE</type></slide><slide><author>wmck</author><id>1333405</id><index>4</index><type>SLIDE</type></slide><slide><author>wmck</author><id>1333406</id><index>5</index><type>SLIDE</type></slide><slide><author>wmck</author><id>1333407</id><index>6</index><type>SLIDE</type></slide><slide><author>wmck</author><id>1333408</id><index>7</index><type>SLIDE</type></slide><slide><author>wmck</author><id>1333409</id><index>8</index><type>SLIDE</type></slide><slide><author>wmck</author><id>1333410</id><index>9</index><type>SLIDE</type></slide></conversation>