<conversation><title>gordon demo exact</title><author>hagand</author><created>6/07/2010 9:42:04 AM</created><tag>unTagged</tag><subject>Unrestricted</subject><jid>62600</jid><permissions><studentCanPublish>false</studentCanPublish><studentCanOpenFriends>false</studentCanOpenFriends><usersAreCompulsorilySynced>true</usersAreCompulsorilySynced></permissions><slide><author>hagand</author><id>62601</id><index>0</index><exposed>False</exposed><type>SLIDE</type></slide><slide><author>hagand</author><id>62602</id><index>1</index><exposed>False</exposed><type>SLIDE</type></slide><slide><author>hagand</author><id>62603</id><index>2</index><exposed>False</exposed><type>SLIDE</type></slide><slide><author>hagand</author><id>62604</id><index>3</index><exposed>False</exposed><type>SLIDE</type></slide><slide><author>hagand</author><id>62605</id><index>4</index><exposed>False</exposed><type>SLIDE</type></slide><slide><author>hagand</author><id>62606</id><index>5</index><exposed>False</exposed><type>SLIDE</type></slide><slide><author>hagand</author><id>62607</id><index>6</index><exposed>False</exposed><type>SLIDE</type></slide></conversation>