<conversation><title>2k7ssslide3</title><author>rossr</author><created>13/07/2010 10:05:20 AM</created><tag></tag><subject>Unrestricted</subject><jid>77800</jid><permissions><studentCanPublish>false</studentCanPublish><studentCanOpenFriends>false</studentCanOpenFriends><usersAreCompulsorilySynced>true</usersAreCompulsorilySynced></permissions><slide><author>rossr</author><id>77801</id><index>0</index><type>SLIDE</type></slide><slide><author>rossr</author><id>77804</id><index>1</index><type>SLIDE</type></slide><slide><author>rossr</author><id>77805</id><index>2</index><type>POLL</type></slide><slide><author>rossr</author><id>77802</id><index>3</index><type>SLIDE</type></slide><slide><author>rossr</author><id>77803</id><index>4</index><type>SLIDE</type></slide><slide><author>rossr</author><id>77806</id><index>5</index><type>SLIDE</type></slide></conversation>