<conversation><title>what</title><author>hagand</author><created>16/07/2010 10:25:32 AM</created><tag></tag><subject>Unrestricted</subject><jid>81000</jid><permissions><studentCanPublish>false</studentCanPublish><studentCanOpenFriends>false</studentCanOpenFriends><usersAreCompulsorilySynced>true</usersAreCompulsorilySynced></permissions><slide><author>hagand</author><id>81001</id><index>0</index><type>SLIDE</type></slide><slide><author>hagand</author><id>81002</id><index>1</index><type>SLIDE</type></slide><slide><author>hagand</author><id>81003</id><index>2</index><type>SLIDE</type></slide></conversation>