<conversation><title>pptbugtrack1</title><author>hagand</author><created>6/07/2010 1:27:06 PM</created><tag>unTagged</tag><subject>hagand</subject><jid>63200</jid><permissions><studentCanPublish>false</studentCanPublish><studentCanOpenFriends>false</studentCanOpenFriends><usersAreCompulsorilySynced>true</usersAreCompulsorilySynced></permissions><slide><author>hagand</author><id>63201</id><index>0</index><exposed>False</exposed><type>SLIDE</type></slide><slide><author>hagand</author><id>63202</id><index>1</index><exposed>False</exposed><type>SLIDE</type></slide><slide><author>hagand</author><id>63203</id><index>2</index><exposed>False</exposed><type>SLIDE</type></slide><slide><author>hagand</author><id>63204</id><index>3</index><exposed>False</exposed><type>SLIDE</type></slide><slide><author>hagand</author><id>63205</id><index>4</index><exposed>False</exposed><type>SLIDE</type></slide><slide><author>hagand</author><id>63206</id><index>5</index><exposed>False</exposed><type>SLIDE</type></slide><slide><author>hagand</author><id>63207</id><index>6</index><exposed>False</exposed><type>SLIDE</type></slide></conversation>