<conversation><title>F&amp;S &amp; eEC LS</title><author>nate</author><created>8/07/2010 1:13:52 PM</created><tag>eec</tag><subject>eEducation Centre</subject><jid>1037400</jid><permissions><studentCanPublish>true</studentCanPublish><studentCanOpenFriends>true</studentCanOpenFriends><usersAreCompulsorilySynced>false</usersAreCompulsorilySynced></permissions><slide><author>nate</author><id>1037401</id><index>0</index><type>SLIDE</type></slide><slide><author>nate</author><id>1037402</id><index>1</index><type>SLIDE</type></slide><slide><author>nate</author><id>1037403</id><index>2</index><type>SLIDE</type></slide></conversation>