<conversation><title>eEducation, eLearning, eResearch</title><author>gsanson</author><created>25/11/2010 12:37:36 PM</created><tag></tag><subject>Unrestricted</subject><jid>1627400</jid><permissions><studentCanPublish>true</studentCanPublish><studentCanOpenFriends>true</studentCanOpenFriends><usersAreCompulsorilySynced>false</usersAreCompulsorilySynced></permissions><slide><author>gsanson</author><id>1627401</id><index>0</index><type>SLIDE</type></slide><slide><author>gsanson</author><id>1627402</id><index>1</index><type>SLIDE</type></slide><slide><author>gsanson</author><id>1627403</id><index>2</index><type>SLIDE</type></slide><slide><author>gsanson</author><id>1627404</id><index>3</index><type>SLIDE</type></slide><slide><author>gsanson</author><id>1627405</id><index>4</index><type>SLIDE</type></slide><slide><author>gsanson</author><id>1627406</id><index>5</index><type>SLIDE</type></slide></conversation>