<conversation><title>Mick Test</title><author>micphill</author><created>10/08/2010 11:22:09 AM</created><tag>unTagged</tag><subject>micphill</subject><jid>94000</jid><permissions><studentCanPublish>false</studentCanPublish><studentCanOpenFriends>false</studentCanOpenFriends><usersAreCompulsorilySynced>true</usersAreCompulsorilySynced></permissions><slide><author>micphill</author><id>94001</id><index>0</index><defaultHeight>540</defaultHeight><defaultWidth>720</defaultWidth><exposed>False</exposed><type>SLIDE</type></slide><slide><author>micphill</author><id>94002</id><index>1</index><defaultHeight>540</defaultHeight><defaultWidth>720</defaultWidth><exposed>False</exposed><type>SLIDE</type></slide></conversation>