<conversation><title>add slide broken</title><author>dhag20</author><created>15/06/2010 12:14:24 PM</created><tag>unTagged</tag><subject>Unrestricted</subject><jid>51000</jid><permissions><studentCanPublish>false</studentCanPublish><studentCanOpenFriends>false</studentCanOpenFriends><usersAreCompulsorilySynced>true</usersAreCompulsorilySynced></permissions><slide><author>dhag20</author><id>51001</id><index>0</index><exposed>False</exposed><type>SLIDE</type></slide><slide><author>dhag20</author><id>51004</id><index>1</index><exposed>False</exposed><type>SLIDE</type></slide><slide><author>dhag20</author><id>51003</id><index>2</index><exposed>False</exposed><type>SLIDE</type></slide><slide><author>dhag20</author><id>51002</id><index>3</index><exposed>False</exposed><type>SLIDE</type></slide></conversation>