<conversation><title>ppt2k7FLEXpostStu</title><author>hagand</author><created>8/06/2010 4:54:33 PM</created><tag>unTagged</tag><subject>Unrestricted</subject><jid>45000</jid><permissions><studentCanPublish>false</studentCanPublish><studentCanOpenFriends>false</studentCanOpenFriends><usersAreCompulsorilySynced>true</usersAreCompulsorilySynced></permissions><slide><author>hagand</author><id>45001</id><index>0</index><type>SLIDE</type></slide><slide><author>hagand</author><id>45002</id><index>1</index><type>SLIDE</type></slide><slide><author>hagand</author><id>45003</id><index>2</index><type>SLIDE</type></slide><slide><author>hagand</author><id>45004</id><index>3</index><type>SLIDE</type></slide></conversation>