<conversation><title>(capslock) bhughes at 3/11/2010 10:46:23 AM</title><author>bhughes</author><created>3/11/2010 10:46:40 AM</created><lastAccessed>3/11/2010 10:46:23 AM</lastAccessed><tag>unTagged</tag><subject>Deleted</subject><jid>1524400</jid><permissions><studentCanPublish>false</studentCanPublish><studentCanOpenFriends>false</studentCanOpenFriends><usersAreCompulsorilySynced>true</usersAreCompulsorilySynced></permissions><slide><author>bhughes</author><id>1524401</id><index>0</index><defaultHeight>540</defaultHeight><defaultWidth>720</defaultWidth><exposed>False</exposed><type>SLIDE</type></slide></conversation>