<conversation><title>eLearning Advert for eEducation</title><author>enqeec</author><created>13/10/2010 11:55:33 AM</created><tag>eELarning Advert for eEducation</tag><subject>enqeec</subject><jid>1416400</jid><permissions><studentCanPublish>true</studentCanPublish><studentCanOpenFriends>true</studentCanOpenFriends><usersAreCompulsorilySynced>false</usersAreCompulsorilySynced></permissions><slide><author>enqeec</author><id>1416401</id><index>0</index><type>SLIDE</type></slide><slide><author>enqeec</author><id>1416402</id><index>1</index><type>SLIDE</type></slide></conversation>