<conversation><title>sizes</title><author>bhughes</author><created>29/07/2010 12:30:28 PM</created><tag>unTagged</tag><subject>Unrestricted</subject><jid>84600</jid><permissions><studentCanPublish>false</studentCanPublish><studentCanOpenFriends>false</studentCanOpenFriends><usersAreCompulsorilySynced>true</usersAreCompulsorilySynced></permissions><slide><author>bhughes</author><id>84601</id><index>0</index><defaultHeight>0</defaultHeight><defaultWidth>0</defaultWidth><exposed>False</exposed><type>SLIDE</type></slide></conversation>