<conversation><title>25 march 2010 neh Ax</title><author>lhjam2</author><created>25/03/2010 1:41:44 PM</created><tag></tag><subject>lhjam2</subject><jid>817400</jid><permissions><studentCanPublish>false</studentCanPublish><studentCanOpenFriends>false</studentCanOpenFriends><usersAreCompulsorilySynced>true</usersAreCompulsorilySynced></permissions><slide><author>lhjam2</author><id>817401</id><index>0</index><type>SLIDE</type></slide><slide><author>lhjam2</author><id>817402</id><index>1</index><type>SLIDE</type></slide><slide><author>lhjam2</author><id>817403</id><index>2</index><type>SLIDE</type></slide><slide><author>lhjam2</author><id>817407</id><index>6</index><type>SLIDE</type></slide><slide><author>lhjam2</author><id>817406</id><index>5</index><type>SLIDE</type></slide><slide><author>lhjam2</author><id>817410</id><index>9</index><type>SLIDE</type></slide><slide><author>lhjam2</author><id>817409</id><index>8</index><type>SLIDE</type></slide><slide><author>lhjam2</author><id>817411</id><index>10</index><type>SLIDE</type></slide><slide><author>lhjam2</author><id>817408</id><index>7</index><type>SLIDE</type></slide><slide><author>lhjam2</author><id>817405</id><index>4</index><type>SLIDE</type></slide><slide><author>lhjam2</author><id>817404</id><index>3</index><type>SLIDE</type></slide><slide><author>lhjam2</author><id>817412</id><index>11</index><type>SLIDE</type></slide><slide><author>lhjam2</author><id>817413</id><index>12</index><type>SLIDE</type></slide><slide><author>lhjam2</author><id>817414</id><index>13</index><type>SLIDE</type></slide></conversation>