<conversation><title>user2</title><author>gsanson</author><created>27/01/2010 10:27:31 AM</created><tag></tag><subject>Office of the Deputy Vice-Chancellor (Education)</subject><jid>411400</jid><permissions><studentCanPublish>true</studentCanPublish><studentCanOpenFriends>true</studentCanOpenFriends><usersAreCompulsorilySynced>false</usersAreCompulsorilySynced></permissions><slide><author>gsanson</author><id>411401</id><index>0</index><type>SLIDE</type></slide><slide><author>gsanson</author><id>411402</id><index>1</index><type>SLIDE</type></slide><slide><author>gsanson</author><id>411403</id><index>2</index><type>SLIDE</type></slide><slide><author>gsanson</author><id>411404</id><index>3</index><type>SLIDE</type></slide><slide><author>gsanson</author><id>411405</id><index>4</index><type>SLIDE</type></slide><slide><author>gsanson</author><id>411406</id><index>5</index><type>SLIDE</type></slide><slide><author>gsanson</author><id>411407</id><index>6</index><type>SLIDE</type></slide><slide><author>gsanson</author><id>411408</id><index>7</index><type>SLIDE</type></slide><slide><author>gsanson</author><id>411409</id><index>8</index><type>SLIDE</type></slide><slide><author>gsanson</author><id>411410</id><index>9</index><type>SLIDE</type></slide><slide><author>gsanson</author><id>411411</id><index>10</index><type>SLIDE</type></slide><slide><author>gsanson</author><id>411412</id><index>11</index><type>SLIDE</type></slide><slide><author>gsanson</author><id>411413</id><index>12</index><type>SLIDE</type></slide><slide><author>gsanson</author><id>411414</id><index>13</index><type>SLIDE</type></slide><slide><author>gsanson</author><id>411415</id><index>14</index><type>SLIDE</type></slide><slide><author>gsanson</author><id>411416</id><index>15</index><type>SLIDE</type></slide><slide><author>gsanson</author><id>411417</id><index>16</index><type>SLIDE</type></slide><slide><author>gsanson</author><id>411418</id><index>17</index><type>SLIDE</type></slide><slide><author>gsanson</author><id>411419</id><index>18</index><type>SLIDE</type></slide><slide><author>gsanson</author><id>411420</id><index>19</index><type>SLIDE</type></slide><slide><author>gsanson</author><id>411421</id><index>20</index><type>SLIDE</type></slide><slide><author>gsanson</author><id>411422</id><index>21</index><type>SLIDE</type></slide><slide><author>gsanson</author><id>411423</id><index>22</index><type>SLIDE</type></slide><slide><author>gsanson</author><id>411424</id><index>23</index><type>SLIDE</type></slide><slide><author>gsanson</author><id>411425</id><index>24</index><type>SLIDE</type></slide><slide><author>gsanson</author><id>411426</id><index>25</index><type>SLIDE</type></slide><slide><author>gsanson</author><id>411427</id><index>26</index><type>SLIDE</type></slide><slide><author>gsanson</author><id>411428</id><index>27</index><type>SLIDE</type></slide><slide><author>gsanson</author><id>411429</id><index>28</index><type>SLIDE</type></slide><slide><author>gsanson</author><id>411430</id><index>29</index><type>SLIDE</type></slide><slide><author>gsanson</author><id>411431</id><index>30</index><type>SLIDE</type></slide><slide><author>gsanson</author><id>411432</id><index>31</index><type>SLIDE</type></slide><slide><author>gsanson</author><id>411433</id><index>32</index><type>SLIDE</type></slide><slide><author>gsanson</author><id>411434</id><index>33</index><type>SLIDE</type></slide><slide><author>gsanson</author><id>411435</id><index>34</index><type>SLIDE</type></slide><slide><author>gsanson</author><id>411436</id><index>35</index><type>SLIDE</type></slide><slide><author>gsanson</author><id>411437</id><index>36</index><type>SLIDE</type></slide><slide><author>gsanson</author><id>411438</id><index>37</index><type>SLIDE</type></slide><slide><author>gsanson</author><id>411439</id><index>38</index><type>SLIDE</type></slide><slide><author>gsanson</author><id>411440</id><index>39</index><type>SLIDE</type></slide><slide><author>gsanson</author><id>411441</id><index>40</index><type>SLIDE</type></slide><slide><author>gsanson</author><id>411442</id><index>41</index><type>SLIDE</type></slide><slide><author>gsanson</author><id>411443</id><index>42</index><type>SLIDE</type></slide><slide><author>gsanson</author><id>411444</id><index>43</index><type>SLIDE</type></slide><slide><author>gsanson</author><id>411445</id><index>44</index><type>SLIDE</type></slide><slide><author>gsanson</author><id>411446</id><index>45</index><type>SLIDE</type></slide><slide><author>gsanson</author><id>411447</id><index>46</index><type>SLIDE</type></slide><slide><author>gsanson</author><id>411448</id><index>47</index><type>SLIDE</type></slide><slide><author>gsanson</author><id>411449</id><index>48</index><type>SLIDE</type></slide><slide><author>gsanson</author><id>411450</id><index>49</index><type>SLIDE</type></slide><slide><author>gsanson</author><id>411451</id><index>50</index><type>SLIDE</type></slide><slide><author>gsanson</author><id>411452</id><index>51</index><type>SLIDE</type></slide><slide><author>gsanson</author><id>411453</id><index>52</index><type>SLIDE</type></slide><slide><author>gsanson</author><id>411454</id><index>53</index><type>SLIDE</type></slide><slide><author>gsanson</author><id>411455</id><index>54</index><type>SLIDE</type></slide><slide><author>gsanson</author><id>411456</id><index>55</index><type>SLIDE</type></slide><slide><author>gsanson</author><id>411457</id><index>56</index><type>SLIDE</type></slide><slide><author>gsanson</author><id>411458</id><index>57</index><type>SLIDE</type></slide><slide><author>gsanson</author><id>411459</id><index>58</index><type>SLIDE</type></slide><slide><author>gsanson</author><id>411460</id><index>59</index><type>SLIDE</type></slide><slide><author>gsanson</author><id>411461</id><index>60</index><type>SLIDE</type></slide><slide><author>gsanson</author><id>411462</id><index>61</index><type>SLIDE</type></slide><slide><author>gsanson</author><id>411463</id><index>62</index><type>SLIDE</type></slide><slide><author>gsanson</author><id>411464</id><index>63</index><type>SLIDE</type></slide><slide><author>gsanson</author><id>411465</id><index>64</index><type>SLIDE</type></slide><slide><author>gsanson</author><id>411466</id><index>65</index><type>SLIDE</type></slide><slide><author>gsanson</author><id>411467</id><index>66</index><type>SLIDE</type></slide><slide><author>gsanson</author><id>411468</id><index>67</index><type>SLIDE</type></slide><slide><author>gsanson</author><id>411469</id><index>68</index><type>SLIDE</type></slide><slide><author>gsanson</author><id>411470</id><index>69</index><type>SLIDE</type></slide><slide><author>gsanson</author><id>411471</id><index>70</index><type>SLIDE</type></slide><slide><author>gsanson</author><id>411472</id><index>71</index><type>SLIDE</type></slide><slide><author>gsanson</author><id>411473</id><index>72</index><type>SLIDE</type></slide><slide><author>gsanson</author><id>411474</id><index>73</index><type>SLIDE</type></slide><slide><author>gsanson</author><id>411475</id><index>74</index><type>SLIDE</type></slide><slide><author>gsanson</author><id>411476</id><index>75</index><type>SLIDE</type></slide><slide><author>gsanson</author><id>411477</id><index>76</index><type>SLIDE</type></slide><slide><author>gsanson</author><id>411478</id><index>77</index><type>SLIDE</type></slide><slide><author>gsanson</author><id>411479</id><index>78</index><type>SLIDE</type></slide><slide><author>gsanson</author><id>411480</id><index>79</index><type>SLIDE</type></slide><slide><author>gsanson</author><id>411481</id><index>80</index><type>SLIDE</type></slide><slide><author>gsanson</author><id>411482</id><index>81</index><type>SLIDE</type></slide><slide><author>gsanson</author><id>411483</id><index>82</index><type>SLIDE</type></slide><slide><author>gsanson</author><id>411484</id><index>83</index><type>SLIDE</type></slide><slide><author>gsanson</author><id>411485</id><index>84</index><type>SLIDE</type></slide></conversation>