<conversation><title>Richard-NBN v1</title><author>richardr</author><created>17/08/2010 5:16:01 PM</created><tag></tag><subject>richardr</subject><jid>1220400</jid><permissions><studentCanPublish>false</studentCanPublish><studentCanOpenFriends>false</studentCanOpenFriends><usersAreCompulsorilySynced>true</usersAreCompulsorilySynced></permissions><slide><author>richardr</author><id>1220401</id><index>0</index><type>SLIDE</type></slide><slide><author>richardr</author><id>1220402</id><index>1</index><type>SLIDE</type></slide><slide><author>richardr</author><id>1220403</id><index>2</index><type>SLIDE</type></slide><slide><author>richardr</author><id>1220404</id><index>3</index><type>SLIDE</type></slide><slide><author>richardr</author><id>1220405</id><index>4</index><type>SLIDE</type></slide><slide><author>richardr</author><id>1220406</id><index>5</index><type>SLIDE</type></slide><slide><author>richardr</author><id>1220407</id><index>6</index><type>SLIDE</type></slide><slide><author>richardr</author><id>1220408</id><index>7</index><type>SLIDE</type></slide><slide><author>richardr</author><id>1220409</id><index>8</index><type>SLIDE</type></slide></conversation>