<conversation><title>Beards the new dude</title><author>sajames</author><created>22/10/2010 12:50:21 PM</created><lastAccessed>22/10/2010 12:49:24 PM</lastAccessed><tag>unTagged</tag><subject>Deleted</subject><jid>109600</jid><permissions><studentCanPublish>false</studentCanPublish><studentCanOpenFriends>false</studentCanOpenFriends><usersAreCompulsorilySynced>true</usersAreCompulsorilySynced></permissions><slide><author>sajames</author><id>109601</id><index>0</index><defaultHeight>540</defaultHeight><defaultWidth>720</defaultWidth><exposed>False</exposed><type>SLIDE</type></slide></conversation>