<conversation><title>Pptsk7HDflexShapes</title><author>hagand</author><created>8/06/2010 5:37:58 PM</created><tag>unTagged</tag><subject>Unrestricted</subject><jid>46600</jid><permissions><studentCanPublish>false</studentCanPublish><studentCanOpenFriends>false</studentCanOpenFriends><usersAreCompulsorilySynced>true</usersAreCompulsorilySynced></permissions><slide><author>hagand</author><id>46601</id><index>0</index><type>SLIDE</type></slide><slide><author>hagand</author><id>46608</id><index>1</index><type>POLL</type></slide><slide><author>hagand</author><id>46606</id><index>2</index><type>SLIDE</type></slide><slide><author>hagand</author><id>46607</id><index>3</index><type>SLIDE</type></slide><slide><author>hagand</author><id>46605</id><index>4</index><type>SLIDE</type></slide><slide><author>hagand</author><id>46602</id><index>5</index><type>SLIDE</type></slide><slide><author>hagand</author><id>46603</id><index>6</index><type>SLIDE</type></slide><slide><author>hagand</author><id>46604</id><index>7</index><type>SLIDE</type></slide></conversation>