<conversation><title>Showing S9</title><author>nate</author><created>10/02/2010 4:35:36 PM</created><tag>eec</tag><subject>Staff</subject><jid>528400</jid><permissions><studentCanPublish>true</studentCanPublish><studentCanOpenFriends>true</studentCanOpenFriends><usersAreCompulsorilySynced>false</usersAreCompulsorilySynced></permissions><slide><author>nate</author><id>528401</id><index>0</index><type>SLIDE</type></slide><slide><author>nate</author><id>528402</id><index>1</index><type>SLIDE</type></slide><slide><author>nate</author><id>528404</id><index>3</index><type>SLIDE</type></slide><slide><author>nate</author><id>528403</id><index>2</index><type>POLL</type></slide></conversation>