<conversation><title>robits2k723</title><author>hagand</author><created>12/07/2010 6:08:37 PM</created><tag></tag><subject>Unrestricted</subject><jid>72200</jid><permissions><studentCanPublish>false</studentCanPublish><studentCanOpenFriends>false</studentCanOpenFriends><usersAreCompulsorilySynced>true</usersAreCompulsorilySynced></permissions><slide><author>hagand</author><id>72201</id><index>0</index><type>SLIDE</type></slide><slide><author>hagand</author><id>72202</id><index>1</index><type>SLIDE</type></slide><slide><author>hagand</author><id>72203</id><index>2</index><type>SLIDE</type></slide></conversation>