<conversation><title>spare time testing, 12/7/2010</title><author>bhughes</author><created>12/07/2010 1:05:23 PM</created><tag></tag><subject>bhughes</subject><jid>1038400</jid><permissions><studentCanPublish>true</studentCanPublish><studentCanOpenFriends>true</studentCanOpenFriends><usersAreCompulsorilySynced>false</usersAreCompulsorilySynced></permissions><slide><author>bhughes</author><id>1038401</id><index>0</index><type>SLIDE</type></slide><slide><author>bhughes</author><id>1038402</id><index>1</index><type>SLIDE</type></slide><slide><author>bhughes</author><id>1038403</id><index>2</index><type>SLIDE</type></slide><slide><author>bhughes</author><id>1038404</id><index>3</index><type>SLIDE</type></slide><slide><author>bhughes</author><id>1038405</id><index>4</index><type>SLIDE</type></slide></conversation>