<conversation><title>(Semester 1 MeTL) chagan at 9/11/2010 11:06:51 AM</title><author>chagan</author><created>9/11/2010 11:07:06 AM</created><lastAccessed>9/11/2010 11:06:52 AM</lastAccessed><tag>unTagged</tag><subject>Unrestricted</subject><jid>145600</jid><permissions><studentCanPublish>false</studentCanPublish><studentCanOpenFriends>false</studentCanOpenFriends><usersAreCompulsorilySynced>true</usersAreCompulsorilySynced></permissions><slide><author>chagan</author><id>145601</id><index>0</index><defaultHeight>540</defaultHeight><defaultWidth>720</defaultWidth><exposed>False</exposed><type>SLIDE</type></slide></conversation>