<conversation><title>a</title><author>gibsonb</author><created>7/07/2010 9:51:19 AM</created><tag></tag><subject>gibsonb</subject><jid>1030400</jid><permissions><studentCanPublish>false</studentCanPublish><studentCanOpenFriends>false</studentCanOpenFriends><usersAreCompulsorilySynced>true</usersAreCompulsorilySynced></permissions><slide><author>gibsonb</author><id>1030401</id><index>0</index><type>SLIDE</type></slide><slide><author>gibsonb</author><id>1030402</id><index>1</index><type>SLIDE</type></slide><slide><author>gibsonb</author><id>1030403</id><index>2</index><type>SLIDE</type></slide><slide><author>gibsonb</author><id>1030404</id><index>3</index><type>SLIDE</type></slide><slide><author>gibsonb</author><id>1030405</id><index>4</index><type>SLIDE</type></slide><slide><author>gibsonb</author><id>1030406</id><index>5</index><type>SLIDE</type></slide><slide><author>gibsonb</author><id>1030407</id><index>6</index><type>SLIDE</type></slide><slide><author>gibsonb</author><id>1030408</id><index>7</index><type>SLIDE</type></slide><slide><author>gibsonb</author><id>1030409</id><index>8</index><type>SLIDE</type></slide><slide><author>gibsonb</author><id>1030410</id><index>9</index><type>SLIDE</type></slide><slide><author>gibsonb</author><id>1030411</id><index>10</index><type>SLIDE</type></slide><slide><author>gibsonb</author><id>1030412</id><index>11</index><type>SLIDE</type></slide><slide><author>gibsonb</author><id>1030413</id><index>12</index><type>SLIDE</type></slide><slide><author>gibsonb</author><id>1030414</id><index>13</index><type>SLIDE</type></slide></conversation>