<conversation><title>demo powerpoint 5 version.ppt</title><author>hagand</author><created>4/08/2010 11:37:13 AM</created><lastAccessed>1/01/0001 12:00:00 AM</lastAccessed><tag>unTagged</tag><subject>Deleted</subject><jid>90000</jid><permissions><studentCanPublish>false</studentCanPublish><studentCanOpenFriends>false</studentCanOpenFriends><usersAreCompulsorilySynced>true</usersAreCompulsorilySynced></permissions><slide><author>hagand</author><id>90001</id><index>0</index><defaultHeight>1080</defaultHeight><defaultWidth>1440</defaultWidth><exposed>False</exposed><type>SLIDE</type></slide><slide><author>hagand</author><id>90002</id><index>1</index><defaultHeight>1080</defaultHeight><defaultWidth>1440</defaultWidth><exposed>False</exposed><type>SLIDE</type></slide><slide><author>hagand</author><id>90003</id><index>2</index><defaultHeight>1080</defaultHeight><defaultWidth>1440</defaultWidth><exposed>False</exposed><type>SLIDE</type></slide><slide><author>hagand</author><id>90004</id><index>3</index><defaultHeight>1080</defaultHeight><defaultWidth>1440</defaultWidth><exposed>False</exposed><type>SLIDE</type></slide><slide><author>hagand</author><id>90005</id><index>4</index><defaultHeight>1080</defaultHeight><defaultWidth>1440</defaultWidth><exposed>False</exposed><type>SLIDE</type></slide></conversation>