<conversation><title>HSC1052 Lecture 2</title><author>charlesl</author><created>26/07/2010 10:22:17 AM</created><tag></tag><subject>Unrestricted</subject><jid>1118400</jid><permissions><studentCanPublish>false</studentCanPublish><studentCanOpenFriends>false</studentCanOpenFriends><usersAreCompulsorilySynced>true</usersAreCompulsorilySynced></permissions><slide><author>charlesl</author><id>1118401</id><index>0</index><type>SLIDE</type></slide><slide><author>charlesl</author><id>1118402</id><index>1</index><type>SLIDE</type></slide><slide><author>charlesl</author><id>1118403</id><index>2</index><type>SLIDE</type></slide><slide><author>charlesl</author><id>1118404</id><index>3</index><type>SLIDE</type></slide><slide><author>charlesl</author><id>1118405</id><index>4</index><type>SLIDE</type></slide><slide><author>charlesl</author><id>1118406</id><index>5</index><type>SLIDE</type></slide><slide><author>charlesl</author><id>1118407</id><index>6</index><type>SLIDE</type></slide><slide><author>charlesl</author><id>1118408</id><index>7</index><type>SLIDE</type></slide><slide><author>charlesl</author><id>1118409</id><index>8</index><type>SLIDE</type></slide><slide><author>charlesl</author><id>1118410</id><index>9</index><type>SLIDE</type></slide><slide><author>charlesl</author><id>1118411</id><index>10</index><type>SLIDE</type></slide><slide><author>charlesl</author><id>1118412</id><index>11</index><type>SLIDE</type></slide><slide><author>charlesl</author><id>1118413</id><index>12</index><type>SLIDE</type></slide><slide><author>charlesl</author><id>1118414</id><index>13</index><type>SLIDE</type></slide><slide><author>charlesl</author><id>1118415</id><index>14</index><type>SLIDE</type></slide><slide><author>charlesl</author><id>1118416</id><index>15</index><type>SLIDE</type></slide><slide><author>charlesl</author><id>1118417</id><index>16</index><type>SLIDE</type></slide><slide><author>charlesl</author><id>1118418</id><index>17</index><type>SLIDE</type></slide><slide><author>charlesl</author><id>1118419</id><index>18</index><type>SLIDE</type></slide><slide><author>charlesl</author><id>1118420</id><index>19</index><type>SLIDE</type></slide><slide><author>charlesl</author><id>1118421</id><index>20</index><type>SLIDE</type></slide><slide><author>charlesl</author><id>1118422</id><index>21</index><type>SLIDE</type></slide><slide><author>charlesl</author><id>1118423</id><index>22</index><type>SLIDE</type></slide><slide><author>charlesl</author><id>1118424</id><index>23</index><type>SLIDE</type></slide><slide><author>charlesl</author><id>1118425</id><index>24</index><type>SLIDE</type></slide><slide><author>charlesl</author><id>1118426</id><index>25</index><type>SLIDE</type></slide><slide><author>charlesl</author><id>1118427</id><index>26</index><type>SLIDE</type></slide><slide><author>charlesl</author><id>1118428</id><index>27</index><type>SLIDE</type></slide></conversation>