<conversation><title>000ETC</title><author>gsanson</author><created>20/04/2010 11:24:10 AM</created><tag></tag><subject>Unrestricted</subject><jid>921400</jid><permissions><studentCanPublish>true</studentCanPublish><studentCanOpenFriends>true</studentCanOpenFriends><usersAreCompulsorilySynced>false</usersAreCompulsorilySynced></permissions><slide><author>gsanson</author><id>921401</id><index>0</index><type>SLIDE</type></slide><slide><author>gsanson</author><id>921402</id><index>1</index><type>SLIDE</type></slide><slide><author>gsanson</author><id>921403</id><index>2</index><type>SLIDE</type></slide><slide><author>gsanson</author><id>921404</id><index>3</index><type>SLIDE</type></slide><slide><author>gsanson</author><id>921405</id><index>4</index><type>SLIDE</type></slide><slide><author>gsanson</author><id>921406</id><index>5</index><type>SLIDE</type></slide></conversation>