<conversation><title>HSC1052 tutorial2 CT</title><author>ctobin</author><created>27/07/2010 4:43:43 PM</created><tag></tag><subject>Unrestricted</subject><jid>1128400</jid><permissions><studentCanPublish>true</studentCanPublish><studentCanOpenFriends>true</studentCanOpenFriends><usersAreCompulsorilySynced>false</usersAreCompulsorilySynced></permissions><slide><author>ctobin</author><id>1128401</id><index>0</index><type>SLIDE</type></slide><slide><author>ctobin</author><id>1128402</id><index>1</index><type>SLIDE</type></slide><slide><author>ctobin</author><id>1128403</id><index>2</index><type>SLIDE</type></slide><slide><author>ctobin</author><id>1128404</id><index>3</index><type>SLIDE</type></slide><slide><author>ctobin</author><id>1128415</id><index>4</index><type>SLIDE</type></slide><slide><author>ctobin</author><id>1128405</id><index>5</index><type>SLIDE</type></slide><slide><author>ctobin</author><id>1128406</id><index>6</index><type>SLIDE</type></slide><slide><author>ctobin</author><id>1128407</id><index>7</index><type>SLIDE</type></slide><slide><author>ctobin</author><id>1128408</id><index>8</index><type>SLIDE</type></slide><slide><author>ctobin</author><id>1128409</id><index>9</index><type>SLIDE</type></slide><slide><author>ctobin</author><id>1128410</id><index>10</index><type>SLIDE</type></slide><slide><author>ctobin</author><id>1128411</id><index>11</index><type>SLIDE</type></slide><slide><author>ctobin</author><id>1128412</id><index>12</index><type>SLIDE</type></slide><slide><author>ctobin</author><id>1128413</id><index>13</index><type>SLIDE</type></slide><slide><author>ctobin</author><id>1128414</id><index>14</index><type>SLIDE</type></slide></conversation>