<conversation><title>Facts about Australians</title><author>gibsonb</author><created>25/06/2010 1:58:19 PM</created><tag>unTagged</tag><subject>Unrestricted</subject><jid>60200</jid><permissions><studentCanPublish>false</studentCanPublish><studentCanOpenFriends>false</studentCanOpenFriends><usersAreCompulsorilySynced>true</usersAreCompulsorilySynced></permissions><slide><author>gibsonb</author><id>60201</id><index>0</index><defaultHeight>720</defaultHeight><defaultWidth>540</defaultWidth><exposed>False</exposed><type>SLIDE</type></slide><slide><author>gibsonb</author><id>60215</id><index>1</index><defaultHeight>540</defaultHeight><defaultWidth>720</defaultWidth><exposed>False</exposed><type>SLIDE</type></slide><slide><author>gibsonb</author><id>60202</id><index>2</index><defaultHeight>720</defaultHeight><defaultWidth>540</defaultWidth><exposed>False</exposed><type>SLIDE</type></slide><slide><author>gibsonb</author><id>60203</id><index>3</index><defaultHeight>720</defaultHeight><defaultWidth>540</defaultWidth><exposed>False</exposed><type>SLIDE</type></slide><slide><author>gibsonb</author><id>60214</id><index>4</index><defaultHeight>540</defaultHeight><defaultWidth>720</defaultWidth><exposed>False</exposed><type>SLIDE</type></slide><slide><author>gibsonb</author><id>60204</id><index>5</index><defaultHeight>720</defaultHeight><defaultWidth>540</defaultWidth><exposed>False</exposed><type>SLIDE</type></slide><slide><author>gibsonb</author><id>60205</id><index>6</index><defaultHeight>720</defaultHeight><defaultWidth>540</defaultWidth><exposed>False</exposed><type>SLIDE</type></slide><slide><author>gibsonb</author><id>60206</id><index>7</index><defaultHeight>720</defaultHeight><defaultWidth>540</defaultWidth><exposed>False</exposed><type>SLIDE</type></slide><slide><author>gibsonb</author><id>60207</id><index>8</index><defaultHeight>720</defaultHeight><defaultWidth>540</defaultWidth><exposed>False</exposed><type>SLIDE</type></slide><slide><author>gibsonb</author><id>60208</id><index>9</index><defaultHeight>720</defaultHeight><defaultWidth>540</defaultWidth><exposed>False</exposed><type>SLIDE</type></slide><slide><author>gibsonb</author><id>60209</id><index>10</index><defaultHeight>720</defaultHeight><defaultWidth>540</defaultWidth><exposed>False</exposed><type>SLIDE</type></slide><slide><author>gibsonb</author><id>60210</id><index>11</index><defaultHeight>720</defaultHeight><defaultWidth>540</defaultWidth><exposed>False</exposed><type>SLIDE</type></slide><slide><author>gibsonb</author><id>60211</id><index>12</index><defaultHeight>720</defaultHeight><defaultWidth>540</defaultWidth><exposed>False</exposed><type>SLIDE</type></slide><slide><author>gibsonb</author><id>60212</id><index>13</index><defaultHeight>720</defaultHeight><defaultWidth>540</defaultWidth><exposed>False</exposed><type>SLIDE</type></slide><slide><author>gibsonb</author><id>60213</id><index>14</index><defaultHeight>720</defaultHeight><defaultWidth>540</defaultWidth><exposed>False</exposed><type>SLIDE</type></slide></conversation>