<conversation><title>Presentation1</title><author>chagan</author><created>14/10/2010 9:56:37 PM</created><tag>unTagged</tag><subject>chagan</subject><jid>1434400</jid><permissions><studentCanPublish>false</studentCanPublish><studentCanOpenFriends>false</studentCanOpenFriends><usersAreCompulsorilySynced>true</usersAreCompulsorilySynced></permissions><slide><author>chagan</author><id>1434401</id><index>0</index><defaultHeight>540</defaultHeight><defaultWidth>720</defaultWidth><exposed>False</exposed><thumbnailUrl>/1434401/404.png</thumbnailUrl><type>SLIDE</type></slide><slide><author>chagan</author><id>1434402</id><index>1</index><defaultHeight>540</defaultHeight><defaultWidth>720</defaultWidth><exposed>False</exposed><thumbnailUrl>/1434402/404.png</thumbnailUrl><type>SLIDE</type></slide><slide><author>chagan</author><id>1434403</id><index>2</index><defaultHeight>540</defaultHeight><defaultWidth>720</defaultWidth><exposed>False</exposed><thumbnailUrl>/1434403/404.png</thumbnailUrl><type>SLIDE</type></slide></conversation>