<conversation><title>25th March 2010</title><author>rlger2</author><created>25/03/2010 2:44:41 PM</created><tag></tag><subject>rlger2</subject><jid>816400</jid><permissions><studentCanPublish>false</studentCanPublish><studentCanOpenFriends>false</studentCanOpenFriends><usersAreCompulsorilySynced>true</usersAreCompulsorilySynced></permissions><slide><author>rlger2</author><id>816401</id><index>0</index><type>SLIDE</type></slide><slide><author>rlger2</author><id>816402</id><index>1</index><type>SLIDE</type></slide></conversation>