<conversation><title>Selection Halo thoughts</title><author>sajames</author><created>23/02/2010 12:27:32 PM</created><tag></tag><subject>Office of the Deputy Vice-Chancellor (Education)</subject><jid>613400</jid><permissions><studentCanPublish>false</studentCanPublish><studentCanOpenFriends>false</studentCanOpenFriends><usersAreCompulsorilySynced>true</usersAreCompulsorilySynced></permissions><slide><author>sajames</author><id>613401</id><index>0</index><type>SLIDE</type></slide><slide><author>sajames</author><id>613402</id><index>1</index><type>SLIDE</type></slide></conversation>