<logCollection date='{2010,8,19}'><message xml:lang='en' to='1242414@conference.deified.adm.monash.edu.au' from='wmck@deified.adm.monash.edu.au' type='groupchat' time='1282188474078'><image xmlns='monash:metl'><tag>{&quot;author&quot;:&quot;wmck&quot;,&quot;privacy&quot;:&quot;public&quot;,&quot;id&quot;:&quot;wmck:19/08/2010 1:34:28 PM:0&quot;,&quot;isBackground&quot;:false,&quot;zIndex&quot;:0}</tag><source>/Resource/1242414/background62.jpg</source><width>720</width><height>540</height><x>0</x><y>0</y><author>wmck</author><target>presentationSpace</target><privacy>public</privacy><slide>1242414</slide><identity>wmck:19/08/2010 1:34:28 PM:0</identity></image></message><message xml:lang='en' to='1242414@conference.deified.adm.monash.edu.au' from='wmck@deified.adm.monash.edu.au' type='groupchat' time='1282188474383'><image xmlns='monash:metl'><tag>{&quot;author&quot;:&quot;wmck&quot;,&quot;privacy&quot;:&quot;public&quot;,&quot;id&quot;:&quot;wmck:19/08/2010 1:34:30 PM:1&quot;,&quot;isBackground&quot;:false,&quot;zIndex&quot;:0}</tag><source>/Resource/1242414/background63.jpg</source><width>690</width><height>87</height><x>30</x><y>21</y><author>wmck</author><target>presentationSpace</target><privacy>public</privacy><slide>1242414</slide><identity>wmck:19/08/2010 1:34:30 PM:1</identity></image></message><message xml:lang='en' to='1242414@conference.deified.adm.monash.edu.au' from='wmck@deified.adm.monash.edu.au' type='groupchat' time='1282188474751'><image xmlns='monash:metl'><tag>{&quot;author&quot;:&quot;wmck&quot;,&quot;privacy&quot;:&quot;public&quot;,&quot;id&quot;:&quot;wmck:19/08/2010 1:34:30 PM:2&quot;,&quot;isBackground&quot;:false,&quot;zIndex&quot;:0}</tag><source>/Resource/1242414/background64.jpg</source><width>406.75</width><height>402.624969</height><x>78</x><y>116.875038</y><author>wmck</author><target>presentationSpace</target><privacy>public</privacy><slide>1242414</slide><identity>wmck:19/08/2010 1:34:30 PM:2</identity></image></message><message xml:lang='en' to='1242414@conference.deified.adm.monash.edu.au' from='wmck@deified.adm.monash.edu.au' type='groupchat' time='1282189039002'><ink xmlns='monash:metl'><checksum>684.4</checksum><points>112.3 228.9 127 112.3 230.9 127</points><color>0 0 255 255</color><thickness>3</thickness><highlight>False</highlight><author>wmck</author><target>presentationSpace</target><privacy>public</privacy><slide>1242414</slide></ink></message><message xml:lang='en' to='1242414@conference.deified.adm.monash.edu.au' from='wmck@deified.adm.monash.edu.au' type='groupchat' time='1282189039293'><ink xmlns='monash:metl'><checksum>2451.8</checksum><points>107.5 231.8 127 109.4 228.9 127 122 232.8 127 118.1 236.7 127 117.2 237.7 127 116.2 238.6 127 117.2 237.7 127</points><color>0 0 255 255</color><thickness>3</thickness><highlight>False</highlight><author>wmck</author><target>presentationSpace</target><privacy>public</privacy><slide>1242414</slide></ink></message><message xml:lang='en' to='1242414@conference.deified.adm.monash.edu.au' from='wmck@deified.adm.monash.edu.au' type='groupchat' time='1282189039542'><ink xmlns='monash:metl'><checksum>702.9</checksum><points>126.9 223.1 127 128.8 224.1 127</points><color>0 0 255 255</color><thickness>3</thickness><highlight>False</highlight><author>wmck</author><target>presentationSpace</target><privacy>public</privacy><slide>1242414</slide></ink></message><message xml:lang='en' to='1242414@conference.deified.adm.monash.edu.au' from='wmck@deified.adm.monash.edu.au' type='groupchat' time='1282189040899'><ink xmlns='monash:metl'><checksum>52560</checksum><points>144.3 237.7 127 148.2 229.9 127 146.3 230.9 127 143.4 233.8 127 142.4 234.7 127 141.4 235.7 127 140.4 237.7 127 140.4 238.6 127 141.4 239.6 127 142.4 240.6 127 143.4 240.6 127 144.3 239.6 127 145.3 239.6 127 146.3 238.6 127 147.2 237.7 127 148.2 236.7 127 148.2 235.7 127 149.2 234.7 127 149.2 233.8 127 150.1 234.7 127 150.1 235.7 127 151.1 236.7 127 152.1 237.7 127 152.1 238.6 127 153.1 238.6 127 154 238.6 127 155 238.6 127 156 238.6 127 156.9 238.6 127 157.9 237.7 127 158.9 236.7 127 159.8 235.7 127 159.8 234.7 127 160.8 233.8 127 160.8 232.8 127 161.8 231.8 127 161.8 232.8 127 161.8 233.8 127 161.8 235.7 127 162.8 236.7 127 163.7 238.6 127 163.7 241.5 127 164.7 243.5 127 165.7 246.4 127 166.6 248.3 127 167.6 251.2 127 167.6 253.2 127 167.6 255.1 127 167.6 258 127 167.6 259 127 166.6 260.9 127 164.7 261.9 127 163.7 261.9 127 161.8 262.9 127 160.8 262.9 127 159.8 261.9 127 157.9 260.9 127 157.9 260 127 156.9 258 127 156.9 256.1 127 157.9 254.1 127 158.9 252.2 127 159.8 250.3 127 161.8 247.4 127 163.7 245.4 127 164.7 242.5 127 166.6 240.6 127 168.6 239.6 127 170.5 237.7 127 171.5 237.7 127 172.5 236.7 127 173.4 236.7 127 174.4 237.7 127 174.4 238.6 127 175.4 238.6 127 175.4 240.6 127 175.4 241.5 127 175.4 242.5 127 176.3 243.5 127 176.3 244.4 127 177.3 244.4 127 177.3 243.5 127 178.3 243.5 127 178.3 242.5 127 179.2 241.5 127 180.2 241.5 127 180.2 240.6 127 181.2 240.6 127 182.2 240.6 127 183.1 241.5 127 184.1 242.5 127 185.1 242.5 127 186 242.5 127 188 242.5 127 188.9 242.5 127 189.9 241.5 127 190.9 241.5 127 192.8 240.6 127 193.8 239.6 127 194.8 238.6 127 194.8 237.7 127 195.7 236.7 127 195.7 235.7 127 194.8 235.7 127 193.8 235.7 127 192.8 236.7 127 192.8 237.7 127 192.8 238.6 127 192.8 239.6 127 193.8 240.6 127 194.8 242.5 127 195.7 243.5 127 196.7 245.4 127 197.7 247.4 127 197.7 249.3 127 198.6 252.2 127 198.6 253.2 127 198.6 255.1 127 197.7 256.1 127 196.7 257.1 127 195.7 258 127 194.8 257.1 127 193.8 257.1 127 191.9 255.1 127 190.9 254.1 127 189.9 251.2 127 188.9 248.3 127</points><color>0 0 255 255</color><thickness>3</thickness><highlight>False</highlight><author>wmck</author><target>presentationSpace</target><privacy>public</privacy><slide>1242414</slide></ink></message><message xml:lang='en' to='1242414@conference.deified.adm.monash.edu.au' from='wmck@deified.adm.monash.edu.au' type='groupchat' time='1282189040954'><ink xmlns='monash:metl'><checksum>416.9</checksum><points>184.1 232.8 127</points><color>0 0 255 255</color><thickness>3</thickness><highlight>False</highlight><author>wmck</author><target>presentationSpace</target><privacy>public</privacy><slide>1242414</slide></ink></message><message xml:lang='en' to='1242414@conference.deified.adm.monash.edu.au' from='wmck@deified.adm.monash.edu.au' type='groupchat' time='1282189041378'><ink xmlns='monash:metl'><checksum>3829.2</checksum><points>221 237.7 127 223.9 258 127 223.9 259 127 223.9 260 127 223.9 259 127 223.9 258 127 223.9 256.1 127 222.9 254.1 127</points><color>0 0 255 255</color><thickness>3</thickness><highlight>False</highlight><author>wmck</author><target>presentationSpace</target><privacy>public</privacy><slide>1242414</slide></ink></message><message xml:lang='en' to='1242414@conference.deified.adm.monash.edu.au' from='wmck@deified.adm.monash.edu.au' type='groupchat' time='1282189041650'><ink xmlns='monash:metl'><checksum>5173.8</checksum><points>219 242.5 127 220 237.7 127 233.6 240.6 127 233.6 241.5 127 232.6 242.5 127 231.6 243.5 127 229.7 243.5 127 228.7 244.4 127 226.8 244.4 127 225.8 243.5 127 225.8 242.5 127</points><color>0 0 255 255</color><thickness>3</thickness><highlight>False</highlight><author>wmck</author><target>presentationSpace</target><privacy>public</privacy><slide>1242414</slide></ink></message><message xml:lang='en' to='1242414@conference.deified.adm.monash.edu.au' from='wmck@deified.adm.monash.edu.au' type='groupchat' time='1282189042254'><ink xmlns='monash:metl'><checksum>21250.7</checksum><points>242.3 243.5 127 247.1 236.7 127 244.2 238.6 127 242.3 241.5 127 242.3 242.5 127 242.3 243.5 127 243.3 244.4 127 244.2 243.5 127 245.2 243.5 127 246.2 243.5 127 247.1 242.5 127 248.1 242.5 127 249.1 242.5 127 250.1 242.5 127 251 242.5 127 252 242.5 127 253 242.5 127 254.9 242.5 127 255.9 241.5 127 256.8 240.6 127 257.8 239.6 127 258.8 238.6 127 259.8 237.7 127 260.7 235.7 127 261.7 234.7 127 261.7 232.8 127 262.7 231.8 127 262.7 230.9 127 262.7 229.9 127 263.6 228.9 127 263.6 228 127 263.6 228.9 127 263.6 229.9 127 263.6 230.9 127 263.6 231.8 127 263.6 233.8 127 263.6 235.7 127 263.6 237.7 127 264.6 238.6 127 264.6 240.6 127 264.6 241.5 127 265.6 242.5 127 265.6 243.5 127</points><color>0 0 255 255</color><thickness>3</thickness><highlight>False</highlight><author>wmck</author><target>presentationSpace</target><privacy>public</privacy><slide>1242414</slide></ink></message><message xml:lang='en' to='1242414@conference.deified.adm.monash.edu.au' from='wmck@deified.adm.monash.edu.au' type='groupchat' time='1282189042528'><ink xmlns='monash:metl'><checksum>5657.8</checksum><points>260.7 239.6 127 273.3 236.7 127 274.3 238.6 127 274.3 240.6 127 274.3 241.5 127 274.3 242.5 127 274.3 243.5 127 275.3 243.5 127 275.3 242.5 127 275.3 241.5 127 275.3 240.6 127</points><color>0 0 255 255</color><thickness>3</thickness><highlight>False</highlight><author>wmck</author><target>presentationSpace</target><privacy>public</privacy><slide>1242414</slide></ink></message><message xml:lang='en' to='1242414@conference.deified.adm.monash.edu.au' from='wmck@deified.adm.monash.edu.au' type='groupchat' time='1282189042650'><ink xmlns='monash:metl'><checksum>1520.3</checksum><points>274.3 232.8 127 274.3 231.8 127 274.3 232.8 127</points><color>0 0 255 255</color><thickness>3</thickness><highlight>False</highlight><author>wmck</author><target>presentationSpace</target><privacy>public</privacy><slide>1242414</slide></ink></message><message xml:lang='en' to='1242414@conference.deified.adm.monash.edu.au' from='wmck@deified.adm.monash.edu.au' type='groupchat' time='1282189043252'><ink xmlns='monash:metl'><checksum>35766.3</checksum><points>274.3 232.8 127 281.1 243.5 127 282.1 244.4 127 283 244.4 127 285 243.5 127 285.9 243.5 127 286.9 242.5 127 288.9 241.5 127 289.8 240.6 127 290.8 239.6 127 291.8 238.6 127 292.7 237.7 127 293.7 236.7 127 293.7 235.7 127 292.7 235.7 127 291.8 235.7 127 290.8 235.7 127 289.8 236.7 127 288.9 237.7 127 287.9 238.6 127 287.9 240.6 127 287.9 241.5 127 287.9 242.5 127 287.9 243.5 127 288.9 244.4 127 289.8 245.4 127 290.8 245.4 127 292.7 245.4 127 293.7 245.4 127 295.6 244.4 127 296.6 243.5 127 297.6 242.5 127 299.5 240.6 127 300.5 239.6 127 301.5 238.6 127 302.4 237.7 127 303.4 237.7 127 304.4 236.7 127 305.3 237.7 127 306.3 238.6 127 306.3 240.6 127 306.3 241.5 127 306.3 242.5 127 306.3 243.5 127 307.3 244.4 127 307.3 245.4 127 307.3 246.4 127 308.3 246.4 127 308.3 245.4 127 309.2 245.4 127 309.2 244.4 127 310.2 244.4 127 311.2 243.5 127 312.1 243.5 127 312.1 242.5 127 313.1 242.5 127 314.1 242.5 127 315 242.5 127 316 243.5 127 318 243.5 127 318.9 243.5 127 319.9 243.5 127 320.9 243.5 127 321.8 243.5 127 322.8 243.5 127 323.8 243.5 127</points><color>0 0 255 255</color><thickness>3</thickness><highlight>False</highlight><author>wmck</author><target>presentationSpace</target><privacy>public</privacy><slide>1242414</slide></ink></message><message xml:lang='en' to='1242414@conference.deified.adm.monash.edu.au' from='wmck@deified.adm.monash.edu.au' type='groupchat' time='1282189043596'><ink xmlns='monash:metl'><checksum>14546</checksum><points>326.7 241.5 127 324.7 241.5 127 327.7 246.4 127 330.6 246.4 127 334.4 245.4 127 335.4 244.4 127 337.4 243.5 127 338.3 242.5 127 339.3 241.5 127 339.3 240.6 127 339.3 239.6 127 338.3 239.6 127 337.4 240.6 127 337.4 241.5 127 336.4 242.5 127 336.4 243.5 127 337.4 244.4 127 338.3 245.4 127 339.3 246.4 127 341.2 246.4 127 343.2 246.4 127 345.1 246.4 127 348 245.4 127 350 245.4 127 352.9 244.4 127</points><color>0 0 255 255</color><thickness>3</thickness><highlight>False</highlight><author>wmck</author><target>presentationSpace</target><privacy>public</privacy><slide>1242414</slide></ink></message><message xml:lang='en' to='1242414@conference.deified.adm.monash.edu.au' from='wmck@deified.adm.monash.edu.au' type='groupchat' time='1282189044568'><ink xmlns='monash:metl'><checksum>10332.3</checksum><points>129.8 260.9 127 128.8 259 127 124 262.9 127 124.9 263.8 127 125.9 265.8 127 126.9 266.8 127 127.8 267.7 127 128.8 268.7 127 129.8 269.7 127 130.7 270.6 127 130.7 271.6 127 129.8 273.5 127 129.8 274.5 127 128.8 275.5 127 127.8 276.5 127 125.9 276.5 127 124.9 276.5 127 124 276.5 127 123 276.5 127 122 276.5 127 122 275.5 127 122 274.5 127 122 273.5 127 123 272.6 127 124 272.6 127 124.9 271.6 127</points><color>0 0 255 255</color><thickness>3</thickness><highlight>False</highlight><author>wmck</author><target>presentationSpace</target><privacy>public</privacy><slide>1242414</slide></ink></message><message xml:lang='en' to='1242414@conference.deified.adm.monash.edu.au' from='wmck@deified.adm.monash.edu.au' type='groupchat' time='1282189045158'><ink xmlns='monash:metl'><checksum>18927.6</checksum><points>130.7 272.6 127 132.7 273.5 127 139.5 276.5 127 145.3 267.7 127 141.4 270.6 127 140.4 273.5 127 139.5 274.5 127 139.5 276.5 127 140.4 277.4 127 141.4 278.4 127 142.4 278.4 127 143.4 279.4 127 145.3 278.4 127 147.2 278.4 127 148.2 277.4 127 150.1 275.5 127 152.1 274.5 127 153.1 273.5 127 154 272.6 127 155 271.6 127 156 271.6 127 156 272.6 127 156.9 273.5 127 156.9 274.5 127 156.9 275.5 127 156.9 276.5 127 156.9 278.4 127 157.9 279.4 127 158.9 280.3 127 158.9 279.4 127 159.8 279.4 127 160.8 278.4 127 160.8 277.4 127 161.8 277.4 127 162.8 276.5 127 163.7 276.5 127 164.7 276.5 127 165.7 277.4 127 167.6 278.4 127 168.6 278.4 127 170.5 278.4 127 173.4 276.5 127 174.4 275.5 127 177.3 272.6 127</points><color>0 0 255 255</color><thickness>3</thickness><highlight>False</highlight><author>wmck</author><target>presentationSpace</target><privacy>public</privacy><slide>1242414</slide></ink></message><message xml:lang='en' to='1242414@conference.deified.adm.monash.edu.au' from='wmck@deified.adm.monash.edu.au' type='groupchat' time='1282189045337'><ink xmlns='monash:metl'><checksum>443.1</checksum><points>178.3 264.8 127</points><color>0 0 255 255</color><thickness>3</thickness><highlight>False</highlight><author>wmck</author><target>presentationSpace</target><privacy>public</privacy><slide>1242414</slide></ink></message><message xml:lang='en' to='1242414@conference.deified.adm.monash.edu.au' from='wmck@deified.adm.monash.edu.au' type='groupchat' time='1282189045848'><ink xmlns='monash:metl'><checksum>19582.1</checksum><points>176.3 277.4 127 177.3 278.4 127 194.8 268.7 127 194.8 267.7 127 193.8 267.7 127 192.8 267.7 127 192.8 268.7 127 191.9 270.6 127 191.9 271.6 127 191.9 273.5 127 191.9 274.5 127 191.9 276.5 127 192.8 277.4 127 193.8 278.4 127 194.8 279.4 127 195.7 279.4 127 196.7 279.4 127 197.7 278.4 127 198.6 278.4 127 200.6 277.4 127 201.6 276.5 127 202.5 275.5 127 203.5 274.5 127 204.5 274.5 127 205.4 274.5 127 206.4 275.5 127 206.4 276.5 127 207.4 277.4 127 207.4 278.4 127 208.3 279.4 127 209.3 280.3 127 210.3 280.3 127 211.3 280.3 127 212.2 280.3 127 213.2 279.4 127 214.2 279.4 127 214.2 278.4 127 215.1 278.4 127 216.1 278.4 127 217.1 278.4 127 218 277.4 127</points><color>0 0 255 255</color><thickness>3</thickness><highlight>False</highlight><author>wmck</author><target>presentationSpace</target><privacy>public</privacy><slide>1242414</slide></ink></message><message xml:lang='en' to='1242414@conference.deified.adm.monash.edu.au' from='wmck@deified.adm.monash.edu.au' type='groupchat' time='1282189046183'><ink xmlns='monash:metl'><checksum>5121.4</checksum><points>221.9 278.4 127 223.9 280.3 127 234.5 273.5 127 229.7 278.4 127 230.7 280.3 127 233.6 281.3 127 235.5 281.3 127 237.4 280.3 127 239.4 280.3 127 241.3 279.4 127</points><color>0 0 255 255</color><thickness>3</thickness><highlight>False</highlight><author>wmck</author><target>presentationSpace</target><privacy>public</privacy><slide>1242414</slide></ink></message><message xml:lang='en' to='1242414@conference.deified.adm.monash.edu.au' from='wmck@deified.adm.monash.edu.au' type='groupchat' time='1282189046679'><ink xmlns='monash:metl'><checksum>4911.4</checksum><points>265.6 260 127 261.7 280.3 127 259.8 287.1 127 258.8 289.1 127 258.8 291 127 257.8 292 127 258.8 291 127 259.8 290 127 260.7 289.1 127</points><color>0 0 255 255</color><thickness>3</thickness><highlight>False</highlight><author>wmck</author><target>presentationSpace</target><privacy>public</privacy><slide>1242414</slide></ink></message><message xml:lang='en' to='1242414@conference.deified.adm.monash.edu.au' from='wmck@deified.adm.monash.edu.au' type='groupchat' time='1282189046910'><ink xmlns='monash:metl'><checksum>1091.9</checksum><points>279.2 264.8 127 281.1 266.8 127</points><color>0 0 255 255</color><thickness>3</thickness><highlight>False</highlight><author>wmck</author><target>presentationSpace</target><privacy>public</privacy><slide>1242414</slide></ink></message><message xml:lang='en' to='1242414@conference.deified.adm.monash.edu.au' from='wmck@deified.adm.monash.edu.au' type='groupchat' time='1282189047029'><ink xmlns='monash:metl'><checksum>2752.7</checksum><points>279.2 264.8 127 285.9 264.8 127 285.9 265.8 127 285.9 266.8 127 285.9 267.7 127</points><color>0 0 255 255</color><thickness>3</thickness><highlight>False</highlight><author>wmck</author><target>presentationSpace</target><privacy>public</privacy><slide>1242414</slide></ink></message><message xml:lang='en' to='1242414@conference.deified.adm.monash.edu.au' from='wmck@deified.adm.monash.edu.au' type='groupchat' time='1282189048051'><ink xmlns='monash:metl'><checksum>57325.4</checksum><points>295.6 260 127 295.6 279.4 127 296.6 276.5 127 297.6 275.5 127 298.6 274.5 127 299.5 274.5 127 300.5 275.5 127 301.5 276.5 127 302.4 277.4 127 303.4 278.4 127 304.4 278.4 127 305.3 279.4 127 307.3 279.4 127 308.3 279.4 127 310.2 279.4 127 311.2 279.4 127 313.1 278.4 127 314.1 277.4 127 315 276.5 127 316 274.5 127 316 273.5 127 316 271.6 127 316 270.6 127 315 269.7 127 314.1 269.7 127 313.1 270.6 127 312.1 271.6 127 311.2 272.6 127 311.2 274.5 127 311.2 275.5 127 311.2 277.4 127 312.1 278.4 127 313.1 279.4 127 315 279.4 127 316 279.4 127 318 279.4 127 319.9 278.4 127 320.9 278.4 127 322.8 277.4 127 323.8 276.5 127 324.7 275.5 127 325.7 275.5 127 326.7 275.5 127 327.7 275.5 127 327.7 276.5 127 327.7 277.4 127 327.7 278.4 127 327.7 279.4 127 327.7 280.3 127 327.7 281.3 127 328.6 281.3 127 329.6 280.3 127 330.6 279.4 127 330.6 278.4 127 331.5 276.5 127 333.5 275.5 127 334.4 273.5 127 335.4 272.6 127 336.4 271.6 127 338.3 271.6 127 339.3 271.6 127 339.3 272.6 127 339.3 273.5 127 339.3 274.5 127 339.3 275.5 127 339.3 277.4 127 339.3 278.4 127 339.3 279.4 127 340.3 279.4 127 340.3 280.3 127 341.2 280.3 127 342.2 280.3 127 343.2 279.4 127 344.1 279.4 127 345.1 278.4 127 346.1 276.5 127 347.1 275.5 127 348 274.5 127 348 273.5 127 348 272.6 127 347.1 271.6 127 346.1 272.6 127 345.1 273.5 127 344.1 274.5 127 343.2 275.5 127 343.2 277.4 127 343.2 279.4 127 343.2 280.3 127 343.2 281.3 127 344.1 282.3 127 345.1 282.3 127 347.1 283.2 127 349 283.2 127 350.9 282.3 127 352.9 282.3 127</points><color>0 0 255 255</color><thickness>3</thickness><highlight>False</highlight><author>wmck</author><target>presentationSpace</target><privacy>public</privacy><slide>1242414</slide></ink></message><message xml:lang='en' to='1242414@conference.deified.adm.monash.edu.au' from='wmck@deified.adm.monash.edu.au' type='groupchat' time='1282189048204'><ink xmlns='monash:metl'><checksum>1282.9</checksum><points>362.6 277.4 127 363.5 279.4 127</points><color>0 0 255 255</color><thickness>3</thickness><highlight>False</highlight><author>wmck</author><target>presentationSpace</target><privacy>public</privacy><slide>1242414</slide></ink></message><message xml:lang='en' to='1242414@conference.deified.adm.monash.edu.au' from='wmck@deified.adm.monash.edu.au' type='groupchat' time='1282189048327'><ink xmlns='monash:metl'><checksum>5774.6</checksum><points>362.6 277.4 127 361.6 278.4 127 360.6 278.4 127 361.6 279.4 127 362.6 279.4 127 363.5 278.4 127 364.5 278.4 127 366.5 277.4 127 367.4 276.5 127</points><color>0 0 255 255</color><thickness>3</thickness><highlight>False</highlight><author>wmck</author><target>presentationSpace</target><privacy>public</privacy><slide>1242414</slide></ink></message><message xml:lang='en' to='1242414@conference.deified.adm.monash.edu.au' from='wmck@deified.adm.monash.edu.au' type='groupchat' time='1282189049136'><ink xmlns='monash:metl'><checksum>33999.2</checksum><points>390.7 270.6 127 390.7 279.4 127 391.7 275.5 127 392.6 273.5 127 393.6 272.6 127 394.6 270.6 127 395.6 269.7 127 396.5 269.7 127 397.5 269.7 127 397.5 270.6 127 397.5 271.6 127 398.5 273.5 127 398.5 274.5 127 398.5 276.5 127 399.4 277.4 127 399.4 278.4 127 400.4 278.4 127 400.4 279.4 127 401.4 279.4 127 402.3 278.4 127 403.3 277.4 127 403.3 276.5 127 404.3 275.5 127 405.3 274.5 127 406.2 273.5 127 406.2 275.5 127 407.2 276.5 127 407.2 277.4 127 408.2 277.4 127 410.1 278.4 127 411.1 278.4 127 413 278.4 127 414 278.4 127 415.9 277.4 127 416.9 276.5 127 418.8 275.5 127 418.8 274.5 127 418.8 272.6 127 418.8 271.6 127 417.9 270.6 127 415.9 269.7 127 415 269.7 127 413 269.7 127 411.1 270.6 127 410.1 271.6 127 408.2 273.5 127 407.2 274.5 127 406.2 276.5 127 406.2 277.4 127 406.2 278.4 127</points><color>0 0 255 255</color><thickness>3</thickness><highlight>False</highlight><author>wmck</author><target>presentationSpace</target><privacy>public</privacy><slide>1242414</slide></ink></message><message xml:lang='en' to='1242414@conference.deified.adm.monash.edu.au' from='wmck@deified.adm.monash.edu.au' type='groupchat' time='1282189049534'><ink xmlns='monash:metl'><checksum>15692</checksum><points>422.7 272.6 127 425.6 281.3 127 431.4 273.5 127 433.4 273.5 127 434.4 273.5 127 435.3 274.5 127 436.3 275.5 127 437.3 276.5 127 438.2 276.5 127 439.2 277.4 127 440.2 277.4 127 441.1 277.4 127 442.1 277.4 127 443.1 276.5 127 444.1 275.5 127 444.1 273.5 127 445 272.6 127 445 270.6 127 446 269.7 127 447 267.7 127 447.9 266.8 127 447.9 264.8 127</points><color>0 0 255 255</color><thickness>3</thickness><highlight>False</highlight><author>wmck</author><target>presentationSpace</target><privacy>public</privacy><slide>1242414</slide></ink></message><message xml:lang='en' to='1242414@conference.deified.adm.monash.edu.au' from='wmck@deified.adm.monash.edu.au' type='groupchat' time='1282189049866'><ink xmlns='monash:metl'><checksum>1429.4</checksum><points>455.7 258 127 455.7 260 127</points><color>0 0 255 255</color><thickness>3</thickness><highlight>False</highlight><author>wmck</author><target>presentationSpace</target><privacy>public</privacy><slide>1242414</slide></ink></message><message xml:lang='en' to='1242414@conference.deified.adm.monash.edu.au' from='wmck@deified.adm.monash.edu.au' type='groupchat' time='1282189051011'><ink xmlns='monash:metl'><checksum>1542.7</checksum><points>128.8 370.5 127 151.1 369.6 127 153.1 369.6 127</points><color>0 0 255 255</color><thickness>3</thickness><highlight>False</highlight><author>wmck</author><target>presentationSpace</target><privacy>public</privacy><slide>1242414</slide></ink></message><message xml:lang='en' to='1242414@conference.deified.adm.monash.edu.au' from='wmck@deified.adm.monash.edu.au' type='groupchat' time='1282189051284'><ink xmlns='monash:metl'><checksum>3189.1</checksum><points>148.2 363.8 127 157.9 376.4 127 156.9 379.3 127 155 380.2 127 155 381.2 127 154 381.2 127</points><color>0 0 255 255</color><thickness>3</thickness><highlight>False</highlight><author>wmck</author><target>presentationSpace</target><privacy>public</privacy><slide>1242414</slide></ink></message><message xml:lang='en' to='1242414@conference.deified.adm.monash.edu.au' from='wmck@deified.adm.monash.edu.au' type='groupchat' time='1282189051569'><ink xmlns='monash:metl'><checksum>6306.8</checksum><points>178.3 365.7 127 183.1 387 127 184.1 391.9 127 184.1 393.8 127 184.1 395.8 127 184.1 396.7 127 184.1 395.8 127 183.1 394.8 127 183.1 392.9 127 182.2 390.9 127 182.2 389 127</points><color>0 0 255 255</color><thickness>3</thickness><highlight>False</highlight><author>wmck</author><target>presentationSpace</target><privacy>public</privacy><slide>1242414</slide></ink></message><message xml:lang='en' to='1242414@conference.deified.adm.monash.edu.au' from='wmck@deified.adm.monash.edu.au' type='groupchat' time='1282189051817'><ink xmlns='monash:metl'><checksum>6187.3</checksum><points>178.3 373.5 127 186 364.7 127 195.7 370.5 127 194.8 372.5 127 192.8 374.4 127 191.9 374.4 127 189.9 375.4 127 188.9 376.4 127 188 375.4 127 187 375.4 127 187 374.4 127</points><color>0 0 255 255</color><thickness>3</thickness><highlight>False</highlight><author>wmck</author><target>presentationSpace</target><privacy>public</privacy><slide>1242414</slide></ink></message><message xml:lang='en' to='1242414@conference.deified.adm.monash.edu.au' from='wmck@deified.adm.monash.edu.au' type='groupchat' time='1282189052020'><ink xmlns='monash:metl'><checksum>566.3</checksum><points>199.6 366.7 127</points><color>0 0 255 255</color><thickness>3</thickness><highlight>False</highlight><author>wmck</author><target>presentationSpace</target><privacy>public</privacy><slide>1242414</slide></ink></message><message xml:lang='en' to='1242414@conference.deified.adm.monash.edu.au' from='wmck@deified.adm.monash.edu.au' type='groupchat' time='1282189052116'><ink xmlns='monash:metl'><checksum>567.3</checksum><points>204.5 362.8 127</points><color>0 0 255 255</color><thickness>3</thickness><highlight>False</highlight><author>wmck</author><target>presentationSpace</target><privacy>public</privacy><slide>1242414</slide></ink></message><message xml:lang='en' to='1242414@conference.deified.adm.monash.edu.au' from='wmck@deified.adm.monash.edu.au' type='groupchat' time='1282189052599'><ink xmlns='monash:metl'><checksum>19684.3</checksum><points>219 374.4 127 221.9 375.4 127 223.9 365.7 127 221.9 365.7 127 219 367.6 127 218 369.6 127 217.1 371.5 127 217.1 372.5 127 217.1 374.4 127 217.1 375.4 127 217.1 377.3 127 218 378.3 127 219 378.3 127 220 378.3 127 221 377.3 127 221 376.4 127 221.9 375.4 127 221.9 374.4 127 222.9 373.5 127 222.9 372.5 127 223.9 371.5 127 223.9 370.5 127 224.8 370.5 127 224.8 371.5 127 224.8 372.5 127 225.8 373.5 127 225.8 375.4 127 226.8 376.4 127 227.7 377.3 127 228.7 377.3 127 229.7 377.3 127 229.7 376.4 127 230.7 375.4 127</points><color>0 0 255 255</color><thickness>3</thickness><highlight>False</highlight><author>wmck</author><target>presentationSpace</target><privacy>public</privacy><slide>1242414</slide></ink></message><message xml:lang='en' to='1242414@conference.deified.adm.monash.edu.au' from='wmck@deified.adm.monash.edu.au' type='groupchat' time='1282189053153'><ink xmlns='monash:metl'><checksum>28472.4</checksum><points>236.5 367.6 127 243.3 375.4 127 244.2 373.5 127 245.2 372.5 127 246.2 372.5 127 247.1 372.5 127 248.1 373.5 127 249.1 373.5 127 249.1 374.4 127 250.1 374.4 127 251 375.4 127 252 376.4 127 253 376.4 127 253.9 377.3 127 254.9 377.3 127 255.9 376.4 127 256.8 376.4 127 257.8 376.4 127 258.8 376.4 127 259.8 375.4 127 260.7 376.4 127 261.7 376.4 127 261.7 377.3 127 262.7 378.3 127 263.6 378.3 127 264.6 378.3 127 265.6 378.3 127 267.5 378.3 127 268.5 377.3 127 270.4 376.4 127 272.4 375.4 127 273.3 373.5 127 274.3 371.5 127 274.3 369.6 127 273.3 367.6 127 272.4 366.7 127 271.4 365.7 127 269.5 364.7 127 267.5 364.7 127 264.6 364.7 127 263.6 366.7 127 260.7 367.6 127 259.8 368.6 127 258.8 370.5 127 258.8 371.5 127</points><color>0 0 255 255</color><thickness>3</thickness><highlight>False</highlight><author>wmck</author><target>presentationSpace</target><privacy>public</privacy><slide>1242414</slide></ink></message><message xml:lang='en' to='1242414@conference.deified.adm.monash.edu.au' from='wmck@deified.adm.monash.edu.au' type='groupchat' time='1282189054430'><ink xmlns='monash:metl'><checksum>23479.7</checksum><points>307.3 371.5 127 307.3 393.8 127 307.3 395.8 127 307.3 394.8 127 307.3 393.8 127 306.3 391.9 127 306.3 389.9 127 306.3 387 127 306.3 384.1 127 306.3 381.2 127 306.3 378.3 127 307.3 376.4 127 308.3 373.5 127 309.2 371.5 127 310.2 370.5 127 311.2 369.6 127 313.1 368.6 127 314.1 368.6 127 315 369.6 127 316 370.5 127 317 371.5 127 317 373.5 127 317 375.4 127 317 377.3 127 316 378.3 127 316 380.2 127 315 381.2 127 314.1 382.2 127 312.1 383.2 127 310.2 383.2 127 310.2 382.2 127 310.2 381.2 127 310.2 380.2 127 310.2 378.3 127</points><color>0 0 255 255</color><thickness>3</thickness><highlight>False</highlight><author>wmck</author><target>presentationSpace</target><privacy>public</privacy><slide>1242414</slide></ink></message><message xml:lang='en' to='1242414@conference.deified.adm.monash.edu.au' from='wmck@deified.adm.monash.edu.au' type='groupchat' time='1282189054664'><ink xmlns='monash:metl'><checksum>1365.3</checksum><points>322.8 358.9 127 324.7 358.9 127</points><color>0 0 255 255</color><thickness>3</thickness><highlight>False</highlight><author>wmck</author><target>presentationSpace</target><privacy>public</privacy><slide>1242414</slide></ink></message><message xml:lang='en' to='1242414@conference.deified.adm.monash.edu.au' from='wmck@deified.adm.monash.edu.au' type='groupchat' time='1282189056127'><ink xmlns='monash:metl'><checksum>112647.9</checksum><points>340.3 378.3 127 343.2 369.6 127 341.2 370.5 127 339.3 372.5 127 338.3 374.4 127 337.4 376.4 127 337.4 378.3 127 337.4 380.2 127 337.4 381.2 127 337.4 382.2 127 338.3 383.2 127 339.3 383.2 127 340.3 383.2 127 341.2 383.2 127 342.2 382.2 127 342.2 381.2 127 343.2 380.2 127 344.1 378.3 127 345.1 377.3 127 345.1 375.4 127 346.1 374.4 127 346.1 373.5 127 347.1 372.5 127 347.1 373.5 127 347.1 374.4 127 347.1 375.4 127 347.1 376.4 127 347.1 377.3 127 348 378.3 127 348 379.3 127 349 380.2 127 350 380.2 127 350.9 380.2 127 351.9 380.2 127 352.9 380.2 127 353.8 379.3 127 354.8 379.3 127 354.8 378.3 127 355.8 377.3 127 356.8 376.4 127 356.8 375.4 127 357.7 376.4 127 358.7 376.4 127 359.7 376.4 127 360.6 376.4 127 361.6 376.4 127 363.5 375.4 127 364.5 374.4 127 365.5 373.5 127 366.5 373.5 127 366.5 372.5 127 367.4 371.5 127 368.4 371.5 127 368.4 372.5 127 368.4 374.4 127 368.4 376.4 127 368.4 379.3 127 369.4 382.2 127 369.4 385.1 127 370.3 389 127 370.3 392.9 127 370.3 396.7 127 370.3 400.6 127 370.3 403.5 127 369.4 406.4 127 368.4 408.4 127 367.4 409.3 127 366.5 410.3 127 364.5 410.3 127 363.5 410.3 127 361.6 409.3 127 360.6 408.4 127 359.7 406.4 127 359.7 404.5 127 359.7 402.6 127 359.7 399.6 127 360.6 396.7 127 361.6 393.8 127 363.5 390.9 127 364.5 388 127 366.5 385.1 127 368.4 382.2 127 370.3 380.2 127 372.3 379.3 127 374.2 378.3 127 375.2 378.3 127 377.1 378.3 127 378.1 378.3 127 379.1 380.2 127 380 381.2 127 380 383.2 127 380 384.1 127 381 386.1 127 381 387 127 381 388 127 381 387 127 382 386.1 127 382 385.1 127 382.9 384.1 127 383.9 383.2 127 383.9 382.2 127 384.9 382.2 127 385.9 381.2 127 386.8 381.2 127 387.8 381.2 127 388.8 381.2 127 389.7 381.2 127 391.7 381.2 127 392.6 381.2 127 394.6 381.2 127 395.6 381.2 127 397.5 380.2 127 399.4 379.3 127 400.4 379.3 127 401.4 377.3 127 402.3 376.4 127 403.3 375.4 127 403.3 374.4 127 403.3 373.5 127 402.3 373.5 127 401.4 373.5 127 400.4 373.5 127 399.4 374.4 127 398.5 375.4 127 397.5 376.4 127 397.5 377.3 127 397.5 378.3 127 397.5 379.3 127 397.5 380.2 127 398.5 381.2 127 398.5 383.2 127 399.4 384.1 127 400.4 386.1 127 401.4 389 127 401.4 390.9 127 401.4 393.8 127 401.4 395.8 127 401.4 398.7 127 401.4 400.6 127 400.4 402.6 127 399.4 403.5 127 398.5 404.5 127 397.5 404.5 127 395.6 404.5 127 394.6 404.5 127 393.6 402.6 127 392.6 400.6 127 390.7 397.7 127 390.7 394.8 127</points><color>0 0 255 255</color><thickness>3</thickness><highlight>False</highlight><author>wmck</author><target>presentationSpace</target><privacy>public</privacy><slide>1242414</slide></ink></message><message xml:lang='en' to='1242414@conference.deified.adm.monash.edu.au' from='wmck@deified.adm.monash.edu.au' type='groupchat' time='1282189056260'><ink xmlns='monash:metl'><checksum>1497.3</checksum><points>389.7 358.9 127 388.8 359.9 127</points><color>0 0 255 255</color><thickness>3</thickness><highlight>False</highlight><author>wmck</author><target>presentationSpace</target><privacy>public</privacy><slide>1242414</slide></ink></message><message xml:lang='en' to='1242414@conference.deified.adm.monash.edu.au' from='wmck@deified.adm.monash.edu.au' type='groupchat' time='1282189057381'><ink xmlns='monash:metl'><checksum>6268.1</checksum><points>107.5 489.9 127 128.8 492.8 127 133.7 493.7 127 136.6 493.7 127 137.5 493.7 127 138.5 493.7 127 139.5 492.8 127 140.4 492.8 127 140.4 491.8 127 139.5 490.8 127</points><color>0 0 255 255</color><thickness>3</thickness><highlight>False</highlight><author>wmck</author><target>presentationSpace</target><privacy>public</privacy><slide>1242414</slide></ink></message><message xml:lang='en' to='1242414@conference.deified.adm.monash.edu.au' from='wmck@deified.adm.monash.edu.au' type='groupchat' time='1282189057688'><ink xmlns='monash:metl'><checksum>7651.1</checksum><points>133.7 482.1 127 136.6 487.9 127 147.2 494.7 127 146.3 497.6 127 145.3 498.6 127 143.4 499.6 127 141.4 500.5 127 140.4 501.5 127 138.5 501.5 127 136.6 502.5 127 135.6 502.5 127 134.6 502.5 127</points><color>0 0 255 255</color><thickness>3</thickness><highlight>False</highlight><author>wmck</author><target>presentationSpace</target><privacy>public</privacy><slide>1242414</slide></ink></message><message xml:lang='en' to='1242414@conference.deified.adm.monash.edu.au' from='wmck@deified.adm.monash.edu.au' type='groupchat' time='1282189059300'><ink xmlns='monash:metl'><checksum>33655.2</checksum><points>180.2 491.8 127 178.3 489.9 127 178.3 490.8 127 184.1 502.5 127 184.1 503.4 127 185.1 502.5 127 185.1 501.5 127 185.1 500.5 127 185.1 498.6 127 186 496.6 127 186 493.7 127 187 491.8 127 187 489.9 127 188 487.9 127 188.9 486 127 188.9 485 127 189.9 485 127 190.9 485 127 191.9 486 127 192.8 486 127 192.8 486.9 127 193.8 488.9 127 193.8 489.9 127 193.8 491.8 127 193.8 493.7 127 194.8 495.7 127 194.8 496.6 127 195.7 498.6 127 195.7 499.6 127 196.7 500.5 127 197.7 501.5 127 198.6 501.5 127 199.6 500.5 127 200.6 499.6 127 201.6 498.6 127 202.5 496.6 127 202.5 494.7 127 202.5 493.7 127 202.5 491.8 127 201.6 490.8 127 201.6 489.9 127 200.6 489.9 127 199.6 489.9 127 198.6 489.9 127 197.7 490.8 127 196.7 491.8 127 196.7 493.7 127 196.7 494.7 127 196.7 495.7 127</points><color>0 0 255 255</color><thickness>3</thickness><highlight>False</highlight><author>wmck</author><target>presentationSpace</target><privacy>public</privacy><slide>1242414</slide></ink></message><message xml:lang='en' to='1242414@conference.deified.adm.monash.edu.au' from='wmck@deified.adm.monash.edu.au' type='groupchat' time='1282189059559'><ink xmlns='monash:metl'><checksum>5741.6</checksum><points>212.2 493.7 127 212.2 491.8 127 214.2 503.4 127 217.1 503.4 127 218 503.4 127 220 503.4 127 221.9 502.5 127 222.9 501.5 127</points><color>0 0 255 255</color><thickness>3</thickness><highlight>False</highlight><author>wmck</author><target>presentationSpace</target><privacy>public</privacy><slide>1242414</slide></ink></message><message xml:lang='en' to='1242414@conference.deified.adm.monash.edu.au' from='wmck@deified.adm.monash.edu.au' type='groupchat' time='1282189060252'><ink xmlns='monash:metl'><checksum>48659.2</checksum><points>228.7 500.5 127 232.6 500.5 127 231.6 491.8 127 228.7 494.7 127 226.8 497.6 127 225.8 499.6 127 225.8 500.5 127 225.8 501.5 127 226.8 502.5 127 227.7 502.5 127 228.7 502.5 127 229.7 501.5 127 230.7 501.5 127 231.6 501.5 127 232.6 501.5 127 233.6 501.5 127 234.5 502.5 127 235.5 502.5 127 237.4 502.5 127 238.4 501.5 127 239.4 500.5 127 240.4 499.6 127 241.3 497.6 127 241.3 495.7 127 242.3 493.7 127 242.3 490.8 127 242.3 488.9 127 242.3 486 127 242.3 484 127 241.3 482.1 127 241.3 481.1 127 241.3 480.2 127 241.3 482.1 127 241.3 483.1 127 242.3 485 127 242.3 487.9 127 243.3 489.9 127 244.2 492.8 127 244.2 494.7 127 245.2 496.6 127 246.2 497.6 127 246.2 498.6 127 247.1 499.6 127 247.1 498.6 127 247.1 497.6 127 247.1 496.6 127 248.1 495.7 127 248.1 493.7 127 249.1 492.8 127 250.1 491.8 127 250.1 490.8 127 251 489.9 127 252 490.8 127 253 490.8 127 253.9 491.8 127 253.9 493.7 127 253.9 495.7 127 253.9 496.6 127 253 498.6 127 251 500.5 127 250.1 501.5 127 248.1 502.5 127 247.1 503.4 127 245.2 504.4 127 244.2 504.4 127 243.3 503.4 127</points><color>0 0 255 255</color><thickness>3</thickness><highlight>False</highlight><author>wmck</author><target>presentationSpace</target><privacy>public</privacy><slide>1242414</slide></ink></message><message xml:lang='en' to='1242414@conference.deified.adm.monash.edu.au' from='wmck@deified.adm.monash.edu.au' type='groupchat' time='1282189060793'><ink xmlns='monash:metl'><checksum>10969.8</checksum><points>273.3 464.6 127 273.3 484 127 273.3 496.6 127 273.3 503.4 127 272.4 509.3 127 272.4 515.1 127 271.4 519 127 271.4 522.8 127 271.4 524.8 127 271.4 526.7 127 271.4 525.7 127 272.4 523.8 127 272.4 521.9 127 273.3 519 127</points><color>0 0 255 255</color><thickness>3</thickness><highlight>False</highlight><author>wmck</author><target>presentationSpace</target><privacy>public</privacy><slide>1242414</slide></ink></message><message xml:lang='en' to='1242414@conference.deified.adm.monash.edu.au' from='wmck@deified.adm.monash.edu.au' type='groupchat' time='1282189061582'><ink xmlns='monash:metl'><checksum>23521.7</checksum><points>301.5 486.9 127 301.5 484 127 295.6 495.7 127 294.7 503.4 127 294.7 506.3 127 295.6 509.3 127 296.6 511.2 127 298.6 512.2 127 299.5 512.2 127 301.5 512.2 127 303.4 510.2 127 304.4 508.3 127 305.3 506.3 127 306.3 505.4 127 307.3 503.4 127 308.3 502.5 127 308.3 501.5 127 308.3 502.5 127 309.2 503.4 127 309.2 504.4 127 309.2 506.3 127 310.2 507.3 127 310.2 509.3 127 311.2 510.2 127 311.2 512.2 127 312.1 513.1 127 312.1 512.2 127 311.2 511.2 127 311.2 510.2 127</points><color>0 0 255 255</color><thickness>3</thickness><highlight>False</highlight><author>wmck</author><target>presentationSpace</target><privacy>public</privacy><slide>1242414</slide></ink></message><message xml:lang='en' to='1242414@conference.deified.adm.monash.edu.au' from='wmck@deified.adm.monash.edu.au' type='groupchat' time='1282189061786'><ink xmlns='monash:metl'><checksum>3256.5</checksum><points>305.3 504.4 127 320.9 493.7 127 322.8 492.8 127 323.8 492.8 127</points><color>0 0 255 255</color><thickness>3</thickness><highlight>False</highlight><author>wmck</author><target>presentationSpace</target><privacy>public</privacy><slide>1242414</slide></ink></message><message xml:lang='en' to='1242414@conference.deified.adm.monash.edu.au' from='wmck@deified.adm.monash.edu.au' type='groupchat' time='1282189062416'><ink xmlns='monash:metl'><checksum>35094.2</checksum><points>320.9 500.5 127 321.8 502.5 127 324.7 490.8 127 322.8 494.7 127 321.8 498.6 127 321.8 501.5 127 322.8 502.5 127 323.8 504.4 127 323.8 505.4 127 325.7 505.4 127 326.7 505.4 127 327.7 504.4 127 329.6 503.4 127 330.6 501.5 127 331.5 499.6 127 332.5 498.6 127 333.5 496.6 127 334.4 495.7 127 335.4 495.7 127 336.4 495.7 127 336.4 497.6 127 336.4 498.6 127 336.4 500.5 127 337.4 501.5 127 337.4 503.4 127 337.4 504.4 127 338.3 505.4 127 339.3 505.4 127 339.3 504.4 127 339.3 503.4 127 340.3 503.4 127 340.3 502.5 127 340.3 501.5 127 341.2 500.5 127 342.2 500.5 127 343.2 500.5 127 344.1 500.5 127 345.1 500.5 127 347.1 500.5 127 348 499.6 127 350 499.6 127 350.9 498.6 127</points><color>0 0 255 255</color><thickness>3</thickness><highlight>False</highlight><author>wmck</author><target>presentationSpace</target><privacy>public</privacy><slide>1242414</slide></ink></message><message xml:lang='en' to='1242414@conference.deified.adm.monash.edu.au' from='wmck@deified.adm.monash.edu.au' type='groupchat' time='1282189063789'><ink xmlns='monash:metl'><checksum>125989.6</checksum><points>357.7 481.1 127 356.8 480.2 127 359.7 502.5 127 360.6 504.4 127 360.6 503.4 127 360.6 502.5 127 361.6 500.5 127 361.6 497.6 127 362.6 494.7 127 362.6 491.8 127 363.5 488.9 127 364.5 486.9 127 364.5 485 127 365.5 484 127 366.5 484 127 366.5 485 127 366.5 486.9 127 365.5 488.9 127 365.5 490.8 127 364.5 492.8 127 364.5 493.7 127 363.5 495.7 127 362.6 496.6 127 362.6 497.6 127 362.6 498.6 127 362.6 499.6 127 362.6 500.5 127 363.5 501.5 127 364.5 502.5 127 366.5 502.5 127 367.4 503.4 127 369.4 503.4 127 371.3 502.5 127 373.2 502.5 127 375.2 501.5 127 376.2 499.6 127 377.1 498.6 127 378.1 496.6 127 379.1 494.7 127 379.1 493.7 127 379.1 491.8 127 379.1 490.8 127 379.1 491.8 127 379.1 492.8 127 379.1 493.7 127 379.1 495.7 127 379.1 497.6 127 380 498.6 127 380 499.6 127 381 500.5 127 381 501.5 127 382 501.5 127 382.9 501.5 127 383.9 500.5 127 384.9 499.6 127 384.9 498.6 127 385.9 497.6 127 386.8 497.6 127 387.8 498.6 127 388.8 499.6 127 389.7 500.5 127 390.7 500.5 127 391.7 501.5 127 392.6 501.5 127 393.6 500.5 127 394.6 499.6 127 395.6 499.6 127 396.5 497.6 127 397.5 496.6 127 397.5 495.7 127 397.5 493.7 127 396.5 492.8 127 395.6 491.8 127 394.6 491.8 127 393.6 491.8 127 392.6 491.8 127 391.7 492.8 127 390.7 493.7 127 389.7 494.7 127 389.7 496.6 127 389.7 497.6 127 390.7 498.6 127 391.7 499.6 127 392.6 499.6 127 394.6 499.6 127 395.6 499.6 127 397.5 498.6 127 398.5 497.6 127 400.4 495.7 127 401.4 494.7 127 402.3 493.7 127 402.3 492.8 127 403.3 491.8 127 403.3 492.8 127 403.3 493.7 127 404.3 494.7 127 404.3 495.7 127 404.3 496.6 127 405.3 497.6 127 406.2 498.6 127 407.2 498.6 127 408.2 498.6 127 409.1 497.6 127 410.1 496.6 127 411.1 496.6 127 411.1 495.7 127 411.1 494.7 127 412 494.7 127 413 494.7 127 414 495.7 127 415 495.7 127 415.9 496.6 127 416.9 496.6 127 417.9 496.6 127 419.8 495.7 127 420.8 495.7 127 421.7 494.7 127 422.7 492.8 127 423.7 491.8 127 424.7 489.9 127 424.7 486.9 127 424.7 484 127 425.6 481.1 127 425.6 478.2 127 425.6 475.3 127 425.6 473.4 127 425.6 471.4 127 425.6 470.5 127 425.6 472.4 127 425.6 474.3 127 424.7 477.2 127 424.7 479.2 127 424.7 482.1 127 425.6 485 127 425.6 487.9 127 425.6 489.9 127 426.6 491.8 127 426.6 492.8 127 427.6 494.7 127 428.5 494.7 127 429.5 495.7 127 429.5 494.7 127</points><color>0 0 255 255</color><thickness>3</thickness><highlight>False</highlight><author>wmck</author><target>presentationSpace</target><privacy>public</privacy><slide>1242414</slide></ink></message><message xml:lang='en' to='1242414@conference.deified.adm.monash.edu.au' from='wmck@deified.adm.monash.edu.au' type='groupchat' time='1282189063920'><ink xmlns='monash:metl'><checksum>1857.2</checksum><points>434.4 493.7 127 436.3 492.8 127</points><color>0 0 255 255</color><thickness>3</thickness><highlight>False</highlight><author>wmck</author><target>presentationSpace</target><privacy>public</privacy><slide>1242414</slide></ink></message>