<conversation><title>User Guide3</title><author>gsanson</author><created>27/01/2010 10:03:49 AM</created><tag></tag><subject>Office of the Deputy Vice-Chancellor (Education)</subject><jid>410400</jid><permissions><studentCanPublish>true</studentCanPublish><studentCanOpenFriends>true</studentCanOpenFriends><usersAreCompulsorilySynced>false</usersAreCompulsorilySynced></permissions><slide><author>gsanson</author><id>410401</id><index>0</index><type>SLIDE</type></slide><slide><author>gsanson</author><id>410402</id><index>1</index><type>SLIDE</type></slide><slide><author>gsanson</author><id>410403</id><index>2</index><type>SLIDE</type></slide></conversation>