<logCollection date='{2010,8,31}'><message xml:lang='en' to='1242404@conference.deified.adm.monash.edu.au' from='wmck@deified.adm.monash.edu.au' type='groupchat' time='1283208303684'><dirtyInk xmlns='monash:metl'><author>wmck</author><slide>1242404</slide><target>presentationSpace</target><privacy>public</privacy><identity>331.4</identity></dirtyInk></message><message xml:lang='en' to='1242404@conference.deified.adm.monash.edu.au' from='wmck@deified.adm.monash.edu.au' type='groupchat' time='1283208303688'><dirtyInk xmlns='monash:metl'><author>wmck</author><slide>1242404</slide><target>presentationSpace</target><privacy>public</privacy><identity>339</identity></dirtyInk></message><message xml:lang='en' to='1242404@conference.deified.adm.monash.edu.au' from='wmck@deified.adm.monash.edu.au' type='groupchat' time='1283208303689'><dirtyInk xmlns='monash:metl'><author>wmck</author><slide>1242404</slide><target>presentationSpace</target><privacy>public</privacy><identity>360.5</identity></dirtyInk></message><message xml:lang='en' to='1242404@conference.deified.adm.monash.edu.au' from='wmck@deified.adm.monash.edu.au' type='groupchat' time='1283208303689'><dirtyInk xmlns='monash:metl'><author>wmck</author><slide>1242404</slide><target>presentationSpace</target><privacy>public</privacy><identity>2360.2</identity></dirtyInk></message><message xml:lang='en' to='1242404@conference.deified.adm.monash.edu.au' from='wmck@deified.adm.monash.edu.au' type='groupchat' time='1283208303689'><dirtyInk xmlns='monash:metl'><author>wmck</author><slide>1242404</slide><target>presentationSpace</target><privacy>public</privacy><identity>2115.2</identity></dirtyInk></message><message xml:lang='en' to='1242404@conference.deified.adm.monash.edu.au' from='wmck@deified.adm.monash.edu.au' type='groupchat' time='1283208303690'><dirtyInk xmlns='monash:metl'><author>wmck</author><slide>1242404</slide><target>presentationSpace</target><privacy>public</privacy><identity>457.4</identity></dirtyInk></message><message xml:lang='en' to='1242404@conference.deified.adm.monash.edu.au' from='wmck@deified.adm.monash.edu.au' type='groupchat' time='1283208303691'><dirtyInk xmlns='monash:metl'><author>wmck</author><slide>1242404</slide><target>presentationSpace</target><privacy>public</privacy><identity>448.7</identity></dirtyInk></message><message xml:lang='en' to='1242404@conference.deified.adm.monash.edu.au' from='wmck@deified.adm.monash.edu.au' type='groupchat' time='1283208303691'><dirtyInk xmlns='monash:metl'><author>wmck</author><slide>1242404</slide><target>presentationSpace</target><privacy>public</privacy><identity>11050.6</identity></dirtyInk></message><message xml:lang='en' to='1242404@conference.deified.adm.monash.edu.au' from='wmck@deified.adm.monash.edu.au' type='groupchat' time='1283208303692'><dirtyInk xmlns='monash:metl'><author>wmck</author><slide>1242404</slide><target>presentationSpace</target><privacy>public</privacy><identity>13128.7</identity></dirtyInk></message><message xml:lang='en' to='1242404@conference.deified.adm.monash.edu.au' from='wmck@deified.adm.monash.edu.au' type='groupchat' time='1283208303692'><dirtyInk xmlns='monash:metl'><author>wmck</author><slide>1242404</slide><target>presentationSpace</target><privacy>public</privacy><identity>4885.7</identity></dirtyInk></message><message xml:lang='en' to='1242404@conference.deified.adm.monash.edu.au' from='wmck@deified.adm.monash.edu.au' type='groupchat' time='1283208303693'><dirtyInk xmlns='monash:metl'><author>wmck</author><slide>1242404</slide><target>presentationSpace</target><privacy>public</privacy><identity>2777.1</identity></dirtyInk></message><message xml:lang='en' to='1242404@conference.deified.adm.monash.edu.au' from='wmck@deified.adm.monash.edu.au' type='groupchat' time='1283208303693'><dirtyInk xmlns='monash:metl'><author>wmck</author><slide>1242404</slide><target>presentationSpace</target><privacy>public</privacy><identity>3551</identity></dirtyInk></message><message xml:lang='en' to='1242404@conference.deified.adm.monash.edu.au' from='wmck@deified.adm.monash.edu.au' type='groupchat' time='1283208303694'><dirtyInk xmlns='monash:metl'><author>wmck</author><slide>1242404</slide><target>presentationSpace</target><privacy>public</privacy><identity>5007.6</identity></dirtyInk></message><message xml:lang='en' to='1242404@conference.deified.adm.monash.edu.au' from='wmck@deified.adm.monash.edu.au' type='groupchat' time='1283208303694'><dirtyInk xmlns='monash:metl'><author>wmck</author><slide>1242404</slide><target>presentationSpace</target><privacy>public</privacy><identity>618.5</identity></dirtyInk></message><message xml:lang='en' to='1242404@conference.deified.adm.monash.edu.au' from='wmck@deified.adm.monash.edu.au' type='groupchat' time='1283208303695'><dirtyInk xmlns='monash:metl'><author>wmck</author><slide>1242404</slide><target>presentationSpace</target><privacy>public</privacy><identity>489.4</identity></dirtyInk></message><message xml:lang='en' to='1242404@conference.deified.adm.monash.edu.au' from='wmck@deified.adm.monash.edu.au' type='groupchat' time='1283208303695'><dirtyInk xmlns='monash:metl'><author>wmck</author><slide>1242404</slide><target>presentationSpace</target><privacy>public</privacy><identity>5169.3</identity></dirtyInk></message><message xml:lang='en' to='1242404@conference.deified.adm.monash.edu.au' from='wmck@deified.adm.monash.edu.au' type='groupchat' time='1283208303696'><dirtyInk xmlns='monash:metl'><author>wmck</author><slide>1242404</slide><target>presentationSpace</target><privacy>public</privacy><identity>21918</identity></dirtyInk></message><message xml:lang='en' to='1242404@conference.deified.adm.monash.edu.au' from='wmck@deified.adm.monash.edu.au' type='groupchat' time='1283208303697'><dirtyInk xmlns='monash:metl'><author>wmck</author><slide>1242404</slide><target>presentationSpace</target><privacy>public</privacy><identity>626.1</identity></dirtyInk></message><message xml:lang='en' to='1242404@conference.deified.adm.monash.edu.au' from='wmck@deified.adm.monash.edu.au' type='groupchat' time='1283208303697'><dirtyInk xmlns='monash:metl'><author>wmck</author><slide>1242404</slide><target>presentationSpace</target><privacy>public</privacy><identity>1227.7</identity></dirtyInk></message><message xml:lang='en' to='1242404@conference.deified.adm.monash.edu.au' from='wmck@deified.adm.monash.edu.au' type='groupchat' time='1283208303698'><dirtyInk xmlns='monash:metl'><author>wmck</author><slide>1242404</slide><target>presentationSpace</target><privacy>public</privacy><identity>10079.5</identity></dirtyInk></message><message xml:lang='en' to='1242404@conference.deified.adm.monash.edu.au' from='wmck@deified.adm.monash.edu.au' type='groupchat' time='1283208303698'><dirtyInk xmlns='monash:metl'><author>wmck</author><slide>1242404</slide><target>presentationSpace</target><privacy>public</privacy><identity>7858.8</identity></dirtyInk></message><message xml:lang='en' to='1242404@conference.deified.adm.monash.edu.au' from='wmck@deified.adm.monash.edu.au' type='groupchat' time='1283208303699'><dirtyInk xmlns='monash:metl'><author>wmck</author><slide>1242404</slide><target>presentationSpace</target><privacy>public</privacy><identity>407</identity></dirtyInk></message><message xml:lang='en' to='1242404@conference.deified.adm.monash.edu.au' from='wmck@deified.adm.monash.edu.au' type='groupchat' time='1283208303699'><dirtyInk xmlns='monash:metl'><author>wmck</author><slide>1242404</slide><target>presentationSpace</target><privacy>public</privacy><identity>758</identity></dirtyInk></message><message xml:lang='en' to='1242404@conference.deified.adm.monash.edu.au' from='wmck@deified.adm.monash.edu.au' type='groupchat' time='1283208303700'><dirtyInk xmlns='monash:metl'><author>wmck</author><slide>1242404</slide><target>presentationSpace</target><privacy>public</privacy><identity>1928.4</identity></dirtyInk></message><message xml:lang='en' to='1242404@conference.deified.adm.monash.edu.au' from='wmck@deified.adm.monash.edu.au' type='groupchat' time='1283208303702'><dirtyInk xmlns='monash:metl'><author>wmck</author><slide>1242404</slide><target>presentationSpace</target><privacy>public</privacy><identity>6764.69999999999</identity></dirtyInk></message><message xml:lang='en' to='1242404@conference.deified.adm.monash.edu.au' from='wmck@deified.adm.monash.edu.au' type='groupchat' time='1283208303705'><dirtyInk xmlns='monash:metl'><author>wmck</author><slide>1242404</slide><target>presentationSpace</target><privacy>public</privacy><identity>8254.5</identity></dirtyInk></message><message xml:lang='en' to='1242404@conference.deified.adm.monash.edu.au' from='wmck@deified.adm.monash.edu.au' type='groupchat' time='1283208303705'><dirtyInk xmlns='monash:metl'><author>wmck</author><slide>1242404</slide><target>presentationSpace</target><privacy>public</privacy><identity>510.7</identity></dirtyInk></message><message xml:lang='en' to='1242404@conference.deified.adm.monash.edu.au' from='wmck@deified.adm.monash.edu.au' type='groupchat' time='1283208303706'><dirtyInk xmlns='monash:metl'><author>wmck</author><slide>1242404</slide><target>presentationSpace</target><privacy>public</privacy><identity>528.2</identity></dirtyInk></message><message xml:lang='en' to='1242404@conference.deified.adm.monash.edu.au' from='wmck@deified.adm.monash.edu.au' type='groupchat' time='1283208303706'><dirtyInk xmlns='monash:metl'><author>wmck</author><slide>1242404</slide><target>presentationSpace</target><privacy>public</privacy><identity>957</identity></dirtyInk></message><message xml:lang='en' to='1242404@conference.deified.adm.monash.edu.au' from='wmck@deified.adm.monash.edu.au' type='groupchat' time='1283208303713'><dirtyInk xmlns='monash:metl'><author>wmck</author><slide>1242404</slide><target>presentationSpace</target><privacy>public</privacy><identity>13931.6</identity></dirtyInk></message><message xml:lang='en' to='1242404@conference.deified.adm.monash.edu.au' from='wmck@deified.adm.monash.edu.au' type='groupchat' time='1283208303714'><dirtyInk xmlns='monash:metl'><author>wmck</author><slide>1242404</slide><target>presentationSpace</target><privacy>public</privacy><identity>8658.7</identity></dirtyInk></message><message xml:lang='en' to='1242404@conference.deified.adm.monash.edu.au' from='wmck@deified.adm.monash.edu.au' type='groupchat' time='1283208303714'><dirtyInk xmlns='monash:metl'><author>wmck</author><slide>1242404</slide><target>presentationSpace</target><privacy>public</privacy><identity>5622.6</identity></dirtyInk></message><message xml:lang='en' to='1242404@conference.deified.adm.monash.edu.au' from='wmck@deified.adm.monash.edu.au' type='groupchat' time='1283208303714'><dirtyInk xmlns='monash:metl'><author>wmck</author><slide>1242404</slide><target>presentationSpace</target><privacy>public</privacy><identity>10438</identity></dirtyInk></message><message xml:lang='en' to='1242404@conference.deified.adm.monash.edu.au' from='wmck@deified.adm.monash.edu.au' type='groupchat' time='1283208303731'><dirtyInk xmlns='monash:metl'><author>wmck</author><slide>1242404</slide><target>presentationSpace</target><privacy>public</privacy><identity>6965.9</identity></dirtyInk></message><message xml:lang='en' to='1242404@conference.deified.adm.monash.edu.au' from='wmck@deified.adm.monash.edu.au' type='groupchat' time='1283208303731'><dirtyInk xmlns='monash:metl'><author>wmck</author><slide>1242404</slide><target>presentationSpace</target><privacy>public</privacy><identity>7037.9</identity></dirtyInk></message><message xml:lang='en' to='1242404@conference.deified.adm.monash.edu.au' from='wmck@deified.adm.monash.edu.au' type='groupchat' time='1283208303731'><dirtyInk xmlns='monash:metl'><author>wmck</author><slide>1242404</slide><target>presentationSpace</target><privacy>public</privacy><identity>4016.7</identity></dirtyInk></message><message xml:lang='en' to='1242404@conference.deified.adm.monash.edu.au' from='wmck@deified.adm.monash.edu.au' type='groupchat' time='1283208303732'><dirtyInk xmlns='monash:metl'><author>wmck</author><slide>1242404</slide><target>presentationSpace</target><privacy>public</privacy><identity>1255.8</identity></dirtyInk></message><message xml:lang='en' to='1242404@conference.deified.adm.monash.edu.au' from='wmck@deified.adm.monash.edu.au' type='groupchat' time='1283208303732'><dirtyInk xmlns='monash:metl'><author>wmck</author><slide>1242404</slide><target>presentationSpace</target><privacy>public</privacy><identity>4248.8</identity></dirtyInk></message><message xml:lang='en' to='1242404@conference.deified.adm.monash.edu.au' from='wmck@deified.adm.monash.edu.au' type='groupchat' time='1283208303733'><dirtyInk xmlns='monash:metl'><author>wmck</author><slide>1242404</slide><target>presentationSpace</target><privacy>public</privacy><identity>968.6</identity></dirtyInk></message><message xml:lang='en' to='1242404@conference.deified.adm.monash.edu.au' from='wmck@deified.adm.monash.edu.au' type='groupchat' time='1283208303733'><dirtyInk xmlns='monash:metl'><author>wmck</author><slide>1242404</slide><target>presentationSpace</target><privacy>public</privacy><identity>25543.2</identity></dirtyInk></message><message xml:lang='en' to='1242404@conference.deified.adm.monash.edu.au' from='wmck@deified.adm.monash.edu.au' type='groupchat' time='1283208303734'><dirtyInk xmlns='monash:metl'><author>wmck</author><slide>1242404</slide><target>presentationSpace</target><privacy>public</privacy><identity>5225.5</identity></dirtyInk></message><message xml:lang='en' to='1242404@conference.deified.adm.monash.edu.au' from='wmck@deified.adm.monash.edu.au' type='groupchat' time='1283208303734'><dirtyInk xmlns='monash:metl'><author>wmck</author><slide>1242404</slide><target>presentationSpace</target><privacy>public</privacy><identity>7447.4</identity></dirtyInk></message><message xml:lang='en' to='1242404@conference.deified.adm.monash.edu.au' from='wmck@deified.adm.monash.edu.au' type='groupchat' time='1283208303735'><dirtyInk xmlns='monash:metl'><author>wmck</author><slide>1242404</slide><target>presentationSpace</target><privacy>public</privacy><identity>7924</identity></dirtyInk></message><message xml:lang='en' to='1242404@conference.deified.adm.monash.edu.au' from='wmck@deified.adm.monash.edu.au' type='groupchat' time='1283208303736'><dirtyInk xmlns='monash:metl'><author>wmck</author><slide>1242404</slide><target>presentationSpace</target><privacy>public</privacy><identity>979.2</identity></dirtyInk></message><message xml:lang='en' to='1242404@conference.deified.adm.monash.edu.au' from='wmck@deified.adm.monash.edu.au' type='groupchat' time='1283208303736'><dirtyInk xmlns='monash:metl'><author>wmck</author><slide>1242404</slide><target>presentationSpace</target><privacy>public</privacy><identity>10632.1</identity></dirtyInk></message><message xml:lang='en' to='1242404@conference.deified.adm.monash.edu.au' from='wmck@deified.adm.monash.edu.au' type='groupchat' time='1283208303736'><dirtyInk xmlns='monash:metl'><author>wmck</author><slide>1242404</slide><target>presentationSpace</target><privacy>public</privacy><identity>7476.5</identity></dirtyInk></message><message xml:lang='en' to='1242404@conference.deified.adm.monash.edu.au' from='wmck@deified.adm.monash.edu.au' type='groupchat' time='1283208303737'><dirtyInk xmlns='monash:metl'><author>wmck</author><slide>1242404</slide><target>presentationSpace</target><privacy>public</privacy><identity>20046.6</identity></dirtyInk></message><message xml:lang='en' to='1242404@conference.deified.adm.monash.edu.au' from='wmck@deified.adm.monash.edu.au' type='groupchat' time='1283208303737'><dirtyInk xmlns='monash:metl'><author>wmck</author><slide>1242404</slide><target>presentationSpace</target><privacy>public</privacy><identity>1344.1</identity></dirtyInk></message><message xml:lang='en' to='1242404@conference.deified.adm.monash.edu.au' from='wmck@deified.adm.monash.edu.au' type='groupchat' time='1283208303738'><dirtyInk xmlns='monash:metl'><author>wmck</author><slide>1242404</slide><target>presentationSpace</target><privacy>public</privacy><identity>5747.8</identity></dirtyInk></message><message xml:lang='en' to='1242404@conference.deified.adm.monash.edu.au' from='wmck@deified.adm.monash.edu.au' type='groupchat' time='1283208303738'><dirtyInk xmlns='monash:metl'><author>wmck</author><slide>1242404</slide><target>presentationSpace</target><privacy>public</privacy><identity>12173.5</identity></dirtyInk></message><message xml:lang='en' to='1242404@conference.deified.adm.monash.edu.au' from='wmck@deified.adm.monash.edu.au' type='groupchat' time='1283208303739'><dirtyInk xmlns='monash:metl'><author>wmck</author><slide>1242404</slide><target>presentationSpace</target><privacy>public</privacy><identity>10236.5</identity></dirtyInk></message><message xml:lang='en' to='1242404@conference.deified.adm.monash.edu.au' from='wmck@deified.adm.monash.edu.au' type='groupchat' time='1283208303740'><dirtyInk xmlns='monash:metl'><author>wmck</author><slide>1242404</slide><target>presentationSpace</target><privacy>public</privacy><identity>18722.1</identity></dirtyInk></message><message xml:lang='en' to='1242404@conference.deified.adm.monash.edu.au' from='wmck@deified.adm.monash.edu.au' type='groupchat' time='1283208303740'><dirtyInk xmlns='monash:metl'><author>wmck</author><slide>1242404</slide><target>presentationSpace</target><privacy>public</privacy><identity>26811.8</identity></dirtyInk></message><message xml:lang='en' to='1242404@conference.deified.adm.monash.edu.au' from='wmck@deified.adm.monash.edu.au' type='groupchat' time='1283208303741'><dirtyInk xmlns='monash:metl'><author>wmck</author><slide>1242404</slide><target>presentationSpace</target><privacy>public</privacy><identity>10014.8</identity></dirtyInk></message><message xml:lang='en' to='1242404@conference.deified.adm.monash.edu.au' from='wmck@deified.adm.monash.edu.au' type='groupchat' time='1283208303769'><dirtyInk xmlns='monash:metl'><author>wmck</author><slide>1242404</slide><target>presentationSpace</target><privacy>public</privacy><identity>6343.8</identity></dirtyInk></message><message xml:lang='en' to='1242404@conference.deified.adm.monash.edu.au' from='wmck@deified.adm.monash.edu.au' type='groupchat' time='1283208303770'><dirtyInk xmlns='monash:metl'><author>wmck</author><slide>1242404</slide><target>presentationSpace</target><privacy>public</privacy><identity>11662.2</identity></dirtyInk></message><message xml:lang='en' to='1242404@conference.deified.adm.monash.edu.au' from='wmck@deified.adm.monash.edu.au' type='groupchat' time='1283208303770'><dirtyInk xmlns='monash:metl'><author>wmck</author><slide>1242404</slide><target>presentationSpace</target><privacy>public</privacy><identity>5434.2</identity></dirtyInk></message><message xml:lang='en' to='1242404@conference.deified.adm.monash.edu.au' from='wmck@deified.adm.monash.edu.au' type='groupchat' time='1283208303770'><dirtyInk xmlns='monash:metl'><author>wmck</author><slide>1242404</slide><target>presentationSpace</target><privacy>public</privacy><identity>9953.4</identity></dirtyInk></message><message xml:lang='en' to='1242404@conference.deified.adm.monash.edu.au' from='wmck@deified.adm.monash.edu.au' type='groupchat' time='1283208303771'><dirtyInk xmlns='monash:metl'><author>wmck</author><slide>1242404</slide><target>presentationSpace</target><privacy>public</privacy><identity>5687.5</identity></dirtyInk></message><message xml:lang='en' to='1242404@conference.deified.adm.monash.edu.au' from='wmck@deified.adm.monash.edu.au' type='groupchat' time='1283208303771'><dirtyInk xmlns='monash:metl'><author>wmck</author><slide>1242404</slide><target>presentationSpace</target><privacy>public</privacy><identity>4885.9</identity></dirtyInk></message><message xml:lang='en' to='1242404@conference.deified.adm.monash.edu.au' from='wmck@deified.adm.monash.edu.au' type='groupchat' time='1283208303772'><dirtyInk xmlns='monash:metl'><author>wmck</author><slide>1242404</slide><target>presentationSpace</target><privacy>public</privacy><identity>12350.7</identity></dirtyInk></message><message xml:lang='en' to='1242404@conference.deified.adm.monash.edu.au' from='wmck@deified.adm.monash.edu.au' type='groupchat' time='1283208303773'><dirtyInk xmlns='monash:metl'><author>wmck</author><slide>1242404</slide><target>presentationSpace</target><privacy>public</privacy><identity>15699.9</identity></dirtyInk></message><message xml:lang='en' to='1242404@conference.deified.adm.monash.edu.au' from='wmck@deified.adm.monash.edu.au' type='groupchat' time='1283208303773'><dirtyInk xmlns='monash:metl'><author>wmck</author><slide>1242404</slide><target>presentationSpace</target><privacy>public</privacy><identity>3625.1</identity></dirtyInk></message><message xml:lang='en' to='1242404@conference.deified.adm.monash.edu.au' from='wmck@deified.adm.monash.edu.au' type='groupchat' time='1283208303774'><dirtyInk xmlns='monash:metl'><author>wmck</author><slide>1242404</slide><target>presentationSpace</target><privacy>public</privacy><identity>7997.5</identity></dirtyInk></message><message xml:lang='en' to='1242404@conference.deified.adm.monash.edu.au' from='wmck@deified.adm.monash.edu.au' type='groupchat' time='1283208303774'><dirtyInk xmlns='monash:metl'><author>wmck</author><slide>1242404</slide><target>presentationSpace</target><privacy>public</privacy><identity>549.8</identity></dirtyInk></message><message xml:lang='en' to='1242404@conference.deified.adm.monash.edu.au' from='wmck@deified.adm.monash.edu.au' type='groupchat' time='1283208303775'><dirtyInk xmlns='monash:metl'><author>wmck</author><slide>1242404</slide><target>presentationSpace</target><privacy>public</privacy><identity>14930.5</identity></dirtyInk></message><message xml:lang='en' to='1242404@conference.deified.adm.monash.edu.au' from='wmck@deified.adm.monash.edu.au' type='groupchat' time='1283208303775'><dirtyInk xmlns='monash:metl'><author>wmck</author><slide>1242404</slide><target>presentationSpace</target><privacy>public</privacy><identity>556.6</identity></dirtyInk></message><message xml:lang='en' to='1242404@conference.deified.adm.monash.edu.au' from='wmck@deified.adm.monash.edu.au' type='groupchat' time='1283208303776'><dirtyInk xmlns='monash:metl'><author>wmck</author><slide>1242404</slide><target>presentationSpace</target><privacy>public</privacy><identity>1120</identity></dirtyInk></message><message xml:lang='en' to='1242404@conference.deified.adm.monash.edu.au' from='wmck@deified.adm.monash.edu.au' type='groupchat' time='1283208303776'><dirtyInk xmlns='monash:metl'><author>wmck</author><slide>1242404</slide><target>presentationSpace</target><privacy>public</privacy><identity>9747.6</identity></dirtyInk></message><message xml:lang='en' to='1242404@conference.deified.adm.monash.edu.au' from='wmck@deified.adm.monash.edu.au' type='groupchat' time='1283208303776'><dirtyInk xmlns='monash:metl'><author>wmck</author><slide>1242404</slide><target>presentationSpace</target><privacy>public</privacy><identity>11051.8</identity></dirtyInk></message><message xml:lang='en' to='1242404@conference.deified.adm.monash.edu.au' from='wmck@deified.adm.monash.edu.au' type='groupchat' time='1283208303777'><dirtyInk xmlns='monash:metl'><author>wmck</author><slide>1242404</slide><target>presentationSpace</target><privacy>public</privacy><identity>26083.4</identity></dirtyInk></message><message xml:lang='en' to='1242404@conference.deified.adm.monash.edu.au' from='wmck@deified.adm.monash.edu.au' type='groupchat' time='1283208303777'><dirtyInk xmlns='monash:metl'><author>wmck</author><slide>1242404</slide><target>presentationSpace</target><privacy>public</privacy><identity>16779.2</identity></dirtyInk></message><message xml:lang='en' to='1242404@conference.deified.adm.monash.edu.au' from='wmck@deified.adm.monash.edu.au' type='groupchat' time='1283208303778'><dirtyInk xmlns='monash:metl'><author>wmck</author><slide>1242404</slide><target>presentationSpace</target><privacy>public</privacy><identity>589.6</identity></dirtyInk></message><message xml:lang='en' to='1242404@conference.deified.adm.monash.edu.au' from='wmck@deified.adm.monash.edu.au' type='groupchat' time='1283208303779'><dirtyInk xmlns='monash:metl'><author>wmck</author><slide>1242404</slide><target>presentationSpace</target><privacy>public</privacy><identity>1184</identity></dirtyInk></message><message xml:lang='en' to='1242404@conference.deified.adm.monash.edu.au' from='wmck@deified.adm.monash.edu.au' type='groupchat' time='1283208303779'><dirtyInk xmlns='monash:metl'><author>wmck</author><slide>1242404</slide><target>presentationSpace</target><privacy>public</privacy><identity>15369.5</identity></dirtyInk></message><message xml:lang='en' to='1242404@conference.deified.adm.monash.edu.au' from='wmck@deified.adm.monash.edu.au' type='groupchat' time='1283208303780'><dirtyInk xmlns='monash:metl'><author>wmck</author><slide>1242404</slide><target>presentationSpace</target><privacy>public</privacy><identity>3730.3</identity></dirtyInk></message><message xml:lang='en' to='1242404@conference.deified.adm.monash.edu.au' from='wmck@deified.adm.monash.edu.au' type='groupchat' time='1283208303780'><dirtyInk xmlns='monash:metl'><author>wmck</author><slide>1242404</slide><target>presentationSpace</target><privacy>public</privacy><identity>1189.8</identity></dirtyInk></message><message xml:lang='en' to='1242404@conference.deified.adm.monash.edu.au' from='wmck@deified.adm.monash.edu.au' type='groupchat' time='1283208303781'><dirtyInk xmlns='monash:metl'><author>wmck</author><slide>1242404</slide><target>presentationSpace</target><privacy>public</privacy><identity>32473.5</identity></dirtyInk></message><message xml:lang='en' to='1242404@conference.deified.adm.monash.edu.au' from='wmck@deified.adm.monash.edu.au' type='groupchat' time='1283208303782'><dirtyInk xmlns='monash:metl'><author>wmck</author><slide>1242404</slide><target>presentationSpace</target><privacy>public</privacy><identity>22892.6</identity></dirtyInk></message><message xml:lang='en' to='1242404@conference.deified.adm.monash.edu.au' from='wmck@deified.adm.monash.edu.au' type='groupchat' time='1283208303782'><dirtyInk xmlns='monash:metl'><author>wmck</author><slide>1242404</slide><target>presentationSpace</target><privacy>public</privacy><identity>1245</identity></dirtyInk></message><message xml:lang='en' to='1242404@conference.deified.adm.monash.edu.au' from='wmck@deified.adm.monash.edu.au' type='groupchat' time='1283208303782'><dirtyInk xmlns='monash:metl'><author>wmck</author><slide>1242404</slide><target>presentationSpace</target><privacy>public</privacy><identity>23912</identity></dirtyInk></message><message xml:lang='en' to='1242404@conference.deified.adm.monash.edu.au' from='wmck@deified.adm.monash.edu.au' type='groupchat' time='1283208303783'><dirtyInk xmlns='monash:metl'><author>wmck</author><slide>1242404</slide><target>presentationSpace</target><privacy>public</privacy><identity>1302.3</identity></dirtyInk></message><message xml:lang='en' to='1242404@conference.deified.adm.monash.edu.au' from='wmck@deified.adm.monash.edu.au' type='groupchat' time='1283208303784'><dirtyInk xmlns='monash:metl'><author>wmck</author><slide>1242404</slide><target>presentationSpace</target><privacy>public</privacy><identity>9338.5</identity></dirtyInk></message><message xml:lang='en' to='1242404@conference.deified.adm.monash.edu.au' from='wmck@deified.adm.monash.edu.au' type='groupchat' time='1283208303784'><dirtyInk xmlns='monash:metl'><author>wmck</author><slide>1242404</slide><target>presentationSpace</target><privacy>public</privacy><identity>6144.3</identity></dirtyInk></message><message xml:lang='en' to='1242404@conference.deified.adm.monash.edu.au' from='wmck@deified.adm.monash.edu.au' type='groupchat' time='1283208303784'><dirtyInk xmlns='monash:metl'><author>wmck</author><slide>1242404</slide><target>presentationSpace</target><privacy>public</privacy><identity>50097.9</identity></dirtyInk></message><message xml:lang='en' to='1242404@conference.deified.adm.monash.edu.au' from='wmck@deified.adm.monash.edu.au' type='groupchat' time='1283208303785'><dirtyInk xmlns='monash:metl'><author>wmck</author><slide>1242404</slide><target>presentationSpace</target><privacy>public</privacy><identity>15019.2</identity></dirtyInk></message><message xml:lang='en' to='1242404@conference.deified.adm.monash.edu.au' from='wmck@deified.adm.monash.edu.au' type='groupchat' time='1283208303785'><dirtyInk xmlns='monash:metl'><author>wmck</author><slide>1242404</slide><target>presentationSpace</target><privacy>public</privacy><identity>12800.6</identity></dirtyInk></message><message xml:lang='en' to='1242404@conference.deified.adm.monash.edu.au' from='wmck@deified.adm.monash.edu.au' type='groupchat' time='1283208303785'><dirtyInk xmlns='monash:metl'><author>wmck</author><slide>1242404</slide><target>presentationSpace</target><privacy>public</privacy><identity>13887.3</identity></dirtyInk></message><message xml:lang='en' to='1242404@conference.deified.adm.monash.edu.au' from='wmck@deified.adm.monash.edu.au' type='groupchat' time='1283208303786'><dirtyInk xmlns='monash:metl'><author>wmck</author><slide>1242404</slide><target>presentationSpace</target><privacy>public</privacy><identity>2239.2</identity></dirtyInk></message><message xml:lang='en' to='1242404@conference.deified.adm.monash.edu.au' from='wmck@deified.adm.monash.edu.au' type='groupchat' time='1283208303799'><dirtyInk xmlns='monash:metl'><author>wmck</author><slide>1242404</slide><target>presentationSpace</target><privacy>public</privacy><identity>15786</identity></dirtyInk></message><message xml:lang='en' to='1242404@conference.deified.adm.monash.edu.au' from='wmck@deified.adm.monash.edu.au' type='groupchat' time='1283208303802'><dirtyInk xmlns='monash:metl'><author>wmck</author><slide>1242404</slide><target>presentationSpace</target><privacy>public</privacy><identity>85036.5999999999</identity></dirtyInk></message><message xml:lang='en' to='1242404@conference.deified.adm.monash.edu.au' from='wmck@deified.adm.monash.edu.au' type='groupchat' time='1283208303803'><dirtyInk xmlns='monash:metl'><author>wmck</author><slide>1242404</slide><target>presentationSpace</target><privacy>public</privacy><identity>9654.4</identity></dirtyInk></message><message xml:lang='en' to='1242404@conference.deified.adm.monash.edu.au' from='wmck@deified.adm.monash.edu.au' type='groupchat' time='1283208303803'><dirtyInk xmlns='monash:metl'><author>wmck</author><slide>1242404</slide><target>presentationSpace</target><privacy>public</privacy><identity>52411.8</identity></dirtyInk></message><message xml:lang='en' to='1242404@conference.deified.adm.monash.edu.au' from='wmck@deified.adm.monash.edu.au' type='groupchat' time='1283208303804'><dirtyInk xmlns='monash:metl'><author>wmck</author><slide>1242404</slide><target>presentationSpace</target><privacy>public</privacy><identity>8351.4</identity></dirtyInk></message><message xml:lang='en' to='1242404@conference.deified.adm.monash.edu.au' from='wmck@deified.adm.monash.edu.au' type='groupchat' time='1283208303804'><dirtyInk xmlns='monash:metl'><author>wmck</author><slide>1242404</slide><target>presentationSpace</target><privacy>public</privacy><identity>2293.3</identity></dirtyInk></message><message xml:lang='en' to='1242404@conference.deified.adm.monash.edu.au' from='wmck@deified.adm.monash.edu.au' type='groupchat' time='1283208303805'><dirtyInk xmlns='monash:metl'><author>wmck</author><slide>1242404</slide><target>presentationSpace</target><privacy>public</privacy><identity>18352.5</identity></dirtyInk></message><message xml:lang='en' to='1242404@conference.deified.adm.monash.edu.au' from='wmck@deified.adm.monash.edu.au' type='groupchat' time='1283208303805'><dirtyInk xmlns='monash:metl'><author>wmck</author><slide>1242404</slide><target>presentationSpace</target><privacy>public</privacy><identity>2315.8</identity></dirtyInk></message><message xml:lang='en' to='1242404@conference.deified.adm.monash.edu.au' from='wmck@deified.adm.monash.edu.au' type='groupchat' time='1283208303806'><dirtyInk xmlns='monash:metl'><author>wmck</author><slide>1242404</slide><target>presentationSpace</target><privacy>public</privacy><identity>49968.7</identity></dirtyInk></message><message xml:lang='en' to='1242404@conference.deified.adm.monash.edu.au' from='wmck@deified.adm.monash.edu.au' type='groupchat' time='1283208303809'><dirtyInk xmlns='monash:metl'><author>wmck</author><slide>1242404</slide><target>presentationSpace</target><privacy>public</privacy><identity>1558.4</identity></dirtyInk></message><message xml:lang='en' to='1242404@conference.deified.adm.monash.edu.au' from='wmck@deified.adm.monash.edu.au' type='groupchat' time='1283208303810'><dirtyInk xmlns='monash:metl'><author>wmck</author><slide>1242404</slide><target>presentationSpace</target><privacy>public</privacy><identity>1570</identity></dirtyInk></message><message xml:lang='en' to='1242404@conference.deified.adm.monash.edu.au' from='wmck@deified.adm.monash.edu.au' type='groupchat' time='1283208303810'><dirtyInk xmlns='monash:metl'><author>wmck</author><slide>1242404</slide><target>presentationSpace</target><privacy>public</privacy><identity>14830.1</identity></dirtyInk></message><message xml:lang='en' to='1242404@conference.deified.adm.monash.edu.au' from='wmck@deified.adm.monash.edu.au' type='groupchat' time='1283208303812'><dirtyInk xmlns='monash:metl'><author>wmck</author><slide>1242404</slide><target>presentationSpace</target><privacy>public</privacy><identity>1644.8</identity></dirtyInk></message><message xml:lang='en' to='1242404@conference.deified.adm.monash.edu.au' from='wmck@deified.adm.monash.edu.au' type='groupchat' time='1283208303812'><dirtyInk xmlns='monash:metl'><author>wmck</author><slide>1242404</slide><target>presentationSpace</target><privacy>public</privacy><identity>42332.7</identity></dirtyInk></message><message xml:lang='en' to='1242404@conference.deified.adm.monash.edu.au' from='wmck@deified.adm.monash.edu.au' type='groupchat' time='1283208303813'><dirtyInk xmlns='monash:metl'><author>wmck</author><slide>1242404</slide><target>presentationSpace</target><privacy>public</privacy><identity>10617.8</identity></dirtyInk></message><message xml:lang='en' to='1242404@conference.deified.adm.monash.edu.au' from='wmck@deified.adm.monash.edu.au' type='groupchat' time='1283208303813'><dirtyInk xmlns='monash:metl'><author>wmck</author><slide>1242404</slide><target>presentationSpace</target><privacy>public</privacy><identity>1640</identity></dirtyInk></message><message xml:lang='en' to='1242404@conference.deified.adm.monash.edu.au' from='wmck@deified.adm.monash.edu.au' type='groupchat' time='1283208303814'><dirtyInk xmlns='monash:metl'><author>wmck</author><slide>1242404</slide><target>presentationSpace</target><privacy>public</privacy><identity>11843.7</identity></dirtyInk></message><message xml:lang='en' to='1242404@conference.deified.adm.monash.edu.au' from='wmck@deified.adm.monash.edu.au' type='groupchat' time='1283208303833'><dirtyInk xmlns='monash:metl'><author>wmck</author><slide>1242404</slide><target>presentationSpace</target><privacy>public</privacy><identity>17244.2</identity></dirtyInk></message><message xml:lang='en' to='1242404@conference.deified.adm.monash.edu.au' from='wmck@deified.adm.monash.edu.au' type='groupchat' time='1283208303834'><dirtyInk xmlns='monash:metl'><author>wmck</author><slide>1242404</slide><target>presentationSpace</target><privacy>public</privacy><identity>14108.6</identity></dirtyInk></message><message xml:lang='en' to='1242404@conference.deified.adm.monash.edu.au' from='wmck@deified.adm.monash.edu.au' type='groupchat' time='1283208303835'><dirtyInk xmlns='monash:metl'><author>wmck</author><slide>1242404</slide><target>presentationSpace</target><privacy>public</privacy><identity>64279.8</identity></dirtyInk></message><message xml:lang='en' to='1242404@conference.deified.adm.monash.edu.au' from='wmck@deified.adm.monash.edu.au' type='groupchat' time='1283208303835'><dirtyInk xmlns='monash:metl'><author>wmck</author><slide>1242404</slide><target>presentationSpace</target><privacy>public</privacy><identity>17829.2</identity></dirtyInk></message><message xml:lang='en' to='1242404@conference.deified.adm.monash.edu.au' from='wmck@deified.adm.monash.edu.au' type='groupchat' time='1283208303835'><dirtyInk xmlns='monash:metl'><author>wmck</author><slide>1242404</slide><target>presentationSpace</target><privacy>public</privacy><identity>20927</identity></dirtyInk></message><message xml:lang='en' to='1242404@conference.deified.adm.monash.edu.au' from='wmck@deified.adm.monash.edu.au' type='groupchat' time='1283208303836'><dirtyInk xmlns='monash:metl'><author>wmck</author><slide>1242404</slide><target>presentationSpace</target><privacy>public</privacy><identity>16880.7</identity></dirtyInk></message><message xml:lang='en' to='1242404@conference.deified.adm.monash.edu.au' from='wmck@deified.adm.monash.edu.au' type='groupchat' time='1283208303837'><dirtyInk xmlns='monash:metl'><author>wmck</author><slide>1242404</slide><target>presentationSpace</target><privacy>public</privacy><identity>59367.2</identity></dirtyInk></message><message xml:lang='en' to='1242404@conference.deified.adm.monash.edu.au' from='wmck@deified.adm.monash.edu.au' type='groupchat' time='1283208303838'><dirtyInk xmlns='monash:metl'><author>wmck</author><slide>1242404</slide><target>presentationSpace</target><privacy>public</privacy><identity>22790.7</identity></dirtyInk></message><message xml:lang='en' to='1242404@conference.deified.adm.monash.edu.au' from='wmck@deified.adm.monash.edu.au' type='groupchat' time='1283208303838'><dirtyInk xmlns='monash:metl'><author>wmck</author><slide>1242404</slide><target>presentationSpace</target><privacy>public</privacy><identity>73394.6</identity></dirtyInk></message><message xml:lang='en' to='1242404@conference.deified.adm.monash.edu.au' from='wmck@deified.adm.monash.edu.au' type='groupchat' time='1283208303838'><dirtyInk xmlns='monash:metl'><author>wmck</author><slide>1242404</slide><target>presentationSpace</target><privacy>public</privacy><identity>1837.8</identity></dirtyInk></message><message xml:lang='en' to='1242404@conference.deified.adm.monash.edu.au' from='wmck@deified.adm.monash.edu.au' type='groupchat' time='1283208303839'><dirtyInk xmlns='monash:metl'><author>wmck</author><slide>1242404</slide><target>presentationSpace</target><privacy>public</privacy><identity>2739.6</identity></dirtyInk></message><message xml:lang='en' to='1242404@conference.deified.adm.monash.edu.au' from='wmck@deified.adm.monash.edu.au' type='groupchat' time='1283208303839'><dirtyInk xmlns='monash:metl'><author>wmck</author><slide>1242404</slide><target>presentationSpace</target><privacy>public</privacy><identity>17027.2</identity></dirtyInk></message><message xml:lang='en' to='1242404@conference.deified.adm.monash.edu.au' from='wmck@deified.adm.monash.edu.au' type='groupchat' time='1283208303840'><dirtyInk xmlns='monash:metl'><author>wmck</author><slide>1242404</slide><target>presentationSpace</target><privacy>public</privacy><identity>83860.4</identity></dirtyInk></message><message xml:lang='en' to='1242404@conference.deified.adm.monash.edu.au' from='wmck@deified.adm.monash.edu.au' type='groupchat' time='1283208303840'><dirtyInk xmlns='monash:metl'><author>wmck</author><slide>1242404</slide><target>presentationSpace</target><privacy>public</privacy><identity>1868.9</identity></dirtyInk></message><message xml:lang='en' to='1242404@conference.deified.adm.monash.edu.au' from='wmck@deified.adm.monash.edu.au' type='groupchat' time='1283208303841'><dirtyInk xmlns='monash:metl'><author>wmck</author><slide>1242404</slide><target>presentationSpace</target><privacy>public</privacy><identity>34911.1</identity></dirtyInk></message><message xml:lang='en' to='1242404@conference.deified.adm.monash.edu.au' from='wmck@deified.adm.monash.edu.au' type='groupchat' time='1283208303844'><dirtyInk xmlns='monash:metl'><author>wmck</author><slide>1242404</slide><target>presentationSpace</target><privacy>public</privacy><identity>84629.7000000001</identity></dirtyInk></message><message xml:lang='en' to='1242404@conference.deified.adm.monash.edu.au' from='wmck@deified.adm.monash.edu.au' type='groupchat' time='1283208303844'><dirtyInk xmlns='monash:metl'><author>wmck</author><slide>1242404</slide><target>presentationSpace</target><privacy>public</privacy><identity>37956.5</identity></dirtyInk></message><message xml:lang='en' to='1242404@conference.deified.adm.monash.edu.au' from='wmck@deified.adm.monash.edu.au' type='groupchat' time='1283208303844'><dirtyInk xmlns='monash:metl'><author>wmck</author><slide>1242404</slide><target>presentationSpace</target><privacy>public</privacy><identity>33407.2</identity></dirtyInk></message><message xml:lang='en' to='1242404@conference.deified.adm.monash.edu.au' from='wmck@deified.adm.monash.edu.au' type='groupchat' time='1283208303845'><dirtyInk xmlns='monash:metl'><author>wmck</author><slide>1242404</slide><target>presentationSpace</target><privacy>public</privacy><identity>50588.9</identity></dirtyInk></message><message xml:lang='en' to='1242404@conference.deified.adm.monash.edu.au' from='wmck@deified.adm.monash.edu.au' type='groupchat' time='1283208303845'><dirtyInk xmlns='monash:metl'><author>wmck</author><slide>1242404</slide><target>presentationSpace</target><privacy>public</privacy><identity>20525</identity></dirtyInk></message><message xml:lang='en' to='1242404@conference.deified.adm.monash.edu.au' from='wmck@deified.adm.monash.edu.au' type='groupchat' time='1283208303846'><dirtyInk xmlns='monash:metl'><author>wmck</author><slide>1242404</slide><target>presentationSpace</target><privacy>public</privacy><identity>5578.5</identity></dirtyInk></message><message xml:lang='en' to='1242404@conference.deified.adm.monash.edu.au' from='wmck@deified.adm.monash.edu.au' type='groupchat' time='1283208303846'><dirtyInk xmlns='monash:metl'><author>wmck</author><slide>1242404</slide><target>presentationSpace</target><privacy>public</privacy><identity>1950.6</identity></dirtyInk></message><message xml:lang='en' to='1242404@conference.deified.adm.monash.edu.au' from='wmck@deified.adm.monash.edu.au' type='groupchat' time='1283208303847'><dirtyInk xmlns='monash:metl'><author>wmck</author><slide>1242404</slide><target>presentationSpace</target><privacy>public</privacy><identity>8464.1</identity></dirtyInk></message><message xml:lang='en' to='1242404@conference.deified.adm.monash.edu.au' from='wmck@deified.adm.monash.edu.au' type='groupchat' time='1283208303847'><dirtyInk xmlns='monash:metl'><author>wmck</author><slide>1242404</slide><target>presentationSpace</target><privacy>public</privacy><identity>37183.3</identity></dirtyInk></message><message xml:lang='en' to='1242404@conference.deified.adm.monash.edu.au' from='wmck@deified.adm.monash.edu.au' type='groupchat' time='1283208303848'><dirtyInk xmlns='monash:metl'><author>wmck</author><slide>1242404</slide><target>presentationSpace</target><privacy>public</privacy><identity>15236.8</identity></dirtyInk></message><message xml:lang='en' to='1242404@conference.deified.adm.monash.edu.au' from='wmck@deified.adm.monash.edu.au' type='groupchat' time='1283208303848'><dirtyInk xmlns='monash:metl'><author>wmck</author><slide>1242404</slide><target>presentationSpace</target><privacy>public</privacy><identity>3025.2</identity></dirtyInk></message><message xml:lang='en' to='1242404@conference.deified.adm.monash.edu.au' from='wmck@deified.adm.monash.edu.au' type='groupchat' time='1283208303849'><dirtyInk xmlns='monash:metl'><author>wmck</author><slide>1242404</slide><target>presentationSpace</target><privacy>public</privacy><identity>8750.2</identity></dirtyInk></message><message xml:lang='en' to='1242404@conference.deified.adm.monash.edu.au' from='wmck@deified.adm.monash.edu.au' type='groupchat' time='1283208303864'><dirtyInk xmlns='monash:metl'><author>wmck</author><slide>1242404</slide><target>presentationSpace</target><privacy>public</privacy><identity>10586.7</identity></dirtyInk></message><message xml:lang='en' to='1242404@conference.deified.adm.monash.edu.au' from='wmck@deified.adm.monash.edu.au' type='groupchat' time='1283208303864'><dirtyInk xmlns='monash:metl'><author>wmck</author><slide>1242404</slide><target>presentationSpace</target><privacy>public</privacy><identity>3098.9</identity></dirtyInk></message><message xml:lang='en' to='1242404@conference.deified.adm.monash.edu.au' from='wmck@deified.adm.monash.edu.au' type='groupchat' time='1283208303868'><dirtyInk xmlns='monash:metl'><author>wmck</author><slide>1242404</slide><target>presentationSpace</target><privacy>public</privacy><identity>31018.6</identity></dirtyInk></message><message xml:lang='en' to='1242404@conference.deified.adm.monash.edu.au' from='wmck@deified.adm.monash.edu.au' type='groupchat' time='1283208303868'><dirtyInk xmlns='monash:metl'><author>wmck</author><slide>1242404</slide><target>presentationSpace</target><privacy>public</privacy><identity>62188.1</identity></dirtyInk></message><message xml:lang='en' to='1242404@conference.deified.adm.monash.edu.au' from='wmck@deified.adm.monash.edu.au' type='groupchat' time='1283208303868'><dirtyInk xmlns='monash:metl'><author>wmck</author><slide>1242404</slide><target>presentationSpace</target><privacy>public</privacy><identity>27866.2</identity></dirtyInk></message><message xml:lang='en' to='1242404@conference.deified.adm.monash.edu.au' from='wmck@deified.adm.monash.edu.au' type='groupchat' time='1283208303870'><dirtyInk xmlns='monash:metl'><author>wmck</author><slide>1242404</slide><target>presentationSpace</target><privacy>public</privacy><identity>111861.6</identity></dirtyInk></message><message xml:lang='en' to='1242404@conference.deified.adm.monash.edu.au' from='wmck@deified.adm.monash.edu.au' type='groupchat' time='1283208303870'><dirtyInk xmlns='monash:metl'><author>wmck</author><slide>1242404</slide><target>presentationSpace</target><privacy>public</privacy><identity>68472.9000000001</identity></dirtyInk></message><message xml:lang='en' to='1242404@conference.deified.adm.monash.edu.au' from='wmck@deified.adm.monash.edu.au' type='groupchat' time='1283208303871'><dirtyInk xmlns='monash:metl'><author>wmck</author><slide>1242404</slide><target>presentationSpace</target><privacy>public</privacy><identity>12571.2</identity></dirtyInk></message><message xml:lang='en' to='1242404@conference.deified.adm.monash.edu.au' from='wmck@deified.adm.monash.edu.au' type='groupchat' time='1283208303871'><dirtyInk xmlns='monash:metl'><author>wmck</author><slide>1242404</slide><target>presentationSpace</target><privacy>public</privacy><identity>57504.9</identity></dirtyInk></message><message xml:lang='en' to='1242404@conference.deified.adm.monash.edu.au' from='wmck@deified.adm.monash.edu.au' type='groupchat' time='1283208303874'><dirtyInk xmlns='monash:metl'><author>wmck</author><slide>1242404</slide><target>presentationSpace</target><privacy>public</privacy><identity>3424.3</identity></dirtyInk></message><message xml:lang='en' to='1242404@conference.deified.adm.monash.edu.au' from='wmck@deified.adm.monash.edu.au' type='groupchat' time='1283208303875'><dirtyInk xmlns='monash:metl'><author>wmck</author><slide>1242404</slide><target>presentationSpace</target><privacy>public</privacy><identity>16931.6</identity></dirtyInk></message><message xml:lang='en' to='1242404@conference.deified.adm.monash.edu.au' from='wmck@deified.adm.monash.edu.au' type='groupchat' time='1283208303875'><dirtyInk xmlns='monash:metl'><author>wmck</author><slide>1242404</slide><target>presentationSpace</target><privacy>public</privacy><identity>3509.2</identity></dirtyInk></message><message xml:lang='en' to='1242404@conference.deified.adm.monash.edu.au' from='wmck@deified.adm.monash.edu.au' type='groupchat' time='1283208303876'><dirtyInk xmlns='monash:metl'><author>wmck</author><slide>1242404</slide><target>presentationSpace</target><privacy>public</privacy><identity>1825</identity></dirtyInk></message><message xml:lang='en' to='1242404@conference.deified.adm.monash.edu.au' from='wmck@deified.adm.monash.edu.au' type='groupchat' time='1283208307789'><dirtyInk xmlns='monash:metl'><author>wmck</author><slide>1242404</slide><target>presentationSpace</target><privacy>public</privacy><identity>1578.5</identity></dirtyInk></message><message xml:lang='en' to='1242404@conference.deified.adm.monash.edu.au' from='wmck@deified.adm.monash.edu.au' type='groupchat' time='1283208307791'><dirtyInk xmlns='monash:metl'><author>wmck</author><slide>1242404</slide><target>presentationSpace</target><privacy>public</privacy><identity>8245.6</identity></dirtyInk></message><message xml:lang='en' to='1242404@conference.deified.adm.monash.edu.au' from='wmck@deified.adm.monash.edu.au' type='groupchat' time='1283208307791'><dirtyInk xmlns='monash:metl'><author>wmck</author><slide>1242404</slide><target>presentationSpace</target><privacy>public</privacy><identity>4168.7</identity></dirtyInk></message><message xml:lang='en' to='1242404@conference.deified.adm.monash.edu.au' from='wmck@deified.adm.monash.edu.au' type='groupchat' time='1283208307792'><dirtyInk xmlns='monash:metl'><author>wmck</author><slide>1242404</slide><target>presentationSpace</target><privacy>public</privacy><identity>6280.5</identity></dirtyInk></message><message xml:lang='en' to='1242404@conference.deified.adm.monash.edu.au' from='wmck@deified.adm.monash.edu.au' type='groupchat' time='1283208307792'><dirtyInk xmlns='monash:metl'><author>wmck</author><slide>1242404</slide><target>presentationSpace</target><privacy>public</privacy><identity>6071.5</identity></dirtyInk></message><message xml:lang='en' to='1242404@conference.deified.adm.monash.edu.au' from='wmck@deified.adm.monash.edu.au' type='groupchat' time='1283208307793'><dirtyInk xmlns='monash:metl'><author>wmck</author><slide>1242404</slide><target>presentationSpace</target><privacy>public</privacy><identity>14526.6</identity></dirtyInk></message><message xml:lang='en' to='1242404@conference.deified.adm.monash.edu.au' from='wmck@deified.adm.monash.edu.au' type='groupchat' time='1283208307794'><dirtyInk xmlns='monash:metl'><author>wmck</author><slide>1242404</slide><target>presentationSpace</target><privacy>public</privacy><identity>1394.5</identity></dirtyInk></message><message xml:lang='en' to='1242404@conference.deified.adm.monash.edu.au' from='wmck@deified.adm.monash.edu.au' type='groupchat' time='1283208307794'><dirtyInk xmlns='monash:metl'><author>wmck</author><slide>1242404</slide><target>presentationSpace</target><privacy>public</privacy><identity>27545.6</identity></dirtyInk></message><message xml:lang='en' to='1242404@conference.deified.adm.monash.edu.au' from='wmck@deified.adm.monash.edu.au' type='groupchat' time='1283208307794'><dirtyInk xmlns='monash:metl'><author>wmck</author><slide>1242404</slide><target>presentationSpace</target><privacy>public</privacy><identity>12509.5</identity></dirtyInk></message><message xml:lang='en' to='1242404@conference.deified.adm.monash.edu.au' from='wmck@deified.adm.monash.edu.au' type='groupchat' time='1283208307795'><dirtyInk xmlns='monash:metl'><author>wmck</author><slide>1242404</slide><target>presentationSpace</target><privacy>public</privacy><identity>17050.4</identity></dirtyInk></message><message xml:lang='en' to='1242404@conference.deified.adm.monash.edu.au' from='wmck@deified.adm.monash.edu.au' type='groupchat' time='1283208307796'><dirtyInk xmlns='monash:metl'><author>wmck</author><slide>1242404</slide><target>presentationSpace</target><privacy>public</privacy><identity>3241.2</identity></dirtyInk></message><message xml:lang='en' to='1242404@conference.deified.adm.monash.edu.au' from='wmck@deified.adm.monash.edu.au' type='groupchat' time='1283208310910'><dirtyInk xmlns='monash:metl'><author>wmck</author><slide>1242404</slide><target>presentationSpace</target><privacy>public</privacy><identity>29532.9</identity></dirtyInk></message><message xml:lang='en' to='1242404@conference.deified.adm.monash.edu.au' from='wmck@deified.adm.monash.edu.au' type='groupchat' time='1283208310913'><dirtyInk xmlns='monash:metl'><author>wmck</author><slide>1242404</slide><target>presentationSpace</target><privacy>public</privacy><identity>1915.6</identity></dirtyInk></message><message xml:lang='en' to='1242404@conference.deified.adm.monash.edu.au' from='wmck@deified.adm.monash.edu.au' type='groupchat' time='1283208310913'><dirtyInk xmlns='monash:metl'><author>wmck</author><slide>1242404</slide><target>presentationSpace</target><privacy>public</privacy><identity>961.8</identity></dirtyInk></message><message xml:lang='en' to='1242404@conference.deified.adm.monash.edu.au' from='wmck@deified.adm.monash.edu.au' type='groupchat' time='1283208310920'><dirtyInk xmlns='monash:metl'><author>wmck</author><slide>1242404</slide><target>presentationSpace</target><privacy>public</privacy><identity>53529.2000000001</identity></dirtyInk></message><message xml:lang='en' to='1242404@conference.deified.adm.monash.edu.au' from='wmck@deified.adm.monash.edu.au' type='groupchat' time='1283208310920'><dirtyInk xmlns='monash:metl'><author>wmck</author><slide>1242404</slide><target>presentationSpace</target><privacy>public</privacy><identity>88211</identity></dirtyInk></message><message xml:lang='en' to='1242404@conference.deified.adm.monash.edu.au' from='wmck@deified.adm.monash.edu.au' type='groupchat' time='1283208310923'><dirtyInk xmlns='monash:metl'><author>wmck</author><slide>1242404</slide><target>presentationSpace</target><privacy>public</privacy><identity>41534.6</identity></dirtyInk></message><message xml:lang='en' to='1242404@conference.deified.adm.monash.edu.au' from='wmck@deified.adm.monash.edu.au' type='groupchat' time='1283208310923'><dirtyInk xmlns='monash:metl'><author>wmck</author><slide>1242404</slide><target>presentationSpace</target><privacy>public</privacy><identity>2252.8</identity></dirtyInk></message><message xml:lang='en' to='1242404@conference.deified.adm.monash.edu.au' from='wmck@deified.adm.monash.edu.au' type='groupchat' time='1283208310924'><dirtyInk xmlns='monash:metl'><author>wmck</author><slide>1242404</slide><target>presentationSpace</target><privacy>public</privacy><identity>81276.2</identity></dirtyInk></message>