<conversation><title>MeTl Test 4</title><author>micphill</author><created>29/01/2010 12:50:34 PM</created><tag></tag><subject>Unrestricted</subject><jid>424400</jid><permissions><studentCanPublish>true</studentCanPublish><studentCanOpenFriends>true</studentCanOpenFriends><usersAreCompulsorilySynced>false</usersAreCompulsorilySynced></permissions><slide><author>micphill</author><id>424401</id><index>0</index><type>SLIDE</type></slide><slide><author>micphill</author><id>424405</id><index>4</index><type>SLIDE</type></slide><slide><author>micphill</author><id>424402</id><index>1</index><type>SLIDE</type></slide><slide><author>micphill</author><id>424403</id><index>2</index><type>SLIDE</type></slide><slide><author>micphill</author><id>424404</id><index>3</index><type>SLIDE</type></slide></conversation>