<conversation><title>Gordon Demo</title><author>hagand</author><created>6/07/2010 9:40:06 AM</created><tag>unTagged</tag><subject>eEducation Centre</subject><jid>62400</jid><permissions><studentCanPublish>false</studentCanPublish><studentCanOpenFriends>false</studentCanOpenFriends><usersAreCompulsorilySynced>true</usersAreCompulsorilySynced></permissions><slide><author>hagand</author><id>62401</id><index>0</index><exposed>False</exposed><type>SLIDE</type></slide><slide><author>hagand</author><id>62402</id><index>1</index><exposed>False</exposed><type>SLIDE</type></slide><slide><author>hagand</author><id>62403</id><index>2</index><exposed>False</exposed><type>SLIDE</type></slide><slide><author>hagand</author><id>62404</id><index>3</index><exposed>False</exposed><type>SLIDE</type></slide><slide><author>hagand</author><id>62405</id><index>4</index><exposed>False</exposed><type>SLIDE</type></slide><slide><author>hagand</author><id>62406</id><index>5</index><exposed>False</exposed><type>SLIDE</type></slide><slide><author>hagand</author><id>62407</id><index>6</index><exposed>False</exposed><type>SLIDE</type></slide></conversation>