<conversation><title>Using tablet PCs in teaching_MeTL</title><author>wmck</author><created>8/09/2010 7:52:18 PM</created><tag></tag><subject>Unrestricted</subject><jid>1329400</jid><permissions><studentCanPublish>true</studentCanPublish><studentCanOpenFriends>true</studentCanOpenFriends><usersAreCompulsorilySynced>false</usersAreCompulsorilySynced></permissions><slide><author>wmck</author><id>1329401</id><index>0</index><type>SLIDE</type></slide><slide><author>wmck</author><id>1329402</id><index>1</index><type>SLIDE</type></slide><slide><author>wmck</author><id>1329403</id><index>2</index><type>SLIDE</type></slide><slide><author>wmck</author><id>1329404</id><index>3</index><type>SLIDE</type></slide><slide><author>wmck</author><id>1329405</id><index>4</index><type>SLIDE</type></slide><slide><author>wmck</author><id>1329406</id><index>5</index><type>SLIDE</type></slide><slide><author>wmck</author><id>1329407</id><index>6</index><type>SLIDE</type></slide><slide><author>wmck</author><id>1329408</id><index>7</index><type>SLIDE</type></slide><slide><author>wmck</author><id>1329409</id><index>8</index><type>SLIDE</type></slide><slide><author>wmck</author><id>1329410</id><index>9</index><type>SLIDE</type></slide></conversation>