<conversation><title>Week 1 HSC1081</title><author>helenke</author><created>1/02/2010 10:53:19 AM</created><tag></tag><subject>Department of Health Science</subject><jid>437400</jid><permissions><studentCanPublish>false</studentCanPublish><studentCanOpenFriends>false</studentCanOpenFriends><usersAreCompulsorilySynced>true</usersAreCompulsorilySynced></permissions><slide><author>helenke</author><id>437401</id><index>0</index><type>SLIDE</type></slide><slide><author>helenke</author><id>437402</id><index>1</index><type>SLIDE</type></slide><slide><author>helenke</author><id>437403</id><index>2</index><type>SLIDE</type></slide><slide><author>helenke</author><id>437404</id><index>3</index><type>SLIDE</type></slide></conversation>