<conversation><title>MeTL Test3</title><author>micphill</author><created>29/01/2010 12:20:49 PM</created><tag></tag><subject>Office of the Deputy Vice-Chancellor (Education)</subject><jid>423400</jid><permissions><studentCanPublish>true</studentCanPublish><studentCanOpenFriends>true</studentCanOpenFriends><usersAreCompulsorilySynced>false</usersAreCompulsorilySynced></permissions><slide><author>micphill</author><id>423401</id><index>0</index><type>SLIDE</type></slide><slide><author>micphill</author><id>423405</id><index>4</index><type>POLL</type></slide><slide><author>micphill</author><id>423402</id><index>1</index><type>SLIDE</type></slide><slide><author>micphill</author><id>423403</id><index>2</index><type>SLIDE</type></slide><slide><author>micphill</author><id>423407</id><index>6</index><type>SLIDE</type></slide><slide><author>micphill</author><id>423406</id><index>5</index><type>POLL</type></slide><slide><author>micphill</author><id>423404</id><index>3</index><type>SLIDE</type></slide></conversation>