<logCollection date='{2010,8,19}'><message xml:lang='en' to='1242411@conference.deified.adm.monash.edu.au' from='wmck@deified.adm.monash.edu.au' type='groupchat' time='1282188474076'><image xmlns='monash:metl'><tag>{&quot;author&quot;:&quot;wmck&quot;,&quot;privacy&quot;:&quot;public&quot;,&quot;id&quot;:&quot;wmck:19/08/2010 1:34:28 PM:0&quot;,&quot;isBackground&quot;:false,&quot;zIndex&quot;:0}</tag><source>/Resource/1242411/background41.jpg</source><width>720</width><height>540</height><x>0</x><y>0</y><author>wmck</author><target>presentationSpace</target><privacy>public</privacy><slide>1242411</slide><identity>wmck:19/08/2010 1:34:28 PM:0</identity></image></message><message xml:lang='en' to='1242411@conference.deified.adm.monash.edu.au' from='wmck@deified.adm.monash.edu.au' type='groupchat' time='1282188474204'><image xmlns='monash:metl'><tag>{&quot;author&quot;:&quot;wmck&quot;,&quot;privacy&quot;:&quot;public&quot;,&quot;id&quot;:&quot;wmck:19/08/2010 1:34:30 PM:1&quot;,&quot;isBackground&quot;:false,&quot;zIndex&quot;:0}</tag><source>/Resource/1242411/background42.jpg</source><width>648</width><height>90</height><x>36</x><y>21.62504</y><author>wmck</author><target>presentationSpace</target><privacy>public</privacy><slide>1242411</slide><identity>wmck:19/08/2010 1:34:30 PM:1</identity></image></message><message xml:lang='en' to='1242411@conference.deified.adm.monash.edu.au' from='wmck@deified.adm.monash.edu.au' type='groupchat' time='1282188474682'><image xmlns='monash:metl'><tag>{&quot;author&quot;:&quot;wmck&quot;,&quot;privacy&quot;:&quot;public&quot;,&quot;id&quot;:&quot;wmck:19/08/2010 1:34:30 PM:2&quot;,&quot;isBackground&quot;:false,&quot;zIndex&quot;:0}</tag><source>/Resource/1242411/background43.jpg</source><width>608.5</width><height>408</height><x>70.87504</x><y>122.625038</y><author>wmck</author><target>presentationSpace</target><privacy>public</privacy><slide>1242411</slide><identity>wmck:19/08/2010 1:34:30 PM:2</identity></image></message>