<conversation><title>Tute this here please</title><author>chagan</author><created>24/05/2010 2:21:31 PM</created><tag>unTagged</tag><subject>chagan</subject><jid>39000</jid><permissions><studentCanPublish>true</studentCanPublish><studentCanOpenFriends>true</studentCanOpenFriends><usersAreCompulsorilySynced>true</usersAreCompulsorilySynced></permissions><slide><author>chagan</author><id>39001</id><index>0</index><type>SLIDE</type></slide><slide><author>chagan</author><id>39005</id><index>1</index><type>SLIDE</type></slide><slide><author>chagan</author><id>39004</id><index>2</index><type>SLIDE</type></slide><slide><author>chagan</author><id>39003</id><index>3</index><type>SLIDE</type></slide><slide><author>chagan</author><id>39002</id><index>4</index><type>SLIDE</type></slide></conversation>