<conversation><title>SCI2010-marsrovers2</title><author>allief</author><created>17/11/2010 3:06:13 PM</created><tag>Workshop2</tag><subject>Unrestricted</subject><jid>1612400</jid><permissions><studentCanPublish>false</studentCanPublish><studentCanOpenFriends>false</studentCanOpenFriends><usersAreCompulsorilySynced>true</usersAreCompulsorilySynced></permissions><slide><author>allief</author><id>1612401</id><index>0</index><type>SLIDE</type></slide><slide><author>allief</author><id>1612402</id><index>1</index><type>SLIDE</type></slide></conversation>