<conversation><title>lklzdcklzlckldkldd</title><author>micphill</author><created>16/11/2010 2:07:10 PM</created><tag></tag><subject>Unrestricted</subject><jid>1601400</jid><permissions><studentCanPublish>true</studentCanPublish><studentCanOpenFriends>true</studentCanOpenFriends><usersAreCompulsorilySynced>false</usersAreCompulsorilySynced></permissions><slide><author>micphill</author><id>1601401</id><index>0</index><type>SLIDE</type></slide><slide><author>micphill</author><id>1601402</id><index>1</index><type>SLIDE</type></slide></conversation>