<conversation><title>ATiEC Monash MeTL Michael Phillips Day 1 4.40pm session</title><author>micphill</author><created>8/12/2010 10:03:28 AM</created><tag></tag><subject>micphill</subject><jid>1634400</jid><permissions><studentCanPublish>false</studentCanPublish><studentCanOpenFriends>false</studentCanOpenFriends><usersAreCompulsorilySynced>true</usersAreCompulsorilySynced></permissions><slide><author>micphill</author><id>1634401</id><index>0</index><type>SLIDE</type></slide><slide><author>micphill</author><id>1634402</id><index>1</index><type>SLIDE</type></slide><slide><author>micphill</author><id>1634406</id><index>2</index><type>SLIDE</type></slide><slide><author>micphill</author><id>1634404</id><index>3</index><type>SLIDE</type></slide><slide><author>micphill</author><id>1634405</id><index>4</index><type>SLIDE</type></slide><slide><author>micphill</author><id>1634403</id><index>5</index><type>SLIDE</type></slide></conversation>