<logCollection date='{2010,8,31}'><message xml:lang='en' to='1242403@conference.deified.adm.monash.edu.au' from='wmck@deified.adm.monash.edu.au' type='groupchat' time='1283208282933'><dirtyInk xmlns='monash:metl'><author>wmck</author><slide>1242403</slide><target>presentationSpace</target><privacy>public</privacy><identity>12917.8</identity></dirtyInk></message><message xml:lang='en' to='1242403@conference.deified.adm.monash.edu.au' from='wmck@deified.adm.monash.edu.au' type='groupchat' time='1283208282955'><dirtyInk xmlns='monash:metl'><author>wmck</author><slide>1242403</slide><target>presentationSpace</target><privacy>public</privacy><identity>11796.9</identity></dirtyInk></message><message xml:lang='en' to='1242403@conference.deified.adm.monash.edu.au' from='wmck@deified.adm.monash.edu.au' type='groupchat' time='1283208282973'><dirtyInk xmlns='monash:metl'><author>wmck</author><slide>1242403</slide><target>presentationSpace</target><privacy>public</privacy><identity>25613.9</identity></dirtyInk></message><message xml:lang='en' to='1242403@conference.deified.adm.monash.edu.au' from='wmck@deified.adm.monash.edu.au' type='groupchat' time='1283208282998'><dirtyInk xmlns='monash:metl'><author>wmck</author><slide>1242403</slide><target>presentationSpace</target><privacy>public</privacy><identity>13822.2</identity></dirtyInk></message><message xml:lang='en' to='1242403@conference.deified.adm.monash.edu.au' from='wmck@deified.adm.monash.edu.au' type='groupchat' time='1283208283003'><dirtyInk xmlns='monash:metl'><author>wmck</author><slide>1242403</slide><target>presentationSpace</target><privacy>public</privacy><identity>4464.5</identity></dirtyInk></message><message xml:lang='en' to='1242403@conference.deified.adm.monash.edu.au' from='wmck@deified.adm.monash.edu.au' type='groupchat' time='1283208283034'><dirtyInk xmlns='monash:metl'><author>wmck</author><slide>1242403</slide><target>presentationSpace</target><privacy>public</privacy><identity>7296</identity></dirtyInk></message><message xml:lang='en' to='1242403@conference.deified.adm.monash.edu.au' from='wmck@deified.adm.monash.edu.au' type='groupchat' time='1283208283067'><dirtyInk xmlns='monash:metl'><author>wmck</author><slide>1242403</slide><target>presentationSpace</target><privacy>public</privacy><identity>4254.9</identity></dirtyInk></message><message xml:lang='en' to='1242403@conference.deified.adm.monash.edu.au' from='wmck@deified.adm.monash.edu.au' type='groupchat' time='1283208283097'><dirtyInk xmlns='monash:metl'><author>wmck</author><slide>1242403</slide><target>presentationSpace</target><privacy>public</privacy><identity>11058.3</identity></dirtyInk></message><message xml:lang='en' to='1242403@conference.deified.adm.monash.edu.au' from='wmck@deified.adm.monash.edu.au' type='groupchat' time='1283208283280'><dirtyInk xmlns='monash:metl'><author>wmck</author><slide>1242403</slide><target>presentationSpace</target><privacy>public</privacy><identity>6232.2</identity></dirtyInk></message><message xml:lang='en' to='1242403@conference.deified.adm.monash.edu.au' from='wmck@deified.adm.monash.edu.au' type='groupchat' time='1283208283427'><dirtyInk xmlns='monash:metl'><author>wmck</author><slide>1242403</slide><target>presentationSpace</target><privacy>public</privacy><identity>1595</identity></dirtyInk></message><message xml:lang='en' to='1242403@conference.deified.adm.monash.edu.au' from='wmck@deified.adm.monash.edu.au' type='groupchat' time='1283208283621'><dirtyInk xmlns='monash:metl'><author>wmck</author><slide>1242403</slide><target>presentationSpace</target><privacy>public</privacy><identity>15526.4</identity></dirtyInk></message><message xml:lang='en' to='1242403@conference.deified.adm.monash.edu.au' from='wmck@deified.adm.monash.edu.au' type='groupchat' time='1283208283624'><dirtyInk xmlns='monash:metl'><author>wmck</author><slide>1242403</slide><target>presentationSpace</target><privacy>public</privacy><identity>18991.4</identity></dirtyInk></message><message xml:lang='en' to='1242403@conference.deified.adm.monash.edu.au' from='wmck@deified.adm.monash.edu.au' type='groupchat' time='1283208283823'><dirtyInk xmlns='monash:metl'><author>wmck</author><slide>1242403</slide><target>presentationSpace</target><privacy>public</privacy><identity>1445.8</identity></dirtyInk></message><message xml:lang='en' to='1242403@conference.deified.adm.monash.edu.au' from='wmck@deified.adm.monash.edu.au' type='groupchat' time='1283208283826'><dirtyInk xmlns='monash:metl'><author>wmck</author><slide>1242403</slide><target>presentationSpace</target><privacy>public</privacy><identity>720.6</identity></dirtyInk></message><message xml:lang='en' to='1242403@conference.deified.adm.monash.edu.au' from='wmck@deified.adm.monash.edu.au' type='groupchat' time='1283208284073'><dirtyInk xmlns='monash:metl'><author>wmck</author><slide>1242403</slide><target>presentationSpace</target><privacy>public</privacy><identity>2564.7</identity></dirtyInk></message><message xml:lang='en' to='1242403@conference.deified.adm.monash.edu.au' from='wmck@deified.adm.monash.edu.au' type='groupchat' time='1283208289817'><dirtyInk xmlns='monash:metl'><author>wmck</author><slide>1242403</slide><target>presentationSpace</target><privacy>public</privacy><identity>1034.6</identity></dirtyInk></message><message xml:lang='en' to='1242403@conference.deified.adm.monash.edu.au' from='wmck@deified.adm.monash.edu.au' type='groupchat' time='1283208289826'><dirtyInk xmlns='monash:metl'><author>wmck</author><slide>1242403</slide><target>presentationSpace</target><privacy>public</privacy><identity>5280.6</identity></dirtyInk></message><message xml:lang='en' to='1242403@conference.deified.adm.monash.edu.au' from='wmck@deified.adm.monash.edu.au' type='groupchat' time='1283208289827'><dirtyInk xmlns='monash:metl'><author>wmck</author><slide>1242403</slide><target>presentationSpace</target><privacy>public</privacy><identity>33999.4</identity></dirtyInk></message><message xml:lang='en' to='1242403@conference.deified.adm.monash.edu.au' from='wmck@deified.adm.monash.edu.au' type='groupchat' time='1283208289827'><dirtyInk xmlns='monash:metl'><author>wmck</author><slide>1242403</slide><target>presentationSpace</target><privacy>public</privacy><identity>7195.3</identity></dirtyInk></message><message xml:lang='en' to='1242403@conference.deified.adm.monash.edu.au' from='wmck@deified.adm.monash.edu.au' type='groupchat' time='1283208289828'><dirtyInk xmlns='monash:metl'><author>wmck</author><slide>1242403</slide><target>presentationSpace</target><privacy>public</privacy><identity>8447.7</identity></dirtyInk></message><message xml:lang='en' to='1242403@conference.deified.adm.monash.edu.au' from='wmck@deified.adm.monash.edu.au' type='groupchat' time='1283208289828'><dirtyInk xmlns='monash:metl'><author>wmck</author><slide>1242403</slide><target>presentationSpace</target><privacy>public</privacy><identity>26826.6</identity></dirtyInk></message><message xml:lang='en' to='1242403@conference.deified.adm.monash.edu.au' from='wmck@deified.adm.monash.edu.au' type='groupchat' time='1283208289829'><dirtyInk xmlns='monash:metl'><author>wmck</author><slide>1242403</slide><target>presentationSpace</target><privacy>public</privacy><identity>2588.2</identity></dirtyInk></message><message xml:lang='en' to='1242403@conference.deified.adm.monash.edu.au' from='wmck@deified.adm.monash.edu.au' type='groupchat' time='1283208289829'><dirtyInk xmlns='monash:metl'><author>wmck</author><slide>1242403</slide><target>presentationSpace</target><privacy>public</privacy><identity>1942.4</identity></dirtyInk></message><message xml:lang='en' to='1242403@conference.deified.adm.monash.edu.au' from='wmck@deified.adm.monash.edu.au' type='groupchat' time='1283208289830'><dirtyInk xmlns='monash:metl'><author>wmck</author><slide>1242403</slide><target>presentationSpace</target><privacy>public</privacy><identity>27323.8</identity></dirtyInk></message><message xml:lang='en' to='1242403@conference.deified.adm.monash.edu.au' from='wmck@deified.adm.monash.edu.au' type='groupchat' time='1283208289830'><dirtyInk xmlns='monash:metl'><author>wmck</author><slide>1242403</slide><target>presentationSpace</target><privacy>public</privacy><identity>2056.8</identity></dirtyInk></message><message xml:lang='en' to='1242403@conference.deified.adm.monash.edu.au' from='wmck@deified.adm.monash.edu.au' type='groupchat' time='1283208289831'><dirtyInk xmlns='monash:metl'><author>wmck</author><slide>1242403</slide><target>presentationSpace</target><privacy>public</privacy><identity>1389.6</identity></dirtyInk></message><message xml:lang='en' to='1242403@conference.deified.adm.monash.edu.au' from='wmck@deified.adm.monash.edu.au' type='groupchat' time='1283208289832'><dirtyInk xmlns='monash:metl'><author>wmck</author><slide>1242403</slide><target>presentationSpace</target><privacy>public</privacy><identity>4286.1</identity></dirtyInk></message><message xml:lang='en' to='1242403@conference.deified.adm.monash.edu.au' from='wmck@deified.adm.monash.edu.au' type='groupchat' time='1283208289832'><dirtyInk xmlns='monash:metl'><author>wmck</author><slide>1242403</slide><target>presentationSpace</target><privacy>public</privacy><identity>49945.0000000001</identity></dirtyInk></message><message xml:lang='en' to='1242403@conference.deified.adm.monash.edu.au' from='wmck@deified.adm.monash.edu.au' type='groupchat' time='1283208289833'><dirtyInk xmlns='monash:metl'><author>wmck</author><slide>1242403</slide><target>presentationSpace</target><privacy>public</privacy><identity>16271</identity></dirtyInk></message><message xml:lang='en' to='1242403@conference.deified.adm.monash.edu.au' from='wmck@deified.adm.monash.edu.au' type='groupchat' time='1283208289833'><dirtyInk xmlns='monash:metl'><author>wmck</author><slide>1242403</slide><target>presentationSpace</target><privacy>public</privacy><identity>24453.5</identity></dirtyInk></message><message xml:lang='en' to='1242403@conference.deified.adm.monash.edu.au' from='wmck@deified.adm.monash.edu.au' type='groupchat' time='1283208289837'><dirtyInk xmlns='monash:metl'><author>wmck</author><slide>1242403</slide><target>presentationSpace</target><privacy>public</privacy><identity>5222.2</identity></dirtyInk></message><message xml:lang='en' to='1242403@conference.deified.adm.monash.edu.au' from='wmck@deified.adm.monash.edu.au' type='groupchat' time='1283208289837'><dirtyInk xmlns='monash:metl'><author>wmck</author><slide>1242403</slide><target>presentationSpace</target><privacy>public</privacy><identity>37771.4</identity></dirtyInk></message><message xml:lang='en' to='1242403@conference.deified.adm.monash.edu.au' from='wmck@deified.adm.monash.edu.au' type='groupchat' time='1283208289838'><dirtyInk xmlns='monash:metl'><author>wmck</author><slide>1242403</slide><target>presentationSpace</target><privacy>public</privacy><identity>14219.4</identity></dirtyInk></message><message xml:lang='en' to='1242403@conference.deified.adm.monash.edu.au' from='wmck@deified.adm.monash.edu.au' type='groupchat' time='1283208289838'><dirtyInk xmlns='monash:metl'><author>wmck</author><slide>1242403</slide><target>presentationSpace</target><privacy>public</privacy><identity>13943.3</identity></dirtyInk></message><message xml:lang='en' to='1242403@conference.deified.adm.monash.edu.au' from='wmck@deified.adm.monash.edu.au' type='groupchat' time='1283208289839'><dirtyInk xmlns='monash:metl'><author>wmck</author><slide>1242403</slide><target>presentationSpace</target><privacy>public</privacy><identity>10635.6</identity></dirtyInk></message><message xml:lang='en' to='1242403@conference.deified.adm.monash.edu.au' from='wmck@deified.adm.monash.edu.au' type='groupchat' time='1283208289839'><dirtyInk xmlns='monash:metl'><author>wmck</author><slide>1242403</slide><target>presentationSpace</target><privacy>public</privacy><identity>10859.2</identity></dirtyInk></message><message xml:lang='en' to='1242403@conference.deified.adm.monash.edu.au' from='wmck@deified.adm.monash.edu.au' type='groupchat' time='1283208289840'><dirtyInk xmlns='monash:metl'><author>wmck</author><slide>1242403</slide><target>presentationSpace</target><privacy>public</privacy><identity>1749.4</identity></dirtyInk></message><message xml:lang='en' to='1242403@conference.deified.adm.monash.edu.au' from='wmck@deified.adm.monash.edu.au' type='groupchat' time='1283208289840'><dirtyInk xmlns='monash:metl'><author>wmck</author><slide>1242403</slide><target>presentationSpace</target><privacy>public</privacy><identity>24830.6</identity></dirtyInk></message><message xml:lang='en' to='1242403@conference.deified.adm.monash.edu.au' from='wmck@deified.adm.monash.edu.au' type='groupchat' time='1283208289841'><dirtyInk xmlns='monash:metl'><author>wmck</author><slide>1242403</slide><target>presentationSpace</target><privacy>public</privacy><identity>5416.3</identity></dirtyInk></message><message xml:lang='en' to='1242403@conference.deified.adm.monash.edu.au' from='wmck@deified.adm.monash.edu.au' type='groupchat' time='1283208289842'><dirtyInk xmlns='monash:metl'><author>wmck</author><slide>1242403</slide><target>presentationSpace</target><privacy>public</privacy><identity>6353.3</identity></dirtyInk></message><message xml:lang='en' to='1242403@conference.deified.adm.monash.edu.au' from='wmck@deified.adm.monash.edu.au' type='groupchat' time='1283208289842'><dirtyInk xmlns='monash:metl'><author>wmck</author><slide>1242403</slide><target>presentationSpace</target><privacy>public</privacy><identity>1783.4</identity></dirtyInk></message><message xml:lang='en' to='1242403@conference.deified.adm.monash.edu.au' from='wmck@deified.adm.monash.edu.au' type='groupchat' time='1283208289843'><dirtyInk xmlns='monash:metl'><author>wmck</author><slide>1242403</slide><target>presentationSpace</target><privacy>public</privacy><identity>39018.6</identity></dirtyInk></message><message xml:lang='en' to='1242403@conference.deified.adm.monash.edu.au' from='wmck@deified.adm.monash.edu.au' type='groupchat' time='1283208289843'><dirtyInk xmlns='monash:metl'><author>wmck</author><slide>1242403</slide><target>presentationSpace</target><privacy>public</privacy><identity>67886.9</identity></dirtyInk></message><message xml:lang='en' to='1242403@conference.deified.adm.monash.edu.au' from='wmck@deified.adm.monash.edu.au' type='groupchat' time='1283208289843'><dirtyInk xmlns='monash:metl'><author>wmck</author><slide>1242403</slide><target>presentationSpace</target><privacy>public</privacy><identity>77446.4</identity></dirtyInk></message><message xml:lang='en' to='1242403@conference.deified.adm.monash.edu.au' from='wmck@deified.adm.monash.edu.au' type='groupchat' time='1283208289844'><dirtyInk xmlns='monash:metl'><author>wmck</author><slide>1242403</slide><target>presentationSpace</target><privacy>public</privacy><identity>14950.8</identity></dirtyInk></message><message xml:lang='en' to='1242403@conference.deified.adm.monash.edu.au' from='wmck@deified.adm.monash.edu.au' type='groupchat' time='1283208289844'><dirtyInk xmlns='monash:metl'><author>wmck</author><slide>1242403</slide><target>presentationSpace</target><privacy>public</privacy><identity>63317.3</identity></dirtyInk></message><message xml:lang='en' to='1242403@conference.deified.adm.monash.edu.au' from='wmck@deified.adm.monash.edu.au' type='groupchat' time='1283208293910'><dirtyInk xmlns='monash:metl'><author>wmck</author><slide>1242403</slide><target>presentationSpace</target><privacy>public</privacy><identity>21464.4</identity></dirtyInk></message>