<logCollection date='{2010,8,19}'><message xml:lang='en' to='1242403@conference.deified.adm.monash.edu.au' from='wmck@deified.adm.monash.edu.au' type='groupchat' time='1282188474080'><image xmlns='monash:metl'><tag>{&quot;author&quot;:&quot;wmck&quot;,&quot;privacy&quot;:&quot;public&quot;,&quot;id&quot;:&quot;wmck:19/08/2010 1:34:28 PM:0&quot;,&quot;isBackground&quot;:false,&quot;zIndex&quot;:0}</tag><source>/Resource/1242403/background11.jpg</source><width>720</width><height>540</height><x>0</x><y>0</y><author>wmck</author><target>presentationSpace</target><privacy>public</privacy><slide>1242403</slide><identity>wmck:19/08/2010 1:34:28 PM:0</identity></image></message><message xml:lang='en' to='1242403@conference.deified.adm.monash.edu.au' from='wmck@deified.adm.monash.edu.au' type='groupchat' time='1282188474444'><image xmlns='monash:metl'><tag>{&quot;author&quot;:&quot;wmck&quot;,&quot;privacy&quot;:&quot;public&quot;,&quot;id&quot;:&quot;wmck:19/08/2010 1:34:30 PM:1&quot;,&quot;isBackground&quot;:false,&quot;zIndex&quot;:0}</tag><source>/Resource/1242403/background12.jpg</source><width>658.875061</width><height>99.37504</height><x>30</x><y>0</y><author>wmck</author><target>presentationSpace</target><privacy>public</privacy><slide>1242403</slide><identity>wmck:19/08/2010 1:34:30 PM:1</identity></image></message><message xml:lang='en' to='1242403@conference.deified.adm.monash.edu.au' from='wmck@deified.adm.monash.edu.au' type='groupchat' time='1282188474767'><image xmlns='monash:metl'><tag>{&quot;author&quot;:&quot;wmck&quot;,&quot;privacy&quot;:&quot;public&quot;,&quot;id&quot;:&quot;wmck:19/08/2010 1:34:30 PM:2&quot;,&quot;isBackground&quot;:false,&quot;zIndex&quot;:0}</tag><source>/Resource/1242403/background13.jpg</source><width>357.25</width><height>238.124954</height><x>42.5</x><y>88.62504</y><author>wmck</author><target>presentationSpace</target><privacy>public</privacy><slide>1242403</slide><identity>wmck:19/08/2010 1:34:30 PM:2</identity></image></message><message xml:lang='en' to='1242403@conference.deified.adm.monash.edu.au' from='wmck@deified.adm.monash.edu.au' type='groupchat' time='1282188474967'><image xmlns='monash:metl'><tag>{&quot;author&quot;:&quot;wmck&quot;,&quot;privacy&quot;:&quot;public&quot;,&quot;id&quot;:&quot;wmck:19/08/2010 1:34:30 PM:3&quot;,&quot;isBackground&quot;:false,&quot;zIndex&quot;:0}</tag><source>/Resource/1242403/background14.jpg</source><width>525.874939</width><height>170.124954</height><x>84.12504</x><y>349.375031</y><author>wmck</author><target>presentationSpace</target><privacy>public</privacy><slide>1242403</slide><identity>wmck:19/08/2010 1:34:30 PM:3</identity></image></message><message xml:lang='en' to='1242403@conference.deified.adm.monash.edu.au' from='wmck@deified.adm.monash.edu.au' type='groupchat' time='1282188675220'><ink xmlns='monash:metl'><checksum>1034.6</checksum><points>354.8 163 127 352.9 163.9 127</points><color>0 0 255 255</color><thickness>3</thickness><highlight>False</highlight><author>wmck</author><target>presentationSpace</target><privacy>public</privacy><slide>1242403</slide></ink></message><message xml:lang='en' to='1242403@conference.deified.adm.monash.edu.au' from='wmck@deified.adm.monash.edu.au' type='groupchat' time='1282188675451'><ink xmlns='monash:metl'><checksum>1595</checksum><points>353.8 169.8 127 364.5 170.7 127 365.5 170.7 127</points><color>0 0 255 255</color><thickness>3</thickness><highlight>False</highlight><author>wmck</author><target>presentationSpace</target><privacy>public</privacy><slide>1242403</slide></ink></message><message xml:lang='en' to='1242403@conference.deified.adm.monash.edu.au' from='wmck@deified.adm.monash.edu.au' type='groupchat' time='1282188676423'><ink xmlns='monash:metl'><checksum>5280.6</checksum><points>358.7 162 127 354.8 163.9 127 359.7 164.9 127 362.6 164.9 127 364.5 164.9 127 365.5 164.9 127 366.5 164.9 127 367.4 164.9 127 368.4 164.9 127 368.4 163.9 127</points><color>0 0 255 255</color><thickness>3</thickness><highlight>False</highlight><author>wmck</author><target>presentationSpace</target><privacy>public</privacy><slide>1242403</slide></ink></message><message xml:lang='en' to='1242403@conference.deified.adm.monash.edu.au' from='wmck@deified.adm.monash.edu.au' type='groupchat' time='1282188676973'><ink xmlns='monash:metl'><checksum>6232.2</checksum><points>406.2 150.4 127 404.3 152.3 127 399.4 165.9 127 398.5 169.8 127 397.5 170.7 127 397.5 171.7 127 397.5 172.7 127 396.5 172.7 127 397.5 172.7 127 397.5 171.7 127 398.5 170.7 127</points><color>0 0 255 255</color><thickness>3</thickness><highlight>False</highlight><author>wmck</author><target>presentationSpace</target><privacy>public</privacy><slide>1242403</slide></ink></message><message xml:lang='en' to='1242403@conference.deified.adm.monash.edu.au' from='wmck@deified.adm.monash.edu.au' type='groupchat' time='1282188677402'><ink xmlns='monash:metl'><checksum>11058.3</checksum><points>407.2 162 127 409.1 162 127 409.1 167.8 127 411.1 165.9 127 413 163.9 127 415 163.9 127 415.9 163 127 416.9 163 127 417.9 163 127 418.8 163 127 419.8 163 127 419.8 163.9 127 420.8 164.9 127 420.8 165.9 127 420.8 166.8 127 420.8 167.8 127 420.8 168.8 127 420.8 169.8 127 421.7 169.8 127</points><color>0 0 255 255</color><thickness>3</thickness><highlight>False</highlight><author>wmck</author><target>presentationSpace</target><privacy>public</privacy><slide>1242403</slide></ink></message><message xml:lang='en' to='1242403@conference.deified.adm.monash.edu.au' from='wmck@deified.adm.monash.edu.au' type='groupchat' time='1282188677822'><ink xmlns='monash:metl'><checksum>4254.9</checksum><points>436.3 160.1 127 432.4 175.6 127 431.4 178.5 127 431.4 179.5 127 432.4 178.5 127 432.4 177.5 127 432.4 176.5 127</points><color>0 0 255 255</color><thickness>3</thickness><highlight>False</highlight><author>wmck</author><target>presentationSpace</target><privacy>public</privacy><slide>1242403</slide></ink></message><message xml:lang='en' to='1242403@conference.deified.adm.monash.edu.au' from='wmck@deified.adm.monash.edu.au' type='groupchat' time='1282188678154'><ink xmlns='monash:metl'><checksum>7296</checksum><points>433.4 163 127 436.3 160.1 127 445 164.9 127 445 166.8 127 444.1 167.8 127 443.1 168.8 127 442.1 169.8 127 441.1 169.8 127 440.2 169.8 127 439.2 170.7 127 437.3 170.7 127 436.3 170.7 127</points><color>0 0 255 255</color><thickness>3</thickness><highlight>False</highlight><author>wmck</author><target>presentationSpace</target><privacy>public</privacy><slide>1242403</slide></ink></message><message xml:lang='en' to='1242403@conference.deified.adm.monash.edu.au' from='wmck@deified.adm.monash.edu.au' type='groupchat' time='1282188678807'><ink xmlns='monash:metl'><checksum>13822.2</checksum><points>452.8 161 127 453.8 169.8 127 455.7 167.8 127 456.7 166.8 127 457.6 165.9 127 457.6 164.9 127 458.6 163.9 127 459.6 163.9 127 459.6 164.9 127 459.6 165.9 127 459.6 166.8 127 459.6 167.8 127 460.5 168.8 127 461.5 169.8 127 462.5 169.8 127 463.5 169.8 127 464.4 169.8 127 465.4 169.8 127 466.4 169.8 127 467.3 168.8 127 469.3 167.8 127 470.2 166.8 127</points><color>0 0 255 255</color><thickness>3</thickness><highlight>False</highlight><author>wmck</author><target>presentationSpace</target><privacy>public</privacy><slide>1242403</slide></ink></message><message xml:lang='en' to='1242403@conference.deified.adm.monash.edu.au' from='wmck@deified.adm.monash.edu.au' type='groupchat' time='1282188679078'><ink xmlns='monash:metl'><checksum>4464.5</checksum><points>475.1 156.2 127 476.1 154.2 127 475.1 163.9 127 475.1 165.9 127 475.1 166.8 127 475.1 165.9 127 475.1 164.9 127</points><color>0 0 255 255</color><thickness>3</thickness><highlight>False</highlight><author>wmck</author><target>presentationSpace</target><privacy>public</privacy><slide>1242403</slide></ink></message><message xml:lang='en' to='1242403@conference.deified.adm.monash.edu.au' from='wmck@deified.adm.monash.edu.au' type='groupchat' time='1282188679326'><ink xmlns='monash:metl'><checksum>2564.7</checksum><points>471.2 159.1 127 486.7 157.1 127 487.7 157.1 127 488.7 157.1 127</points><color>0 0 255 255</color><thickness>3</thickness><highlight>False</highlight><author>wmck</author><target>presentationSpace</target><privacy>public</privacy><slide>1242403</slide></ink></message><message xml:lang='en' to='1242403@conference.deified.adm.monash.edu.au' from='wmck@deified.adm.monash.edu.au' type='groupchat' time='1282188680102'><ink xmlns='monash:metl'><checksum>25613.9</checksum><points>511 160.1 127 509 160.1 127 506.1 161 127 505.2 162 127 505.2 163 127 504.2 163.9 127 504.2 164.9 127 505.2 165.9 127 506.1 165.9 127 507.1 165.9 127 509 165.9 127 511 164.9 127 512 163.9 127 513.9 163 127 515.8 162 127 516.8 161 127 518.7 159.1 127 518.7 158.1 127 519.7 156.2 127 519.7 155.2 127 519.7 153.3 127 519.7 152.3 127 519.7 151.3 127 518.7 150.4 127 518.7 149.4 127 518.7 150.4 127 518.7 151.3 127 518.7 152.3 127 518.7 153.3 127 519.7 154.2 127 519.7 156.2 127 519.7 157.1 127 519.7 159.1 127 519.7 160.1 127 520.7 161 127 520.7 162 127 520.7 163 127 521.7 163 127</points><color>0 0 255 255</color><thickness>3</thickness><highlight>False</highlight><author>wmck</author><target>presentationSpace</target><privacy>public</privacy><slide>1242403</slide></ink></message><message xml:lang='en' to='1242403@conference.deified.adm.monash.edu.au' from='wmck@deified.adm.monash.edu.au' type='groupchat' time='1282188680537'><ink xmlns='monash:metl'><checksum>11796.9</checksum><points>525.5 160.1 127 537.2 156.2 127 534.3 157.1 127 531.4 158.1 127 530.4 159.1 127 528.4 160.1 127 528.4 162 127 527.5 163 127 527.5 163.9 127 527.5 164.9 127 528.4 165.9 127 529.4 165.9 127 531.4 165.9 127 533.3 165.9 127 535.2 165.9 127 537.2 165.9 127 539.1 164.9 127</points><color>0 0 255 255</color><thickness>3</thickness><highlight>False</highlight><author>wmck</author><target>presentationSpace</target><privacy>public</privacy><slide>1242403</slide></ink></message><message xml:lang='en' to='1242403@conference.deified.adm.monash.edu.au' from='wmck@deified.adm.monash.edu.au' type='groupchat' time='1282188680921'><ink xmlns='monash:metl'><checksum>12917.8</checksum><points>547.8 158.1 127 551.7 164.9 127 552.7 165.9 127 553.7 165.9 127 553.7 164.9 127 554.6 164.9 127 555.6 163.9 127 555.6 163 127 556.6 162 127 557.5 161 127 558.5 160.1 127 559.5 158.1 127 560.5 157.1 127 560.5 156.2 127 562.4 156.2 127 562.4 155.2 127 563.4 155.2 127 564.3 154.2 127</points><color>0 0 255 255</color><thickness>3</thickness><highlight>False</highlight><author>wmck</author><target>presentationSpace</target><privacy>public</privacy><slide>1242403</slide></ink></message><message xml:lang='en' to='1242403@conference.deified.adm.monash.edu.au' from='wmck@deified.adm.monash.edu.au' type='groupchat' time='1282188681172'><ink xmlns='monash:metl'><checksum>1445.8</checksum><points>567.2 155.2 127 567.2 156.2 127</points><color>0 0 255 255</color><thickness>3</thickness><highlight>False</highlight><author>wmck</author><target>presentationSpace</target><privacy>public</privacy><slide>1242403</slide></ink></message><message xml:lang='en' to='1242403@conference.deified.adm.monash.edu.au' from='wmck@deified.adm.monash.edu.au' type='groupchat' time='1282188681330'><ink xmlns='monash:metl'><checksum>720.6</checksum><points>570.2 150.4 127</points><color>0 0 255 255</color><thickness>3</thickness><highlight>False</highlight><author>wmck</author><target>presentationSpace</target><privacy>public</privacy><slide>1242403</slide></ink></message><message xml:lang='en' to='1242403@conference.deified.adm.monash.edu.au' from='wmck@deified.adm.monash.edu.au' type='groupchat' time='1282188681665'><ink xmlns='monash:metl'><checksum>15526.4</checksum><points>570.2 150.4 127 579.9 156.2 127 578.9 156.2 127 577.9 157.1 127 576.9 158.1 127 576 159.1 127 575 160.1 127 574 161 127 574 162 127 573.1 163 127 573.1 163.9 127 574 164.9 127 574 165.9 127 575 166.8 127 576.9 166.8 127 577.9 166.8 127 579.9 165.9 127 581.8 165.9 127 583.7 164.9 127 585.7 163.9 127 586.6 163 127</points><color>0 0 255 255</color><thickness>3</thickness><highlight>False</highlight><author>wmck</author><target>presentationSpace</target><privacy>public</privacy><slide>1242403</slide></ink></message><message xml:lang='en' to='1242403@conference.deified.adm.monash.edu.au' from='wmck@deified.adm.monash.edu.au' type='groupchat' time='1282188682119'><ink xmlns='monash:metl'><checksum>18991.4</checksum><points>590.5 160.1 127 591.5 161 127 604.1 157.1 127 604.1 156.2 127 603.1 156.2 127 602.2 156.2 127 601.2 156.2 127 599.3 156.2 127 598.3 157.1 127 596.3 158.1 127 594.4 158.1 127 593.4 159.1 127 592.5 161 127 591.5 162 127 591.5 163 127 591.5 163.9 127 592.5 164.9 127 593.4 165.9 127 595.4 166.8 127 597.3 166.8 127 599.3 167.8 127 603.1 167.8 127 605.1 167.8 127 608 166.8 127 609.9 165.9 127</points><color>0 0 255 255</color><thickness>3</thickness><highlight>False</highlight><author>wmck</author><target>presentationSpace</target><privacy>public</privacy><slide>1242403</slide></ink></message><message xml:lang='en' to='1242403@conference.deified.adm.monash.edu.au' from='wmck@deified.adm.monash.edu.au' type='groupchat' time='1282188683235'><ink xmlns='monash:metl'><checksum>2588.2</checksum><points>412 228 127 419.8 228 127 421.7 228 127 422.7 228 127</points><color>0 0 255 255</color><thickness>3</thickness><highlight>False</highlight><author>wmck</author><target>presentationSpace</target><privacy>public</privacy><slide>1242403</slide></ink></message><message xml:lang='en' to='1242403@conference.deified.adm.monash.edu.au' from='wmck@deified.adm.monash.edu.au' type='groupchat' time='1282188683556'><ink xmlns='monash:metl'><checksum>1942.4</checksum><points>411.1 233.8 127 411.1 236.7 127 413 236.7 127</points><color>0 0 255 255</color><thickness>3</thickness><highlight>False</highlight><author>wmck</author><target>presentationSpace</target><privacy>public</privacy><slide>1242403</slide></ink></message><message xml:lang='en' to='1242403@conference.deified.adm.monash.edu.au' from='wmck@deified.adm.monash.edu.au' type='groupchat' time='1282188684753'><ink xmlns='monash:metl'><checksum>16271</checksum><points>479 219.2 127 485.8 214.4 127 480.9 216.3 127 477 219.2 127 475.1 222.1 127 472.2 224.1 127 471.2 227 127 469.3 228.9 127 468.3 231.8 127 467.3 233.8 127 467.3 235.7 127 468.3 236.7 127 469.3 237.7 127 471.2 238.6 127 474.1 238.6 127 476.1 237.7 127 479 237.7 127 480.9 236.7 127 483.8 235.7 127 485.8 234.7 127 487.7 233.8 127 488.7 231.8 127 489.6 230.9 127</points><color>0 0 255 255</color><thickness>3</thickness><highlight>False</highlight><author>wmck</author><target>presentationSpace</target><privacy>public</privacy><slide>1242403</slide></ink></message><message xml:lang='en' to='1242403@conference.deified.adm.monash.edu.au' from='wmck@deified.adm.monash.edu.au' type='groupchat' time='1282188685302'><ink xmlns='monash:metl'><checksum>5222.2</checksum><points>514.9 220.2 127 509 236.7 127 508.1 239.6 127 508.1 240.6 127 507.1 241.5 127 508.1 240.6 127 508.1 239.6 127</points><color>0 0 255 255</color><thickness>3</thickness><highlight>False</highlight><author>wmck</author><target>presentationSpace</target><privacy>public</privacy><slide>1242403</slide></ink></message><message xml:lang='en' to='1242403@conference.deified.adm.monash.edu.au' from='wmck@deified.adm.monash.edu.au' type='groupchat' time='1282188685685'><ink xmlns='monash:metl'><checksum>14219.4</checksum><points>508.1 221.2 127 520.7 216.3 127 525.5 218.3 127 527.5 221.2 127 528.4 222.1 127 528.4 224.1 127 528.4 226 127 527.5 227 127 526.5 228 127 525.5 229.9 127 523.6 229.9 127 521.7 230.9 127 520.7 230.9 127 518.7 231.8 127 516.8 231.8 127 515.8 231.8 127 514.9 230.9 127 513.9 230.9 127 513.9 229.9 127</points><color>0 0 255 255</color><thickness>3</thickness><highlight>False</highlight><author>wmck</author><target>presentationSpace</target><privacy>public</privacy><slide>1242403</slide></ink></message><message xml:lang='en' to='1242403@conference.deified.adm.monash.edu.au' from='wmck@deified.adm.monash.edu.au' type='groupchat' time='1282188686320'><ink xmlns='monash:metl'><checksum>14950.8</checksum><points>544 221.2 127 544.9 235.7 127 547.8 236.7 127 549.8 236.7 127 552.7 235.7 127 554.6 234.7 127 557.5 233.8 127 559.5 232.8 127 561.4 230.9 127 563.4 228.9 127 564.3 227 127 565.3 225 127 566.3 224.1 127 566.3 222.1 127 566.3 221.2 127 566.3 220.2 127 566.3 219.2 127 566.3 218.3 127 566.3 217.3 127</points><color>0 0 255 255</color><thickness>3</thickness><highlight>False</highlight><author>wmck</author><target>presentationSpace</target><privacy>public</privacy><slide>1242403</slide></ink></message><message xml:lang='en' to='1242403@conference.deified.adm.monash.edu.au' from='wmck@deified.adm.monash.edu.au' type='groupchat' time='1282188687478'><ink xmlns='monash:metl'><checksum>2056.8</checksum><points>399.4 285.2 127 399.4 286.2 127 400.4 286.2 127</points><color>0 0 255 255</color><thickness>3</thickness><highlight>False</highlight><author>wmck</author><target>presentationSpace</target><privacy>public</privacy><slide>1242403</slide></ink></message><message xml:lang='en' to='1242403@conference.deified.adm.monash.edu.au' from='wmck@deified.adm.monash.edu.au' type='groupchat' time='1282188687694'><ink xmlns='monash:metl'><checksum>1389.6</checksum><points>400.4 293.9 127 399.4 295.9 127</points><color>0 0 255 255</color><thickness>3</thickness><highlight>False</highlight><author>wmck</author><target>presentationSpace</target><privacy>public</privacy><slide>1242403</slide></ink></message><message xml:lang='en' to='1242403@conference.deified.adm.monash.edu.au' from='wmck@deified.adm.monash.edu.au' type='groupchat' time='1282188689936'><ink xmlns='monash:metl'><checksum>24453.5</checksum><points>478 264.8 127 472.2 275.5 127 469.3 282.3 127 467.3 286.2 127 465.4 289.1 127 464.4 291 127 463.5 292.9 127 462.5 293.9 127 462.5 294.9 127 463.5 294.9 127 465.4 293.9 127 466.4 292.9 127 468.3 292 127 469.3 292 127 471.2 291 127 472.2 291 127 473.2 291 127 474.1 292 127 475.1 292 127 476.1 292.9 127 476.1 293.9 127 477 294.9 127 477 295.9 127 478 295.9 127 479 295.9 127 479.9 295.9 127 479.9 294.9 127 480.9 293.9 127 481.9 292.9 127 482.9 292 127 483.8 291 127 484.8 289.1 127</points><color>0 0 255 255</color><thickness>3</thickness><highlight>False</highlight><author>wmck</author><target>presentationSpace</target><privacy>public</privacy><slide>1242403</slide></ink></message><message xml:lang='en' to='1242403@conference.deified.adm.monash.edu.au' from='wmck@deified.adm.monash.edu.au' type='groupchat' time='1282188690574'><ink xmlns='monash:metl'><checksum>37771.4</checksum><points>493.5 285.2 127 495.5 287.1 127 498.4 294.9 127 502.3 293.9 127 504.2 292.9 127 506.1 292 127 508.1 290 127 510 288.1 127 511 286.2 127 512.9 284.2 127 513.9 282.3 127 514.9 280.3 127 514.9 279.4 127 515.8 277.4 127 515.8 276.5 127 515.8 275.5 127 514.9 276.5 127 514.9 277.4 127 514.9 279.4 127 514.9 281.3 127 513.9 283.2 127 513.9 285.2 127 513.9 287.1 127 513.9 290 127 513.9 292 127 513.9 292.9 127 513.9 294.9 127 514.9 294.9 127 515.8 294.9 127 515.8 293.9 127 516.8 292 127 518.7 291 127 519.7 289.1 127 521.7 287.1 127 523.6 286.2 127 524.6 285.2 127 526.5 284.2 127 528.4 284.2 127 530.4 285.2 127 531.4 285.2 127 532.3 287.1 127 533.3 288.1 127 533.3 289.1 127 524.6 294.9 127 523.6 293.9 127 524.6 292.9 127 525.5 291 127</points><color>0 0 255 255</color><thickness>3</thickness><highlight>False</highlight><author>wmck</author><target>presentationSpace</target><privacy>public</privacy><slide>1242403</slide></ink></message><message xml:lang='en' to='1242403@conference.deified.adm.monash.edu.au' from='wmck@deified.adm.monash.edu.au' type='groupchat' time='1282188690879'><ink xmlns='monash:metl'><checksum>10859.2</checksum><points>540.1 282.3 127 542 293.9 127 544 291 127 545.9 288.1 127 546.9 287.1 127 548.8 285.2 127 550.8 284.2 127 551.7 283.2 127 553.7 283.2 127 554.6 283.2 127 555.6 283.2 127 556.6 283.2 127 557.5 283.2 127</points><color>0 0 255 255</color><thickness>3</thickness><highlight>False</highlight><author>wmck</author><target>presentationSpace</target><privacy>public</privacy><slide>1242403</slide></ink></message><message xml:lang='en' to='1242403@conference.deified.adm.monash.edu.au' from='wmck@deified.adm.monash.edu.au' type='groupchat' time='1282188691712'><ink xmlns='monash:metl'><checksum>67886.9</checksum><points>561.4 287.1 127 566.3 289.1 127 569.2 282.3 127 566.3 282.3 127 564.3 284.2 127 563.4 285.2 127 562.4 286.2 127 561.4 287.1 127 560.5 289.1 127 560.5 290 127 560.5 291 127 561.4 292 127 562.4 292.9 127 563.4 292.9 127 564.3 292.9 127 565.3 292 127 567.2 291 127 568.2 290 127 569.2 289.1 127 570.2 288.1 127 571.1 287.1 127 572.1 285.2 127 573.1 284.2 127 574 284.2 127 574 283.2 127 575 284.2 127 575 285.2 127 575 286.2 127 575 287.1 127 574 289.1 127 574 290 127 574 291 127 574 292 127 574 292.9 127 575 292.9 127 575 292 127 576 292 127 576.9 291 127 577.9 290 127 578.9 289.1 127 579.9 288.1 127 580.8 287.1 127 581.8 287.1 127 581.8 286.2 127 582.8 286.2 127 582.8 287.1 127 583.7 287.1 127 583.7 288.1 127 583.7 289.1 127 584.7 289.1 127 585.7 290 127 586.6 290 127 587.6 290 127 588.6 290 127 590.5 290 127 591.5 290 127 592.5 289.1 127 594.4 289.1 127 595.4 288.1 127 596.3 287.1 127 597.3 286.2 127 597.3 285.2 127 598.3 284.2 127 598.3 285.2 127 597.3 286.2 127 597.3 288.1 127 597.3 290 127 596.3 292.9 127 596.3 294.9 127 596.3 297.8 127 595.4 299.7 127 595.4 301.7 127 595.4 303.6 127 595.4 304.6 127 596.3 305.6 127 597.3 304.6 127 598.3 302.6 127 599.3 300.7 127</points><color>0 0 255 255</color><thickness>3</thickness><highlight>False</highlight><author>wmck</author><target>presentationSpace</target><privacy>public</privacy><slide>1242403</slide></ink></message><message xml:lang='en' to='1242403@conference.deified.adm.monash.edu.au' from='wmck@deified.adm.monash.edu.au' type='groupchat' time='1282188692422'><ink xmlns='monash:metl'><checksum>63317.3</checksum><points>610.9 283.2 127 617.7 288.1 127 622.5 286.2 127 625.4 285.2 127 626.4 284.2 127 626.4 283.2 127 627.4 282.3 127 626.4 281.3 127 625.4 280.3 127 624.5 280.3 127 623.5 280.3 127 621.6 280.3 127 619.6 281.3 127 617.7 281.3 127 616.7 282.3 127 615.7 283.2 127 615.7 284.2 127 615.7 285.2 127 616.7 286.2 127 617.7 286.2 127 619.6 286.2 127 622.5 286.2 127 625.4 285.2 127 628.4 284.2 127 631.3 283.2 127 634.2 281.3 127 638.1 280.3 127 640 278.4 127 642.9 275.5 127 644.9 273.5 127 645.8 271.6 127 646.8 269.7 127 646.8 267.7 127 645.8 266.8 127 645.8 265.8 127 644.9 265.8 127 643.9 266.8 127 641.9 267.7 127 641 270.6 127 640 272.6 127 639 275.5 127 638.1 279.4 127 637.1 283.2 127 636.1 286.2 127 636.1 290 127 635.1 293.9 127 635.1 296.8 127 635.1 298.8 127 634.2 301.7 127 634.2 302.6 127 633.2 303.6 127 633.2 304.6 127 632.2 304.6 127 632.2 303.6 127 631.3 302.6 127 631.3 301.7 127 631.3 299.7 127 631.3 297.8 127 631.3 296.8 127 632.2 294.9 127 633.2 293.9 127 634.2 292.9 127 636.1 292 127 637.1 291 127 639 290 127 641 290 127 642.9 290 127 644.9 289.1 127 645.8 289.1 127</points><color>0 0 255 255</color><thickness>3</thickness><highlight>False</highlight><author>wmck</author><target>presentationSpace</target><privacy>public</privacy><slide>1242403</slide></ink></message><message xml:lang='en' to='1242403@conference.deified.adm.monash.edu.au' from='wmck@deified.adm.monash.edu.au' type='groupchat' time='1282188692909'><ink xmlns='monash:metl'><checksum>13943.3</checksum><points>549.8 312.3 127 551.7 311.4 127 550.8 305.6 127 548.8 308.5 127 547.8 313.3 127 546.9 316.2 127 546.9 319.1 127 546.9 323 127 545.9 326.9 127 545.9 329.8 127 545.9 332.7 127 544.9 336.6 127 544.9 338.5 127 544 340.5 127 543 341.4 127 542 341.4 127</points><color>0 0 255 255</color><thickness>3</thickness><highlight>False</highlight><author>wmck</author><target>presentationSpace</target><privacy>public</privacy><slide>1242403</slide></ink></message><message xml:lang='en' to='1242403@conference.deified.adm.monash.edu.au' from='wmck@deified.adm.monash.edu.au' type='groupchat' time='1282188693184'><ink xmlns='monash:metl'><checksum>10635.6</checksum><points>538.1 330.8 127 553.7 325 127 554.6 327.9 127 554.6 330.8 127 554.6 332.7 127 554.6 333.7 127 554.6 334.7 127 554.6 335.6 127 555.6 336.6 127 555.6 335.6 127 556.6 334.7 127 556.6 333.7 127</points><color>0 0 255 255</color><thickness>3</thickness><highlight>False</highlight><author>wmck</author><target>presentationSpace</target><privacy>public</privacy><slide>1242403</slide></ink></message><message xml:lang='en' to='1242403@conference.deified.adm.monash.edu.au' from='wmck@deified.adm.monash.edu.au' type='groupchat' time='1282188693344'><ink xmlns='monash:metl'><checksum>1749.4</checksum><points>561.4 314.3 127 561.4 312.3 127</points><color>0 0 255 255</color><thickness>3</thickness><highlight>False</highlight><author>wmck</author><target>presentationSpace</target><privacy>public</privacy><slide>1242403</slide></ink></message><message xml:lang='en' to='1242403@conference.deified.adm.monash.edu.au' from='wmck@deified.adm.monash.edu.au' type='groupchat' time='1282188693606'><ink xmlns='monash:metl'><checksum>5416.3</checksum><points>576 308.5 127 571.1 332.7 127 571.1 334.7 127 572.1 335.6 127 573.1 334.7 127 574 332.7 127</points><color>0 0 255 255</color><thickness>3</thickness><highlight>False</highlight><author>wmck</author><target>presentationSpace</target><privacy>public</privacy><slide>1242403</slide></ink></message><message xml:lang='en' to='1242403@conference.deified.adm.monash.edu.au' from='wmck@deified.adm.monash.edu.au' type='groupchat' time='1282188694127'><ink xmlns='monash:metl'><checksum>39018.6</checksum><points>578.9 327.9 127 581.8 330.8 127 597.3 323 127 599.3 320.1 127 599.3 319.1 127 598.3 319.1 127 597.3 320.1 127 596.3 321.1 127 595.4 322 127 594.4 324 127 594.4 325 127 593.4 326.9 127 593.4 328.8 127 594.4 329.8 127 595.4 330.8 127 596.3 330.8 127 597.3 330.8 127 599.3 330.8 127 600.2 329.8 127 601.2 329.8 127 603.1 327.9 127 604.1 326.9 127 606 325.9 127 607 325 127 608 324 127 609 324 127 609.9 324 127 609.9 325 127 609.9 325.9 127 609.9 326.9 127 609.9 328.8 127 609.9 330.8 127 609.9 331.7 127 609 332.7 127 608 333.7 127 607 334.7 127 606 334.7 127 604.1 335.6 127 603.1 334.7 127 601.2 333.7 127 600.2 332.7 127 599.3 330.8 127</points><color>0 0 255 255</color><thickness>3</thickness><highlight>False</highlight><author>wmck</author><target>presentationSpace</target><privacy>public</privacy><slide>1242403</slide></ink></message><message xml:lang='en' to='1242403@conference.deified.adm.monash.edu.au' from='wmck@deified.adm.monash.edu.au' type='groupchat' time='1282188694339'><ink xmlns='monash:metl'><checksum>1783.4</checksum><points>585.7 306.5 127 584.7 306.5 127</points><color>0 0 255 255</color><thickness>3</thickness><highlight>False</highlight><author>wmck</author><target>presentationSpace</target><privacy>public</privacy><slide>1242403</slide></ink></message><message xml:lang='en' to='1242403@conference.deified.adm.monash.edu.au' from='wmck@deified.adm.monash.edu.au' type='groupchat' time='1282188698838'><ink xmlns='monash:metl'><checksum>21464.4</checksum><points>91.9 433.6 127 88.1 434.6 127 85.1 436.5 127 83.2 437.5 127 82.2 438.4 127 81.3 439.4 127 80.3 441.4 127 79.3 442.3 127 78.4 443.3 127 78.4 444.3 127 78.4 445.2 127 79.3 446.2 127 80.3 446.2 127 82.2 447.2 127 84.2 448.1 127 85.1 448.1 127 87.1 449.1 127 89 450.1 127 91 451.1 127 91.9 452 127 92.9 454 127 92.9 454.9 127 92.9 455.9 127 92.9 457.8 127 91.9 458.8 127 91 459.8 127 90 460.8 127 88.1 461.7 127 86.1 462.7 127 84.2 462.7 127 83.2 462.7 127 81.3 462.7 127 80.3 462.7 127 79.3 462.7 127 79.3 461.7 127 80.3 460.8 127 81.3 459.8 127 82.2 458.8 127 83.2 457.8 127 85.1 455.9 127</points><color>0 0 255 255</color><thickness>3</thickness><highlight>False</highlight><author>wmck</author><target>presentationSpace</target><privacy>public</privacy><slide>1242403</slide></ink></message><message xml:lang='en' to='1242403@conference.deified.adm.monash.edu.au' from='wmck@deified.adm.monash.edu.au' type='groupchat' time='1282188699540'><ink xmlns='monash:metl'><checksum>33999.4</checksum><points>98.7 449.1 127 102.6 449.1 127 109.4 441.4 127 110.4 440.4 127 110.4 439.4 127 109.4 439.4 127 108.4 439.4 127 107.5 439.4 127 106.5 440.4 127 106.5 441.4 127 105.5 443.3 127 104.6 444.3 127 104.6 446.2 127 104.6 447.2 127 105.5 449.1 127 106.5 450.1 127 107.5 452 127 109.4 452 127 111.3 453 127 113.3 452 127 115.2 452 127 117.2 451.1 127 119.1 450.1 127 120.1 448.1 127 122 447.2 127 123 445.2 127 124 443.3 127 124 442.3 127 124.9 441.4 127 124.9 440.4 127 124.9 439.4 127 125.9 440.4 127 125.9 441.4 127 125.9 442.3 127 125.9 443.3 127 126.9 444.3 127 126.9 446.2 127 126.9 447.2 127 126.9 448.1 127 127.8 449.1 127 127.8 448.1 127 128.8 447.2 127 128.8 446.2 127 128.8 445.2 127 129.8 444.3 127 130.7 443.3 127 131.7 442.3 127 131.7 441.4 127 132.7 440.4 127 133.7 440.4 127 134.6 440.4 127 135.6 441.4 127 136.6 442.3 127 136.6 443.3 127 137.5 444.3 127 138.5 445.2 127 139.5 446.2 127 140.4 446.2 127 141.4 446.2 127 142.4 445.2 127</points><color>0 0 255 255</color><thickness>3</thickness><highlight>False</highlight><author>wmck</author><target>presentationSpace</target><privacy>public</privacy><slide>1242403</slide></ink></message><message xml:lang='en' to='1242403@conference.deified.adm.monash.edu.au' from='wmck@deified.adm.monash.edu.au' type='groupchat' time='1282188699846'><ink xmlns='monash:metl'><checksum>7195.3</checksum><points>149.2 437.5 127 143.4 444.3 127 150.1 447.2 127 152.1 449.1 127 153.1 449.1 127 153.1 450.1 127 153.1 451.1 127 153.1 452 127 152.1 452 127 151.1 451.1 127 151.1 450.1 127 151.1 449.1 127</points><color>0 0 255 255</color><thickness>3</thickness><highlight>False</highlight><author>wmck</author><target>presentationSpace</target><privacy>public</privacy><slide>1242403</slide></ink></message><message xml:lang='en' to='1242403@conference.deified.adm.monash.edu.au' from='wmck@deified.adm.monash.edu.au' type='groupchat' time='1282188700123'><ink xmlns='monash:metl'><checksum>8447.7</checksum><points>157.9 443.3 127 163.7 446.2 127 169.5 439.4 127 168.6 437.5 127 167.6 436.5 127 166.6 436.5 127 165.7 436.5 127 164.7 437.5 127 162.8 438.4 127 161.8 439.4 127 160.8 440.4 127 159.8 441.4 127 159.8 442.3 127 159.8 443.3 127</points><color>0 0 255 255</color><thickness>3</thickness><highlight>False</highlight><author>wmck</author><target>presentationSpace</target><privacy>public</privacy><slide>1242403</slide></ink></message><message xml:lang='en' to='1242403@conference.deified.adm.monash.edu.au' from='wmck@deified.adm.monash.edu.au' type='groupchat' time='1282188700734'><ink xmlns='monash:metl'><checksum>26826.6</checksum><points>178.3 434.6 127 181.2 438.4 127 182.2 439.4 127 183.1 439.4 127 184.1 440.4 127 185.1 440.4 127 186 441.4 127 187 441.4 127 188 441.4 127 188.9 440.4 127 189.9 440.4 127 190.9 439.4 127 191.9 438.4 127 192.8 437.5 127 192.8 436.5 127 192.8 435.5 127 192.8 434.6 127 192.8 435.5 127 192.8 436.5 127 192.8 438.4 127 193.8 440.4 127 193.8 442.3 127 194.8 445.2 127 195.7 447.2 127 195.7 450.1 127 196.7 453 127 196.7 455.9 127 196.7 458.8 127 195.7 461.7 127 195.7 463.7 127 193.8 465.6 127 191.9 467.5 127 189.9 468.5 127 188 469.5 127 186 470.5 127 183.1 470.5 127 181.2 470.5 127 178.3 469.5 127 176.3 469.5 127 175.4 468.5 127 174.4 467.5 127 174.4 466.6 127</points><color>0 0 255 255</color><thickness>3</thickness><highlight>False</highlight><author>wmck</author><target>presentationSpace</target><privacy>public</privacy><slide>1242403</slide></ink></message><message xml:lang='en' to='1242403@conference.deified.adm.monash.edu.au' from='wmck@deified.adm.monash.edu.au' type='groupchat' time='1282188702303'><ink xmlns='monash:metl'><checksum>27323.8</checksum><points>339.3 335.6 127 341.2 334.7 127 335.4 334.7 127 333.5 334.7 127 331.5 335.6 127 330.6 335.6 127 330.6 336.6 127 329.6 336.6 127 329.6 337.6 127 330.6 338.5 127 331.5 338.5 127 332.5 339.5 127 333.5 339.5 127 335.4 340.5 127 336.4 340.5 127 338.3 341.4 127 340.3 342.4 127 342.2 343.4 127 344.1 344.4 127 345.1 345.3 127 346.1 346.3 127 347.1 348.2 127 348 349.2 127 348 350.2 127 347.1 352.1 127 346.1 353.1 127 345.1 354.1 127 343.2 354.1 127 341.2 355 127 339.3 355 127 337.4 355 127 336.4 355 127 334.4 355 127 333.5 354.1 127 332.5 354.1 127 331.5 353.1 127 332.5 352.1 127 333.5 350.2 127 334.4 349.2 127 336.4 348.2 127</points><color>0 0 255 255</color><thickness>3</thickness><highlight>False</highlight><author>wmck</author><target>presentationSpace</target><privacy>public</privacy><slide>1242403</slide></ink></message><message xml:lang='en' to='1242403@conference.deified.adm.monash.edu.au' from='wmck@deified.adm.monash.edu.au' type='groupchat' time='1282188702515'><ink xmlns='monash:metl'><checksum>4286.1</checksum><points>364.5 335.6 127 368.4 336.6 127 367.4 354.1 127 367.4 353.1 127 367.4 352.1 127 368.4 351.1 127</points><color>0 0 255 255</color><thickness>3</thickness><highlight>False</highlight><author>wmck</author><target>presentationSpace</target><privacy>public</privacy><slide>1242403</slide></ink></message><message xml:lang='en' to='1242403@conference.deified.adm.monash.edu.au' from='wmck@deified.adm.monash.edu.au' type='groupchat' time='1282188703343'><ink xmlns='monash:metl'><checksum>49945.0000000001</checksum><points>359.7 341.4 127 375.2 333.7 127 377.1 333.7 127 377.1 334.7 127 378.1 334.7 127 379.1 335.6 127 379.1 336.6 127 380 337.6 127 381 338.5 127 381 339.5 127 381 340.5 127 381 342.4 127 381 343.4 127 381 345.3 127 381 346.3 127 381 348.2 127 381 349.2 127 381 350.2 127 381 351.1 127 381 352.1 127 381 353.1 127 381 352.1 127 381 351.1 127 382 350.2 127 382 349.2 127 382 347.3 127 382.9 346.3 127 382.9 344.4 127 382.9 343.4 127 383.9 342.4 127 383.9 341.4 127 383.9 340.5 127 384.9 341.4 127 384.9 342.4 127 385.9 343.4 127 386.8 344.4 127 387.8 344.4 127 388.8 345.3 127 390.7 345.3 127 391.7 346.3 127 393.6 346.3 127 395.6 346.3 127 396.5 345.3 127 397.5 345.3 127 399.4 344.4 127 400.4 343.4 127 400.4 342.4 127 401.4 341.4 127 402.3 340.5 127 402.3 339.5 127 403.3 338.5 127 403.3 337.6 127 403.3 336.6 127 403.3 337.6 127 403.3 338.5 127 403.3 339.5 127 403.3 341.4 127 403.3 343.4 127 403.3 345.3 127 403.3 347.3 127 403.3 349.2 127 403.3 351.1 127 403.3 353.1 127 403.3 354.1 127 403.3 355 127 404.3 357 127 405.3 357 127 406.2 356 127</points><color>0 0 255 255</color><thickness>3</thickness><highlight>False</highlight><author>wmck</author><target>presentationSpace</target><privacy>public</privacy><slide>1242403</slide></ink></message><message xml:lang='en' to='1242403@conference.deified.adm.monash.edu.au' from='wmck@deified.adm.monash.edu.au' type='groupchat' time='1282188704414'><ink xmlns='monash:metl'><checksum>24830.6</checksum><points>588.6 418.1 127 587.6 432.6 127 586.6 435.5 127 586.6 436.5 127 586.6 437.5 127 586.6 438.4 127 587.6 438.4 127 588.6 438.4 127 589.6 438.4 127 591.5 439.4 127 592.5 439.4 127 594.4 439.4 127 596.3 439.4 127 598.3 439.4 127 600.2 439.4 127 602.2 439.4 127 603.1 440.4 127 604.1 440.4 127 606 440.4 127 607 440.4 127 608 440.4 127 609 440.4 127 609.9 439.4 127 609.9 438.4 127</points><color>0 0 255 255</color><thickness>3</thickness><highlight>False</highlight><author>wmck</author><target>presentationSpace</target><privacy>public</privacy><slide>1242403</slide></ink></message><message xml:lang='en' to='1242403@conference.deified.adm.monash.edu.au' from='wmck@deified.adm.monash.edu.au' type='groupchat' time='1282188704708'><ink xmlns='monash:metl'><checksum>6353.3</checksum><points>620.6 425.8 127 620.6 440.4 127 620.6 442.3 127 620.6 441.4 127 620.6 440.4 127 620.6 439.4 127</points><color>0 0 255 255</color><thickness>3</thickness><highlight>False</highlight><author>wmck</author><target>presentationSpace</target><privacy>public</privacy><slide>1242403</slide></ink></message><message xml:lang='en' to='1242403@conference.deified.adm.monash.edu.au' from='wmck@deified.adm.monash.edu.au' type='groupchat' time='1282188705528'><ink xmlns='monash:metl'><checksum>77446.4</checksum><points>611.9 425.8 127 611.9 426.8 127 629.3 419 127 630.3 418.1 127 631.3 418.1 127 632.2 419 127 632.2 420 127 632.2 421 127 632.2 422.9 127 633.2 424.9 127 633.2 426.8 127 634.2 428.7 127 634.2 430.7 127 634.2 433.6 127 635.1 434.6 127 635.1 436.5 127 635.1 437.5 127 635.1 438.4 127 636.1 439.4 127 636.1 438.4 127 636.1 437.5 127 636.1 436.5 127 637.1 435.5 127 637.1 433.6 127 637.1 431.7 127 637.1 429.7 127 637.1 427.8 127 637.1 426.8 127 637.1 424.9 127 638.1 423.9 127 638.1 424.9 127 639 425.8 127 639 426.8 127 640 427.8 127 640 428.7 127 641 429.7 127 641.9 429.7 127 643.9 430.7 127 644.9 430.7 127 645.8 430.7 127 647.8 430.7 127 648.7 429.7 127 650.7 428.7 127 651.6 427.8 127 652.6 426.8 127 653.6 425.8 127 654.6 423.9 127 655.5 422.9 127 656.5 421 127 656.5 420 127 657.5 419 127 657.5 418.1 127 657.5 419 127 657.5 421 127 657.5 422.9 127 657.5 424.9 127 657.5 426.8 127 657.5 429.7 127 657.5 432.6 127 657.5 435.5 127 657.5 438.4 127 657.5 441.4 127 657.5 444.3 127 657.5 447.2 127 657.5 449.1 127 658.4 450.1 127 658.4 452 127 658.4 453 127 658.4 452 127 659.4 451.1 127 659.4 449.1 127 659.4 447.2 127</points><color>0 0 255 255</color><thickness>3</thickness><highlight>False</highlight><author>wmck</author><target>presentationSpace</target><privacy>public</privacy><slide>1242403</slide></ink></message>