<conversation><title>ABC</title><author>gibsonb</author><created>5/08/2010 1:45:40 PM</created><tag>unTagged</tag><subject>Unrestricted</subject><jid>91400</jid><permissions><studentCanPublish>false</studentCanPublish><studentCanOpenFriends>false</studentCanOpenFriends><usersAreCompulsorilySynced>true</usersAreCompulsorilySynced></permissions><slide><author>gibsonb</author><id>91401</id><index>0</index><defaultHeight>540</defaultHeight><defaultWidth>720</defaultWidth><exposed>False</exposed><type>SLIDE</type></slide></conversation>