<conversation><title>Mock up</title><author>chagan</author><created>13/10/2010 4:59:49 PM</created><tag>unTagged</tag><subject>eEducation Centre</subject><jid>1422400</jid><permissions><studentCanPublish>false</studentCanPublish><studentCanOpenFriends>false</studentCanOpenFriends><usersAreCompulsorilySynced>true</usersAreCompulsorilySynced></permissions><slide><author>chagan</author><id>1422401</id><index>0</index><defaultHeight>540</defaultHeight><defaultWidth>720</defaultWidth><exposed>False</exposed><type>SLIDE</type></slide></conversation>