<conversation><title>Learning by numbers</title><author>kfranke</author><created>11/10/2010 3:39:33 PM</created><tag></tag><subject>Unrestricted</subject><jid>1412400</jid><permissions><studentCanPublish>true</studentCanPublish><studentCanOpenFriends>true</studentCanOpenFriends><usersAreCompulsorilySynced>false</usersAreCompulsorilySynced></permissions><slide><author>kfranke</author><id>1412401</id><index>0</index><type>SLIDE</type></slide><slide><author>kfranke</author><id>1412402</id><index>1</index><type>SLIDE</type></slide><slide><author>kfranke</author><id>1412403</id><index>2</index><type>SLIDE</type></slide><slide><author>kfranke</author><id>1412404</id><index>3</index><type>SLIDE</type></slide><slide><author>kfranke</author><id>1412405</id><index>4</index><type>SLIDE</type></slide><slide><author>kfranke</author><id>1412406</id><index>5</index><type>SLIDE</type></slide><slide><author>kfranke</author><id>1412407</id><index>6</index><type>SLIDE</type></slide><slide><author>kfranke</author><id>1412408</id><index>7</index><type>SLIDE</type></slide><slide><author>kfranke</author><id>1412409</id><index>8</index><type>SLIDE</type></slide><slide><author>kfranke</author><id>1412410</id><index>9</index><type>SLIDE</type></slide><slide><author>kfranke</author><id>1412411</id><index>10</index><type>SLIDE</type></slide><slide><author>kfranke</author><id>1412412</id><index>11</index><type>SLIDE</type></slide><slide><author>kfranke</author><id>1412413</id><index>12</index><type>SLIDE</type></slide><slide><author>kfranke</author><id>1412414</id><index>13</index><type>SLIDE</type></slide><slide><author>kfranke</author><id>1412415</id><index>14</index><type>SLIDE</type></slide><slide><author>kfranke</author><id>1412416</id><index>15</index><type>SLIDE</type></slide><slide><author>kfranke</author><id>1412417</id><index>16</index><type>SLIDE</type></slide><slide><author>kfranke</author><id>1412418</id><index>17</index><type>SLIDE</type></slide><slide><author>kfranke</author><id>1412419</id><index>18</index><type>SLIDE</type></slide><slide><author>kfranke</author><id>1412420</id><index>19</index><type>SLIDE</type></slide><slide><author>kfranke</author><id>1412421</id><index>20</index><type>SLIDE</type></slide><slide><author>kfranke</author><id>1412422</id><index>21</index><type>SLIDE</type></slide><slide><author>kfranke</author><id>1412423</id><index>22</index><type>SLIDE</type></slide><slide><author>kfranke</author><id>1412424</id><index>23</index><type>SLIDE</type></slide><slide><author>kfranke</author><id>1412425</id><index>24</index><type>SLIDE</type></slide><slide><author>kfranke</author><id>1412426</id><index>25</index><type>SLIDE</type></slide><slide><author>kfranke</author><id>1412427</id><index>26</index><type>SLIDE</type></slide><slide><author>kfranke</author><id>1412428</id><index>27</index><type>SLIDE</type></slide><slide><author>kfranke</author><id>1412429</id><index>28</index><type>SLIDE</type></slide><slide><author>kfranke</author><id>1412430</id><index>29</index><type>SLIDE</type></slide><slide><author>kfranke</author><id>1412431</id><index>30</index><type>SLIDE</type></slide><slide><author>kfranke</author><id>1412432</id><index>31</index><type>SLIDE</type></slide><slide><author>kfranke</author><id>1412433</id><index>32</index><type>SLIDE</type></slide><slide><author>kfranke</author><id>1412434</id><index>33</index><type>SLIDE</type></slide><slide><author>kfranke</author><id>1412435</id><index>34</index><type>SLIDE</type></slide><slide><author>kfranke</author><id>1412436</id><index>35</index><type>SLIDE</type></slide></conversation>