<conversation><title>robits2k722</title><author>hagand</author><created>12/07/2010 6:06:55 PM</created><tag></tag><subject>Unrestricted</subject><jid>72000</jid><permissions><studentCanPublish>false</studentCanPublish><studentCanOpenFriends>false</studentCanOpenFriends><usersAreCompulsorilySynced>true</usersAreCompulsorilySynced></permissions><slide><author>hagand</author><id>72001</id><index>0</index><type>SLIDE</type></slide><slide><author>hagand</author><id>72002</id><index>1</index><type>SLIDE</type></slide><slide><author>hagand</author><id>72003</id><index>2</index><type>SLIDE</type></slide></conversation>