<conversation><title>S15 boards</title><author>hagand</author><created>19/05/2010 12:55:09 PM</created><tag>default conversation for S15 smartboards</tag><subject>Unrestricted</subject><jid>34000</jid><permissions><studentCanPublish>true</studentCanPublish><studentCanOpenFriends>true</studentCanOpenFriends><usersAreCompulsorilySynced>false</usersAreCompulsorilySynced></permissions><slide><author>hagand</author><id>34001</id><index>0</index><type>SLIDE</type></slide><slide><author>hagand</author><id>34002</id><index>1</index><type>SLIDE</type></slide><slide><author>hagand</author><id>34003</id><index>2</index><type>SLIDE</type></slide><slide><author>hagand</author><id>34004</id><index>3</index><type>SLIDE</type></slide><slide><author>hagand</author><id>34005</id><index>4</index><type>SLIDE</type></slide></conversation>