<conversation><title>MeTL test run</title><author>micphill</author><created>29/01/2010 11:41:08 AM</created><tag></tag><subject>Office of the Deputy Vice-Chancellor (Education)</subject><jid>421400</jid><permissions><studentCanPublish>true</studentCanPublish><studentCanOpenFriends>true</studentCanOpenFriends><usersAreCompulsorilySynced>false</usersAreCompulsorilySynced></permissions><slide><author>micphill</author><id>421401</id><index>0</index><type>SLIDE</type></slide><slide><author>micphill</author><id>421402</id><index>1</index><type>SLIDE</type></slide><slide><author>micphill</author><id>421403</id><index>2</index><type>SLIDE</type></slide></conversation>