<conversation><title>25/03/2010 dcol13</title><author>dcol13</author><created>25/03/2010 2:37:41 PM</created><tag></tag><subject>dcol13</subject><jid>815400</jid><permissions><studentCanPublish>false</studentCanPublish><studentCanOpenFriends>false</studentCanOpenFriends><usersAreCompulsorilySynced>true</usersAreCompulsorilySynced></permissions><slide><author>dcol13</author><id>815401</id><index>0</index><type>SLIDE</type></slide><slide><author>dcol13</author><id>815402</id><index>1</index><type>SLIDE</type></slide></conversation>