<conversation><title>blankety blank</title><author>chagan</author><created>11/06/2010 2:45:57 PM</created><tag>unTagged</tag><subject>chagan</subject><jid>50000</jid><permissions><studentCanPublish>false</studentCanPublish><studentCanOpenFriends>false</studentCanOpenFriends><usersAreCompulsorilySynced>true</usersAreCompulsorilySynced></permissions><slide><author>chagan</author><id>50001</id><index>0</index><exposed>False</exposed><type>SLIDE</type></slide><slide><author>chagan</author><id>50002</id><index>1</index><exposed>False</exposed><type>SLIDE</type></slide><slide><author>chagan</author><id>50003</id><index>2</index><exposed>False</exposed><type>SLIDE</type></slide><slide><author>chagan</author><id>50004</id><index>3</index><exposed>False</exposed><type>SLIDE</type></slide><slide><author>chagan</author><id>50005</id><index>4</index><exposed>False</exposed><type>SLIDE</type></slide><slide><author>chagan</author><id>50006</id><index>5</index><exposed>False</exposed><type>SLIDE</type></slide><slide><author>chagan</author><id>50007</id><index>6</index><exposed>False</exposed><type>SLIDE</type></slide><slide><author>chagan</author><id>50008</id><index>7</index><exposed>False</exposed><type>SLIDE</type></slide><slide><author>chagan</author><id>50009</id><index>8</index><exposed>False</exposed><type>SLIDE</type></slide><slide><author>chagan</author><id>50010</id><index>9</index><exposed>False</exposed><type>SLIDE</type></slide><slide><author>chagan</author><id>50011</id><index>10</index><exposed>False</exposed><type>SLIDE</type></slide><slide><author>chagan</author><id>50012</id><index>11</index><exposed>False</exposed><type>SLIDE</type></slide><slide><author>chagan</author><id>50013</id><index>12</index><exposed>False</exposed><type>SLIDE</type></slide><slide><author>chagan</author><id>50014</id><index>13</index><exposed>False</exposed><type>SLIDE</type></slide><slide><author>chagan</author><id>50015</id><index>14</index><exposed>False</exposed><type>SLIDE</type></slide><slide><author>chagan</author><id>50016</id><index>15</index><exposed>False</exposed><type>SLIDE</type></slide><slide><author>chagan</author><id>50017</id><index>16</index><exposed>False</exposed><type>SLIDE</type></slide><slide><author>chagan</author><id>50018</id><index>17</index><exposed>False</exposed><type>SLIDE</type></slide><slide><author>chagan</author><id>50019</id><index>18</index><exposed>False</exposed><type>SLIDE</type></slide><slide><author>chagan</author><id>50020</id><index>19</index><exposed>False</exposed><type>SLIDE</type></slide><slide><author>chagan</author><id>50021</id><index>20</index><exposed>False</exposed><type>SLIDE</type></slide><slide><author>chagan</author><id>50022</id><index>21</index><exposed>False</exposed><type>SLIDE</type></slide><slide><author>chagan</author><id>50023</id><index>22</index><exposed>False</exposed><type>SLIDE</type></slide><slide><author>chagan</author><id>50024</id><index>23</index><exposed>False</exposed><type>SLIDE</type></slide><slide><author>chagan</author><id>50025</id><index>24</index><exposed>False</exposed><type>SLIDE</type></slide><slide><author>chagan</author><id>50026</id><index>25</index><exposed>False</exposed><type>SLIDE</type></slide><slide><author>chagan</author><id>50027</id><index>26</index><exposed>False</exposed><type>SLIDE</type></slide><slide><author>chagan</author><id>50028</id><index>27</index><exposed>False</exposed><type>SLIDE</type></slide><slide><author>chagan</author><id>50029</id><index>28</index><exposed>False</exposed><type>SLIDE</type></slide><slide><author>chagan</author><id>50030</id><index>29</index><exposed>False</exposed><type>SLIDE</type></slide><slide><author>chagan</author><id>50031</id><index>30</index><exposed>False</exposed><type>SLIDE</type></slide><slide><author>chagan</author><id>50032</id><index>31</index><exposed>False</exposed><type>SLIDE</type></slide><slide><author>chagan</author><id>50033</id><index>32</index><exposed>False</exposed><type>SLIDE</type></slide><slide><author>chagan</author><id>50034</id><index>33</index><exposed>False</exposed><type>SLIDE</type></slide><slide><author>chagan</author><id>50035</id><index>34</index><exposed>False</exposed><type>SLIDE</type></slide><slide><author>chagan</author><id>50036</id><index>35</index><exposed>False</exposed><type>SLIDE</type></slide><slide><author>chagan</author><id>50037</id><index>36</index><exposed>False</exposed><type>SLIDE</type></slide></conversation>