<conversation><title>robits2k75</title><author>rossr</author><created>12/07/2010 1:58:57 PM</created><tag></tag><subject>Unrestricted</subject><jid>68800</jid><permissions><studentCanPublish>false</studentCanPublish><studentCanOpenFriends>false</studentCanOpenFriends><usersAreCompulsorilySynced>true</usersAreCompulsorilySynced></permissions><slide><author>rossr</author><id>68801</id><index>0</index><type>SLIDE</type></slide><slide><author>rossr</author><id>68802</id><index>1</index><type>SLIDE</type></slide><slide><author>rossr</author><id>68803</id><index>2</index><type>SLIDE</type></slide></conversation>