<conversation><title>take THIS, Christopher</title><author>AdmirableBen</author><created>25/02/2010 2:41:14 PM</created><tag></tag><subject>Artificial person</subject><jid>633400</jid><permissions><studentCanPublish>true</studentCanPublish><studentCanOpenFriends>true</studentCanOpenFriends><usersAreCompulsorilySynced>false</usersAreCompulsorilySynced></permissions><slide><author>AdmirableBen</author><id>633401</id><index>0</index><type>SLIDE</type></slide><slide><author>AdmirableBen</author><id>633402</id><index>1</index><type>SLIDE</type></slide><slide><author>AdmirableBen</author><id>633403</id><index>2</index><type>SLIDE</type></slide><slide><author>AdmirableBen</author><id>633404</id><index>3</index><type>SLIDE</type></slide><slide><author>AdmirableBen</author><id>633405</id><index>4</index><type>POLL</type></slide></conversation>