<conversation><title>robits2k3</title><author>rossr</author><created>12/07/2010 10:51:42 AM</created><tag></tag><subject>Unrestricted</subject><jid>66800</jid><permissions><studentCanPublish>false</studentCanPublish><studentCanOpenFriends>false</studentCanOpenFriends><usersAreCompulsorilySynced>true</usersAreCompulsorilySynced></permissions><slide><author>rossr</author><id>66801</id><index>0</index><type>SLIDE</type></slide><slide><author>rossr</author><id>66802</id><index>1</index><type>SLIDE</type></slide><slide><author>rossr</author><id>66803</id><index>2</index><type>SLIDE</type></slide></conversation>