<conversation><title>Please enter a title here</title><author>chagan</author><created>22/10/2010 9:53:36 AM</created><lastAccessed>22/10/2010 9:53:26 AM</lastAccessed><tag>unTagged</tag><subject>Unrestricted</subject><jid>108400</jid><permissions><studentCanPublish>false</studentCanPublish><studentCanOpenFriends>false</studentCanOpenFriends><usersAreCompulsorilySynced>true</usersAreCompulsorilySynced></permissions><slide><author>chagan</author><id>108401</id><index>0</index><defaultHeight>540</defaultHeight><defaultWidth>720</defaultWidth><exposed>False</exposed><type>SLIDE</type></slide></conversation>