<conversation><title>AutomatedConversationEdited</title><author>dhag22</author><created>21/06/2010 11:50:45 AM</created><tag>unTagged</tag><subject>Unrestricted</subject><jid>55600</jid><permissions><studentCanPublish>false</studentCanPublish><studentCanOpenFriends>false</studentCanOpenFriends><usersAreCompulsorilySynced>true</usersAreCompulsorilySynced></permissions><slide><author>dhag22</author><id>55601</id><index>0</index><exposed>False</exposed><type>SLIDE</type></slide><slide><author>dhag22</author><id>55606</id><index>1</index><exposed>False</exposed><type>SLIDE</type></slide><slide><author>dhag22</author><id>55602</id><index>2</index><exposed>False</exposed><type>SLIDE</type></slide><slide><author>dhag22</author><id>55603</id><index>3</index><exposed>False</exposed><type>SLIDE</type></slide><slide><author>dhag22</author><id>55604</id><index>4</index><exposed>False</exposed><type>SLIDE</type></slide><slide><author>dhag22</author><id>55605</id><index>5</index><exposed>False</exposed><type>SLIDE</type></slide></conversation>