<logCollection date='{2010,8,24}'><message xml:lang='en' to='1242418@conference.deified.adm.monash.edu.au' from='wmck@deified.adm.monash.edu.au' type='groupchat' time='1282625385480'><dirtyInk xmlns='monash:metl'><author>wmck</author><slide>1242418</slide><target>presentationSpace</target><privacy>public</privacy><identity>1645.8</identity></dirtyInk></message><message xml:lang='en' to='1242418@conference.deified.adm.monash.edu.au' from='wmck@deified.adm.monash.edu.au' type='groupchat' time='1282625385487'><ink xmlns='monash:metl'><checksum>809.6</checksum><startingSum>1645.8</startingSum><points>106.5 298.8 127 106.5 297.8 127</points><color>255 255 0 255</color><thickness>25</thickness><highlight>True</highlight><author>wmck</author><target>presentationSpace</target><privacy>public</privacy><slide>1242418</slide></ink></message><message xml:lang='en' to='1242418@conference.deified.adm.monash.edu.au' from='wmck@deified.adm.monash.edu.au' type='groupchat' time='1282625388363'><dirtyInk xmlns='monash:metl'><author>wmck</author><slide>1242418</slide><target>presentationSpace</target><privacy>public</privacy><identity>809.6</identity></dirtyInk></message><message xml:lang='en' to='1242418@conference.deified.adm.monash.edu.au' from='wmck@deified.adm.monash.edu.au' type='groupchat' time='1282625388370'><ink xmlns='monash:metl'><checksum>1231</checksum><startingSum>1645.8</startingSum><points>307.8 307.8 127 307.8 307.6 127</points><color>255 255 0 255</color><thickness>25</thickness><highlight>True</highlight><author>wmck</author><target>presentationSpace</target><privacy>public</privacy><slide>1242418</slide></ink></message><message xml:lang='en' to='1242418@conference.deified.adm.monash.edu.au' from='wmck@deified.adm.monash.edu.au' type='groupchat' time='1282625394509'><dirtyInk xmlns='monash:metl'><author>wmck</author><slide>1242418</slide><target>presentationSpace</target><privacy>public</privacy><identity>1231</identity></dirtyInk></message><message xml:lang='en' to='1242418@conference.deified.adm.monash.edu.au' from='wmck@deified.adm.monash.edu.au' type='groupchat' time='1282625422369'><dirtyInk xmlns='monash:metl'><author>wmck</author><slide>1242418</slide><target>presentationSpace</target><privacy>public</privacy><identity>44388</identity></dirtyInk></message><message xml:lang='en' to='1242418@conference.deified.adm.monash.edu.au' from='wmck@deified.adm.monash.edu.au' type='groupchat' time='1282625422371'><dirtyInk xmlns='monash:metl'><author>wmck</author><slide>1242418</slide><target>presentationSpace</target><privacy>public</privacy><identity>1719.4</identity></dirtyInk></message><message xml:lang='en' to='1242418@conference.deified.adm.monash.edu.au' from='wmck@deified.adm.monash.edu.au' type='groupchat' time='1282625422373'><dirtyInk xmlns='monash:metl'><author>wmck</author><slide>1242418</slide><target>presentationSpace</target><privacy>public</privacy><identity>54625.1999999999</identity></dirtyInk></message><message xml:lang='en' to='1242418@conference.deified.adm.monash.edu.au' from='wmck@deified.adm.monash.edu.au' type='groupchat' time='1282625434767'><ink xmlns='monash:metl'><checksum>1250.5</checksum><startingSum>1645.8</startingSum><points>305.9 320.3 127 305.9 318.4 127</points><color>255 255 0 255</color><thickness>25</thickness><highlight>True</highlight><author>wmck</author><target>presentationSpace</target><privacy>public</privacy><slide>1242418</slide></ink></message><message xml:lang='en' to='1242418@conference.deified.adm.monash.edu.au' from='wmck@deified.adm.monash.edu.au' type='groupchat' time='1282625434774'><ink xmlns='monash:metl'><checksum>44388</checksum><startingSum>44388</startingSum><points>273.3 448.1 127 295.6 447.2 127 304.4 446.2 127 309.2 446.2 127 314.1 446.2 127 318.9 445.2 127 324.7 445.2 127 329.6 445.2 127 335.4 445.2 127 341.2 445.2 127 348 445.2 127 353.8 445.2 127 359.7 445.2 127 366.5 445.2 127 372.3 445.2 127 379.1 446.2 127 384.9 446.2 127 391.7 447.2 127 398.5 447.2 127 405.3 448.1 127 412 448.1 127 418.8 448.1 127 426.6 449.1 127 433.4 449.1 127 441.1 450.1 127 448.9 450.1 127 455.7 451.1 127 463.5 452 127 470.2 452 127 477 453 127 483.8 454 127 490.6 454.9 127 496.4 454.9 127 502.3 455.9 127 508.1 456.9 127 512.9 457.8 127 516.8 457.8 127 521.7 458.8 127 524.6 458.8 127 528.4 458.8 127 531.4 459.8 127 533.3 459.8 127 535.2 459.8 127 536.2 459.8 127 538.1 459.8 127 539.1 459.8 127 539.1 458.8 127 538.1 458.8 127 537.2 458.8 127 536.2 457.8 127</points><color>255 255 0 255</color><thickness>25</thickness><highlight>True</highlight><author>wmck</author><target>presentationSpace</target><privacy>public</privacy><slide>1242418</slide></ink></message><message xml:lang='en' to='1242418@conference.deified.adm.monash.edu.au' from='wmck@deified.adm.monash.edu.au' type='groupchat' time='1282625434776'><ink xmlns='monash:metl'><checksum>946.5</checksum><startingSum>946.5</startingSum><points>536.2 410.3 127</points><color>0 0 255 255</color><thickness>1.94003527336861</thickness><highlight>False</highlight><author>wmck</author><target>presentationSpace</target><privacy>public</privacy><slide>1242418</slide></ink></message><message xml:lang='en' to='1242418@conference.deified.adm.monash.edu.au' from='wmck@deified.adm.monash.edu.au' type='groupchat' time='1282625434782'><ink xmlns='monash:metl'><checksum>1719.4</checksum><startingSum>1719.4</startingSum><points>513.9 346.3 127 513.9 345.3 127</points><color>255 255 0 255</color><thickness>25</thickness><highlight>True</highlight><author>wmck</author><target>presentationSpace</target><privacy>public</privacy><slide>1242418</slide></ink></message><message xml:lang='en' to='1242418@conference.deified.adm.monash.edu.au' from='wmck@deified.adm.monash.edu.au' type='groupchat' time='1282625434785'><ink xmlns='monash:metl'><checksum>54625.1999999999</checksum><startingSum>54625.1999999999</startingSum><points>286.9 198.9 127 300.5 201.8 127 305.3 201.8 127 308.3 201.8 127 311.2 201.8 127 315 201.8 127 318 201.8 127 321.8 201.8 127 325.7 201.8 127 329.6 201.8 127 333.5 201.8 127 338.3 201.8 127 343.2 201.8 127 347.1 201.8 127 351.9 201.8 127 356.8 201.8 127 362.6 201.8 127 367.4 201.8 127 373.2 201.8 127 379.1 201.8 127 384.9 201.8 127 389.7 201.8 127 395.6 201.8 127 401.4 201.8 127 407.2 201.8 127 413 202.7 127 418.8 202.7 127 425.6 202.7 127 431.4 203.7 127 438.2 203.7 127 444.1 203.7 127 450.8 203.7 127 456.7 204.7 127 463.5 204.7 127 470.2 204.7 127 477 204.7 127 482.9 204.7 127 489.6 204.7 127 496.4 204.7 127 502.3 204.7 127 509 204.7 127 515.8 204.7 127 522.6 204.7 127 529.4 204.7 127 536.2 204.7 127 543 204.7 127 548.8 204.7 127 555.6 204.7 127 562.4 204.7 127 568.2 204.7 127 575 204.7 127 580.8 204.7 127 586.6 204.7 127 593.4 204.7 127 599.3 204.7 127 605.1 204.7 127 610.9 204.7 127 616.7 204.7 127 621.6 204.7 127 627.4 204.7 127 632.2 204.7 127 637.1 204.7 127 641 204.7 127 644.9 204.7 127 648.7 204.7 127 652.6 204.7 127 655.5 204.7 127 658.4 204.7 127 660.4 204.7 127 662.3 204.7 127 664.3 204.7 127 666.2 204.7 127 667.2 203.7 127 668.1 203.7 127 669.1 203.7 127 668.1 203.7 127 667.2 202.7 127 666.2 202.7 127</points><color>255 255 0 255</color><thickness>25</thickness><highlight>True</highlight><author>wmck</author><target>presentationSpace</target><privacy>public</privacy><slide>1242418</slide></ink></message><message xml:lang='en' to='1242418@conference.deified.adm.monash.edu.au' from='wmck@deified.adm.monash.edu.au' type='groupchat' time='1282625445980'><dirtyInk xmlns='monash:metl'><author>wmck</author><slide>1242418</slide><target>presentationSpace</target><privacy>public</privacy><identity>54625.1999999999</identity></dirtyInk></message><message xml:lang='en' to='1242418@conference.deified.adm.monash.edu.au' from='wmck@deified.adm.monash.edu.au' type='groupchat' time='1282625466961'><ink xmlns='monash:metl'><checksum>27630.9999999999</checksum><startingSum>27630.9999999999</startingSum><points>135.6 50.4 127 135.6 51.4 127 135.6 52.4 127 135.6 53.4 127 135.6 54.3 127 135.6 55.3 127 136.6 55.3 127 136.6 56.3 127 137.5 56.3 127 137.5 57.2 127 138.5 58.2 127 139.5 58.2 127 140.4 59.2 127 141.4 59.2 127 142.4 59.2 127 142.4 60.1 127 143.4 60.1 127 144.3 59.2 127 144.3 58.2 127 145.3 58.2 127 145.3 57.2 127 146.3 55.3 127 146.3 53.4 127 146.3 52.4 127 146.3 51.4 127 146.3 50.4 127 146.3 48.5 127 146.3 47.5 127 146.3 46.6 127 147.2 44.6 127 147.2 43.7 127 147.2 42.7 127 147.2 41.7 127 146.3 41.7 127 145.3 41.7 127 143.4 41.7 127 142.4 41.7 127 140.4 41.7 127 139.5 41.7 127 138.5 41.7 127 135.6 41.7 127 133.7 42.7 127 132.7 42.7 127 131.7 43.7 127 130.7 43.7 127 130.7 44.6 127 129.8 44.6 127 128.8 44.6 127 128.8 45.6 127 127.8 46.6 127 127.8 47.5 127 126.9 49.5 127 126.9 51.4 127 125.9 52.4 127 125.9 55.3 127 125.9 57.2 127 125.9 59.2 127 125.9 61.1 127 125.9 63.1 127 125.9 64 127 125.9 66 127 125.9 66.9 127 125.9 68.9 127 126.9 69.8 127 127.8 69.8 127 128.8 69.8 127 128.8 70.8 127 129.8 70.8 127 131.7 70.8 127 132.7 70.8 127 134.6 71.8 127 138.5 72.8 127 139.5 72.8 127 140.4 72.8 127 143.4 72.8 127 145.3 70.8 127 147.2 70.8 127 149.2 69.8 127 149.2 68.9 127 150.1 68.9 127 151.1 68.9 127 151.1 67.9 127 151.1 66.9 127 151.1 66 127 152.1 66 127 152.1 64 127 152.1 62.1 127 152.1 60.1 127 152.1 58.2 127 152.1 56.3 127 152.1 54.3 127 153.1 51.4 127 153.1 47.5 127 153.1 42.7 127 153.1 41.7 127 153.1 40.7 127 153.1 39.8 127 152.1 38.8 127 152.1 36.9 127 151.1 34.9 127 150.1 34.9 127 150.1 34 127 149.2 33 127 148.2 33 127 147.2 33 127 146.3 32 127 145.3 31 127 144.3 30.1 127 143.4 30.1 127 142.4 29.1 127 142.4 28.1 127 140.4 27.2 127 138.5 27.2 127 136.6 26.2 127 134.6 26.2 127 132.7 26.2 127 127.8 25.2 127 122 24.3 127 119.1 24.3 127 116.2 23.3 127 114.3 23.3 127 111.3 23.3 127 106.5 25.2 127 104.6 26.2 127 102.6 28.1 127 100.7 30.1 127 100.7 31 127 99.7 33 127 98.7 35.9 127 98.7 38.8 127 97.8 42.7 127 97.8 45.6 127 97.8 48.5 127 97.8 50.4 127 97.8 52.4 127 97.8 54.3 127 97.8 56.3 127 98.7 59.2 127 98.7 60.1 127 99.7 61.1 127 99.7 63.1 127 99.7 64 127 99.7 65 127 99.7 66 127 100.7 67.9 127 101.6 69.8 127 101.6 70.8 127 102.6 72.8 127 103.6 72.8 127 103.6 73.7 127 103.6 74.7 127</points><color>255 0 0 255</color><thickness>1.94003527336861</thickness><highlight>False</highlight><author>wmck</author><target>presentationSpace</target><privacy>public</privacy><slide>1242418</slide></ink></message><message xml:lang='en' to='1242418@conference.deified.adm.monash.edu.au' from='wmck@deified.adm.monash.edu.au' type='groupchat' time='1282625466966'><ink xmlns='monash:metl'><checksum>31129.9</checksum><startingSum>31129.9</startingSum><points>229.7 30.1 127 229.7 31 127 229.7 32 127 227.7 36.9 127 227.7 37.8 127 226.8 39.8 127 224.8 42.7 127 224.8 44.6 127 224.8 47.5 127 224.8 49.5 127 224.8 51.4 127 224.8 53.4 127 224.8 56.3 127 224.8 58.2 127 225.8 58.2 127 225.8 59.2 127 226.8 60.1 127 227.7 60.1 127 227.7 61.1 127 228.7 61.1 127 229.7 61.1 127 230.7 61.1 127 232.6 61.1 127 234.5 61.1 127 237.4 61.1 127 239.4 61.1 127 244.2 61.1 127 250.1 61.1 127 253.9 60.1 127 256.8 60.1 127 259.8 60.1 127 260.7 60.1 127 261.7 59.2 127 263.6 58.2 127 265.6 56.3 127 267.5 56.3 127 269.5 52.4 127 269.5 50.4 127 271.4 46.6 127 271.4 44.6 127 271.4 42.7 127 271.4 40.7 127 271.4 39.8 127 271.4 37.8 127 271.4 36.9 127 271.4 35.9 127 271.4 33 127 270.4 31 127 269.5 29.1 127 268.5 29.1 127 268.5 28.1 127 266.5 28.1 127 264.6 28.1 127 263.6 28.1 127 259.8 28.1 127 258.8 28.1 127 254.9 28.1 127 253 29.1 127 246.2 29.1 127 241.3 29.1 127 236.5 28.1 127 232.6 28.1 127 230.7 28.1 127 228.7 28.1 127 227.7 27.2 127 226.8 27.2 127 225.8 27.2 127 224.8 27.2 127 224.8 28.1 127 222.9 29.1 127 221.9 29.1 127 220 31 127 220 33 127 220 34 127 220 34.9 127 220 37.8 127 220 39.8 127 220 41.7 127 221 43.7 127 221.9 43.7 127 221.9 44.6 127 222.9 44.6 127 223.9 44.6 127 223.9 45.6 127 225.8 45.6 127 226.8 45.6 127 228.7 45.6 127 229.7 45.6 127 230.7 45.6 127 232.6 45.6 127 234.5 44.6 127 235.5 44.6 127 235.5 43.7 127 236.5 43.7 127 237.4 43.7 127 238.4 42.7 127 240.4 41.7 127 242.3 40.7 127 243.3 39.8 127 243.3 38.8 127 244.2 37.8 127 245.2 37.8 127 246.2 36.9 127 246.2 35.9 127 246.2 34.9 127 246.2 34 127 247.1 34 127 247.1 33 127 248.1 33 127 248.1 32 127</points><color>0 0 255 255</color><thickness>1.94003527336861</thickness><highlight>False</highlight><author>wmck</author><target>presentationSpace</target><privacy>public</privacy><slide>1242418</slide></ink></message><message xml:lang='en' to='1242418@conference.deified.adm.monash.edu.au' from='wmck@deified.adm.monash.edu.au' type='groupchat' time='1282625466974'><ink xmlns='monash:metl'><checksum>52228.1</checksum><startingSum>52228.1</startingSum><points>313.1 30.1 127 313.1 31 127 312.1 33 127 312.1 34.9 127 312.1 36.9 127 311.2 37.8 127 311.2 40.7 127 311.2 42.7 127 312.1 45.6 127 313.1 45.6 127 313.1 46.6 127 314.1 46.6 127 315 46.6 127 317 46.6 127 322.8 45.6 127 326.7 45.6 127 335.4 44.6 127 340.3 44.6 127 346.1 43.7 127 348 42.7 127 350.9 41.7 127 351.9 41.7 127 353.8 40.7 127 354.8 40.7 127 354.8 39.8 127 355.8 38.8 127 356.8 36.9 127 357.7 34.9 127 357.7 34 127 357.7 33 127 357.7 32 127 357.7 27.2 127 357.7 26.2 127 357.7 25.2 127 356.8 24.3 127 355.8 21.3 127 354.8 21.3 127 352.9 20.4 127 351.9 19.4 127 348 19.4 127 345.1 18.4 127 341.2 18.4 127 334.4 18.4 127 329.6 19.4 127 323.8 20.4 127 317 22.3 127 311.2 23.3 127 301.5 25.2 127 290.8 28.1 127 288.9 31 127 285 33 127 284 34 127 283 34.9 127 282.1 36.9 127 282.1 38.8 127 282.1 39.8 127 282.1 40.7 127 282.1 41.7 127 283 41.7 127 285 43.7 127 285.9 45.6 127 286.9 46.6 127 287.9 46.6 127 287.9 47.5 127 289.8 48.5 127 291.8 48.5 127 296.6 49.5 127 302.4 50.4 127 309.2 52.4 127 315 52.4 127 321.8 53.4 127 331.5 56.3 127 336.4 56.3 127 340.3 56.3 127 347.1 56.3 127 352.9 56.3 127 353.8 56.3 127 355.8 56.3 127 356.8 56.3 127 358.7 54.3 127 360.6 53.4 127 363.5 50.4 127 367.4 48.5 127 367.4 46.6 127 370.3 44.6 127 371.3 41.7 127 372.3 40.7 127 372.3 39.8 127 372.3 38.8 127 372.3 36.9 127 372.3 35.9 127 372.3 34 127 372.3 32 127 372.3 31 127 371.3 29.1 127 370.3 27.2 127 368.4 26.2 127 367.4 25.2 127 365.5 24.3 127 362.6 24.3 127 361.6 24.3 127 359.7 23.3 127 358.7 23.3 127 356.8 23.3 127 355.8 23.3 127 354.8 23.3 127 353.8 23.3 127 353.8 25.2 127 352.9 26.2 127 352.9 28.1 127 352.9 30.1 127 352.9 33 127 352.9 34.9 127 354.8 36.9 127 356.8 38.8 127 358.7 40.7 127 359.7 41.7 127 362.6 42.7 127 365.5 44.6 127 369.4 45.6 127 372.3 45.6 127 374.2 45.6 127 376.2 45.6 127 378.1 45.6 127 381 45.6 127 382.9 45.6 127 385.9 43.7 127 386.8 43.7 127 390.7 41.7 127 393.6 39.8 127 396.5 37.8 127 400.4 34.9 127 400.4 34 127 401.4 33 127 401.4 32 127 402.3 31 127 402.3 30.1 127</points><color>0 128 0 255</color><thickness>2.91005291005291</thickness><highlight>False</highlight><author>wmck</author><target>presentationSpace</target><privacy>public</privacy><slide>1242418</slide></ink></message><message xml:lang='en' to='1242418@conference.deified.adm.monash.edu.au' from='wmck@deified.adm.monash.edu.au' type='groupchat' time='1282625505403'><dirtyInk xmlns='monash:metl'><author>wmck</author><slide>1242418</slide><target>presentationSpace</target><privacy>public</privacy><identity>52228.1</identity></dirtyInk></message><message xml:lang='en' to='1242418@conference.deified.adm.monash.edu.au' from='wmck@deified.adm.monash.edu.au' type='groupchat' time='1282625507587'><dirtyInk xmlns='monash:metl'><author>wmck</author><slide>1242418</slide><target>presentationSpace</target><privacy>public</privacy><identity>31129.9</identity></dirtyInk></message><message xml:lang='en' to='1242418@conference.deified.adm.monash.edu.au' from='wmck@deified.adm.monash.edu.au' type='groupchat' time='1282625509248'><ink xmlns='monash:metl'><checksum>31129.9</checksum><startingSum>31129.9</startingSum><points>229.7 30.1 127 229.7 31 127 229.7 32 127 227.7 36.9 127 227.7 37.8 127 226.8 39.8 127 224.8 42.7 127 224.8 44.6 127 224.8 47.5 127 224.8 49.5 127 224.8 51.4 127 224.8 53.4 127 224.8 56.3 127 224.8 58.2 127 225.8 58.2 127 225.8 59.2 127 226.8 60.1 127 227.7 60.1 127 227.7 61.1 127 228.7 61.1 127 229.7 61.1 127 230.7 61.1 127 232.6 61.1 127 234.5 61.1 127 237.4 61.1 127 239.4 61.1 127 244.2 61.1 127 250.1 61.1 127 253.9 60.1 127 256.8 60.1 127 259.8 60.1 127 260.7 60.1 127 261.7 59.2 127 263.6 58.2 127 265.6 56.3 127 267.5 56.3 127 269.5 52.4 127 269.5 50.4 127 271.4 46.6 127 271.4 44.6 127 271.4 42.7 127 271.4 40.7 127 271.4 39.8 127 271.4 37.8 127 271.4 36.9 127 271.4 35.9 127 271.4 33 127 270.4 31 127 269.5 29.1 127 268.5 29.1 127 268.5 28.1 127 266.5 28.1 127 264.6 28.1 127 263.6 28.1 127 259.8 28.1 127 258.8 28.1 127 254.9 28.1 127 253 29.1 127 246.2 29.1 127 241.3 29.1 127 236.5 28.1 127 232.6 28.1 127 230.7 28.1 127 228.7 28.1 127 227.7 27.2 127 226.8 27.2 127 225.8 27.2 127 224.8 27.2 127 224.8 28.1 127 222.9 29.1 127 221.9 29.1 127 220 31 127 220 33 127 220 34 127 220 34.9 127 220 37.8 127 220 39.8 127 220 41.7 127 221 43.7 127 221.9 43.7 127 221.9 44.6 127 222.9 44.6 127 223.9 44.6 127 223.9 45.6 127 225.8 45.6 127 226.8 45.6 127 228.7 45.6 127 229.7 45.6 127 230.7 45.6 127 232.6 45.6 127 234.5 44.6 127 235.5 44.6 127 235.5 43.7 127 236.5 43.7 127 237.4 43.7 127 238.4 42.7 127 240.4 41.7 127 242.3 40.7 127 243.3 39.8 127 243.3 38.8 127 244.2 37.8 127 245.2 37.8 127 246.2 36.9 127 246.2 35.9 127 246.2 34.9 127 246.2 34 127 247.1 34 127 247.1 33 127 248.1 33 127 248.1 32 127</points><color>0 0 255 255</color><thickness>1.94003527336861</thickness><highlight>False</highlight><author>wmck</author><target>presentationSpace</target><privacy>public</privacy><slide>1242418</slide></ink></message>