<logCollection date='{2010,8,19}'><message xml:lang='en' to='1242418@conference.deified.adm.monash.edu.au' from='wmck@deified.adm.monash.edu.au' type='groupchat' time='1282188474074'><image xmlns='monash:metl'><tag>{&quot;author&quot;:&quot;wmck&quot;,&quot;privacy&quot;:&quot;public&quot;,&quot;id&quot;:&quot;wmck:19/08/2010 1:34:28 PM:0&quot;,&quot;isBackground&quot;:false,&quot;zIndex&quot;:0}</tag><source>/Resource/1242418/background78.jpg</source><width>720</width><height>540</height><x>0</x><y>0</y><author>wmck</author><target>presentationSpace</target><privacy>public</privacy><slide>1242418</slide><identity>wmck:19/08/2010 1:34:28 PM:0</identity></image></message><message xml:lang='en' to='1242418@conference.deified.adm.monash.edu.au' from='wmck@deified.adm.monash.edu.au' type='groupchat' time='1282188474185'><image xmlns='monash:metl'><tag>{&quot;author&quot;:&quot;wmck&quot;,&quot;privacy&quot;:&quot;public&quot;,&quot;id&quot;:&quot;wmck:19/08/2010 1:34:30 PM:1&quot;,&quot;isBackground&quot;:false,&quot;zIndex&quot;:0}</tag><source>/Resource/1242418/background79.jpg</source><width>648</width><height>90</height><x>36</x><y>21.62504</y><author>wmck</author><target>presentationSpace</target><privacy>public</privacy><slide>1242418</slide><identity>wmck:19/08/2010 1:34:30 PM:1</identity></image></message><message xml:lang='en' to='1242418@conference.deified.adm.monash.edu.au' from='wmck@deified.adm.monash.edu.au' type='groupchat' time='1282188474647'><image xmlns='monash:metl'><tag>{&quot;author&quot;:&quot;wmck&quot;,&quot;privacy&quot;:&quot;public&quot;,&quot;id&quot;:&quot;wmck:19/08/2010 1:34:30 PM:2&quot;,&quot;isBackground&quot;:false,&quot;zIndex&quot;:0}</tag><source>/Resource/1242418/background80.jpg</source><width>648</width><height>356.375031</height><x>36</x><y>126</y><author>wmck</author><target>presentationSpace</target><privacy>public</privacy><slide>1242418</slide><identity>wmck:19/08/2010 1:34:30 PM:2</identity></image></message><message xml:lang='en' to='1242418@conference.deified.adm.monash.edu.au' from='wmck@deified.adm.monash.edu.au' type='groupchat' time='1282189196284'><ink xmlns='monash:metl'><checksum>54625.1999999999</checksum><points>286.9 198.9 127 300.5 201.8 127 305.3 201.8 127 308.3 201.8 127 311.2 201.8 127 315 201.8 127 318 201.8 127 321.8 201.8 127 325.7 201.8 127 329.6 201.8 127 333.5 201.8 127 338.3 201.8 127 343.2 201.8 127 347.1 201.8 127 351.9 201.8 127 356.8 201.8 127 362.6 201.8 127 367.4 201.8 127 373.2 201.8 127 379.1 201.8 127 384.9 201.8 127 389.7 201.8 127 395.6 201.8 127 401.4 201.8 127 407.2 201.8 127 413 202.7 127 418.8 202.7 127 425.6 202.7 127 431.4 203.7 127 438.2 203.7 127 444.1 203.7 127 450.8 203.7 127 456.7 204.7 127 463.5 204.7 127 470.2 204.7 127 477 204.7 127 482.9 204.7 127 489.6 204.7 127 496.4 204.7 127 502.3 204.7 127 509 204.7 127 515.8 204.7 127 522.6 204.7 127 529.4 204.7 127 536.2 204.7 127 543 204.7 127 548.8 204.7 127 555.6 204.7 127 562.4 204.7 127 568.2 204.7 127 575 204.7 127 580.8 204.7 127 586.6 204.7 127 593.4 204.7 127 599.3 204.7 127 605.1 204.7 127 610.9 204.7 127 616.7 204.7 127 621.6 204.7 127 627.4 204.7 127 632.2 204.7 127 637.1 204.7 127 641 204.7 127 644.9 204.7 127 648.7 204.7 127 652.6 204.7 127 655.5 204.7 127 658.4 204.7 127 660.4 204.7 127 662.3 204.7 127 664.3 204.7 127 666.2 204.7 127 667.2 203.7 127 668.1 203.7 127 669.1 203.7 127 668.1 203.7 127 667.2 202.7 127 666.2 202.7 127</points><color>255 255 0 255</color><thickness>25</thickness><highlight>True</highlight><author>wmck</author><target>presentationSpace</target><privacy>public</privacy><slide>1242418</slide></ink></message><message xml:lang='en' to='1242418@conference.deified.adm.monash.edu.au' from='wmck@deified.adm.monash.edu.au' type='groupchat' time='1282189202568'><ink xmlns='monash:metl'><checksum>1645.8</checksum><points>524.6 298.8 127 524.6 297.8 127</points><color>255 255 0 255</color><thickness>25</thickness><highlight>True</highlight><author>wmck</author><target>presentationSpace</target><privacy>public</privacy><slide>1242418</slide></ink></message><message xml:lang='en' to='1242418@conference.deified.adm.monash.edu.au' from='wmck@deified.adm.monash.edu.au' type='groupchat' time='1282189203198'><ink xmlns='monash:metl'><checksum>1719.4</checksum><points>513.9 346.3 127 513.9 345.3 127</points><color>255 255 0 255</color><thickness>25</thickness><highlight>True</highlight><author>wmck</author><target>presentationSpace</target><privacy>public</privacy><slide>1242418</slide></ink></message><message xml:lang='en' to='1242418@conference.deified.adm.monash.edu.au' from='wmck@deified.adm.monash.edu.au' type='groupchat' time='1282189205953'><ink xmlns='monash:metl'><checksum>44388</checksum><points>273.3 448.1 127 295.6 447.2 127 304.4 446.2 127 309.2 446.2 127 314.1 446.2 127 318.9 445.2 127 324.7 445.2 127 329.6 445.2 127 335.4 445.2 127 341.2 445.2 127 348 445.2 127 353.8 445.2 127 359.7 445.2 127 366.5 445.2 127 372.3 445.2 127 379.1 446.2 127 384.9 446.2 127 391.7 447.2 127 398.5 447.2 127 405.3 448.1 127 412 448.1 127 418.8 448.1 127 426.6 449.1 127 433.4 449.1 127 441.1 450.1 127 448.9 450.1 127 455.7 451.1 127 463.5 452 127 470.2 452 127 477 453 127 483.8 454 127 490.6 454.9 127 496.4 454.9 127 502.3 455.9 127 508.1 456.9 127 512.9 457.8 127 516.8 457.8 127 521.7 458.8 127 524.6 458.8 127 528.4 458.8 127 531.4 459.8 127 533.3 459.8 127 535.2 459.8 127 536.2 459.8 127 538.1 459.8 127 539.1 459.8 127 539.1 458.8 127 538.1 458.8 127 537.2 458.8 127 536.2 457.8 127</points><color>255 255 0 255</color><thickness>25</thickness><highlight>True</highlight><author>wmck</author><target>presentationSpace</target><privacy>public</privacy><slide>1242418</slide></ink></message>