<conversation><title>hsc1061 15 March Tutorial 2</title><author>adamj</author><created>15/03/2010 2:28:51 PM</created><tag>hsc1061</tag><subject>Unrestricted</subject><jid>732400</jid><permissions><studentCanPublish>true</studentCanPublish><studentCanOpenFriends>true</studentCanOpenFriends><usersAreCompulsorilySynced>false</usersAreCompulsorilySynced></permissions><slide><author>adamj</author><id>732401</id><index>0</index><type>SLIDE</type></slide><slide><author>adamj</author><id>732402</id><index>1</index><type>SLIDE</type></slide><slide><author>adamj</author><id>732405</id><index>4</index><type>SLIDE</type></slide><slide><author>adamj</author><id>732407</id><index>6</index><type>SLIDE</type></slide><slide><author>adamj</author><id>732408</id><index>7</index><type>SLIDE</type></slide><slide><author>adamj</author><id>732406</id><index>5</index><type>SLIDE</type></slide><slide><author>adamj</author><id>732404</id><index>3</index><type>SLIDE</type></slide><slide><author>adamj</author><id>732403</id><index>2</index><type>SLIDE</type></slide></conversation>