<conversation><title>(Presentation1) chagan at 27/10/2010 5:23:33 PM</title><author>chagan</author><created>27/10/2010 5:23:33 PM</created><lastAccessed>27/10/2010 5:23:33 PM</lastAccessed><tag>unTagged</tag><subject>Unrestricted</subject><jid>135200</jid><permissions><studentCanPublish>false</studentCanPublish><studentCanOpenFriends>false</studentCanOpenFriends><usersAreCompulsorilySynced>true</usersAreCompulsorilySynced></permissions><slide><author>chagan</author><id>135201</id><index>0</index><defaultHeight>540</defaultHeight><defaultWidth>720</defaultWidth><exposed>False</exposed><type>SLIDE</type></slide><slide><author>chagan</author><id>135202</id><index>1</index><defaultHeight>540</defaultHeight><defaultWidth>720</defaultWidth><exposed>False</exposed><type>SLIDE</type></slide><slide><author>chagan</author><id>135203</id><index>2</index><defaultHeight>540</defaultHeight><defaultWidth>720</defaultWidth><exposed>False</exposed><type>SLIDE</type></slide></conversation>