<logCollection date='{2010,3,2}'><message xml:lang='en' to='642419@conference.reifier.adm.monash.edu.au' from='eastwood@reifier.adm.monash.edu.au' type='groupchat' time='1267499842797'><image xmlns='monash:metl'><tag>{&quot;author&quot;:&quot;eastwood&quot;,&quot;privacy&quot;:&quot;public&quot;,&quot;id&quot;:&quot;eastwood:2/03/2010 2:19:07 PM:0&quot;,&quot;isBackground&quot;:true,&quot;zIndex&quot;:0}</tag><source>/Resource/642419/background64.jpg</source><width>NaN</width><height>NaN</height><x>0</x><y>0</y><author>eastwood</author><target>presentationSpace</target><privacy>public</privacy><slide>642419</slide><identity>eastwood:2/03/2010 2:19:07 PM:0</identity></image></message><message xml:lang='en' to='642419@conference.reifier.adm.monash.edu.au' from='eastwood@reifier.adm.monash.edu.au' type='groupchat' time='1267499842806'><image xmlns='monash:metl'><tag>{&quot;author&quot;:&quot;eastwood&quot;,&quot;privacy&quot;:&quot;public&quot;,&quot;id&quot;:&quot;eastwood:2/03/2010 2:19:07 PM:1&quot;,&quot;isBackground&quot;:false,&quot;zIndex&quot;:0}</tag><source>/Resource/642419/background65.jpg</source><width>NaN</width><height>NaN</height><x>0</x><y>27</y><author>eastwood</author><target>presentationSpace</target><privacy>public</privacy><slide>642419</slide><identity>eastwood:2/03/2010 2:19:07 PM:1</identity></image></message><message xml:lang='en' to='642419@conference.reifier.adm.monash.edu.au' from='eastwood@reifier.adm.monash.edu.au' type='groupchat' time='1267499842815'><image xmlns='monash:metl'><tag>{&quot;author&quot;:&quot;eastwood&quot;,&quot;privacy&quot;:&quot;public&quot;,&quot;id&quot;:&quot;eastwood:2/03/2010 2:19:07 PM:2&quot;,&quot;isBackground&quot;:false,&quot;zIndex&quot;:0}</tag><source>/Resource/642419/background66.jpg</source><width>NaN</width><height>NaN</height><x>192</x><y>444</y><author>eastwood</author><target>presentationSpace</target><privacy>public</privacy><slide>642419</slide><identity>eastwood:2/03/2010 2:19:07 PM:2</identity></image></message><message xml:lang='en' to='642419@conference.reifier.adm.monash.edu.au' from='eastwood@reifier.adm.monash.edu.au' type='groupchat' time='1267499842836'><image xmlns='monash:metl'><tag>{&quot;author&quot;:&quot;eastwood&quot;,&quot;privacy&quot;:&quot;public&quot;,&quot;id&quot;:&quot;eastwood:2/03/2010 2:19:07 PM:3&quot;,&quot;isBackground&quot;:false,&quot;zIndex&quot;:0}</tag><source>/Resource/642419/background67.jpg</source><width>NaN</width><height>NaN</height><x>108</x><y>294</y><author>eastwood</author><target>presentationSpace</target><privacy>public</privacy><slide>642419</slide><identity>eastwood:2/03/2010 2:19:07 PM:3</identity></image></message><message xml:lang='en' to='642419@conference.reifier.adm.monash.edu.au' from='eastwood@reifier.adm.monash.edu.au' type='groupchat' time='1267499842844'><image xmlns='monash:metl'><tag>{&quot;author&quot;:&quot;eastwood&quot;,&quot;privacy&quot;:&quot;public&quot;,&quot;id&quot;:&quot;eastwood:2/03/2010 2:19:07 PM:4&quot;,&quot;isBackground&quot;:false,&quot;zIndex&quot;:0}</tag><source>/Resource/642419/background68.jpg</source><width>NaN</width><height>NaN</height><x>222</x><y>414</y><author>eastwood</author><target>presentationSpace</target><privacy>public</privacy><slide>642419</slide><identity>eastwood:2/03/2010 2:19:07 PM:4</identity></image></message><message xml:lang='en' to='642419@conference.reifier.adm.monash.edu.au' from='eastwood@reifier.adm.monash.edu.au' type='groupchat' time='1267499842852'><image xmlns='monash:metl'><tag>{&quot;author&quot;:&quot;eastwood&quot;,&quot;privacy&quot;:&quot;public&quot;,&quot;id&quot;:&quot;eastwood:2/03/2010 2:19:07 PM:5&quot;,&quot;isBackground&quot;:false,&quot;zIndex&quot;:0}</tag><source>/Resource/642419/background69.jpg</source><width>NaN</width><height>NaN</height><x>174</x><y>354</y><author>eastwood</author><target>presentationSpace</target><privacy>public</privacy><slide>642419</slide><identity>eastwood:2/03/2010 2:19:07 PM:5</identity></image></message><message xml:lang='en' to='642419@conference.reifier.adm.monash.edu.au' from='eastwood@reifier.adm.monash.edu.au' type='groupchat' time='1267499842860'><image xmlns='monash:metl'><tag>{&quot;author&quot;:&quot;eastwood&quot;,&quot;privacy&quot;:&quot;public&quot;,&quot;id&quot;:&quot;eastwood:2/03/2010 2:19:07 PM:6&quot;,&quot;isBackground&quot;:false,&quot;zIndex&quot;:0}</tag><source>/Resource/642419/background70.jpg</source><width>NaN</width><height>NaN</height><x>198</x><y>324</y><author>eastwood</author><target>presentationSpace</target><privacy>public</privacy><slide>642419</slide><identity>eastwood:2/03/2010 2:19:07 PM:6</identity></image></message><message xml:lang='en' to='642419@conference.reifier.adm.monash.edu.au' from='eastwood@reifier.adm.monash.edu.au' type='groupchat' time='1267499842868'><image xmlns='monash:metl'><tag>{&quot;author&quot;:&quot;eastwood&quot;,&quot;privacy&quot;:&quot;public&quot;,&quot;id&quot;:&quot;eastwood:2/03/2010 2:19:07 PM:7&quot;,&quot;isBackground&quot;:false,&quot;zIndex&quot;:0}</tag><source>/Resource/642419/background71.jpg</source><width>NaN</width><height>NaN</height><x>258</x><y>234</y><author>eastwood</author><target>presentationSpace</target><privacy>public</privacy><slide>642419</slide><identity>eastwood:2/03/2010 2:19:07 PM:7</identity></image></message><message xml:lang='en' to='642419@conference.reifier.adm.monash.edu.au' from='eastwood@reifier.adm.monash.edu.au' type='groupchat' time='1267499842876'><image xmlns='monash:metl'><tag>{&quot;author&quot;:&quot;eastwood&quot;,&quot;privacy&quot;:&quot;public&quot;,&quot;id&quot;:&quot;eastwood:2/03/2010 2:19:07 PM:8&quot;,&quot;isBackground&quot;:false,&quot;zIndex&quot;:0}</tag><source>/Resource/642419/background72.jpg</source><width>NaN</width><height>NaN</height><x>246</x><y>204</y><author>eastwood</author><target>presentationSpace</target><privacy>public</privacy><slide>642419</slide><identity>eastwood:2/03/2010 2:19:07 PM:8</identity></image></message><message xml:lang='en' to='642419@conference.reifier.adm.monash.edu.au' from='eastwood@reifier.adm.monash.edu.au' type='groupchat' time='1267499842884'><image xmlns='monash:metl'><tag>{&quot;author&quot;:&quot;eastwood&quot;,&quot;privacy&quot;:&quot;public&quot;,&quot;id&quot;:&quot;eastwood:2/03/2010 2:19:07 PM:9&quot;,&quot;isBackground&quot;:false,&quot;zIndex&quot;:0}</tag><source>/Resource/642419/background73.jpg</source><width>NaN</width><height>NaN</height><x>282</x><y>174</y><author>eastwood</author><target>presentationSpace</target><privacy>public</privacy><slide>642419</slide><identity>eastwood:2/03/2010 2:19:07 PM:9</identity></image></message><message xml:lang='en' to='642419@conference.reifier.adm.monash.edu.au' from='eastwood@reifier.adm.monash.edu.au' type='groupchat' time='1267499842892'><image xmlns='monash:metl'><tag>{&quot;author&quot;:&quot;eastwood&quot;,&quot;privacy&quot;:&quot;public&quot;,&quot;id&quot;:&quot;eastwood:2/03/2010 2:19:07 PM:10&quot;,&quot;isBackground&quot;:false,&quot;zIndex&quot;:0}</tag><source>/Resource/642419/background74.jpg</source><width>NaN</width><height>NaN</height><x>318</x><y>150</y><author>eastwood</author><target>presentationSpace</target><privacy>public</privacy><slide>642419</slide><identity>eastwood:2/03/2010 2:19:07 PM:10</identity></image></message><message xml:lang='en' to='642419@conference.reifier.adm.monash.edu.au' from='eastwood@reifier.adm.monash.edu.au' type='groupchat' time='1267499842900'><image xmlns='monash:metl'><tag>{&quot;author&quot;:&quot;eastwood&quot;,&quot;privacy&quot;:&quot;public&quot;,&quot;id&quot;:&quot;eastwood:2/03/2010 2:19:07 PM:11&quot;,&quot;isBackground&quot;:false,&quot;zIndex&quot;:0}</tag><source>/Resource/642419/background75.jpg</source><width>NaN</width><height>NaN</height><x>246</x><y>384</y><author>eastwood</author><target>presentationSpace</target><privacy>public</privacy><slide>642419</slide><identity>eastwood:2/03/2010 2:19:07 PM:11</identity></image></message><message xml:lang='en' to='642419@conference.reifier.adm.monash.edu.au' from='eastwood@reifier.adm.monash.edu.au' type='groupchat' time='1267499842908'><image xmlns='monash:metl'><tag>{&quot;author&quot;:&quot;eastwood&quot;,&quot;privacy&quot;:&quot;public&quot;,&quot;id&quot;:&quot;eastwood:2/03/2010 2:19:07 PM:12&quot;,&quot;isBackground&quot;:false,&quot;zIndex&quot;:0}</tag><source>/Resource/642419/background76.jpg</source><width>NaN</width><height>NaN</height><x>192</x><y>264</y><author>eastwood</author><target>presentationSpace</target><privacy>public</privacy><slide>642419</slide><identity>eastwood:2/03/2010 2:19:07 PM:12</identity></image></message><message xml:lang='en' to='642419@conference.reifier.adm.monash.edu.au' from='eastwood@reifier.adm.monash.edu.au' type='groupchat' time='1267499842916'><image xmlns='monash:metl'><tag>{&quot;author&quot;:&quot;eastwood&quot;,&quot;privacy&quot;:&quot;public&quot;,&quot;id&quot;:&quot;eastwood:2/03/2010 2:19:07 PM:13&quot;,&quot;isBackground&quot;:false,&quot;zIndex&quot;:0}</tag><source>/Resource/642419/background77.jpg</source><width>NaN</width><height>NaN</height><x>0</x><y>156</y><author>eastwood</author><target>presentationSpace</target><privacy>public</privacy><slide>642419</slide><identity>eastwood:2/03/2010 2:19:07 PM:13</identity></image></message>