<conversation><title>thought demo 3</title><author>sajames</author><created>16/06/2010 2:53:42 PM</created><tag>unTagged</tag><subject>sajames</subject><jid>53600</jid><permissions><studentCanPublish>false</studentCanPublish><studentCanOpenFriends>false</studentCanOpenFriends><usersAreCompulsorilySynced>true</usersAreCompulsorilySynced></permissions><slide><author>sajames</author><id>53601</id><index>0</index><exposed>False</exposed><type>SLIDE</type></slide><slide><author>sajames</author><id>53603</id><index>1</index><exposed>False</exposed><type>THOUGHT</type></slide><slide><author>sajames</author><id>53602</id><index>2</index><exposed>False</exposed><type>THOUGHT</type></slide></conversation>