<conversation><title>kkkkkkkkkkkkkkk</title><author>sajames</author><created>22/10/2010 1:09:40 PM</created><lastAccessed>22/10/2010 12:58:28 PM</lastAccessed><tag>unTagged</tag><subject>Deleted</subject><jid>110200</jid><permissions><studentCanPublish>false</studentCanPublish><studentCanOpenFriends>false</studentCanOpenFriends><usersAreCompulsorilySynced>true</usersAreCompulsorilySynced></permissions><slide><author>sajames</author><id>110201</id><index>0</index><defaultHeight>540</defaultHeight><defaultWidth>720</defaultWidth><exposed>False</exposed><type>SLIDE</type></slide></conversation>