<conversation><title>A new conversation</title><author>sajames</author><created>24/02/2010 3:50:45 PM</created><tag></tag><subject>Office of the Deputy Vice-Chancellor (Education)</subject><jid>619400</jid><permissions><studentCanPublish>false</studentCanPublish><studentCanOpenFriends>false</studentCanOpenFriends><usersAreCompulsorilySynced>true</usersAreCompulsorilySynced></permissions><slide><author>sajames</author><id>619401</id><index>0</index><type>SLIDE</type></slide><slide><author>sajames</author><id>619402</id><index>1</index><type>SLIDE</type></slide><slide><author>sajames</author><id>619403</id><index>2</index><type>SLIDE</type></slide><slide><author>sajames</author><id>619404</id><index>3</index><type>SLIDE</type></slide></conversation>