<conversation><title>hsc1081 2010 week 8 lecture</title><author>jmccorm</author><created>27/04/2010 12:59:36 PM</created><tag></tag><subject>Unrestricted</subject><jid>934400</jid><permissions><studentCanPublish>false</studentCanPublish><studentCanOpenFriends>false</studentCanOpenFriends><usersAreCompulsorilySynced>true</usersAreCompulsorilySynced></permissions><slide><author>jmccorm</author><id>934401</id><index>0</index><type>SLIDE</type></slide><slide><author>jmccorm</author><id>934402</id><index>1</index><type>SLIDE</type></slide><slide><author>jmccorm</author><id>934403</id><index>2</index><type>SLIDE</type></slide><slide><author>jmccorm</author><id>934404</id><index>3</index><type>SLIDE</type></slide><slide><author>jmccorm</author><id>934405</id><index>4</index><type>SLIDE</type></slide><slide><author>jmccorm</author><id>934406</id><index>5</index><type>SLIDE</type></slide><slide><author>jmccorm</author><id>934407</id><index>6</index><type>SLIDE</type></slide><slide><author>jmccorm</author><id>934408</id><index>7</index><type>SLIDE</type></slide><slide><author>jmccorm</author><id>934409</id><index>8</index><type>SLIDE</type></slide><slide><author>jmccorm</author><id>934410</id><index>9</index><type>SLIDE</type></slide><slide><author>jmccorm</author><id>934411</id><index>10</index><type>SLIDE</type></slide><slide><author>jmccorm</author><id>934412</id><index>11</index><type>SLIDE</type></slide><slide><author>jmccorm</author><id>934413</id><index>12</index><type>SLIDE</type></slide><slide><author>jmccorm</author><id>934414</id><index>13</index><type>SLIDE</type></slide><slide><author>jmccorm</author><id>934415</id><index>14</index><type>SLIDE</type></slide><slide><author>jmccorm</author><id>934416</id><index>15</index><type>SLIDE</type></slide><slide><author>jmccorm</author><id>934417</id><index>16</index><type>SLIDE</type></slide><slide><author>jmccorm</author><id>934418</id><index>17</index><type>SLIDE</type></slide><slide><author>jmccorm</author><id>934419</id><index>18</index><type>SLIDE</type></slide><slide><author>jmccorm</author><id>934420</id><index>19</index><type>SLIDE</type></slide><slide><author>jmccorm</author><id>934421</id><index>20</index><type>SLIDE</type></slide><slide><author>jmccorm</author><id>934422</id><index>21</index><type>SLIDE</type></slide><slide><author>jmccorm</author><id>934423</id><index>22</index><type>SLIDE</type></slide><slide><author>jmccorm</author><id>934424</id><index>23</index><type>SLIDE</type></slide><slide><author>jmccorm</author><id>934425</id><index>24</index><type>SLIDE</type></slide><slide><author>jmccorm</author><id>934426</id><index>25</index><type>SLIDE</type></slide><slide><author>jmccorm</author><id>934427</id><index>26</index><type>SLIDE</type></slide><slide><author>jmccorm</author><id>934428</id><index>27</index><type>SLIDE</type></slide><slide><author>jmccorm</author><id>934429</id><index>28</index><type>SLIDE</type></slide><slide><author>jmccorm</author><id>934430</id><index>29</index><type>SLIDE</type></slide><slide><author>jmccorm</author><id>934431</id><index>30</index><type>SLIDE</type></slide><slide><author>jmccorm</author><id>934432</id><index>31</index><type>SLIDE</type></slide></conversation>