<conversation><title>Karen fix 3 - Attempted failure</title><author>bhughes</author><created>26/07/2010 12:28:36 PM</created><tag></tag><subject>Unrestricted</subject><jid>1121400</jid><permissions><studentCanPublish>false</studentCanPublish><studentCanOpenFriends>false</studentCanOpenFriends><usersAreCompulsorilySynced>true</usersAreCompulsorilySynced></permissions><slide><author>bhughes</author><id>1121401</id><index>0</index><type>SLIDE</type></slide><slide><author>bhughes</author><id>1121402</id><index>1</index><type>SLIDE</type></slide><slide><author>bhughes</author><id>1121403</id><index>2</index><type>SLIDE</type></slide><slide><author>bhughes</author><id>1121404</id><index>3</index><type>SLIDE</type></slide><slide><author>bhughes</author><id>1121405</id><index>4</index><type>SLIDE</type></slide><slide><author>bhughes</author><id>1121406</id><index>5</index><type>SLIDE</type></slide><slide><author>bhughes</author><id>1121407</id><index>6</index><type>SLIDE</type></slide><slide><author>bhughes</author><id>1121408</id><index>7</index><type>SLIDE</type></slide><slide><author>bhughes</author><id>1121409</id><index>8</index><type>SLIDE</type></slide><slide><author>bhughes</author><id>1121410</id><index>9</index><type>SLIDE</type></slide><slide><author>bhughes</author><id>1121411</id><index>10</index><type>SLIDE</type></slide><slide><author>bhughes</author><id>1121412</id><index>11</index><type>SLIDE</type></slide><slide><author>bhughes</author><id>1121413</id><index>12</index><type>SLIDE</type></slide><slide><author>bhughes</author><id>1121414</id><index>13</index><type>SLIDE</type></slide><slide><author>bhughes</author><id>1121415</id><index>14</index><type>SLIDE</type></slide><slide><author>bhughes</author><id>1121416</id><index>15</index><type>SLIDE</type></slide><slide><author>bhughes</author><id>1121417</id><index>16</index><type>SLIDE</type></slide><slide><author>bhughes</author><id>1121418</id><index>17</index><type>SLIDE</type></slide><slide><author>bhughes</author><id>1121419</id><index>18</index><type>SLIDE</type></slide><slide><author>bhughes</author><id>1121420</id><index>19</index><type>SLIDE</type></slide><slide><author>bhughes</author><id>1121421</id><index>20</index><type>SLIDE</type></slide><slide><author>bhughes</author><id>1121422</id><index>21</index><type>SLIDE</type></slide><slide><author>bhughes</author><id>1121423</id><index>22</index><type>SLIDE</type></slide><slide><author>bhughes</author><id>1121424</id><index>23</index><type>SLIDE</type></slide><slide><author>bhughes</author><id>1121425</id><index>24</index><type>SLIDE</type></slide><slide><author>bhughes</author><id>1121426</id><index>25</index><type>SLIDE</type></slide><slide><author>bhughes</author><id>1121427</id><index>26</index><type>SLIDE</type></slide><slide><author>bhughes</author><id>1121428</id><index>27</index><type>SLIDE</type></slide><slide><author>bhughes</author><id>1121429</id><index>28</index><type>SLIDE</type></slide><slide><author>bhughes</author><id>1121430</id><index>29</index><type>SLIDE</type></slide><slide><author>bhughes</author><id>1121431</id><index>30</index><type>SLIDE</type></slide><slide><author>bhughes</author><id>1121432</id><index>31</index><type>SLIDE</type></slide><slide><author>bhughes</author><id>1121433</id><index>32</index><type>SLIDE</type></slide><slide><author>bhughes</author><id>1121434</id><index>33</index><type>SLIDE</type></slide><slide><author>bhughes</author><id>1121435</id><index>34</index><type>SLIDE</type></slide></conversation>