<conversation><title>eec team 11 feb</title><author>nate</author><created>11/02/2010 9:00:28 AM</created><tag>eec</tag><subject>Staff</subject><jid>531400</jid><permissions><studentCanPublish>true</studentCanPublish><studentCanOpenFriends>true</studentCanOpenFriends><usersAreCompulsorilySynced>false</usersAreCompulsorilySynced></permissions><slide><author>nate</author><id>531401</id><index>0</index><type>SLIDE</type></slide><slide><author>nate</author><id>531402</id><index>1</index><type>SLIDE</type></slide><slide><author>nate</author><id>531403</id><index>2</index><type>SLIDE</type></slide><slide><author>nate</author><id>531404</id><index>3</index><type>SLIDE</type></slide><slide><author>nate</author><id>531405</id><index>4</index><type>SLIDE</type></slide><slide><author>nate</author><id>531406</id><index>5</index><type>SLIDE</type></slide><slide><author>nate</author><id>531407</id><index>6</index><type>SLIDE</type></slide><slide><author>nate</author><id>531408</id><index>7</index><type>SLIDE</type></slide><slide><author>nate</author><id>531409</id><index>8</index><type>SLIDE</type></slide></conversation>