<conversation><title>ppt 1</title><author>sajames</author><created>21/05/2010 4:18:34 PM</created><tag>unTagged</tag><subject>sajames</subject><jid>36800</jid><permissions><studentCanPublish>true</studentCanPublish><studentCanOpenFriends>true</studentCanOpenFriends><usersAreCompulsorilySynced>true</usersAreCompulsorilySynced></permissions><slide><author>sajames</author><id>36801</id><index>0</index><type>SLIDE</type></slide><slide><author>sajames</author><id>36802</id><index>1</index><type>SLIDE</type></slide></conversation>