<conversation><title>normal res</title><author>chagan</author><created>11/06/2010 2:52:06 PM</created><tag>unTagged</tag><subject>chagan</subject><jid>50200</jid><permissions><studentCanPublish>false</studentCanPublish><studentCanOpenFriends>false</studentCanOpenFriends><usersAreCompulsorilySynced>true</usersAreCompulsorilySynced></permissions><slide><author>chagan</author><id>50201</id><index>0</index><exposed>False</exposed><type>SLIDE</type></slide><slide><author>chagan</author><id>50202</id><index>1</index><exposed>False</exposed><type>SLIDE</type></slide><slide><author>chagan</author><id>50203</id><index>2</index><exposed>False</exposed><type>SLIDE</type></slide><slide><author>chagan</author><id>50204</id><index>3</index><exposed>False</exposed><type>SLIDE</type></slide><slide><author>chagan</author><id>50205</id><index>4</index><exposed>False</exposed><type>SLIDE</type></slide><slide><author>chagan</author><id>50206</id><index>5</index><exposed>False</exposed><type>SLIDE</type></slide><slide><author>chagan</author><id>50207</id><index>6</index><exposed>False</exposed><type>SLIDE</type></slide><slide><author>chagan</author><id>50208</id><index>7</index><exposed>False</exposed><type>SLIDE</type></slide><slide><author>chagan</author><id>50209</id><index>8</index><exposed>False</exposed><type>SLIDE</type></slide><slide><author>chagan</author><id>50210</id><index>9</index><exposed>False</exposed><type>SLIDE</type></slide><slide><author>chagan</author><id>50211</id><index>10</index><exposed>False</exposed><type>SLIDE</type></slide><slide><author>chagan</author><id>50212</id><index>11</index><exposed>False</exposed><type>SLIDE</type></slide><slide><author>chagan</author><id>50213</id><index>12</index><exposed>False</exposed><type>SLIDE</type></slide><slide><author>chagan</author><id>50214</id><index>13</index><exposed>False</exposed><type>SLIDE</type></slide><slide><author>chagan</author><id>50215</id><index>14</index><exposed>False</exposed><type>SLIDE</type></slide><slide><author>chagan</author><id>50216</id><index>15</index><exposed>False</exposed><type>SLIDE</type></slide><slide><author>chagan</author><id>50217</id><index>16</index><exposed>False</exposed><type>SLIDE</type></slide><slide><author>chagan</author><id>50218</id><index>17</index><exposed>False</exposed><type>SLIDE</type></slide><slide><author>chagan</author><id>50219</id><index>18</index><exposed>False</exposed><type>SLIDE</type></slide><slide><author>chagan</author><id>50220</id><index>19</index><exposed>False</exposed><type>SLIDE</type></slide><slide><author>chagan</author><id>50221</id><index>20</index><exposed>False</exposed><type>SLIDE</type></slide><slide><author>chagan</author><id>50222</id><index>21</index><exposed>False</exposed><type>SLIDE</type></slide><slide><author>chagan</author><id>50223</id><index>22</index><exposed>False</exposed><type>SLIDE</type></slide><slide><author>chagan</author><id>50224</id><index>23</index><exposed>False</exposed><type>SLIDE</type></slide><slide><author>chagan</author><id>50225</id><index>24</index><exposed>False</exposed><type>SLIDE</type></slide><slide><author>chagan</author><id>50226</id><index>25</index><exposed>False</exposed><type>SLIDE</type></slide><slide><author>chagan</author><id>50227</id><index>26</index><exposed>False</exposed><type>SLIDE</type></slide><slide><author>chagan</author><id>50228</id><index>27</index><exposed>False</exposed><type>SLIDE</type></slide><slide><author>chagan</author><id>50229</id><index>28</index><exposed>False</exposed><type>SLIDE</type></slide><slide><author>chagan</author><id>50230</id><index>29</index><exposed>False</exposed><type>SLIDE</type></slide><slide><author>chagan</author><id>50231</id><index>30</index><exposed>False</exposed><type>SLIDE</type></slide><slide><author>chagan</author><id>50232</id><index>31</index><exposed>False</exposed><type>SLIDE</type></slide><slide><author>chagan</author><id>50233</id><index>32</index><exposed>False</exposed><type>SLIDE</type></slide><slide><author>chagan</author><id>50234</id><index>33</index><exposed>False</exposed><type>SLIDE</type></slide><slide><author>chagan</author><id>50235</id><index>34</index><exposed>False</exposed><type>SLIDE</type></slide><slide><author>chagan</author><id>50236</id><index>35</index><exposed>False</exposed><type>SLIDE</type></slide><slide><author>chagan</author><id>50237</id><index>36</index><exposed>False</exposed><type>SLIDE</type></slide></conversation>