<conversation><title>in about 10 seconds</title><author>bhughes</author><created>16/09/2010 11:24:51 AM</created><tag>unTagged</tag><subject>Unrestricted</subject><jid>99600</jid><permissions><studentCanPublish>false</studentCanPublish><studentCanOpenFriends>false</studentCanOpenFriends><usersAreCompulsorilySynced>true</usersAreCompulsorilySynced></permissions><slide><author>bhughes</author><id>99601</id><index>0</index><defaultHeight>540</defaultHeight><defaultWidth>720</defaultWidth><exposed>False</exposed><type>SLIDE</type></slide></conversation>