<conversation><title>powerpointImportTestBigFile</title><author>hagand</author><created>16/07/2010 4:05:20 PM</created><tag></tag><subject>Unrestricted</subject><jid>81400</jid><permissions><studentCanPublish>false</studentCanPublish><studentCanOpenFriends>false</studentCanOpenFriends><usersAreCompulsorilySynced>true</usersAreCompulsorilySynced></permissions><slide><author>hagand</author><id>81401</id><index>0</index><type>SLIDE</type></slide><slide><author>hagand</author><id>81402</id><index>1</index><type>SLIDE</type></slide><slide><author>hagand</author><id>81403</id><index>2</index><type>SLIDE</type></slide><slide><author>hagand</author><id>81404</id><index>3</index><type>SLIDE</type></slide><slide><author>hagand</author><id>81405</id><index>4</index><type>SLIDE</type></slide><slide><author>hagand</author><id>81406</id><index>5</index><type>SLIDE</type></slide><slide><author>hagand</author><id>81407</id><index>6</index><type>SLIDE</type></slide><slide><author>hagand</author><id>81408</id><index>7</index><type>SLIDE</type></slide><slide><author>hagand</author><id>81409</id><index>8</index><type>SLIDE</type></slide><slide><author>hagand</author><id>81410</id><index>9</index><type>SLIDE</type></slide><slide><author>hagand</author><id>81411</id><index>10</index><type>SLIDE</type></slide><slide><author>hagand</author><id>81412</id><index>11</index><type>SLIDE</type></slide><slide><author>hagand</author><id>81413</id><index>12</index><type>SLIDE</type></slide><slide><author>hagand</author><id>81414</id><index>13</index><type>SLIDE</type></slide><slide><author>hagand</author><id>81415</id><index>14</index><type>SLIDE</type></slide><slide><author>hagand</author><id>81416</id><index>15</index><type>SLIDE</type></slide><slide><author>hagand</author><id>81417</id><index>16</index><type>SLIDE</type></slide><slide><author>hagand</author><id>81418</id><index>17</index><type>SLIDE</type></slide><slide><author>hagand</author><id>81419</id><index>18</index><type>SLIDE</type></slide><slide><author>hagand</author><id>81420</id><index>19</index><type>SLIDE</type></slide><slide><author>hagand</author><id>81421</id><index>20</index><type>SLIDE</type></slide><slide><author>hagand</author><id>81422</id><index>21</index><type>SLIDE</type></slide><slide><author>hagand</author><id>81423</id><index>22</index><type>SLIDE</type></slide><slide><author>hagand</author><id>81424</id><index>23</index><type>SLIDE</type></slide><slide><author>hagand</author><id>81425</id><index>24</index><type>SLIDE</type></slide><slide><author>hagand</author><id>81426</id><index>25</index><type>SLIDE</type></slide><slide><author>hagand</author><id>81427</id><index>26</index><type>SLIDE</type></slide><slide><author>hagand</author><id>81428</id><index>27</index><type>SLIDE</type></slide><slide><author>hagand</author><id>81429</id><index>28</index><type>SLIDE</type></slide><slide><author>hagand</author><id>81430</id><index>29</index><type>SLIDE</type></slide><slide><author>hagand</author><id>81431</id><index>30</index><type>SLIDE</type></slide><slide><author>hagand</author><id>81432</id><index>31</index><type>SLIDE</type></slide><slide><author>hagand</author><id>81433</id><index>32</index><type>SLIDE</type></slide><slide><author>hagand</author><id>81434</id><index>33</index><type>SLIDE</type></slide><slide><author>hagand</author><id>81435</id><index>34</index><type>SLIDE</type></slide><slide><author>hagand</author><id>81436</id><index>35</index><type>SLIDE</type></slide><slide><author>hagand</author><id>81437</id><index>36</index><type>SLIDE</type></slide><slide><author>hagand</author><id>81438</id><index>37</index><type>SLIDE</type></slide><slide><author>hagand</author><id>81439</id><index>38</index><type>SLIDE</type></slide><slide><author>hagand</author><id>81440</id><index>39</index><type>SLIDE</type></slide><slide><author>hagand</author><id>81441</id><index>40</index><type>SLIDE</type></slide><slide><author>hagand</author><id>81442</id><index>41</index><type>SLIDE</type></slide><slide><author>hagand</author><id>81443</id><index>42</index><type>SLIDE</type></slide><slide><author>hagand</author><id>81444</id><index>43</index><type>SLIDE</type></slide><slide><author>hagand</author><id>81445</id><index>44</index><type>SLIDE</type></slide><slide><author>hagand</author><id>81446</id><index>45</index><type>SLIDE</type></slide><slide><author>hagand</author><id>81447</id><index>46</index><type>SLIDE</type></slide><slide><author>hagand</author><id>81448</id><index>47</index><type>SLIDE</type></slide><slide><author>hagand</author><id>81449</id><index>48</index><type>SLIDE</type></slide><slide><author>hagand</author><id>81450</id><index>49</index><type>SLIDE</type></slide><slide><author>hagand</author><id>81451</id><index>50</index><type>SLIDE</type></slide><slide><author>hagand</author><id>81452</id><index>51</index><type>SLIDE</type></slide><slide><author>hagand</author><id>81453</id><index>52</index><type>SLIDE</type></slide><slide><author>hagand</author><id>81454</id><index>53</index><type>SLIDE</type></slide><slide><author>hagand</author><id>81455</id><index>54</index><type>SLIDE</type></slide><slide><author>hagand</author><id>81456</id><index>55</index><type>SLIDE</type></slide><slide><author>hagand</author><id>81457</id><index>56</index><type>SLIDE</type></slide><slide><author>hagand</author><id>81458</id><index>57</index><type>SLIDE</type></slide><slide><author>hagand</author><id>81459</id><index>58</index><type>SLIDE</type></slide><slide><author>hagand</author><id>81460</id><index>59</index><type>SLIDE</type></slide><slide><author>hagand</author><id>81461</id><index>60</index><type>SLIDE</type></slide><slide><author>hagand</author><id>81462</id><index>61</index><type>SLIDE</type></slide><slide><author>hagand</author><id>81463</id><index>62</index><type>SLIDE</type></slide><slide><author>hagand</author><id>81464</id><index>63</index><type>SLIDE</type></slide><slide><author>hagand</author><id>81465</id><index>64</index><type>SLIDE</type></slide><slide><author>hagand</author><id>81466</id><index>65</index><type>SLIDE</type></slide><slide><author>hagand</author><id>81467</id><index>66</index><type>SLIDE</type></slide><slide><author>hagand</author><id>81468</id><index>67</index><type>SLIDE</type></slide><slide><author>hagand</author><id>81469</id><index>68</index><type>SLIDE</type></slide><slide><author>hagand</author><id>81470</id><index>69</index><type>SLIDE</type></slide><slide><author>hagand</author><id>81471</id><index>70</index><type>SLIDE</type></slide><slide><author>hagand</author><id>81472</id><index>71</index><type>SLIDE</type></slide><slide><author>hagand</author><id>81473</id><index>72</index><type>SLIDE</type></slide><slide><author>hagand</author><id>81474</id><index>73</index><type>SLIDE</type></slide><slide><author>hagand</author><id>81475</id><index>74</index><type>SLIDE</type></slide><slide><author>hagand</author><id>81476</id><index>75</index><type>SLIDE</type></slide><slide><author>hagand</author><id>81477</id><index>76</index><type>SLIDE</type></slide><slide><author>hagand</author><id>81478</id><index>77</index><type>SLIDE</type></slide><slide><author>hagand</author><id>81479</id><index>78</index><type>SLIDE</type></slide><slide><author>hagand</author><id>81480</id><index>79</index><type>SLIDE</type></slide><slide><author>hagand</author><id>81481</id><index>80</index><type>SLIDE</type></slide><slide><author>hagand</author><id>81482</id><index>81</index><type>SLIDE</type></slide><slide><author>hagand</author><id>81483</id><index>82</index><type>SLIDE</type></slide><slide><author>hagand</author><id>81484</id><index>83</index><type>SLIDE</type></slide><slide><author>hagand</author><id>81485</id><index>84</index><type>SLIDE</type></slide><slide><author>hagand</author><id>81486</id><index>85</index><type>SLIDE</type></slide><slide><author>hagand</author><id>81487</id><index>86</index><type>SLIDE</type></slide><slide><author>hagand</author><id>81488</id><index>87</index><type>SLIDE</type></slide><slide><author>hagand</author><id>81489</id><index>88</index><type>SLIDE</type></slide><slide><author>hagand</author><id>81490</id><index>89</index><type>SLIDE</type></slide><slide><author>hagand</author><id>81491</id><index>90</index><type>SLIDE</type></slide><slide><author>hagand</author><id>81492</id><index>91</index><type>SLIDE</type></slide><slide><author>hagand</author><id>81493</id><index>92</index><type>SLIDE</type></slide><slide><author>hagand</author><id>81494</id><index>93</index><type>SLIDE</type></slide><slide><author>hagand</author><id>81495</id><index>94</index><type>SLIDE</type></slide><slide><author>hagand</author><id>81496</id><index>95</index><type>SLIDE</type></slide><slide><author>hagand</author><id>81497</id><index>96</index><type>SLIDE</type></slide><slide><author>hagand</author><id>81498</id><index>97</index><type>SLIDE</type></slide><slide><author>hagand</author><id>81499</id><index>98</index><type>SLIDE</type></slide><slide><author>hagand</author><id>81500</id><index>99</index><type>SLIDE</type></slide><slide><author>hagand</author><id>81501</id><index>100</index><type>SLIDE</type></slide><slide><author>hagand</author><id>81502</id><index>101</index><type>SLIDE</type></slide><slide><author>hagand</author><id>81503</id><index>102</index><type>SLIDE</type></slide><slide><author>hagand</author><id>81504</id><index>103</index><type>SLIDE</type></slide><slide><author>hagand</author><id>81505</id><index>104</index><type>SLIDE</type></slide><slide><author>hagand</author><id>81506</id><index>105</index><type>SLIDE</type></slide><slide><author>hagand</author><id>81507</id><index>106</index><type>SLIDE</type></slide><slide><author>hagand</author><id>81508</id><index>107</index><type>SLIDE</type></slide><slide><author>hagand</author><id>81509</id><index>108</index><type>SLIDE</type></slide><slide><author>hagand</author><id>81510</id><index>109</index><type>SLIDE</type></slide><slide><author>hagand</author><id>81511</id><index>110</index><type>SLIDE</type></slide><slide><author>hagand</author><id>81512</id><index>111</index><type>SLIDE</type></slide><slide><author>hagand</author><id>81513</id><index>112</index><type>SLIDE</type></slide><slide><author>hagand</author><id>81514</id><index>113</index><type>SLIDE</type></slide><slide><author>hagand</author><id>81515</id><index>114</index><type>SLIDE</type></slide><slide><author>hagand</author><id>81516</id><index>115</index><type>SLIDE</type></slide><slide><author>hagand</author><id>81517</id><index>116</index><type>SLIDE</type></slide><slide><author>hagand</author><id>81518</id><index>117</index><type>SLIDE</type></slide><slide><author>hagand</author><id>81519</id><index>118</index><type>SLIDE</type></slide><slide><author>hagand</author><id>81520</id><index>119</index><type>SLIDE</type></slide><slide><author>hagand</author><id>81521</id><index>120</index><type>SLIDE</type></slide><slide><author>hagand</author><id>81522</id><index>121</index><type>SLIDE</type></slide><slide><author>hagand</author><id>81523</id><index>122</index><type>SLIDE</type></slide><slide><author>hagand</author><id>81524</id><index>123</index><type>SLIDE</type></slide><slide><author>hagand</author><id>81525</id><index>124</index><type>SLIDE</type></slide><slide><author>hagand</author><id>81526</id><index>125</index><type>SLIDE</type></slide><slide><author>hagand</author><id>81527</id><index>126</index><type>SLIDE</type></slide><slide><author>hagand</author><id>81528</id><index>127</index><type>SLIDE</type></slide><slide><author>hagand</author><id>81529</id><index>128</index><type>SLIDE</type></slide><slide><author>hagand</author><id>81530</id><index>129</index><type>SLIDE</type></slide><slide><author>hagand</author><id>81531</id><index>130</index><type>SLIDE</type></slide><slide><author>hagand</author><id>81532</id><index>131</index><type>SLIDE</type></slide><slide><author>hagand</author><id>81533</id><index>132</index><type>SLIDE</type></slide><slide><author>hagand</author><id>81534</id><index>133</index><type>SLIDE</type></slide><slide><author>hagand</author><id>81535</id><index>134</index><type>SLIDE</type></slide><slide><author>hagand</author><id>81536</id><index>135</index><type>SLIDE</type></slide><slide><author>hagand</author><id>81537</id><index>136</index><type>SLIDE</type></slide><slide><author>hagand</author><id>81538</id><index>137</index><type>SLIDE</type></slide><slide><author>hagand</author><id>81539</id><index>138</index><type>SLIDE</type></slide><slide><author>hagand</author><id>81540</id><index>139</index><type>SLIDE</type></slide><slide><author>hagand</author><id>81541</id><index>140</index><type>SLIDE</type></slide><slide><author>hagand</author><id>81542</id><index>141</index><type>SLIDE</type></slide><slide><author>hagand</author><id>81543</id><index>142</index><type>SLIDE</type></slide><slide><author>hagand</author><id>81544</id><index>143</index><type>SLIDE</type></slide><slide><author>hagand</author><id>81545</id><index>144</index><type>SLIDE</type></slide><slide><author>hagand</author><id>81546</id><index>145</index><type>SLIDE</type></slide><slide><author>hagand</author><id>81547</id><index>146</index><type>SLIDE</type></slide><slide><author>hagand</author><id>81548</id><index>147</index><type>SLIDE</type></slide><slide><author>hagand</author><id>81549</id><index>148</index><type>SLIDE</type></slide><slide><author>hagand</author><id>81550</id><index>149</index><type>SLIDE</type></slide><slide><author>hagand</author><id>81551</id><index>150</index><type>SLIDE</type></slide><slide><author>hagand</author><id>81552</id><index>151</index><type>SLIDE</type></slide><slide><author>hagand</author><id>81553</id><index>152</index><type>SLIDE</type></slide><slide><author>hagand</author><id>81554</id><index>153</index><type>SLIDE</type></slide><slide><author>hagand</author><id>81555</id><index>154</index><type>SLIDE</type></slide><slide><author>hagand</author><id>81556</id><index>155</index><type>SLIDE</type></slide><slide><author>hagand</author><id>81557</id><index>156</index><type>SLIDE</type></slide><slide><author>hagand</author><id>81558</id><index>157</index><type>SLIDE</type></slide><slide><author>hagand</author><id>81559</id><index>158</index><type>SLIDE</type></slide><slide><author>hagand</author><id>81560</id><index>159</index><type>SLIDE</type></slide><slide><author>hagand</author><id>81561</id><index>160</index><type>SLIDE</type></slide><slide><author>hagand</author><id>81562</id><index>161</index><type>SLIDE</type></slide><slide><author>hagand</author><id>81563</id><index>162</index><type>SLIDE</type></slide><slide><author>hagand</author><id>81564</id><index>163</index><type>SLIDE</type></slide><slide><author>hagand</author><id>81565</id><index>164</index><type>SLIDE</type></slide><slide><author>hagand</author><id>81566</id><index>165</index><type>SLIDE</type></slide><slide><author>hagand</author><id>81567</id><index>166</index><type>SLIDE</type></slide><slide><author>hagand</author><id>81568</id><index>167</index><type>SLIDE</type></slide><slide><author>hagand</author><id>81569</id><index>168</index><type>SLIDE</type></slide><slide><author>hagand</author><id>81570</id><index>169</index><type>SLIDE</type></slide><slide><author>hagand</author><id>81571</id><index>170</index><type>SLIDE</type></slide><slide><author>hagand</author><id>81572</id><index>171</index><type>SLIDE</type></slide><slide><author>hagand</author><id>81573</id><index>172</index><type>SLIDE</type></slide><slide><author>hagand</author><id>81574</id><index>173</index><type>SLIDE</type></slide><slide><author>hagand</author><id>81575</id><index>174</index><type>SLIDE</type></slide><slide><author>hagand</author><id>81576</id><index>175</index><type>SLIDE</type></slide><slide><author>hagand</author><id>81577</id><index>176</index><type>SLIDE</type></slide><slide><author>hagand</author><id>81578</id><index>177</index><type>SLIDE</type></slide><slide><author>hagand</author><id>81579</id><index>178</index><type>SLIDE</type></slide><slide><author>hagand</author><id>81580</id><index>179</index><type>SLIDE</type></slide><slide><author>hagand</author><id>81581</id><index>180</index><type>SLIDE</type></slide><slide><author>hagand</author><id>81582</id><index>181</index><type>SLIDE</type></slide><slide><author>hagand</author><id>81583</id><index>182</index><type>SLIDE</type></slide><slide><author>hagand</author><id>81584</id><index>183</index><type>SLIDE</type></slide><slide><author>hagand</author><id>81585</id><index>184</index><type>SLIDE</type></slide><slide><author>hagand</author><id>81586</id><index>185</index><type>SLIDE</type></slide><slide><author>hagand</author><id>81587</id><index>186</index><type>SLIDE</type></slide><slide><author>hagand</author><id>81588</id><index>187</index><type>SLIDE</type></slide><slide><author>hagand</author><id>81589</id><index>188</index><type>SLIDE</type></slide><slide><author>hagand</author><id>81590</id><index>189</index><type>SLIDE</type></slide><slide><author>hagand</author><id>81591</id><index>190</index><type>SLIDE</type></slide><slide><author>hagand</author><id>81592</id><index>191</index><type>SLIDE</type></slide><slide><author>hagand</author><id>81593</id><index>192</index><type>SLIDE</type></slide><slide><author>hagand</author><id>81594</id><index>193</index><type>SLIDE</type></slide><slide><author>hagand</author><id>81595</id><index>194</index><type>SLIDE</type></slide><slide><author>hagand</author><id>81596</id><index>195</index><type>SLIDE</type></slide><slide><author>hagand</author><id>81597</id><index>196</index><type>SLIDE</type></slide><slide><author>hagand</author><id>81598</id><index>197</index><type>SLIDE</type></slide><slide><author>hagand</author><id>81599</id><index>198</index><type>SLIDE</type></slide><slide><author>hagand</author><id>81600</id><index>199</index><type>SLIDE</type></slide><slide><author>hagand</author><id>81601</id><index>200</index><type>SLIDE</type></slide><slide><author>hagand</author><id>81602</id><index>201</index><type>SLIDE</type></slide><slide><author>hagand</author><id>81603</id><index>202</index><type>SLIDE</type></slide><slide><author>hagand</author><id>81604</id><index>203</index><type>SLIDE</type></slide><slide><author>hagand</author><id>81605</id><index>204</index><type>SLIDE</type></slide><slide><author>hagand</author><id>81606</id><index>205</index><type>SLIDE</type></slide><slide><author>hagand</author><id>81607</id><index>206</index><type>SLIDE</type></slide><slide><author>hagand</author><id>81608</id><index>207</index><type>SLIDE</type></slide><slide><author>hagand</author><id>81609</id><index>208</index><type>SLIDE</type></slide><slide><author>hagand</author><id>81610</id><index>209</index><type>SLIDE</type></slide><slide><author>hagand</author><id>81611</id><index>210</index><type>SLIDE</type></slide><slide><author>hagand</author><id>81612</id><index>211</index><type>SLIDE</type></slide><slide><author>hagand</author><id>81613</id><index>212</index><type>SLIDE</type></slide><slide><author>hagand</author><id>81614</id><index>213</index><type>SLIDE</type></slide><slide><author>hagand</author><id>81615</id><index>214</index><type>SLIDE</type></slide><slide><author>hagand</author><id>81616</id><index>215</index><type>SLIDE</type></slide><slide><author>hagand</author><id>81617</id><index>216</index><type>SLIDE</type></slide><slide><author>hagand</author><id>81618</id><index>217</index><type>SLIDE</type></slide><slide><author>hagand</author><id>81619</id><index>218</index><type>SLIDE</type></slide><slide><author>hagand</author><id>81620</id><index>219</index><type>SLIDE</type></slide><slide><author>hagand</author><id>81621</id><index>220</index><type>SLIDE</type></slide><slide><author>hagand</author><id>81622</id><index>221</index><type>SLIDE</type></slide><slide><author>hagand</author><id>81623</id><index>222</index><type>SLIDE</type></slide><slide><author>hagand</author><id>81624</id><index>223</index><type>SLIDE</type></slide><slide><author>hagand</author><id>81625</id><index>224</index><type>SLIDE</type></slide><slide><author>hagand</author><id>81626</id><index>225</index><type>SLIDE</type></slide><slide><author>hagand</author><id>81627</id><index>226</index><type>SLIDE</type></slide><slide><author>hagand</author><id>81628</id><index>227</index><type>SLIDE</type></slide><slide><author>hagand</author><id>81629</id><index>228</index><type>SLIDE</type></slide><slide><author>hagand</author><id>81630</id><index>229</index><type>SLIDE</type></slide><slide><author>hagand</author><id>81631</id><index>230</index><type>SLIDE</type></slide><slide><author>hagand</author><id>81632</id><index>231</index><type>SLIDE</type></slide><slide><author>hagand</author><id>81633</id><index>232</index><type>SLIDE</type></slide><slide><author>hagand</author><id>81634</id><index>233</index><type>SLIDE</type></slide><slide><author>hagand</author><id>81635</id><index>234</index><type>SLIDE</type></slide><slide><author>hagand</author><id>81636</id><index>235</index><type>SLIDE</type></slide><slide><author>hagand</author><id>81637</id><index>236</index><type>SLIDE</type></slide><slide><author>hagand</author><id>81638</id><index>237</index><type>SLIDE</type></slide><slide><author>hagand</author><id>81639</id><index>238</index><type>SLIDE</type></slide><slide><author>hagand</author><id>81640</id><index>239</index><type>SLIDE</type></slide><slide><author>hagand</author><id>81641</id><index>240</index><type>SLIDE</type></slide><slide><author>hagand</author><id>81642</id><index>241</index><type>SLIDE</type></slide><slide><author>hagand</author><id>81643</id><index>242</index><type>SLIDE</type></slide><slide><author>hagand</author><id>81644</id><index>243</index><type>SLIDE</type></slide><slide><author>hagand</author><id>81645</id><index>244</index><type>SLIDE</type></slide><slide><author>hagand</author><id>81646</id><index>245</index><type>SLIDE</type></slide><slide><author>hagand</author><id>81647</id><index>246</index><type>SLIDE</type></slide><slide><author>hagand</author><id>81648</id><index>247</index><type>SLIDE</type></slide><slide><author>hagand</author><id>81649</id><index>248</index><type>SLIDE</type></slide><slide><author>hagand</author><id>81650</id><index>249</index><type>SLIDE</type></slide><slide><author>hagand</author><id>81651</id><index>250</index><type>SLIDE</type></slide><slide><author>hagand</author><id>81652</id><index>251</index><type>SLIDE</type></slide><slide><author>hagand</author><id>81653</id><index>252</index><type>SLIDE</type></slide><slide><author>hagand</author><id>81654</id><index>253</index><type>SLIDE</type></slide><slide><author>hagand</author><id>81655</id><index>254</index><type>SLIDE</type></slide><slide><author>hagand</author><id>81656</id><index>255</index><type>SLIDE</type></slide><slide><author>hagand</author><id>81657</id><index>256</index><type>SLIDE</type></slide><slide><author>hagand</author><id>81658</id><index>257</index><type>SLIDE</type></slide><slide><author>hagand</author><id>81659</id><index>258</index><type>SLIDE</type></slide><slide><author>hagand</author><id>81660</id><index>259</index><type>SLIDE</type></slide><slide><author>hagand</author><id>81661</id><index>260</index><type>SLIDE</type></slide><slide><author>hagand</author><id>81662</id><index>261</index><type>SLIDE</type></slide><slide><author>hagand</author><id>81663</id><index>262</index><type>SLIDE</type></slide><slide><author>hagand</author><id>81664</id><index>263</index><type>SLIDE</type></slide><slide><author>hagand</author><id>81665</id><index>264</index><type>SLIDE</type></slide><slide><author>hagand</author><id>81666</id><index>265</index><type>SLIDE</type></slide><slide><author>hagand</author><id>81667</id><index>266</index><type>SLIDE</type></slide><slide><author>hagand</author><id>81668</id><index>267</index><type>SLIDE</type></slide><slide><author>hagand</author><id>81669</id><index>268</index><type>SLIDE</type></slide><slide><author>hagand</author><id>81670</id><index>269</index><type>SLIDE</type></slide><slide><author>hagand</author><id>81671</id><index>270</index><type>SLIDE</type></slide><slide><author>hagand</author><id>81672</id><index>271</index><type>SLIDE</type></slide><slide><author>hagand</author><id>81673</id><index>272</index><type>SLIDE</type></slide><slide><author>hagand</author><id>81674</id><index>273</index><type>SLIDE</type></slide><slide><author>hagand</author><id>81675</id><index>274</index><type>SLIDE</type></slide><slide><author>hagand</author><id>81676</id><index>275</index><type>SLIDE</type></slide><slide><author>hagand</author><id>81677</id><index>276</index><type>SLIDE</type></slide><slide><author>hagand</author><id>81678</id><index>277</index><type>SLIDE</type></slide><slide><author>hagand</author><id>81679</id><index>278</index><type>SLIDE</type></slide><slide><author>hagand</author><id>81680</id><index>279</index><type>SLIDE</type></slide><slide><author>hagand</author><id>81681</id><index>280</index><type>SLIDE</type></slide><slide><author>hagand</author><id>81682</id><index>281</index><type>SLIDE</type></slide><slide><author>hagand</author><id>81683</id><index>282</index><type>SLIDE</type></slide><slide><author>hagand</author><id>81684</id><index>283</index><type>SLIDE</type></slide><slide><author>hagand</author><id>81685</id><index>284</index><type>SLIDE</type></slide><slide><author>hagand</author><id>81686</id><index>285</index><type>SLIDE</type></slide><slide><author>hagand</author><id>81687</id><index>286</index><type>SLIDE</type></slide><slide><author>hagand</author><id>81688</id><index>287</index><type>SLIDE</type></slide><slide><author>hagand</author><id>81689</id><index>288</index><type>SLIDE</type></slide><slide><author>hagand</author><id>81690</id><index>289</index><type>SLIDE</type></slide><slide><author>hagand</author><id>81691</id><index>290</index><type>SLIDE</type></slide><slide><author>hagand</author><id>81692</id><index>291</index><type>SLIDE</type></slide><slide><author>hagand</author><id>81693</id><index>292</index><type>SLIDE</type></slide><slide><author>hagand</author><id>81694</id><index>293</index><type>SLIDE</type></slide><slide><author>hagand</author><id>81695</id><index>294</index><type>SLIDE</type></slide><slide><author>hagand</author><id>81696</id><index>295</index><type>SLIDE</type></slide><slide><author>hagand</author><id>81697</id><index>296</index><type>SLIDE</type></slide><slide><author>hagand</author><id>81698</id><index>297</index><type>SLIDE</type></slide><slide><author>hagand</author><id>81699</id><index>298</index><type>SLIDE</type></slide><slide><author>hagand</author><id>81700</id><index>299</index><type>SLIDE</type></slide><slide><author>hagand</author><id>81701</id><index>300</index><type>SLIDE</type></slide><slide><author>hagand</author><id>81702</id><index>301</index><type>SLIDE</type></slide><slide><author>hagand</author><id>81703</id><index>302</index><type>SLIDE</type></slide><slide><author>hagand</author><id>81704</id><index>303</index><type>SLIDE</type></slide><slide><author>hagand</author><id>81705</id><index>304</index><type>SLIDE</type></slide><slide><author>hagand</author><id>81706</id><index>305</index><type>SLIDE</type></slide><slide><author>hagand</author><id>81707</id><index>306</index><type>SLIDE</type></slide><slide><author>hagand</author><id>81708</id><index>307</index><type>SLIDE</type></slide><slide><author>hagand</author><id>81709</id><index>308</index><type>SLIDE</type></slide><slide><author>hagand</author><id>81710</id><index>309</index><type>SLIDE</type></slide><slide><author>hagand</author><id>81711</id><index>310</index><type>SLIDE</type></slide><slide><author>hagand</author><id>81712</id><index>311</index><type>SLIDE</type></slide><slide><author>hagand</author><id>81713</id><index>312</index><type>SLIDE</type></slide><slide><author>hagand</author><id>81714</id><index>313</index><type>SLIDE</type></slide><slide><author>hagand</author><id>81715</id><index>314</index><type>SLIDE</type></slide><slide><author>hagand</author><id>81716</id><index>315</index><type>SLIDE</type></slide><slide><author>hagand</author><id>81717</id><index>316</index><type>SLIDE</type></slide><slide><author>hagand</author><id>81718</id><index>317</index><type>SLIDE</type></slide><slide><author>hagand</author><id>81719</id><index>318</index><type>SLIDE</type></slide><slide><author>hagand</author><id>81720</id><index>319</index><type>SLIDE</type></slide><slide><author>hagand</author><id>81721</id><index>320</index><type>SLIDE</type></slide><slide><author>hagand</author><id>81722</id><index>321</index><type>SLIDE</type></slide><slide><author>hagand</author><id>81723</id><index>322</index><type>SLIDE</type></slide><slide><author>hagand</author><id>81724</id><index>323</index><type>SLIDE</type></slide><slide><author>hagand</author><id>81725</id><index>324</index><type>SLIDE</type></slide><slide><author>hagand</author><id>81726</id><index>325</index><type>SLIDE</type></slide><slide><author>hagand</author><id>81727</id><index>326</index><type>SLIDE</type></slide><slide><author>hagand</author><id>81728</id><index>327</index><type>SLIDE</type></slide><slide><author>hagand</author><id>81729</id><index>328</index><type>SLIDE</type></slide><slide><author>hagand</author><id>81730</id><index>329</index><type>SLIDE</type></slide><slide><author>hagand</author><id>81731</id><index>330</index><type>SLIDE</type></slide><slide><author>hagand</author><id>81732</id><index>331</index><type>SLIDE</type></slide><slide><author>hagand</author><id>81733</id><index>332</index><type>SLIDE</type></slide><slide><author>hagand</author><id>81734</id><index>333</index><type>SLIDE</type></slide><slide><author>hagand</author><id>81735</id><index>334</index><type>SLIDE</type></slide><slide><author>hagand</author><id>81736</id><index>335</index><type>SLIDE</type></slide><slide><author>hagand</author><id>81737</id><index>336</index><type>SLIDE</type></slide><slide><author>hagand</author><id>81738</id><index>337</index><type>SLIDE</type></slide><slide><author>hagand</author><id>81739</id><index>338</index><type>SLIDE</type></slide><slide><author>hagand</author><id>81740</id><index>339</index><type>SLIDE</type></slide><slide><author>hagand</author><id>81741</id><index>340</index><type>SLIDE</type></slide><slide><author>hagand</author><id>81742</id><index>341</index><type>SLIDE</type></slide><slide><author>hagand</author><id>81743</id><index>342</index><type>SLIDE</type></slide><slide><author>hagand</author><id>81744</id><index>343</index><type>SLIDE</type></slide><slide><author>hagand</author><id>81745</id><index>344</index><type>SLIDE</type></slide><slide><author>hagand</author><id>81746</id><index>345</index><type>SLIDE</type></slide><slide><author>hagand</author><id>81747</id><index>346</index><type>SLIDE</type></slide><slide><author>hagand</author><id>81748</id><index>347</index><type>SLIDE</type></slide><slide><author>hagand</author><id>81749</id><index>348</index><type>SLIDE</type></slide><slide><author>hagand</author><id>81750</id><index>349</index><type>SLIDE</type></slide><slide><author>hagand</author><id>81751</id><index>350</index><type>SLIDE</type></slide><slide><author>hagand</author><id>81752</id><index>351</index><type>SLIDE</type></slide><slide><author>hagand</author><id>81753</id><index>352</index><type>SLIDE</type></slide><slide><author>hagand</author><id>81754</id><index>353</index><type>SLIDE</type></slide><slide><author>hagand</author><id>81755</id><index>354</index><type>SLIDE</type></slide><slide><author>hagand</author><id>81756</id><index>355</index><type>SLIDE</type></slide><slide><author>hagand</author><id>81757</id><index>356</index><type>SLIDE</type></slide><slide><author>hagand</author><id>81758</id><index>357</index><type>SLIDE</type></slide><slide><author>hagand</author><id>81759</id><index>358</index><type>SLIDE</type></slide><slide><author>hagand</author><id>81760</id><index>359</index><type>SLIDE</type></slide><slide><author>hagand</author><id>81761</id><index>360</index><type>SLIDE</type></slide><slide><author>hagand</author><id>81762</id><index>361</index><type>SLIDE</type></slide><slide><author>hagand</author><id>81763</id><index>362</index><type>SLIDE</type></slide><slide><author>hagand</author><id>81764</id><index>363</index><type>SLIDE</type></slide><slide><author>hagand</author><id>81765</id><index>364</index><type>SLIDE</type></slide><slide><author>hagand</author><id>81766</id><index>365</index><type>SLIDE</type></slide><slide><author>hagand</author><id>81767</id><index>366</index><type>SLIDE</type></slide><slide><author>hagand</author><id>81768</id><index>367</index><type>SLIDE</type></slide><slide><author>hagand</author><id>81769</id><index>368</index><type>SLIDE</type></slide><slide><author>hagand</author><id>81770</id><index>369</index><type>SLIDE</type></slide><slide><author>hagand</author><id>81771</id><index>370</index><type>SLIDE</type></slide><slide><author>hagand</author><id>81772</id><index>371</index><type>SLIDE</type></slide><slide><author>hagand</author><id>81773</id><index>372</index><type>SLIDE</type></slide><slide><author>hagand</author><id>81774</id><index>373</index><type>SLIDE</type></slide><slide><author>hagand</author><id>81775</id><index>374</index><type>SLIDE</type></slide><slide><author>hagand</author><id>81776</id><index>375</index><type>SLIDE</type></slide><slide><author>hagand</author><id>81777</id><index>376</index><type>SLIDE</type></slide><slide><author>hagand</author><id>81778</id><index>377</index><type>SLIDE</type></slide><slide><author>hagand</author><id>81779</id><index>378</index><type>SLIDE</type></slide><slide><author>hagand</author><id>81780</id><index>379</index><type>SLIDE</type></slide><slide><author>hagand</author><id>81781</id><index>380</index><type>SLIDE</type></slide><slide><author>hagand</author><id>81782</id><index>381</index><type>SLIDE</type></slide><slide><author>hagand</author><id>81783</id><index>382</index><type>SLIDE</type></slide><slide><author>hagand</author><id>81784</id><index>383</index><type>SLIDE</type></slide><slide><author>hagand</author><id>81785</id><index>384</index><type>SLIDE</type></slide><slide><author>hagand</author><id>81786</id><index>385</index><type>SLIDE</type></slide><slide><author>hagand</author><id>81787</id><index>386</index><type>SLIDE</type></slide><slide><author>hagand</author><id>81788</id><index>387</index><type>SLIDE</type></slide><slide><author>hagand</author><id>81789</id><index>388</index><type>SLIDE</type></slide><slide><author>hagand</author><id>81790</id><index>389</index><type>SLIDE</type></slide><slide><author>hagand</author><id>81791</id><index>390</index><type>SLIDE</type></slide><slide><author>hagand</author><id>81792</id><index>391</index><type>SLIDE</type></slide><slide><author>hagand</author><id>81793</id><index>392</index><type>SLIDE</type></slide><slide><author>hagand</author><id>81794</id><index>393</index><type>SLIDE</type></slide><slide><author>hagand</author><id>81795</id><index>394</index><type>SLIDE</type></slide><slide><author>hagand</author><id>81796</id><index>395</index><type>SLIDE</type></slide><slide><author>hagand</author><id>81797</id><index>396</index><type>SLIDE</type></slide><slide><author>hagand</author><id>81798</id><index>397</index><type>SLIDE</type></slide><slide><author>hagand</author><id>81799</id><index>398</index><type>SLIDE</type></slide><slide><author>hagand</author><id>81800</id><index>399</index><type>SLIDE</type></slide><slide><author>hagand</author><id>81801</id><index>400</index><type>SLIDE</type></slide><slide><author>hagand</author><id>81802</id><index>401</index><type>SLIDE</type></slide><slide><author>hagand</author><id>81803</id><index>402</index><type>SLIDE</type></slide><slide><author>hagand</author><id>81804</id><index>403</index><type>SLIDE</type></slide><slide><author>hagand</author><id>81805</id><index>404</index><type>SLIDE</type></slide><slide><author>hagand</author><id>81806</id><index>405</index><type>SLIDE</type></slide><slide><author>hagand</author><id>81807</id><index>406</index><type>SLIDE</type></slide><slide><author>hagand</author><id>81808</id><index>407</index><type>SLIDE</type></slide><slide><author>hagand</author><id>81809</id><index>408</index><type>SLIDE</type></slide><slide><author>hagand</author><id>81810</id><index>409</index><type>SLIDE</type></slide><slide><author>hagand</author><id>81811</id><index>410</index><type>SLIDE</type></slide><slide><author>hagand</author><id>81812</id><index>411</index><type>SLIDE</type></slide><slide><author>hagand</author><id>81813</id><index>412</index><type>SLIDE</type></slide><slide><author>hagand</author><id>81814</id><index>413</index><type>SLIDE</type></slide><slide><author>hagand</author><id>81815</id><index>414</index><type>SLIDE</type></slide><slide><author>hagand</author><id>81816</id><index>415</index><type>SLIDE</type></slide><slide><author>hagand</author><id>81817</id><index>416</index><type>SLIDE</type></slide><slide><author>hagand</author><id>81818</id><index>417</index><type>SLIDE</type></slide><slide><author>hagand</author><id>81819</id><index>418</index><type>SLIDE</type></slide><slide><author>hagand</author><id>81820</id><index>419</index><type>SLIDE</type></slide><slide><author>hagand</author><id>81821</id><index>420</index><type>SLIDE</type></slide><slide><author>hagand</author><id>81822</id><index>421</index><type>SLIDE</type></slide><slide><author>hagand</author><id>81823</id><index>422</index><type>SLIDE</type></slide><slide><author>hagand</author><id>81824</id><index>423</index><type>SLIDE</type></slide><slide><author>hagand</author><id>81825</id><index>424</index><type>SLIDE</type></slide><slide><author>hagand</author><id>81826</id><index>425</index><type>SLIDE</type></slide><slide><author>hagand</author><id>81827</id><index>426</index><type>SLIDE</type></slide><slide><author>hagand</author><id>81828</id><index>427</index><type>SLIDE</type></slide><slide><author>hagand</author><id>81829</id><index>428</index><type>SLIDE</type></slide><slide><author>hagand</author><id>81830</id><index>429</index><type>SLIDE</type></slide><slide><author>hagand</author><id>81831</id><index>430</index><type>SLIDE</type></slide><slide><author>hagand</author><id>81832</id><index>431</index><type>SLIDE</type></slide><slide><author>hagand</author><id>81833</id><index>432</index><type>SLIDE</type></slide><slide><author>hagand</author><id>81834</id><index>433</index><type>SLIDE</type></slide><slide><author>hagand</author><id>81835</id><index>434</index><type>SLIDE</type></slide><slide><author>hagand</author><id>81836</id><index>435</index><type>SLIDE</type></slide><slide><author>hagand</author><id>81837</id><index>436</index><type>SLIDE</type></slide><slide><author>hagand</author><id>81838</id><index>437</index><type>SLIDE</type></slide><slide><author>hagand</author><id>81839</id><index>438</index><type>SLIDE</type></slide><slide><author>hagand</author><id>81840</id><index>439</index><type>SLIDE</type></slide><slide><author>hagand</author><id>81841</id><index>440</index><type>SLIDE</type></slide><slide><author>hagand</author><id>81842</id><index>441</index><type>SLIDE</type></slide><slide><author>hagand</author><id>81843</id><index>442</index><type>SLIDE</type></slide><slide><author>hagand</author><id>81844</id><index>443</index><type>SLIDE</type></slide><slide><author>hagand</author><id>81845</id><index>444</index><type>SLIDE</type></slide><slide><author>hagand</author><id>81846</id><index>445</index><type>SLIDE</type></slide><slide><author>hagand</author><id>81847</id><index>446</index><type>SLIDE</type></slide><slide><author>hagand</author><id>81848</id><index>447</index><type>SLIDE</type></slide><slide><author>hagand</author><id>81849</id><index>448</index><type>SLIDE</type></slide><slide><author>hagand</author><id>81850</id><index>449</index><type>SLIDE</type></slide><slide><author>hagand</author><id>81851</id><index>450</index><type>SLIDE</type></slide><slide><author>hagand</author><id>81852</id><index>451</index><type>SLIDE</type></slide><slide><author>hagand</author><id>81853</id><index>452</index><type>SLIDE</type></slide><slide><author>hagand</author><id>81854</id><index>453</index><type>SLIDE</type></slide><slide><author>hagand</author><id>81855</id><index>454</index><type>SLIDE</type></slide><slide><author>hagand</author><id>81856</id><index>455</index><type>SLIDE</type></slide><slide><author>hagand</author><id>81857</id><index>456</index><type>SLIDE</type></slide><slide><author>hagand</author><id>81858</id><index>457</index><type>SLIDE</type></slide><slide><author>hagand</author><id>81859</id><index>458</index><type>SLIDE</type></slide><slide><author>hagand</author><id>81860</id><index>459</index><type>SLIDE</type></slide><slide><author>hagand</author><id>81861</id><index>460</index><type>SLIDE</type></slide><slide><author>hagand</author><id>81862</id><index>461</index><type>SLIDE</type></slide><slide><author>hagand</author><id>81863</id><index>462</index><type>SLIDE</type></slide><slide><author>hagand</author><id>81864</id><index>463</index><type>SLIDE</type></slide><slide><author>hagand</author><id>81865</id><index>464</index><type>SLIDE</type></slide><slide><author>hagand</author><id>81866</id><index>465</index><type>SLIDE</type></slide><slide><author>hagand</author><id>81867</id><index>466</index><type>SLIDE</type></slide><slide><author>hagand</author><id>81868</id><index>467</index><type>SLIDE</type></slide><slide><author>hagand</author><id>81869</id><index>468</index><type>SLIDE</type></slide><slide><author>hagand</author><id>81870</id><index>469</index><type>SLIDE</type></slide><slide><author>hagand</author><id>81871</id><index>470</index><type>SLIDE</type></slide><slide><author>hagand</author><id>81872</id><index>471</index><type>SLIDE</type></slide><slide><author>hagand</author><id>81873</id><index>472</index><type>SLIDE</type></slide><slide><author>hagand</author><id>81874</id><index>473</index><type>SLIDE</type></slide><slide><author>hagand</author><id>81875</id><index>474</index><type>SLIDE</type></slide><slide><author>hagand</author><id>81876</id><index>475</index><type>SLIDE</type></slide><slide><author>hagand</author><id>81877</id><index>476</index><type>SLIDE</type></slide><slide><author>hagand</author><id>81878</id><index>477</index><type>SLIDE</type></slide><slide><author>hagand</author><id>81879</id><index>478</index><type>SLIDE</type></slide><slide><author>hagand</author><id>81880</id><index>479</index><type>SLIDE</type></slide><slide><author>hagand</author><id>81881</id><index>480</index><type>SLIDE</type></slide><slide><author>hagand</author><id>81882</id><index>481</index><type>SLIDE</type></slide><slide><author>hagand</author><id>81883</id><index>482</index><type>SLIDE</type></slide><slide><author>hagand</author><id>81884</id><index>483</index><type>SLIDE</type></slide><slide><author>hagand</author><id>81885</id><index>484</index><type>SLIDE</type></slide><slide><author>hagand</author><id>81886</id><index>485</index><type>SLIDE</type></slide><slide><author>hagand</author><id>81887</id><index>486</index><type>SLIDE</type></slide><slide><author>hagand</author><id>81888</id><index>487</index><type>SLIDE</type></slide><slide><author>hagand</author><id>81889</id><index>488</index><type>SLIDE</type></slide><slide><author>hagand</author><id>81890</id><index>489</index><type>SLIDE</type></slide><slide><author>hagand</author><id>81891</id><index>490</index><type>SLIDE</type></slide><slide><author>hagand</author><id>81892</id><index>491</index><type>SLIDE</type></slide><slide><author>hagand</author><id>81893</id><index>492</index><type>SLIDE</type></slide><slide><author>hagand</author><id>81894</id><index>493</index><type>SLIDE</type></slide><slide><author>hagand</author><id>81895</id><index>494</index><type>SLIDE</type></slide><slide><author>hagand</author><id>81896</id><index>495</index><type>SLIDE</type></slide><slide><author>hagand</author><id>81897</id><index>496</index><type>SLIDE</type></slide><slide><author>hagand</author><id>81898</id><index>497</index><type>SLIDE</type></slide><slide><author>hagand</author><id>81899</id><index>498</index><type>SLIDE</type></slide><slide><author>hagand</author><id>81900</id><index>499</index><type>SLIDE</type></slide><slide><author>hagand</author><id>81901</id><index>500</index><type>SLIDE</type></slide><slide><author>hagand</author><id>81902</id><index>501</index><type>SLIDE</type></slide><slide><author>hagand</author><id>81903</id><index>502</index><type>SLIDE</type></slide><slide><author>hagand</author><id>81904</id><index>503</index><type>SLIDE</type></slide><slide><author>hagand</author><id>81905</id><index>504</index><type>SLIDE</type></slide><slide><author>hagand</author><id>81906</id><index>505</index><type>SLIDE</type></slide><slide><author>hagand</author><id>81907</id><index>506</index><type>SLIDE</type></slide><slide><author>hagand</author><id>81908</id><index>507</index><type>SLIDE</type></slide><slide><author>hagand</author><id>81909</id><index>508</index><type>SLIDE</type></slide><slide><author>hagand</author><id>81910</id><index>509</index><type>SLIDE</type></slide><slide><author>hagand</author><id>81911</id><index>510</index><type>SLIDE</type></slide><slide><author>hagand</author><id>81912</id><index>511</index><type>SLIDE</type></slide><slide><author>hagand</author><id>81913</id><index>512</index><type>SLIDE</type></slide><slide><author>hagand</author><id>81914</id><index>513</index><type>SLIDE</type></slide><slide><author>hagand</author><id>81915</id><index>514</index><type>SLIDE</type></slide><slide><author>hagand</author><id>81916</id><index>515</index><type>SLIDE</type></slide><slide><author>hagand</author><id>81917</id><index>516</index><type>SLIDE</type></slide><slide><author>hagand</author><id>81918</id><index>517</index><type>SLIDE</type></slide><slide><author>hagand</author><id>81919</id><index>518</index><type>SLIDE</type></slide><slide><author>hagand</author><id>81920</id><index>519</index><type>SLIDE</type></slide><slide><author>hagand</author><id>81921</id><index>520</index><type>SLIDE</type></slide><slide><author>hagand</author><id>81922</id><index>521</index><type>SLIDE</type></slide><slide><author>hagand</author><id>81923</id><index>522</index><type>SLIDE</type></slide><slide><author>hagand</author><id>81924</id><index>523</index><type>SLIDE</type></slide><slide><author>hagand</author><id>81925</id><index>524</index><type>SLIDE</type></slide><slide><author>hagand</author><id>81926</id><index>525</index><type>SLIDE</type></slide><slide><author>hagand</author><id>81927</id><index>526</index><type>SLIDE</type></slide><slide><author>hagand</author><id>81928</id><index>527</index><type>SLIDE</type></slide><slide><author>hagand</author><id>81929</id><index>528</index><type>SLIDE</type></slide><slide><author>hagand</author><id>81930</id><index>529</index><type>SLIDE</type></slide><slide><author>hagand</author><id>81931</id><index>530</index><type>SLIDE</type></slide><slide><author>hagand</author><id>81932</id><index>531</index><type>SLIDE</type></slide><slide><author>hagand</author><id>81933</id><index>532</index><type>SLIDE</type></slide><slide><author>hagand</author><id>81934</id><index>533</index><type>SLIDE</type></slide><slide><author>hagand</author><id>81935</id><index>534</index><type>SLIDE</type></slide><slide><author>hagand</author><id>81936</id><index>535</index><type>SLIDE</type></slide><slide><author>hagand</author><id>81937</id><index>536</index><type>SLIDE</type></slide><slide><author>hagand</author><id>81938</id><index>537</index><type>SLIDE</type></slide><slide><author>hagand</author><id>81939</id><index>538</index><type>SLIDE</type></slide><slide><author>hagand</author><id>81940</id><index>539</index><type>SLIDE</type></slide><slide><author>hagand</author><id>81941</id><index>540</index><type>SLIDE</type></slide><slide><author>hagand</author><id>81942</id><index>541</index><type>SLIDE</type></slide><slide><author>hagand</author><id>81943</id><index>542</index><type>SLIDE</type></slide><slide><author>hagand</author><id>81944</id><index>543</index><type>SLIDE</type></slide><slide><author>hagand</author><id>81945</id><index>544</index><type>SLIDE</type></slide><slide><author>hagand</author><id>81946</id><index>545</index><type>SLIDE</type></slide><slide><author>hagand</author><id>81947</id><index>546</index><type>SLIDE</type></slide><slide><author>hagand</author><id>81948</id><index>547</index><type>SLIDE</type></slide><slide><author>hagand</author><id>81949</id><index>548</index><type>SLIDE</type></slide><slide><author>hagand</author><id>81950</id><index>549</index><type>SLIDE</type></slide><slide><author>hagand</author><id>81951</id><index>550</index><type>SLIDE</type></slide><slide><author>hagand</author><id>81952</id><index>551</index><type>SLIDE</type></slide><slide><author>hagand</author><id>81953</id><index>552</index><type>SLIDE</type></slide><slide><author>hagand</author><id>81954</id><index>553</index><type>SLIDE</type></slide><slide><author>hagand</author><id>81955</id><index>554</index><type>SLIDE</type></slide><slide><author>hagand</author><id>81956</id><index>555</index><type>SLIDE</type></slide><slide><author>hagand</author><id>81957</id><index>556</index><type>SLIDE</type></slide><slide><author>hagand</author><id>81958</id><index>557</index><type>SLIDE</type></slide><slide><author>hagand</author><id>81959</id><index>558</index><type>SLIDE</type></slide><slide><author>hagand</author><id>81960</id><index>559</index><type>SLIDE</type></slide><slide><author>hagand</author><id>81961</id><index>560</index><type>SLIDE</type></slide><slide><author>hagand</author><id>81962</id><index>561</index><type>SLIDE</type></slide><slide><author>hagand</author><id>81963</id><index>562</index><type>SLIDE</type></slide><slide><author>hagand</author><id>81964</id><index>563</index><type>SLIDE</type></slide><slide><author>hagand</author><id>81965</id><index>564</index><type>SLIDE</type></slide><slide><author>hagand</author><id>81966</id><index>565</index><type>SLIDE</type></slide><slide><author>hagand</author><id>81967</id><index>566</index><type>SLIDE</type></slide><slide><author>hagand</author><id>81968</id><index>567</index><type>SLIDE</type></slide><slide><author>hagand</author><id>81969</id><index>568</index><type>SLIDE</type></slide><slide><author>hagand</author><id>81970</id><index>569</index><type>SLIDE</type></slide><slide><author>hagand</author><id>81971</id><index>570</index><type>SLIDE</type></slide><slide><author>hagand</author><id>81972</id><index>571</index><type>SLIDE</type></slide><slide><author>hagand</author><id>81973</id><index>572</index><type>SLIDE</type></slide><slide><author>hagand</author><id>81974</id><index>573</index><type>SLIDE</type></slide><slide><author>hagand</author><id>81975</id><index>574</index><type>SLIDE</type></slide><slide><author>hagand</author><id>81976</id><index>575</index><type>SLIDE</type></slide><slide><author>hagand</author><id>81977</id><index>576</index><type>SLIDE</type></slide><slide><author>hagand</author><id>81978</id><index>577</index><type>SLIDE</type></slide><slide><author>hagand</author><id>81979</id><index>578</index><type>SLIDE</type></slide><slide><author>hagand</author><id>81980</id><index>579</index><type>SLIDE</type></slide><slide><author>hagand</author><id>81981</id><index>580</index><type>SLIDE</type></slide><slide><author>hagand</author><id>81982</id><index>581</index><type>SLIDE</type></slide><slide><author>hagand</author><id>81983</id><index>582</index><type>SLIDE</type></slide><slide><author>hagand</author><id>81984</id><index>583</index><type>SLIDE</type></slide><slide><author>hagand</author><id>81985</id><index>584</index><type>SLIDE</type></slide><slide><author>hagand</author><id>81986</id><index>585</index><type>SLIDE</type></slide><slide><author>hagand</author><id>81987</id><index>586</index><type>SLIDE</type></slide><slide><author>hagand</author><id>81988</id><index>587</index><type>SLIDE</type></slide><slide><author>hagand</author><id>81989</id><index>588</index><type>SLIDE</type></slide><slide><author>hagand</author><id>81990</id><index>589</index><type>SLIDE</type></slide><slide><author>hagand</author><id>81991</id><index>590</index><type>SLIDE</type></slide><slide><author>hagand</author><id>81992</id><index>591</index><type>SLIDE</type></slide><slide><author>hagand</author><id>81993</id><index>592</index><type>SLIDE</type></slide><slide><author>hagand</author><id>81994</id><index>593</index><type>SLIDE</type></slide><slide><author>hagand</author><id>81995</id><index>594</index><type>SLIDE</type></slide><slide><author>hagand</author><id>81996</id><index>595</index><type>SLIDE</type></slide><slide><author>hagand</author><id>81997</id><index>596</index><type>SLIDE</type></slide><slide><author>hagand</author><id>81998</id><index>597</index><type>SLIDE</type></slide><slide><author>hagand</author><id>81999</id><index>598</index><type>SLIDE</type></slide><slide><author>hagand</author><id>82000</id><index>599</index><type>SLIDE</type></slide><slide><author>hagand</author><id>82001</id><index>600</index><type>SLIDE</type></slide><slide><author>hagand</author><id>82002</id><index>601</index><type>SLIDE</type></slide><slide><author>hagand</author><id>82003</id><index>602</index><type>SLIDE</type></slide><slide><author>hagand</author><id>82004</id><index>603</index><type>SLIDE</type></slide><slide><author>hagand</author><id>82005</id><index>604</index><type>SLIDE</type></slide><slide><author>hagand</author><id>82006</id><index>605</index><type>SLIDE</type></slide><slide><author>hagand</author><id>82007</id><index>606</index><type>SLIDE</type></slide><slide><author>hagand</author><id>82008</id><index>607</index><type>SLIDE</type></slide><slide><author>hagand</author><id>82009</id><index>608</index><type>SLIDE</type></slide><slide><author>hagand</author><id>82010</id><index>609</index><type>SLIDE</type></slide><slide><author>hagand</author><id>82011</id><index>610</index><type>SLIDE</type></slide><slide><author>hagand</author><id>82012</id><index>611</index><type>SLIDE</type></slide><slide><author>hagand</author><id>82013</id><index>612</index><type>SLIDE</type></slide><slide><author>hagand</author><id>82014</id><index>613</index><type>SLIDE</type></slide><slide><author>hagand</author><id>82015</id><index>614</index><type>SLIDE</type></slide><slide><author>hagand</author><id>82016</id><index>615</index><type>SLIDE</type></slide><slide><author>hagand</author><id>82017</id><index>616</index><type>SLIDE</type></slide><slide><author>hagand</author><id>82018</id><index>617</index><type>SLIDE</type></slide><slide><author>hagand</author><id>82019</id><index>618</index><type>SLIDE</type></slide><slide><author>hagand</author><id>82020</id><index>619</index><type>SLIDE</type></slide><slide><author>hagand</author><id>82021</id><index>620</index><type>SLIDE</type></slide><slide><author>hagand</author><id>82022</id><index>621</index><type>SLIDE</type></slide><slide><author>hagand</author><id>82023</id><index>622</index><type>SLIDE</type></slide><slide><author>hagand</author><id>82024</id><index>623</index><type>SLIDE</type></slide><slide><author>hagand</author><id>82025</id><index>624</index><type>SLIDE</type></slide><slide><author>hagand</author><id>82026</id><index>625</index><type>SLIDE</type></slide><slide><author>hagand</author><id>82027</id><index>626</index><type>SLIDE</type></slide><slide><author>hagand</author><id>82028</id><index>627</index><type>SLIDE</type></slide><slide><author>hagand</author><id>82029</id><index>628</index><type>SLIDE</type></slide><slide><author>hagand</author><id>82030</id><index>629</index><type>SLIDE</type></slide><slide><author>hagand</author><id>82031</id><index>630</index><type>SLIDE</type></slide><slide><author>hagand</author><id>82032</id><index>631</index><type>SLIDE</type></slide><slide><author>hagand</author><id>82033</id><index>632</index><type>SLIDE</type></slide><slide><author>hagand</author><id>82034</id><index>633</index><type>SLIDE</type></slide><slide><author>hagand</author><id>82035</id><index>634</index><type>SLIDE</type></slide><slide><author>hagand</author><id>82036</id><index>635</index><type>SLIDE</type></slide><slide><author>hagand</author><id>82037</id><index>636</index><type>SLIDE</type></slide><slide><author>hagand</author><id>82038</id><index>637</index><type>SLIDE</type></slide><slide><author>hagand</author><id>82039</id><index>638</index><type>SLIDE</type></slide><slide><author>hagand</author><id>82040</id><index>639</index><type>SLIDE</type></slide><slide><author>hagand</author><id>82041</id><index>640</index><type>SLIDE</type></slide><slide><author>hagand</author><id>82042</id><index>641</index><type>SLIDE</type></slide><slide><author>hagand</author><id>82043</id><index>642</index><type>SLIDE</type></slide><slide><author>hagand</author><id>82044</id><index>643</index><type>SLIDE</type></slide><slide><author>hagand</author><id>82045</id><index>644</index><type>SLIDE</type></slide><slide><author>hagand</author><id>82046</id><index>645</index><type>SLIDE</type></slide><slide><author>hagand</author><id>82047</id><index>646</index><type>SLIDE</type></slide><slide><author>hagand</author><id>82048</id><index>647</index><type>SLIDE</type></slide><slide><author>hagand</author><id>82049</id><index>648</index><type>SLIDE</type></slide><slide><author>hagand</author><id>82050</id><index>649</index><type>SLIDE</type></slide><slide><author>hagand</author><id>82051</id><index>650</index><type>SLIDE</type></slide><slide><author>hagand</author><id>82052</id><index>651</index><type>SLIDE</type></slide><slide><author>hagand</author><id>82053</id><index>652</index><type>SLIDE</type></slide><slide><author>hagand</author><id>82054</id><index>653</index><type>SLIDE</type></slide><slide><author>hagand</author><id>82055</id><index>654</index><type>SLIDE</type></slide><slide><author>hagand</author><id>82056</id><index>655</index><type>SLIDE</type></slide><slide><author>hagand</author><id>82057</id><index>656</index><type>SLIDE</type></slide><slide><author>hagand</author><id>82058</id><index>657</index><type>SLIDE</type></slide><slide><author>hagand</author><id>82059</id><index>658</index><type>SLIDE</type></slide><slide><author>hagand</author><id>82060</id><index>659</index><type>SLIDE</type></slide><slide><author>hagand</author><id>82061</id><index>660</index><type>SLIDE</type></slide><slide><author>hagand</author><id>82062</id><index>661</index><type>SLIDE</type></slide><slide><author>hagand</author><id>82063</id><index>662</index><type>SLIDE</type></slide><slide><author>hagand</author><id>82064</id><index>663</index><type>SLIDE</type></slide><slide><author>hagand</author><id>82065</id><index>664</index><type>SLIDE</type></slide><slide><author>hagand</author><id>82066</id><index>665</index><type>SLIDE</type></slide><slide><author>hagand</author><id>82067</id><index>666</index><type>SLIDE</type></slide><slide><author>hagand</author><id>82068</id><index>667</index><type>SLIDE</type></slide><slide><author>hagand</author><id>82069</id><index>668</index><type>SLIDE</type></slide><slide><author>hagand</author><id>82070</id><index>669</index><type>SLIDE</type></slide><slide><author>hagand</author><id>82071</id><index>670</index><type>SLIDE</type></slide><slide><author>hagand</author><id>82072</id><index>671</index><type>SLIDE</type></slide><slide><author>hagand</author><id>82073</id><index>672</index><type>SLIDE</type></slide><slide><author>hagand</author><id>82074</id><index>673</index><type>SLIDE</type></slide><slide><author>hagand</author><id>82075</id><index>674</index><type>SLIDE</type></slide><slide><author>hagand</author><id>82076</id><index>675</index><type>SLIDE</type></slide><slide><author>hagand</author><id>82077</id><index>676</index><type>SLIDE</type></slide><slide><author>hagand</author><id>82078</id><index>677</index><type>SLIDE</type></slide><slide><author>hagand</author><id>82079</id><index>678</index><type>SLIDE</type></slide><slide><author>hagand</author><id>82080</id><index>679</index><type>SLIDE</type></slide><slide><author>hagand</author><id>82081</id><index>680</index><type>SLIDE</type></slide><slide><author>hagand</author><id>82082</id><index>681</index><type>SLIDE</type></slide><slide><author>hagand</author><id>82083</id><index>682</index><type>SLIDE</type></slide><slide><author>hagand</author><id>82084</id><index>683</index><type>SLIDE</type></slide><slide><author>hagand</author><id>82085</id><index>684</index><type>SLIDE</type></slide><slide><author>hagand</author><id>82086</id><index>685</index><type>SLIDE</type></slide><slide><author>hagand</author><id>82087</id><index>686</index><type>SLIDE</type></slide><slide><author>hagand</author><id>82088</id><index>687</index><type>SLIDE</type></slide><slide><author>hagand</author><id>82089</id><index>688</index><type>SLIDE</type></slide><slide><author>hagand</author><id>82090</id><index>689</index><type>SLIDE</type></slide><slide><author>hagand</author><id>82091</id><index>690</index><type>SLIDE</type></slide><slide><author>hagand</author><id>82092</id><index>691</index><type>SLIDE</type></slide><slide><author>hagand</author><id>82093</id><index>692</index><type>SLIDE</type></slide><slide><author>hagand</author><id>82094</id><index>693</index><type>SLIDE</type></slide><slide><author>hagand</author><id>82095</id><index>694</index><type>SLIDE</type></slide><slide><author>hagand</author><id>82096</id><index>695</index><type>SLIDE</type></slide><slide><author>hagand</author><id>82097</id><index>696</index><type>SLIDE</type></slide><slide><author>hagand</author><id>82098</id><index>697</index><type>SLIDE</type></slide><slide><author>hagand</author><id>82099</id><index>698</index><type>SLIDE</type></slide><slide><author>hagand</author><id>82100</id><index>699</index><type>SLIDE</type></slide><slide><author>hagand</author><id>82101</id><index>700</index><type>SLIDE</type></slide><slide><author>hagand</author><id>82102</id><index>701</index><type>SLIDE</type></slide><slide><author>hagand</author><id>82103</id><index>702</index><type>SLIDE</type></slide><slide><author>hagand</author><id>82104</id><index>703</index><type>SLIDE</type></slide><slide><author>hagand</author><id>82105</id><index>704</index><type>SLIDE</type></slide><slide><author>hagand</author><id>82106</id><index>705</index><type>SLIDE</type></slide><slide><author>hagand</author><id>82107</id><index>706</index><type>SLIDE</type></slide><slide><author>hagand</author><id>82108</id><index>707</index><type>SLIDE</type></slide><slide><author>hagand</author><id>82109</id><index>708</index><type>SLIDE</type></slide><slide><author>hagand</author><id>82110</id><index>709</index><type>SLIDE</type></slide><slide><author>hagand</author><id>82111</id><index>710</index><type>SLIDE</type></slide><slide><author>hagand</author><id>82112</id><index>711</index><type>SLIDE</type></slide><slide><author>hagand</author><id>82113</id><index>712</index><type>SLIDE</type></slide><slide><author>hagand</author><id>82114</id><index>713</index><type>SLIDE</type></slide><slide><author>hagand</author><id>82115</id><index>714</index><type>SLIDE</type></slide><slide><author>hagand</author><id>82116</id><index>715</index><type>SLIDE</type></slide><slide><author>hagand</author><id>82117</id><index>716</index><type>SLIDE</type></slide><slide><author>hagand</author><id>82118</id><index>717</index><type>SLIDE</type></slide><slide><author>hagand</author><id>82119</id><index>718</index><type>SLIDE</type></slide><slide><author>hagand</author><id>82120</id><index>719</index><type>SLIDE</type></slide><slide><author>hagand</author><id>82121</id><index>720</index><type>SLIDE</type></slide><slide><author>hagand</author><id>82122</id><index>721</index><type>SLIDE</type></slide><slide><author>hagand</author><id>82123</id><index>722</index><type>SLIDE</type></slide><slide><author>hagand</author><id>82124</id><index>723</index><type>SLIDE</type></slide><slide><author>hagand</author><id>82125</id><index>724</index><type>SLIDE</type></slide><slide><author>hagand</author><id>82126</id><index>725</index><type>SLIDE</type></slide><slide><author>hagand</author><id>82127</id><index>726</index><type>SLIDE</type></slide><slide><author>hagand</author><id>82128</id><index>727</index><type>SLIDE</type></slide><slide><author>hagand</author><id>82129</id><index>728</index><type>SLIDE</type></slide><slide><author>hagand</author><id>82130</id><index>729</index><type>SLIDE</type></slide><slide><author>hagand</author><id>82131</id><index>730</index><type>SLIDE</type></slide><slide><author>hagand</author><id>82132</id><index>731</index><type>SLIDE</type></slide><slide><author>hagand</author><id>82133</id><index>732</index><type>SLIDE</type></slide><slide><author>hagand</author><id>82134</id><index>733</index><type>SLIDE</type></slide><slide><author>hagand</author><id>82135</id><index>734</index><type>SLIDE</type></slide><slide><author>hagand</author><id>82136</id><index>735</index><type>SLIDE</type></slide><slide><author>hagand</author><id>82137</id><index>736</index><type>SLIDE</type></slide><slide><author>hagand</author><id>82138</id><index>737</index><type>SLIDE</type></slide><slide><author>hagand</author><id>82139</id><index>738</index><type>SLIDE</type></slide><slide><author>hagand</author><id>82140</id><index>739</index><type>SLIDE</type></slide><slide><author>hagand</author><id>82141</id><index>740</index><type>SLIDE</type></slide><slide><author>hagand</author><id>82142</id><index>741</index><type>SLIDE</type></slide><slide><author>hagand</author><id>82143</id><index>742</index><type>SLIDE</type></slide><slide><author>hagand</author><id>82144</id><index>743</index><type>SLIDE</type></slide><slide><author>hagand</author><id>82145</id><index>744</index><type>SLIDE</type></slide><slide><author>hagand</author><id>82146</id><index>745</index><type>SLIDE</type></slide><slide><author>hagand</author><id>82147</id><index>746</index><type>SLIDE</type></slide><slide><author>hagand</author><id>82148</id><index>747</index><type>SLIDE</type></slide><slide><author>hagand</author><id>82149</id><index>748</index><type>SLIDE</type></slide><slide><author>hagand</author><id>82150</id><index>749</index><type>SLIDE</type></slide><slide><author>hagand</author><id>82151</id><index>750</index><type>SLIDE</type></slide><slide><author>hagand</author><id>82152</id><index>751</index><type>SLIDE</type></slide><slide><author>hagand</author><id>82153</id><index>752</index><type>SLIDE</type></slide><slide><author>hagand</author><id>82154</id><index>753</index><type>SLIDE</type></slide><slide><author>hagand</author><id>82155</id><index>754</index><type>SLIDE</type></slide><slide><author>hagand</author><id>82156</id><index>755</index><type>SLIDE</type></slide><slide><author>hagand</author><id>82157</id><index>756</index><type>SLIDE</type></slide><slide><author>hagand</author><id>82158</id><index>757</index><type>SLIDE</type></slide><slide><author>hagand</author><id>82159</id><index>758</index><type>SLIDE</type></slide><slide><author>hagand</author><id>82160</id><index>759</index><type>SLIDE</type></slide><slide><author>hagand</author><id>82161</id><index>760</index><type>SLIDE</type></slide><slide><author>hagand</author><id>82162</id><index>761</index><type>SLIDE</type></slide><slide><author>hagand</author><id>82163</id><index>762</index><type>SLIDE</type></slide><slide><author>hagand</author><id>82164</id><index>763</index><type>SLIDE</type></slide><slide><author>hagand</author><id>82165</id><index>764</index><type>SLIDE</type></slide><slide><author>hagand</author><id>82166</id><index>765</index><type>SLIDE</type></slide><slide><author>hagand</author><id>82167</id><index>766</index><type>SLIDE</type></slide><slide><author>hagand</author><id>82168</id><index>767</index><type>SLIDE</type></slide><slide><author>hagand</author><id>82169</id><index>768</index><type>SLIDE</type></slide><slide><author>hagand</author><id>82170</id><index>769</index><type>SLIDE</type></slide><slide><author>hagand</author><id>82171</id><index>770</index><type>SLIDE</type></slide><slide><author>hagand</author><id>82172</id><index>771</index><type>SLIDE</type></slide><slide><author>hagand</author><id>82173</id><index>772</index><type>SLIDE</type></slide><slide><author>hagand</author><id>82174</id><index>773</index><type>SLIDE</type></slide><slide><author>hagand</author><id>82175</id><index>774</index><type>SLIDE</type></slide><slide><author>hagand</author><id>82176</id><index>775</index><type>SLIDE</type></slide><slide><author>hagand</author><id>82177</id><index>776</index><type>SLIDE</type></slide><slide><author>hagand</author><id>82178</id><index>777</index><type>SLIDE</type></slide><slide><author>hagand</author><id>82179</id><index>778</index><type>SLIDE</type></slide><slide><author>hagand</author><id>82180</id><index>779</index><type>SLIDE</type></slide><slide><author>hagand</author><id>82181</id><index>780</index><type>SLIDE</type></slide><slide><author>hagand</author><id>82182</id><index>781</index><type>SLIDE</type></slide><slide><author>hagand</author><id>82183</id><index>782</index><type>SLIDE</type></slide><slide><author>hagand</author><id>82184</id><index>783</index><type>SLIDE</type></slide><slide><author>hagand</author><id>82185</id><index>784</index><type>SLIDE</type></slide><slide><author>hagand</author><id>82186</id><index>785</index><type>SLIDE</type></slide><slide><author>hagand</author><id>82187</id><index>786</index><type>SLIDE</type></slide><slide><author>hagand</author><id>82188</id><index>787</index><type>SLIDE</type></slide><slide><author>hagand</author><id>82189</id><index>788</index><type>SLIDE</type></slide><slide><author>hagand</author><id>82190</id><index>789</index><type>SLIDE</type></slide><slide><author>hagand</author><id>82191</id><index>790</index><type>SLIDE</type></slide><slide><author>hagand</author><id>82192</id><index>791</index><type>SLIDE</type></slide><slide><author>hagand</author><id>82193</id><index>792</index><type>SLIDE</type></slide><slide><author>hagand</author><id>82194</id><index>793</index><type>SLIDE</type></slide><slide><author>hagand</author><id>82195</id><index>794</index><type>SLIDE</type></slide><slide><author>hagand</author><id>82196</id><index>795</index><type>SLIDE</type></slide><slide><author>hagand</author><id>82197</id><index>796</index><type>SLIDE</type></slide><slide><author>hagand</author><id>82198</id><index>797</index><type>SLIDE</type></slide><slide><author>hagand</author><id>82199</id><index>798</index><type>SLIDE</type></slide><slide><author>hagand</author><id>82200</id><index>799</index><type>SLIDE</type></slide><slide><author>hagand</author><id>82201</id><index>800</index><type>SLIDE</type></slide><slide><author>hagand</author><id>82202</id><index>801</index><type>SLIDE</type></slide><slide><author>hagand</author><id>82203</id><index>802</index><type>SLIDE</type></slide><slide><author>hagand</author><id>82204</id><index>803</index><type>SLIDE</type></slide><slide><author>hagand</author><id>82205</id><index>804</index><type>SLIDE</type></slide><slide><author>hagand</author><id>82206</id><index>805</index><type>SLIDE</type></slide><slide><author>hagand</author><id>82207</id><index>806</index><type>SLIDE</type></slide><slide><author>hagand</author><id>82208</id><index>807</index><type>SLIDE</type></slide><slide><author>hagand</author><id>82209</id><index>808</index><type>SLIDE</type></slide><slide><author>hagand</author><id>82210</id><index>809</index><type>SLIDE</type></slide><slide><author>hagand</author><id>82211</id><index>810</index><type>SLIDE</type></slide><slide><author>hagand</author><id>82212</id><index>811</index><type>SLIDE</type></slide><slide><author>hagand</author><id>82213</id><index>812</index><type>SLIDE</type></slide><slide><author>hagand</author><id>82214</id><index>813</index><type>SLIDE</type></slide><slide><author>hagand</author><id>82215</id><index>814</index><type>SLIDE</type></slide><slide><author>hagand</author><id>82216</id><index>815</index><type>SLIDE</type></slide><slide><author>hagand</author><id>82217</id><index>816</index><type>SLIDE</type></slide><slide><author>hagand</author><id>82218</id><index>817</index><type>SLIDE</type></slide><slide><author>hagand</author><id>82219</id><index>818</index><type>SLIDE</type></slide><slide><author>hagand</author><id>82220</id><index>819</index><type>SLIDE</type></slide><slide><author>hagand</author><id>82221</id><index>820</index><type>SLIDE</type></slide><slide><author>hagand</author><id>82222</id><index>821</index><type>SLIDE</type></slide><slide><author>hagand</author><id>82223</id><index>822</index><type>SLIDE</type></slide><slide><author>hagand</author><id>82224</id><index>823</index><type>SLIDE</type></slide><slide><author>hagand</author><id>82225</id><index>824</index><type>SLIDE</type></slide><slide><author>hagand</author><id>82226</id><index>825</index><type>SLIDE</type></slide><slide><author>hagand</author><id>82227</id><index>826</index><type>SLIDE</type></slide><slide><author>hagand</author><id>82228</id><index>827</index><type>SLIDE</type></slide><slide><author>hagand</author><id>82229</id><index>828</index><type>SLIDE</type></slide><slide><author>hagand</author><id>82230</id><index>829</index><type>SLIDE</type></slide><slide><author>hagand</author><id>82231</id><index>830</index><type>SLIDE</type></slide><slide><author>hagand</author><id>82232</id><index>831</index><type>SLIDE</type></slide><slide><author>hagand</author><id>82233</id><index>832</index><type>SLIDE</type></slide><slide><author>hagand</author><id>82234</id><index>833</index><type>SLIDE</type></slide><slide><author>hagand</author><id>82235</id><index>834</index><type>SLIDE</type></slide><slide><author>hagand</author><id>82236</id><index>835</index><type>SLIDE</type></slide><slide><author>hagand</author><id>82237</id><index>836</index><type>SLIDE</type></slide><slide><author>hagand</author><id>82238</id><index>837</index><type>SLIDE</type></slide><slide><author>hagand</author><id>82239</id><index>838</index><type>SLIDE</type></slide><slide><author>hagand</author><id>82240</id><index>839</index><type>SLIDE</type></slide><slide><author>hagand</author><id>82241</id><index>840</index><type>SLIDE</type></slide><slide><author>hagand</author><id>82242</id><index>841</index><type>SLIDE</type></slide><slide><author>hagand</author><id>82243</id><index>842</index><type>SLIDE</type></slide><slide><author>hagand</author><id>82244</id><index>843</index><type>SLIDE</type></slide><slide><author>hagand</author><id>82245</id><index>844</index><type>SLIDE</type></slide><slide><author>hagand</author><id>82246</id><index>845</index><type>SLIDE</type></slide><slide><author>hagand</author><id>82247</id><index>846</index><type>SLIDE</type></slide><slide><author>hagand</author><id>82248</id><index>847</index><type>SLIDE</type></slide><slide><author>hagand</author><id>82249</id><index>848</index><type>SLIDE</type></slide><slide><author>hagand</author><id>82250</id><index>849</index><type>SLIDE</type></slide><slide><author>hagand</author><id>82251</id><index>850</index><type>SLIDE</type></slide><slide><author>hagand</author><id>82252</id><index>851</index><type>SLIDE</type></slide><slide><author>hagand</author><id>82253</id><index>852</index><type>SLIDE</type></slide><slide><author>hagand</author><id>82254</id><index>853</index><type>SLIDE</type></slide><slide><author>hagand</author><id>82255</id><index>854</index><type>SLIDE</type></slide><slide><author>hagand</author><id>82256</id><index>855</index><type>SLIDE</type></slide><slide><author>hagand</author><id>82257</id><index>856</index><type>SLIDE</type></slide><slide><author>hagand</author><id>82258</id><index>857</index><type>SLIDE</type></slide><slide><author>hagand</author><id>82259</id><index>858</index><type>SLIDE</type></slide><slide><author>hagand</author><id>82260</id><index>859</index><type>SLIDE</type></slide><slide><author>hagand</author><id>82261</id><index>860</index><type>SLIDE</type></slide><slide><author>hagand</author><id>82262</id><index>861</index><type>SLIDE</type></slide><slide><author>hagand</author><id>82263</id><index>862</index><type>SLIDE</type></slide><slide><author>hagand</author><id>82264</id><index>863</index><type>SLIDE</type></slide><slide><author>hagand</author><id>82265</id><index>864</index><type>SLIDE</type></slide><slide><author>hagand</author><id>82266</id><index>865</index><type>SLIDE</type></slide><slide><author>hagand</author><id>82267</id><index>866</index><type>SLIDE</type></slide><slide><author>hagand</author><id>82268</id><index>867</index><type>SLIDE</type></slide><slide><author>hagand</author><id>82269</id><index>868</index><type>SLIDE</type></slide><slide><author>hagand</author><id>82270</id><index>869</index><type>SLIDE</type></slide><slide><author>hagand</author><id>82271</id><index>870</index><type>SLIDE</type></slide><slide><author>hagand</author><id>82272</id><index>871</index><type>SLIDE</type></slide><slide><author>hagand</author><id>82273</id><index>872</index><type>SLIDE</type></slide><slide><author>hagand</author><id>82274</id><index>873</index><type>SLIDE</type></slide><slide><author>hagand</author><id>82275</id><index>874</index><type>SLIDE</type></slide><slide><author>hagand</author><id>82276</id><index>875</index><type>SLIDE</type></slide><slide><author>hagand</author><id>82277</id><index>876</index><type>SLIDE</type></slide><slide><author>hagand</author><id>82278</id><index>877</index><type>SLIDE</type></slide><slide><author>hagand</author><id>82279</id><index>878</index><type>SLIDE</type></slide><slide><author>hagand</author><id>82280</id><index>879</index><type>SLIDE</type></slide><slide><author>hagand</author><id>82281</id><index>880</index><type>SLIDE</type></slide><slide><author>hagand</author><id>82282</id><index>881</index><type>SLIDE</type></slide><slide><author>hagand</author><id>82283</id><index>882</index><type>SLIDE</type></slide><slide><author>hagand</author><id>82284</id><index>883</index><type>SLIDE</type></slide><slide><author>hagand</author><id>82285</id><index>884</index><type>SLIDE</type></slide><slide><author>hagand</author><id>82286</id><index>885</index><type>SLIDE</type></slide><slide><author>hagand</author><id>82287</id><index>886</index><type>SLIDE</type></slide><slide><author>hagand</author><id>82288</id><index>887</index><type>SLIDE</type></slide><slide><author>hagand</author><id>82289</id><index>888</index><type>SLIDE</type></slide><slide><author>hagand</author><id>82290</id><index>889</index><type>SLIDE</type></slide><slide><author>hagand</author><id>82291</id><index>890</index><type>SLIDE</type></slide><slide><author>hagand</author><id>82292</id><index>891</index><type>SLIDE</type></slide><slide><author>hagand</author><id>82293</id><index>892</index><type>SLIDE</type></slide><slide><author>hagand</author><id>82294</id><index>893</index><type>SLIDE</type></slide><slide><author>hagand</author><id>82295</id><index>894</index><type>SLIDE</type></slide><slide><author>hagand</author><id>82296</id><index>895</index><type>SLIDE</type></slide><slide><author>hagand</author><id>82297</id><index>896</index><type>SLIDE</type></slide><slide><author>hagand</author><id>82298</id><index>897</index><type>SLIDE</type></slide><slide><author>hagand</author><id>82299</id><index>898</index><type>SLIDE</type></slide><slide><author>hagand</author><id>82300</id><index>899</index><type>SLIDE</type></slide><slide><author>hagand</author><id>82301</id><index>900</index><type>SLIDE</type></slide><slide><author>hagand</author><id>82302</id><index>901</index><type>SLIDE</type></slide><slide><author>hagand</author><id>82303</id><index>902</index><type>SLIDE</type></slide><slide><author>hagand</author><id>82304</id><index>903</index><type>SLIDE</type></slide><slide><author>hagand</author><id>82305</id><index>904</index><type>SLIDE</type></slide><slide><author>hagand</author><id>82306</id><index>905</index><type>SLIDE</type></slide><slide><author>hagand</author><id>82307</id><index>906</index><type>SLIDE</type></slide><slide><author>hagand</author><id>82308</id><index>907</index><type>SLIDE</type></slide><slide><author>hagand</author><id>82309</id><index>908</index><type>SLIDE</type></slide><slide><author>hagand</author><id>82310</id><index>909</index><type>SLIDE</type></slide><slide><author>hagand</author><id>82311</id><index>910</index><type>SLIDE</type></slide><slide><author>hagand</author><id>82312</id><index>911</index><type>SLIDE</type></slide><slide><author>hagand</author><id>82313</id><index>912</index><type>SLIDE</type></slide><slide><author>hagand</author><id>82314</id><index>913</index><type>SLIDE</type></slide><slide><author>hagand</author><id>82315</id><index>914</index><type>SLIDE</type></slide><slide><author>hagand</author><id>82316</id><index>915</index><type>SLIDE</type></slide><slide><author>hagand</author><id>82317</id><index>916</index><type>SLIDE</type></slide><slide><author>hagand</author><id>82318</id><index>917</index><type>SLIDE</type></slide><slide><author>hagand</author><id>82319</id><index>918</index><type>SLIDE</type></slide><slide><author>hagand</author><id>82320</id><index>919</index><type>SLIDE</type></slide><slide><author>hagand</author><id>82321</id><index>920</index><type>SLIDE</type></slide><slide><author>hagand</author><id>82322</id><index>921</index><type>SLIDE</type></slide><slide><author>hagand</author><id>82323</id><index>922</index><type>SLIDE</type></slide><slide><author>hagand</author><id>82324</id><index>923</index><type>SLIDE</type></slide><slide><author>hagand</author><id>82325</id><index>924</index><type>SLIDE</type></slide><slide><author>hagand</author><id>82326</id><index>925</index><type>SLIDE</type></slide><slide><author>hagand</author><id>82327</id><index>926</index><type>SLIDE</type></slide><slide><author>hagand</author><id>82328</id><index>927</index><type>SLIDE</type></slide><slide><author>hagand</author><id>82329</id><index>928</index><type>SLIDE</type></slide><slide><author>hagand</author><id>82330</id><index>929</index><type>SLIDE</type></slide><slide><author>hagand</author><id>82331</id><index>930</index><type>SLIDE</type></slide><slide><author>hagand</author><id>82332</id><index>931</index><type>SLIDE</type></slide><slide><author>hagand</author><id>82333</id><index>932</index><type>SLIDE</type></slide><slide><author>hagand</author><id>82334</id><index>933</index><type>SLIDE</type></slide><slide><author>hagand</author><id>82335</id><index>934</index><type>SLIDE</type></slide><slide><author>hagand</author><id>82336</id><index>935</index><type>SLIDE</type></slide><slide><author>hagand</author><id>82337</id><index>936</index><type>SLIDE</type></slide><slide><author>hagand</author><id>82338</id><index>937</index><type>SLIDE</type></slide><slide><author>hagand</author><id>82339</id><index>938</index><type>SLIDE</type></slide><slide><author>hagand</author><id>82340</id><index>939</index><type>SLIDE</type></slide><slide><author>hagand</author><id>82341</id><index>940</index><type>SLIDE</type></slide><slide><author>hagand</author><id>82342</id><index>941</index><type>SLIDE</type></slide><slide><author>hagand</author><id>82343</id><index>942</index><type>SLIDE</type></slide><slide><author>hagand</author><id>82344</id><index>943</index><type>SLIDE</type></slide><slide><author>hagand</author><id>82345</id><index>944</index><type>SLIDE</type></slide><slide><author>hagand</author><id>82346</id><index>945</index><type>SLIDE</type></slide><slide><author>hagand</author><id>82347</id><index>946</index><type>SLIDE</type></slide><slide><author>hagand</author><id>82348</id><index>947</index><type>SLIDE</type></slide><slide><author>hagand</author><id>82349</id><index>948</index><type>SLIDE</type></slide><slide><author>hagand</author><id>82350</id><index>949</index><type>SLIDE</type></slide><slide><author>hagand</author><id>82351</id><index>950</index><type>SLIDE</type></slide><slide><author>hagand</author><id>82352</id><index>951</index><type>SLIDE</type></slide><slide><author>hagand</author><id>82353</id><index>952</index><type>SLIDE</type></slide><slide><author>hagand</author><id>82354</id><index>953</index><type>SLIDE</type></slide><slide><author>hagand</author><id>82355</id><index>954</index><type>SLIDE</type></slide><slide><author>hagand</author><id>82356</id><index>955</index><type>SLIDE</type></slide><slide><author>hagand</author><id>82357</id><index>956</index><type>SLIDE</type></slide><slide><author>hagand</author><id>82358</id><index>957</index><type>SLIDE</type></slide><slide><author>hagand</author><id>82359</id><index>958</index><type>SLIDE</type></slide><slide><author>hagand</author><id>82360</id><index>959</index><type>SLIDE</type></slide><slide><author>hagand</author><id>82361</id><index>960</index><type>SLIDE</type></slide><slide><author>hagand</author><id>82362</id><index>961</index><type>SLIDE</type></slide><slide><author>hagand</author><id>82363</id><index>962</index><type>SLIDE</type></slide><slide><author>hagand</author><id>82364</id><index>963</index><type>SLIDE</type></slide><slide><author>hagand</author><id>82365</id><index>964</index><type>SLIDE</type></slide><slide><author>hagand</author><id>82366</id><index>965</index><type>SLIDE</type></slide><slide><author>hagand</author><id>82367</id><index>966</index><type>SLIDE</type></slide><slide><author>hagand</author><id>82368</id><index>967</index><type>SLIDE</type></slide><slide><author>hagand</author><id>82369</id><index>968</index><type>SLIDE</type></slide><slide><author>hagand</author><id>82370</id><index>969</index><type>SLIDE</type></slide><slide><author>hagand</author><id>82371</id><index>970</index><type>SLIDE</type></slide><slide><author>hagand</author><id>82372</id><index>971</index><type>SLIDE</type></slide><slide><author>hagand</author><id>82373</id><index>972</index><type>SLIDE</type></slide><slide><author>hagand</author><id>82374</id><index>973</index><type>SLIDE</type></slide><slide><author>hagand</author><id>82375</id><index>974</index><type>SLIDE</type></slide><slide><author>hagand</author><id>82376</id><index>975</index><type>SLIDE</type></slide><slide><author>hagand</author><id>82377</id><index>976</index><type>SLIDE</type></slide><slide><author>hagand</author><id>82378</id><index>977</index><type>SLIDE</type></slide><slide><author>hagand</author><id>82379</id><index>978</index><type>SLIDE</type></slide><slide><author>hagand</author><id>82380</id><index>979</index><type>SLIDE</type></slide><slide><author>hagand</author><id>82381</id><index>980</index><type>SLIDE</type></slide><slide><author>hagand</author><id>82382</id><index>981</index><type>SLIDE</type></slide><slide><author>hagand</author><id>82383</id><index>982</index><type>SLIDE</type></slide><slide><author>hagand</author><id>82384</id><index>983</index><type>SLIDE</type></slide><slide><author>hagand</author><id>82385</id><index>984</index><type>SLIDE</type></slide><slide><author>hagand</author><id>82386</id><index>985</index><type>SLIDE</type></slide><slide><author>hagand</author><id>82387</id><index>986</index><type>SLIDE</type></slide><slide><author>hagand</author><id>82388</id><index>987</index><type>SLIDE</type></slide><slide><author>hagand</author><id>82389</id><index>988</index><type>SLIDE</type></slide><slide><author>hagand</author><id>82390</id><index>989</index><type>SLIDE</type></slide><slide><author>hagand</author><id>82391</id><index>990</index><type>SLIDE</type></slide><slide><author>hagand</author><id>82392</id><index>991</index><type>SLIDE</type></slide><slide><author>hagand</author><id>82393</id><index>992</index><type>SLIDE</type></slide><slide><author>hagand</author><id>82394</id><index>993</index><type>SLIDE</type></slide><slide><author>hagand</author><id>82395</id><index>994</index><type>SLIDE</type></slide><slide><author>hagand</author><id>82396</id><index>995</index><type>SLIDE</type></slide><slide><author>hagand</author><id>82397</id><index>996</index><type>SLIDE</type></slide><slide><author>hagand</author><id>82398</id><index>997</index><type>SLIDE</type></slide><slide><author>hagand</author><id>82399</id><index>998</index><type>SLIDE</type></slide><slide><author>hagand</author><id>82400</id><index>999</index><type>SLIDE</type></slide></conversation>