<logCollection date='{2010,8,19}'><message xml:lang='en' to='1242409@conference.deified.adm.monash.edu.au' from='wmck@deified.adm.monash.edu.au' type='groupchat' time='1282188474068'><image xmlns='monash:metl'><tag>{&quot;author&quot;:&quot;wmck&quot;,&quot;privacy&quot;:&quot;public&quot;,&quot;id&quot;:&quot;wmck:19/08/2010 1:34:28 PM:0&quot;,&quot;isBackground&quot;:false,&quot;zIndex&quot;:0}</tag><source>/Resource/1242409/background35.jpg</source><width>720</width><height>540</height><x>0</x><y>0</y><author>wmck</author><target>presentationSpace</target><privacy>public</privacy><slide>1242409</slide><identity>wmck:19/08/2010 1:34:28 PM:0</identity></image></message><message xml:lang='en' to='1242409@conference.deified.adm.monash.edu.au' from='wmck@deified.adm.monash.edu.au' type='groupchat' time='1282188474142'><image xmlns='monash:metl'><tag>{&quot;author&quot;:&quot;wmck&quot;,&quot;privacy&quot;:&quot;public&quot;,&quot;id&quot;:&quot;wmck:19/08/2010 1:34:29 PM:1&quot;,&quot;isBackground&quot;:false,&quot;zIndex&quot;:0}</tag><source>/Resource/1242409/background36.jpg</source><width>612</width><height>87</height><x>30</x><y>21</y><author>wmck</author><target>presentationSpace</target><privacy>public</privacy><slide>1242409</slide><identity>wmck:19/08/2010 1:34:29 PM:1</identity></image></message><message xml:lang='en' to='1242409@conference.deified.adm.monash.edu.au' from='wmck@deified.adm.monash.edu.au' type='groupchat' time='1282188474783'><image xmlns='monash:metl'><tag>{&quot;author&quot;:&quot;wmck&quot;,&quot;privacy&quot;:&quot;public&quot;,&quot;id&quot;:&quot;wmck:19/08/2010 1:34:30 PM:2&quot;,&quot;isBackground&quot;:false,&quot;zIndex&quot;:0}</tag><source>/Resource/1242409/background37.jpg</source><width>540.874939</width><height>358.25</height><x>70.87504</x><y>122.375038</y><author>wmck</author><target>presentationSpace</target><privacy>public</privacy><slide>1242409</slide><identity>wmck:19/08/2010 1:34:30 PM:2</identity></image></message><message xml:lang='en' to='1242409@conference.deified.adm.monash.edu.au' from='wmck@deified.adm.monash.edu.au' type='groupchat' time='1282188893230'><ink xmlns='monash:metl'><checksum>9323.8</checksum><points>256.8 188.2 127 258.8 184.3 127 256.8 205.6 127 255.9 217.3 127 254.9 223.1 127 254.9 228.9 127 253.9 233.8 127 253 238.6 127 253 242.5 127 253 246.4 127 253 249.3 127 252 252.2 127 252 254.1 127 252 256.1 127 252 257.1 127 252 258 127 252 257.1 127 252 256.1 127 252 255.1 127</points><color>0 0 255 255</color><thickness>3</thickness><highlight>False</highlight><author>wmck</author><target>presentationSpace</target><privacy>public</privacy><slide>1242409</slide></ink></message><message xml:lang='en' to='1242409@conference.deified.adm.monash.edu.au' from='wmck@deified.adm.monash.edu.au' type='groupchat' time='1282188893676'><ink xmlns='monash:metl'><checksum>10833.5</checksum><points>244.2 243.5 127 244.2 244.4 127 247.1 257.1 127 248.1 260 127 249.1 261.9 127 250.1 263.8 127 251 264.8 127 251 265.8 127 252 265.8 127 253 266.8 127 253.9 266.8 127 254.9 266.8 127 254.9 265.8 127 256.8 264.8 127 257.8 264.8 127 258.8 263.8 127 259.8 261.9 127 261.7 261.9 127 263.6 260.9 127 264.6 260 127 266.5 259 127</points><color>0 0 255 255</color><thickness>3</thickness><highlight>False</highlight><author>wmck</author><target>presentationSpace</target><privacy>public</privacy><slide>1242409</slide></ink></message><message xml:lang='en' to='1242409@conference.deified.adm.monash.edu.au' from='wmck@deified.adm.monash.edu.au' type='groupchat' time='1282188894628'><ink xmlns='monash:metl'><checksum>2888.2</checksum><points>245.2 155.2 127 243.3 154.2 127 245.2 172.7 127 245.2 174.6 127 245.2 173.6 127 245.2 172.7 127 244.2 171.7 127</points><color>0 0 255 255</color><thickness>3</thickness><highlight>False</highlight><author>wmck</author><target>presentationSpace</target><privacy>public</privacy><slide>1242409</slide></ink></message><message xml:lang='en' to='1242409@conference.deified.adm.monash.edu.au' from='wmck@deified.adm.monash.edu.au' type='groupchat' time='1282188894935'><ink xmlns='monash:metl'><checksum>4102.3</checksum><points>239.4 159.1 127 245.2 153.3 127 253 159.1 127 253 160.1 127 251 162 127 250.1 163 127 250.1 163.9 127 248.1 164.9 127 248.1 165.9 127 247.1 165.9 127</points><color>0 0 255 255</color><thickness>3</thickness><highlight>False</highlight><author>wmck</author><target>presentationSpace</target><privacy>public</privacy><slide>1242409</slide></ink></message><message xml:lang='en' to='1242409@conference.deified.adm.monash.edu.au' from='wmck@deified.adm.monash.edu.au' type='groupchat' time='1282188895333'><ink xmlns='monash:metl'><checksum>4197.1</checksum><points>260.7 155.2 127 260.7 163.9 127 260.7 160.1 127 262.7 157.1 127 263.6 156.2 127 264.6 154.2 127 265.6 153.3 127 265.6 152.3 127 267.5 152.3 127 268.5 152.3 127</points><color>0 0 255 255</color><thickness>3</thickness><highlight>False</highlight><author>wmck</author><target>presentationSpace</target><privacy>public</privacy><slide>1242409</slide></ink></message><message xml:lang='en' to='1242409@conference.deified.adm.monash.edu.au' from='wmck@deified.adm.monash.edu.au' type='groupchat' time='1282188895545'><ink xmlns='monash:metl'><checksum>859.9</checksum><points>273.3 155.2 127 274.3 157.1 127</points><color>0 0 255 255</color><thickness>3</thickness><highlight>False</highlight><author>wmck</author><target>presentationSpace</target><privacy>public</privacy><slide>1242409</slide></ink></message><message xml:lang='en' to='1242409@conference.deified.adm.monash.edu.au' from='wmck@deified.adm.monash.edu.au' type='groupchat' time='1282188895696'><ink xmlns='monash:metl'><checksum>851.3</checksum><points>274.3 152.3 127 274.3 150.4 127</points><color>0 0 255 255</color><thickness>3</thickness><highlight>False</highlight><author>wmck</author><target>presentationSpace</target><privacy>public</privacy><slide>1242409</slide></ink></message><message xml:lang='en' to='1242409@conference.deified.adm.monash.edu.au' from='wmck@deified.adm.monash.edu.au' type='groupchat' time='1282188896252'><ink xmlns='monash:metl'><checksum>22433.5</checksum><points>274.3 152.3 127 282.1 153.3 127 283 154.2 127 284 155.2 127 284 156.2 127 285 157.1 127 285 158.1 127 285.9 159.1 127 285.9 160.1 127 285.9 159.1 127 285.9 158.1 127 285.9 157.1 127 285.9 156.2 127 285.9 155.2 127 286.9 154.2 127 286.9 153.3 127 287.9 152.3 127 288.9 151.3 127 289.8 151.3 127 290.8 152.3 127 291.8 152.3 127 291.8 153.3 127 292.7 154.2 127 292.7 155.2 127 292.7 157.1 127 293.7 157.1 127 293.7 158.1 127 293.7 159.1 127 294.7 159.1 127 294.7 158.1 127 295.6 158.1 127 295.6 157.1 127 296.6 156.2 127 296.6 155.2 127 297.6 154.2 127 298.6 153.3 127 299.5 152.3 127 300.5 151.3 127 301.5 150.4 127 302.4 150.4 127 303.4 150.4 127 304.4 151.3 127 304.4 152.3 127 305.3 152.3 127 305.3 153.3 127 306.3 154.2 127 307.3 155.2 127 307.3 156.2 127 308.3 156.2 127 309.2 156.2 127</points><color>0 0 255 255</color><thickness>3</thickness><highlight>False</highlight><author>wmck</author><target>presentationSpace</target><privacy>public</privacy><slide>1242409</slide></ink></message><message xml:lang='en' to='1242409@conference.deified.adm.monash.edu.au' from='wmck@deified.adm.monash.edu.au' type='groupchat' time='1282188896711'><ink xmlns='monash:metl'><checksum>13380.2</checksum><points>319.9 154.2 127 326.7 149.4 127 324.7 147.4 127 321.8 149.4 127 319.9 152.3 127 318.9 153.3 127 318 155.2 127 318 156.2 127 318 157.1 127 318 158.1 127 318.9 159.1 127 318.9 158.1 127 319.9 158.1 127 320.9 157.1 127 321.8 157.1 127 322.8 156.2 127 322.8 155.2 127 323.8 154.2 127 323.8 153.3 127 324.7 153.3 127 325.7 153.3 127 325.7 154.2 127 325.7 155.2 127 326.7 156.2 127 326.7 157.1 127 327.7 157.1 127 328.6 157.1 127 328.6 158.1 127</points><color>0 0 255 255</color><thickness>3</thickness><highlight>False</highlight><author>wmck</author><target>presentationSpace</target><privacy>public</privacy><slide>1242409</slide></ink></message><message xml:lang='en' to='1242409@conference.deified.adm.monash.edu.au' from='wmck@deified.adm.monash.edu.au' type='groupchat' time='1282188897380'><ink xmlns='monash:metl'><checksum>24413.5</checksum><points>340.3 147.4 127 339.3 147.4 127 339.3 157.1 127 341.2 157.1 127 342.2 156.2 127 343.2 156.2 127 345.1 154.2 127 346.1 153.3 127 347.1 152.3 127 347.1 151.3 127 348 151.3 127 348 150.4 127 348 151.3 127 348 152.3 127 348 153.3 127 349 153.3 127 349 154.2 127 350 154.2 127 350.9 155.2 127 351.9 155.2 127 352.9 154.2 127 353.8 154.2 127 354.8 153.3 127 355.8 152.3 127 356.8 151.3 127 356.8 150.4 127 357.7 149.4 127 358.7 148.4 127 358.7 147.4 127 359.7 148.4 127 359.7 149.4 127 359.7 150.4 127 359.7 151.3 127 359.7 153.3 127 359.7 155.2 127 359.7 157.1 127 359.7 159.1 127 359.7 161 127 359.7 163 127 359.7 164.9 127 358.7 166.8 127 358.7 167.8 127 356.8 168.8 127 355.8 169.8 127 352.9 171.7 127 350.9 171.7 127 349 172.7 127 347.1 172.7 127</points><color>0 0 255 255</color><thickness>3</thickness><highlight>False</highlight><author>wmck</author><target>presentationSpace</target><privacy>public</privacy><slide>1242409</slide></ink></message><message xml:lang='en' to='1242409@conference.deified.adm.monash.edu.au' from='wmck@deified.adm.monash.edu.au' type='groupchat' time='1282188898003'><ink xmlns='monash:metl'><checksum>13033.4</checksum><points>281.1 196.9 127 290.8 192.1 127 291.8 189.2 127 291.8 188.2 127 291.8 187.2 127 291.8 186.2 127 290.8 185.3 127 289.8 185.3 127 288.9 185.3 127 287.9 186.2 127 286.9 187.2 127 286.9 188.2 127 285.9 190.1 127 285.9 191.1 127 285.9 193 127 285.9 194 127 285.9 195.9 127 286.9 196.9 127 287.9 197.9 127 289.8 198.9 127 290.8 198.9 127 292.7 198.9 127 294.7 198.9 127 295.6 198.9 127 297.6 197.9 127 298.6 195.9 127 300.5 194 127</points><color>0 0 255 255</color><thickness>3</thickness><highlight>False</highlight><author>wmck</author><target>presentationSpace</target><privacy>public</privacy><slide>1242409</slide></ink></message><message xml:lang='en' to='1242409@conference.deified.adm.monash.edu.au' from='wmck@deified.adm.monash.edu.au' type='groupchat' time='1282188898651'><ink xmlns='monash:metl'><checksum>30201.9</checksum><points>305.3 179.5 127 303.4 177.5 127 305.3 199.8 127 306.3 206.6 127 307.3 209.5 127 307.3 212.4 127 307.3 214.4 127 307.3 216.3 127 307.3 217.3 127 306.3 218.3 127 305.3 218.3 127 305.3 219.2 127 304.4 218.3 127 303.4 218.3 127 302.4 217.3 127 301.5 217.3 127 300.5 216.3 127 300.5 214.4 127 299.5 213.4 127 299.5 212.4 127 299.5 211.5 127 299.5 209.5 127 299.5 208.6 127 300.5 206.6 127 301.5 205.6 127 301.5 204.7 127 303.4 203.7 127 304.4 202.7 127 305.3 200.8 127 307.3 199.8 127 308.3 197.9 127 310.2 195.9 127 311.2 194 127 313.1 192.1 127 314.1 190.1 127 315 188.2 127 316 185.3 127 317 184.3 127 317 182.4 127 317 181.4 127 317 180.4 127 317 181.4 127 317 182.4 127 316 184.3 127 316 186.2 127 316 189.2 127 316 192.1 127 316 195 127 316 197.9 127 316 200.8 127 317 203.7 127 317 206.6 127 317 208.6 127 317 210.5 127 317 211.5 127 317 212.4 127 317 213.4 127 316 212.4 127 315 211.5 127</points><color>0 0 255 255</color><thickness>3</thickness><highlight>False</highlight><author>wmck</author><target>presentationSpace</target><privacy>public</privacy><slide>1242409</slide></ink></message><message xml:lang='en' to='1242409@conference.deified.adm.monash.edu.au' from='wmck@deified.adm.monash.edu.au' type='groupchat' time='1282188898996'><ink xmlns='monash:metl'><checksum>11029.6</checksum><points>312.1 203.7 127 313.1 201.8 127 328.6 196.9 127 330.6 194 127 331.5 193 127 331.5 192.1 127 330.6 191.1 127 330.6 192.1 127 329.6 192.1 127 328.6 193 127 327.7 195 127 326.7 195.9 127 326.7 196.9 127 326.7 198.9 127 326.7 199.8 127 326.7 200.8 127 327.7 201.8 127 328.6 202.7 127 330.6 203.7 127 331.5 202.7 127 332.5 202.7 127</points><color>0 0 255 255</color><thickness>3</thickness><highlight>False</highlight><author>wmck</author><target>presentationSpace</target><privacy>public</privacy><slide>1242409</slide></ink></message><message xml:lang='en' to='1242409@conference.deified.adm.monash.edu.au' from='wmck@deified.adm.monash.edu.au' type='groupchat' time='1282188899456'><ink xmlns='monash:metl'><checksum>16970.9</checksum><points>342.2 194 127 341.2 192.1 127 342.2 204.7 127 345.1 203.7 127 347.1 202.7 127 348 201.8 127 350 199.8 127 350.9 197.9 127 351.9 195.9 127 352.9 194 127 353.8 192.1 127 353.8 190.1 127 353.8 188.2 127 353.8 187.2 127 353.8 186.2 127 353.8 185.3 127 353.8 186.2 127 353.8 187.2 127 353.8 188.2 127 353.8 190.1 127 353.8 192.1 127 353.8 194 127 353.8 195.9 127 354.8 196.9 127 354.8 198.9 127 354.8 200.8 127 354.8 201.8 127 354.8 202.7 127 354.8 203.7 127 354.8 204.7 127 353.8 203.7 127</points><color>0 0 255 255</color><thickness>3</thickness><highlight>False</highlight><author>wmck</author><target>presentationSpace</target><privacy>public</privacy><slide>1242409</slide></ink></message><message xml:lang='en' to='1242409@conference.deified.adm.monash.edu.au' from='wmck@deified.adm.monash.edu.au' type='groupchat' time='1282188899640'><ink xmlns='monash:metl'><checksum>1645.5</checksum><points>349 199.8 127 349 198.9 127 350.9 197.9 127</points><color>0 0 255 255</color><thickness>3</thickness><highlight>False</highlight><author>wmck</author><target>presentationSpace</target><privacy>public</privacy><slide>1242409</slide></ink></message><message xml:lang='en' to='1242409@conference.deified.adm.monash.edu.au' from='wmck@deified.adm.monash.edu.au' type='groupchat' time='1282188902592'><ink xmlns='monash:metl'><checksum>11519.5</checksum><points>514.9 165.9 127 513.9 163 127 517.8 174.6 127 519.7 182.4 127 522.6 190.1 127 523.6 194 127 524.6 196.9 127 526.5 202.7 127 527.5 204.7 127 528.4 206.6 127 529.4 208.6 127 529.4 210.5 127 528.4 209.5 127 527.5 208.6 127 526.5 207.6 127 525.5 207.6 127</points><color>0 0 255 255</color><thickness>3</thickness><highlight>False</highlight><author>wmck</author><target>presentationSpace</target><privacy>public</privacy><slide>1242409</slide></ink></message><message xml:lang='en' to='1242409@conference.deified.adm.monash.edu.au' from='wmck@deified.adm.monash.edu.au' type='groupchat' time='1282188902982'><ink xmlns='monash:metl'><checksum>13534.7</checksum><points>516.8 200.8 127 530.4 219.2 127 532.3 221.2 127 533.3 221.2 127 534.3 221.2 127 535.2 221.2 127 536.2 220.2 127 536.2 219.2 127 537.2 218.3 127 538.1 216.3 127 539.1 215.3 127 540.1 213.4 127 542 212.4 127 542 210.5 127 544 210.5 127 544 208.6 127 544.9 207.6 127 544.9 206.6 127</points><color>0 0 255 255</color><thickness>3</thickness><highlight>False</highlight><author>wmck</author><target>presentationSpace</target><privacy>public</privacy><slide>1242409</slide></ink></message><message xml:lang='en' to='1242409@conference.deified.adm.monash.edu.au' from='wmck@deified.adm.monash.edu.au' type='groupchat' time='1282188903693'><ink xmlns='monash:metl'><checksum>6465.3</checksum><points>558.5 143.6 127 557.5 159.1 127 557.5 163 127 556.6 163.9 127 556.6 164.9 127 556.6 165.9 127 556.6 164.9 127 556.6 163.9 127 556.6 163 127</points><color>0 0 255 255</color><thickness>3</thickness><highlight>False</highlight><author>wmck</author><target>presentationSpace</target><privacy>public</privacy><slide>1242409</slide></ink></message><message xml:lang='en' to='1242409@conference.deified.adm.monash.edu.au' from='wmck@deified.adm.monash.edu.au' type='groupchat' time='1282188904178'><ink xmlns='monash:metl'><checksum>19431.9</checksum><points>552.7 148.4 127 565.3 136.8 127 569.2 139.7 127 570.2 143.6 127 570.2 145.5 127 569.2 146.5 127 568.2 148.4 127 567.2 150.4 127 565.3 151.3 127 564.3 152.3 127 562.4 153.3 127 561.4 153.3 127 560.5 153.3 127 559.5 153.3 127 560.5 154.2 127 561.4 155.2 127 562.4 156.2 127 563.4 158.1 127 564.3 159.1 127 566.3 160.1 127 567.2 161 127 568.2 162 127 569.2 163 127 570.2 163 127 571.1 163 127 572.1 163.9 127 572.1 163 127</points><color>0 0 255 255</color><thickness>3</thickness><highlight>False</highlight><author>wmck</author><target>presentationSpace</target><privacy>public</privacy><slide>1242409</slide></ink></message><message xml:lang='en' to='1242409@conference.deified.adm.monash.edu.au' from='wmck@deified.adm.monash.edu.au' type='groupchat' time='1282188904598'><ink xmlns='monash:metl'><checksum>17041.2</checksum><points>574 161 127 575 162 127 585.7 155.2 127 584.7 153.3 127 583.7 153.3 127 582.8 153.3 127 580.8 153.3 127 579.9 154.2 127 578.9 155.2 127 578.9 157.1 127 577.9 158.1 127 577.9 159.1 127 577.9 161 127 577.9 162 127 578.9 163 127 579.9 163.9 127 580.8 164.9 127 581.8 164.9 127 582.8 164.9 127 583.7 164.9 127 585.7 164.9 127 586.6 163.9 127 588.6 163 127</points><color>0 0 255 255</color><thickness>3</thickness><highlight>False</highlight><author>wmck</author><target>presentationSpace</target><privacy>public</privacy><slide>1242409</slide></ink></message><message xml:lang='en' to='1242409@conference.deified.adm.monash.edu.au' from='wmck@deified.adm.monash.edu.au' type='groupchat' time='1282188905124'><ink xmlns='monash:metl'><checksum>32305</checksum><points>598.3 158.1 127 600.2 157.1 127 599.3 156.2 127 596.3 159.1 127 596.3 161 127 596.3 162 127 596.3 163 127 597.3 163.9 127 598.3 163.9 127 599.3 164.9 127 600.2 164.9 127 602.2 164.9 127 603.1 164.9 127 605.1 163.9 127 606 163.9 127 608 163 127 609.9 162 127 610.9 161 127 611.9 160.1 127 612.8 158.1 127 612.8 157.1 127 612.8 156.2 127 612.8 155.2 127 611.9 155.2 127 610.9 155.2 127 610.9 156.2 127 609.9 157.1 127 609 158.1 127 609 159.1 127 609 160.1 127 609 161 127 609 162 127 609.9 163 127 611.9 163.9 127 612.8 163.9 127 614.8 163.9 127 615.7 163.9 127 618.7 163.9 127 619.6 163 127 621.6 162 127 623.5 161 127 624.5 160.1 127</points><color>0 0 255 255</color><thickness>3</thickness><highlight>False</highlight><author>wmck</author><target>presentationSpace</target><privacy>public</privacy><slide>1242409</slide></ink></message><message xml:lang='en' to='1242409@conference.deified.adm.monash.edu.au' from='wmck@deified.adm.monash.edu.au' type='groupchat' time='1282188905449'><ink xmlns='monash:metl'><checksum>10354.1</checksum><points>628.4 157.1 127 628.4 163.9 127 630.3 161 127 632.2 160.1 127 633.2 160.1 127 634.2 160.1 127 635.1 161 127 636.1 161 127 637.1 162 127 638.1 163 127 639 163.9 127 640 163.9 127 641 163.9 127</points><color>0 0 255 255</color><thickness>3</thickness><highlight>False</highlight><author>wmck</author><target>presentationSpace</target><privacy>public</privacy><slide>1242409</slide></ink></message><message xml:lang='en' to='1242409@conference.deified.adm.monash.edu.au' from='wmck@deified.adm.monash.edu.au' type='groupchat' time='1282188906022'><ink xmlns='monash:metl'><checksum>33950.3</checksum><points>645.8 160.1 127 645.8 164.9 127 646.8 164.9 127 648.7 163.9 127 649.7 163.9 127 650.7 163.9 127 651.6 163 127 652.6 163 127 653.6 163.9 127 654.6 163.9 127 655.5 164.9 127 656.5 164.9 127 657.5 164.9 127 658.4 164.9 127 659.4 164.9 127 660.4 163.9 127 661.3 163 127 662.3 163 127 662.3 162 127 663.3 161 127 664.3 160.1 127 664.3 161 127 664.3 162 127 664.3 163 127 664.3 164.9 127 664.3 167.8 127 664.3 169.8 127 663.3 172.7 127 663.3 175.6 127 663.3 178.5 127 663.3 180.4 127 662.3 183.3 127 661.3 185.3 127 660.4 186.2 127 658.4 187.2 127 656.5 188.2 127 654.6 188.2 127 652.6 189.2 127 650.7 188.2 127 647.8 188.2 127 645.8 187.2 127</points><color>0 0 255 255</color><thickness>3</thickness><highlight>False</highlight><author>wmck</author><target>presentationSpace</target><privacy>public</privacy><slide>1242409</slide></ink></message><message xml:lang='en' to='1242409@conference.deified.adm.monash.edu.au' from='wmck@deified.adm.monash.edu.au' type='groupchat' time='1282188907341'><ink xmlns='monash:metl'><checksum>91914.7</checksum><points>592.5 206.6 127 593.4 209.5 127 603.1 198.9 127 602.2 197.9 127 601.2 197.9 127 600.2 197.9 127 598.3 198.9 127 597.3 199.8 127 597.3 200.8 127 596.3 202.7 127 596.3 203.7 127 596.3 205.6 127 597.3 206.6 127 598.3 208.6 127 600.2 209.5 127 602.2 209.5 127 604.1 209.5 127 606 209.5 127 608 209.5 127 609.9 208.6 127 611.9 206.6 127 613.8 203.7 127 614.8 201.8 127 615.7 199.8 127 615.7 198.9 127 615.7 196.9 127 614.8 196.9 127 614.8 197.9 127 614.8 198.9 127 613.8 203.7 127 613.8 206.6 127 613.8 213.4 127 613.8 217.3 127 613.8 221.2 127 613.8 225 127 613.8 230.9 127 613.8 233.8 127 612.8 237.7 127 611.9 238.6 127 610.9 238.6 127 609 238.6 127 607 237.7 127 607 235.7 127 606 233.8 127 607 231.8 127 608 228.9 127 609.9 227 127 610.9 224.1 127 612.8 222.1 127 614.8 219.2 127 616.7 216.3 127 621.6 210.5 127 625.4 205.6 127 626.4 203.7 127 627.4 201.8 127 628.4 199.8 127 628.4 198.9 127 629.3 200.8 127 628.4 204.7 127 628.4 207.6 127 628.4 213.4 127 628.4 219.2 127 628.4 222.1 127 628.4 225 127 628.4 227 127 628.4 228 127 628.4 228.9 127 627.4 229.9 127 627.4 228.9 127 626.4 228 127 625.4 227 127 624.5 225 127 624.5 224.1 127 622.5 222.1 127 621.6 221.2 127 620.6 220.2 127 619.6 219.2 127 620.6 219.2 127 621.6 219.2 127 622.5 219.2 127 624.5 219.2 127 626.4 219.2 127 628.4 219.2 127 630.3 219.2 127 632.2 219.2 127 634.2 219.2 127 636.1 218.3 127 638.1 217.3 127 640 216.3 127 641 214.4 127 641.9 213.4 127 641.9 212.4 127 642.9 211.5 127 642.9 210.5 127 641.9 209.5 127 641 209.5 127 640 210.5 127 639 210.5 127 638.1 212.4 127 637.1 213.4 127 636.1 214.4 127 636.1 216.3 127 635.1 217.3 127 636.1 219.2 127 636.1 220.2 127 637.1 221.2 127 638.1 221.2 127 640 221.2 127 641 221.2 127 642.9 221.2 127</points><color>0 0 255 255</color><thickness>3</thickness><highlight>False</highlight><author>wmck</author><target>presentationSpace</target><privacy>public</privacy><slide>1242409</slide></ink></message><message xml:lang='en' to='1242409@conference.deified.adm.monash.edu.au' from='wmck@deified.adm.monash.edu.au' type='groupchat' time='1282188907754'><ink xmlns='monash:metl'><checksum>23734.9</checksum><points>651.6 214.4 127 650.7 214.4 127 652.6 225 127 655.5 224.1 127 659.4 222.1 127 661.3 221.2 127 662.3 219.2 127 663.3 216.3 127 664.3 214.4 127 664.3 212.4 127 665.2 210.5 127 665.2 208.6 127 665.2 207.6 127 665.2 206.6 127 664.3 207.6 127 664.3 208.6 127 664.3 209.5 127 664.3 211.5 127 664.3 213.4 127 664.3 215.3 127 664.3 217.3 127 665.2 221.2 127 666.2 222.1 127 666.2 224.1 127 666.2 225 127 667.2 225 127 666.2 224.1 127</points><color>0 0 255 255</color><thickness>3</thickness><highlight>False</highlight><author>wmck</author><target>presentationSpace</target><privacy>public</privacy><slide>1242409</slide></ink></message><message xml:lang='en' to='1242409@conference.deified.adm.monash.edu.au' from='wmck@deified.adm.monash.edu.au' type='groupchat' time='1282188907940'><ink xmlns='monash:metl'><checksum>1757.2</checksum><points>662.3 216.3 127 663.3 215.3 127</points><color>0 0 255 255</color><thickness>3</thickness><highlight>False</highlight><author>wmck</author><target>presentationSpace</target><privacy>public</privacy><slide>1242409</slide></ink></message><message xml:lang='en' to='1242409@conference.deified.adm.monash.edu.au' from='wmck@deified.adm.monash.edu.au' type='groupchat' time='1282188908069'><ink xmlns='monash:metl'><checksum>1777.6</checksum><points>676.9 212.4 127 675.9 212.4 127</points><color>0 0 255 255</color><thickness>3</thickness><highlight>False</highlight><author>wmck</author><target>presentationSpace</target><privacy>public</privacy><slide>1242409</slide></ink></message><message xml:lang='en' to='1242409@conference.deified.adm.monash.edu.au' from='wmck@deified.adm.monash.edu.au' type='groupchat' time='1282188909440'><ink xmlns='monash:metl'><checksum>1659.9</checksum><points>348 192.1 127 363.5 195.9 127 364.5 195.9 127</points><color>0 0 255 255</color><thickness>3</thickness><highlight>False</highlight><author>wmck</author><target>presentationSpace</target><privacy>public</privacy><slide>1242409</slide></ink></message><message xml:lang='en' to='1242409@conference.deified.adm.monash.edu.au' from='wmck@deified.adm.monash.edu.au' type='groupchat' time='1282188911983'><ink xmlns='monash:metl'><checksum>71667.4</checksum><points>219 226 127 222.9 238.6 127 223.9 242.5 127 224.8 244.4 127 226.8 246.4 127 227.7 248.3 127 229.7 250.3 127 231.6 253.2 127 233.6 255.1 127 235.5 257.1 127 238.4 260 127 240.4 261.9 127 243.3 264.8 127 245.2 267.7 127 248.1 270.6 127 251 273.5 127 253.9 276.5 127 256.8 279.4 127 259.8 282.3 127 262.7 286.2 127 266.5 289.1 127 269.5 292.9 127 273.3 295.9 127 276.2 299.7 127 280.1 302.6 127 284 306.5 127 286.9 309.4 127 290.8 312.3 127 294.7 315.3 127 298.6 318.2 127 302.4 321.1 127 306.3 324 127 310.2 325.9 127 314.1 328.8 127 318 331.7 127 321.8 333.7 127 325.7 335.6 127 328.6 337.6 127 332.5 339.5 127 336.4 341.4 127 340.3 342.4 127 344.1 343.4 127 348 344.4 127 350.9 345.3 127 354.8 346.3 127 358.7 346.3 127 362.6 347.3 127 366.5 347.3 127 370.3 347.3 127 378.1 347.3 127 385.9 345.3 127 389.7 345.3 127 393.6 343.4 127 397.5 342.4 127 401.4 341.4 127 409.1 337.6 127 413 335.6 127 416.9 332.7 127 420.8 330.8 127 424.7 327.9 127 428.5 325 127 432.4 321.1 127 440.2 314.3 127 447.9 306.5 127 452.8 302.6 127 456.7 298.8 127 461.5 294.9 127 469.3 285.2 127 474.1 281.3 127 478 276.5 127 481.9 271.6 127 485.8 267.7 127 489.6 262.9 127 493.5 259 127 496.4 254.1 127 503.2 246.4 127 507.1 242.5 127 510 238.6 127 515.8 230.9 127 518.7 227 127 521.7 223.1 127 523.6 219.2 127 526.5 215.3 127 528.4 211.5 127 531.4 208.6 127 533.3 205.6 127 535.2 201.8 127 537.2 198.9 127 539.1 196.9 127 541.1 194 127 542 192.1 127 544 190.1 127 544.9 188.2 127 545.9 187.2 127 547.8 184.3 127 548.8 183.3 127 549.8 182.4 127 549.8 180.4 127 550.8 179.5 127 550.8 178.5 127 551.7 178.5 127 551.7 177.5 127 552.7 176.5 127 552.7 175.6 127 552.7 174.6 127 553.7 174.6 127 552.7 174.6 127</points><color>0 0 255 255</color><thickness>3</thickness><highlight>False</highlight><author>wmck</author><target>presentationSpace</target><privacy>public</privacy><slide>1242409</slide></ink></message><message xml:lang='en' to='1242409@conference.deified.adm.monash.edu.au' from='wmck@deified.adm.monash.edu.au' type='groupchat' time='1282188914232'><ink xmlns='monash:metl'><checksum>11328.2</checksum><points>377.1 357.9 127 376.2 362.8 127 377.1 368.6 127 377.1 371.5 127 377.1 374.4 127 377.1 376.4 127 377.1 379.3 127 377.1 381.2 127 377.1 383.2 127 377.1 384.1 127 377.1 385.1 127 377.1 386.1 127 377.1 387 127 377.1 388 127 377.1 387 127</points><color>0 0 255 255</color><thickness>3</thickness><highlight>False</highlight><author>wmck</author><target>presentationSpace</target><privacy>public</privacy><slide>1242409</slide></ink></message><message xml:lang='en' to='1242409@conference.deified.adm.monash.edu.au' from='wmck@deified.adm.monash.edu.au' type='groupchat' time='1282188914650'><ink xmlns='monash:metl'><checksum>12604.4</checksum><points>367.4 371.5 127 366.5 369.6 127 378.1 353.1 127 380 352.1 127 381 352.1 127 382 353.1 127 382.9 354.1 127 382.9 355 127 383.9 356 127 384.9 357.9 127 385.9 358.9 127 386.8 359.9 127 386.8 360.8 127 387.8 360.8 127 388.8 361.8 127 389.7 361.8 127 389.7 360.8 127</points><color>0 0 255 255</color><thickness>3</thickness><highlight>False</highlight><author>wmck</author><target>presentationSpace</target><privacy>public</privacy><slide>1242409</slide></ink></message><message xml:lang='en' to='1242409@conference.deified.adm.monash.edu.au' from='wmck@deified.adm.monash.edu.au' type='groupchat' time='1282188914801'><ink xmlns='monash:metl'><checksum>1502.1</checksum><points>390.7 360.8 127 390.7 359.9 127</points><color>0 0 255 255</color><thickness>3</thickness><highlight>False</highlight><author>wmck</author><target>presentationSpace</target><privacy>public</privacy><slide>1242409</slide></ink></message><message xml:lang='en' to='1242409@conference.deified.adm.monash.edu.au' from='wmck@deified.adm.monash.edu.au' type='groupchat' time='1282188921586'><ink xmlns='monash:metl'><checksum>8733.5</checksum><points>573.9 249.3 127 579.7 271.6 127 584.6 288.1 127 586.5 295.9 127 586.5 296.8 127 586.5 297.8 127 587.5 298.8 127 586.5 297.8 127 586.5 296.8 127 586.5 295.9 127</points><color>0 0 255 255</color><thickness>3</thickness><highlight>False</highlight><author>wmck</author><target>presentationSpace</target><privacy>public</privacy><slide>1242409</slide></ink></message><message xml:lang='en' to='1242409@conference.deified.adm.monash.edu.au' from='wmck@deified.adm.monash.edu.au' type='groupchat' time='1282188923583'><ink xmlns='monash:metl'><checksum>11265.1</checksum><points>581.7 248.3 127 576.8 266.8 127 576.8 276.5 127 576.8 280.3 127 577.8 284.2 127 578.8 287.1 127 580.7 290 127 582.6 292 127 584.6 292.9 127 586.5 293.9 127 588.5 293.9 127 590.4 292.9 127 592.3 292 127</points><color>0 0 255 255</color><thickness>3</thickness><highlight>False</highlight><author>wmck</author><target>presentationSpace</target><privacy>public</privacy><slide>1242409</slide></ink></message><message xml:lang='en' to='1242409@conference.deified.adm.monash.edu.au' from='wmck@deified.adm.monash.edu.au' type='groupchat' time='1282188923992'><ink xmlns='monash:metl'><checksum>18623.6</checksum><points>604.9 266.8 127 600.1 270.6 127 602 273.5 127 603 274.5 127 604.9 275.5 127 606.9 276.5 127 608.8 277.4 127 609.8 278.4 127 611.7 279.4 127 612.7 280.3 127 612.7 281.3 127 612.7 282.3 127 611.7 283.2 127 609.8 284.2 127 608.8 284.2 127 606.9 285.2 127 605.9 285.2 127 604.9 285.2 127 604 284.2 127 604 283.2 127 604 282.3 127</points><color>0 0 255 255</color><thickness>3</thickness><highlight>False</highlight><author>wmck</author><target>presentationSpace</target><privacy>public</privacy><slide>1242409</slide></ink></message><message xml:lang='en' to='1242409@conference.deified.adm.monash.edu.au' from='wmck@deified.adm.monash.edu.au' type='groupchat' time='1282188924210'><ink xmlns='monash:metl'><checksum>1767.6</checksum><points>618.5 264.8 127 620.5 263.8 127</points><color>0 0 255 255</color><thickness>3</thickness><highlight>False</highlight><author>wmck</author><target>presentationSpace</target><privacy>public</privacy><slide>1242409</slide></ink></message><message xml:lang='en' to='1242409@conference.deified.adm.monash.edu.au' from='wmck@deified.adm.monash.edu.au' type='groupchat' time='1282188924867'><ink xmlns='monash:metl'><checksum>50823</checksum><points>615.6 268.7 127 631.1 258 127 632.1 260.9 127 633.1 263.8 127 634 265.8 127 634 267.7 127 634 269.7 127 635 270.6 127 635 271.6 127 635 272.6 127 636 271.6 127 636 269.7 127 637 268.7 127 637 266.8 127 637 264.8 127 637 263.8 127 637.9 261.9 127 637.9 260.9 127 637.9 260 127 638.9 260 127 639.9 260.9 127 639.9 261.9 127 640.8 262.9 127 640.8 263.8 127 641.8 264.8 127 641.8 265.8 127 642.8 266.8 127 643.7 267.7 127 644.7 267.7 127 645.7 266.8 127 646.7 265.8 127 646.7 263.8 127 647.6 261.9 127 648.6 260 127 649.6 258 127 649.6 256.1 127 650.5 255.1 127 651.5 253.2 127 651.5 252.2 127 652.5 252.2 127 652.5 253.2 127 653.4 254.1 127 653.4 255.1 127 654.4 256.1 127 654.4 258 127 655.4 259 127 656.4 260.9 127 657.3 261.9 127 657.3 262.9 127 658.3 263.8 127 658.3 264.8 127 659.3 264.8 127 658.3 263.8 127 659.3 262.9 127 659.3 261.9 127 659.3 260 127</points><color>0 0 255 255</color><thickness>3</thickness><highlight>False</highlight><author>wmck</author><target>presentationSpace</target><privacy>public</privacy><slide>1242409</slide></ink></message><message xml:lang='en' to='1242409@conference.deified.adm.monash.edu.au' from='wmck@deified.adm.monash.edu.au' type='groupchat' time='1282188925119'><ink xmlns='monash:metl'><checksum>9252</checksum><points>659.3 248.3 127 660.2 244.4 127 662.2 244.4 127 671.9 254.1 127 672.8 258 127 672.8 259 127 672.8 260.9 127 673.8 262.9 127 672.8 263.8 127 672.8 264.8 127</points><color>0 0 255 255</color><thickness>3</thickness><highlight>False</highlight><author>wmck</author><target>presentationSpace</target><privacy>public</privacy><slide>1242409</slide></ink></message><message xml:lang='en' to='1242409@conference.deified.adm.monash.edu.au' from='wmck@deified.adm.monash.edu.au' type='groupchat' time='1282188927246'><ink xmlns='monash:metl'><checksum>6116.1</checksum><points>304.2 230.9 127 291.6 252.2 127 292.6 257.1 127 293.6 259 127 295.5 260.9 127 296.5 261.9 127 298.4 262.9 127 299.4 262.9 127 301.3 262.9 127 302.3 262.9 127 304.2 262.9 127</points><color>0 0 255 255</color><thickness>3</thickness><highlight>False</highlight><author>wmck</author><target>presentationSpace</target><privacy>public</privacy><slide>1242409</slide></ink></message><message xml:lang='en' to='1242409@conference.deified.adm.monash.edu.au' from='wmck@deified.adm.monash.edu.au' type='groupchat' time='1282188927577'><ink xmlns='monash:metl'><checksum>8608.7</checksum><points>313.9 243.5 127 314.9 241.5 127 313.9 254.1 127 314.9 256.1 127 315.9 257.1 127 316.9 257.1 127 318.8 256.1 127 319.8 256.1 127 321.7 255.1 127 322.7 254.1 127 324.6 254.1 127 326.6 253.2 127 328.5 253.2 127 329.5 252.2 127 330.4 252.2 127</points><color>0 0 255 255</color><thickness>3</thickness><highlight>False</highlight><author>wmck</author><target>presentationSpace</target><privacy>public</privacy><slide>1242409</slide></ink></message><message xml:lang='en' to='1242409@conference.deified.adm.monash.edu.au' from='wmck@deified.adm.monash.edu.au' type='groupchat' time='1282188927797'><ink xmlns='monash:metl'><checksum>1169.1</checksum><points>337.2 246.4 127 337.2 248.3 127</points><color>0 0 255 255</color><thickness>3</thickness><highlight>False</highlight><author>wmck</author><target>presentationSpace</target><privacy>public</privacy><slide>1242409</slide></ink></message><message xml:lang='en' to='1242409@conference.deified.adm.monash.edu.au' from='wmck@deified.adm.monash.edu.au' type='groupchat' time='1282188928458'><ink xmlns='monash:metl'><checksum>32544.4</checksum><points>330.4 246.4 127 346 237.7 127 347.9 241.5 127 347.9 245.4 127 347.9 247.4 127 347.9 248.3 127 347.9 249.3 127 347.9 250.3 127 347.9 251.2 127 348.9 250.3 127 348.9 249.3 127 349.8 248.3 127 349.8 247.4 127 350.8 245.4 127 351.8 243.5 127 351.8 241.5 127 353.7 239.6 127 353.7 238.6 127 354.7 239.6 127 354.7 240.6 127 355.7 241.5 127 355.7 243.5 127 355.7 244.4 127 355.7 245.4 127 356.6 246.4 127 356.6 247.4 127 357.6 247.4 127 357.6 246.4 127 358.6 245.4 127 359.5 244.4 127 360.5 242.5 127 361.5 240.6 127 362.4 238.6 127 363.4 236.7 127 364.4 235.7 127 365.4 233.8 127 366.3 233.8 127 367.3 232.8 127 367.3 233.8 127 368.3 234.7 127 368.3 235.7 127 369.2 237.7 127 369.2 239.6 127 370.2 241.5 127 370.2 243.5 127 371.2 244.4 127 371.2 246.4 127 371.2 248.3 127 372.1 249.3 127 372.1 250.3 127 372.1 251.2 127 373.1 250.3 127 373.1 249.3 127 373.1 247.4 127</points><color>0 0 255 255</color><thickness>3</thickness><highlight>False</highlight><author>wmck</author><target>presentationSpace</target><privacy>public</privacy><slide>1242409</slide></ink></message><message xml:lang='en' to='1242409@conference.deified.adm.monash.edu.au' from='wmck@deified.adm.monash.edu.au' type='groupchat' time='1282188928755'><ink xmlns='monash:metl'><checksum>5603.6</checksum><points>370.2 226 127 372.1 224.1 127 383.8 240.6 127 383.8 245.4 127 382.8 247.4 127 381.8 249.3 127 380.9 251.2 127 379.9 252.2 127 380.9 251.2 127</points><color>0 0 255 255</color><thickness>3</thickness><highlight>False</highlight><author>wmck</author><target>presentationSpace</target><privacy>public</privacy><slide>1242409</slide></ink></message><message xml:lang='en' to='1242409@conference.deified.adm.monash.edu.au' from='wmck@deified.adm.monash.edu.au' type='groupchat' time='1282188928954'><ink xmlns='monash:metl'><checksum>636</checksum><points>392.5 243.5 127</points><color>0 0 255 255</color><thickness>3</thickness><highlight>False</highlight><author>wmck</author><target>presentationSpace</target><privacy>public</privacy><slide>1242409</slide></ink></message><message xml:lang='en' to='1242409@conference.deified.adm.monash.edu.au' from='wmck@deified.adm.monash.edu.au' type='groupchat' time='1282188929554'><ink xmlns='monash:metl'><checksum>6421.8</checksum><points>294.5 284.2 127 293.6 283.2 127 297.5 293.9 127 297.5 289.1 127 299.4 285.2 127 300.4 283.2 127 301.3 282.3 127 302.3 281.3 127 303.3 279.4 127 305.2 279.4 127 306.2 279.4 127</points><color>0 0 255 255</color><thickness>3</thickness><highlight>False</highlight><author>wmck</author><target>presentationSpace</target><privacy>public</privacy><slide>1242409</slide></ink></message><message xml:lang='en' to='1242409@conference.deified.adm.monash.edu.au' from='wmck@deified.adm.monash.edu.au' type='groupchat' time='1282188930966'><ink xmlns='monash:metl'><checksum>87851.8000000001</checksum><points>305.2 288.1 127 307.2 289.1 127 313.9 279.4 127 311 283.2 127 311 286.2 127 312 288.1 127 313 289.1 127 313.9 290 127 314.9 290 127 316.9 290 127 317.8 290 127 319.8 289.1 127 320.7 288.1 127 321.7 287.1 127 322.7 285.2 127 323.6 283.2 127 323.6 281.3 127 323.6 279.4 127 324.6 277.4 127 324.6 276.5 127 324.6 274.5 127 325.6 275.5 127 325.6 276.5 127 326.6 278.4 127 326.6 279.4 127 327.5 281.3 127 327.5 283.2 127 328.5 285.2 127 328.5 287.1 127 328.5 288.1 127 328.5 289.1 127 329.5 288.1 127 329.5 287.1 127 330.4 286.2 127 330.4 285.2 127 331.4 284.2 127 332.4 283.2 127 333.3 283.2 127 333.3 284.2 127 334.3 284.2 127 335.3 285.2 127 336.3 285.2 127 337.2 286.2 127 338.2 286.2 127 339.2 286.2 127 341.1 285.2 127 342.1 285.2 127 344 284.2 127 345 283.2 127 346 282.3 127 346.9 281.3 127 347.9 279.4 127 348.9 278.4 127 348.9 277.4 127 348.9 276.5 127 348.9 275.5 127 347.9 274.5 127 346.9 274.5 127 346 275.5 127 345 276.5 127 345 278.4 127 345 279.4 127 346 280.3 127 346 281.3 127 346.9 282.3 127 348.9 282.3 127 350.8 283.2 127 352.7 283.2 127 354.7 283.2 127 357.6 282.3 127 359.5 282.3 127 361.5 281.3 127 364.4 279.4 127 365.4 278.4 127 366.3 276.5 127 367.3 275.5 127 367.3 273.5 127 367.3 272.6 127 366.3 271.6 127 365.4 270.6 127 364.4 270.6 127 363.4 271.6 127 362.4 272.6 127 361.5 273.5 127 360.5 274.5 127 359.5 276.5 127 359.5 278.4 127 359.5 279.4 127 359.5 280.3 127 359.5 281.3 127 360.5 282.3 127 361.5 282.3 127 362.4 282.3 127 363.4 282.3 127 364.4 281.3 127 365.4 280.3 127 366.3 279.4 127 367.3 278.4 127 368.3 277.4 127 368.3 276.5 127 369.2 275.5 127 369.2 274.5 127 370.2 274.5 127 370.2 275.5 127 370.2 276.5 127 371.2 277.4 127 372.1 278.4 127 372.1 279.4 127 373.1 280.3 127 374.1 280.3 127 375.1 280.3 127 375.1 279.4 127 376 278.4 127 377 277.4 127 378 276.5 127 378.9 274.5 127 378.9 273.5 127 379.9 271.6 127 380.9 269.7 127 381.8 268.7 127 381.8 267.7 127 382.8 266.8 127 381.8 267.7 127 381.8 268.7 127 380.9 269.7 127 380.9 270.6 127 379.9 271.6 127 379.9 273.5 127 380.9 274.5 127 380.9 275.5 127 381.8 277.4 127 382.8 278.4 127 383.8 279.4 127 384.8 280.3 127 384.8 281.3 127 385.7 282.3 127 384.8 283.2 127 382.8 282.3 127 382.8 281.3 127</points><color>0 0 255 255</color><thickness>3</thickness><highlight>False</highlight><author>wmck</author><target>presentationSpace</target><privacy>public</privacy><slide>1242409</slide></ink></message><message xml:lang='en' to='1242409@conference.deified.adm.monash.edu.au' from='wmck@deified.adm.monash.edu.au' type='groupchat' time='1282188931570'><ink xmlns='monash:metl'><checksum>37495.8</checksum><points>392.5 277.4 127 403.2 268.7 127 400.3 268.7 127 398.3 269.7 127 396.4 273.5 127 396.4 275.5 127 396.4 276.5 127 396.4 277.4 127 397.4 277.4 127 398.3 277.4 127 399.3 277.4 127 400.3 277.4 127 401.2 276.5 127 402.2 276.5 127 403.2 276.5 127 403.2 275.5 127 404.2 275.5 127 405.1 275.5 127 406.1 276.5 127 407.1 276.5 127 408 276.5 127 409 276.5 127 410.9 275.5 127 411.9 274.5 127 413.9 273.5 127 415.8 272.6 127 416.8 270.6 127 418.7 268.7 127 419.7 266.8 127 420.6 264.8 127 420.6 261.9 127 420.6 260 127 420.6 258 127 420.6 256.1 127 419.7 255.1 127 418.7 254.1 127 417.7 254.1 127 416.8 254.1 127 415.8 255.1 127 414.8 257.1 127 414.8 259 127 413.9 260.9 127 413.9 263.8 127 413.9 265.8 127 413.9 268.7 127 414.8 271.6 127 415.8 273.5 127 416.8 275.5 127 417.7 277.4 127 419.7 278.4 127 420.6 279.4 127 422.6 280.3 127 423.6 279.4 127 425.5 279.4 127 426.5 278.4 127</points><color>0 0 255 255</color><thickness>3</thickness><highlight>False</highlight><author>wmck</author><target>presentationSpace</target><privacy>public</privacy><slide>1242409</slide></ink></message><message xml:lang='en' to='1242409@conference.deified.adm.monash.edu.au' from='wmck@deified.adm.monash.edu.au' type='groupchat' time='1282188931715'><ink xmlns='monash:metl'><checksum>1416.5</checksum><points>433.3 274.5 127 435.2 273.5 127</points><color>0 0 255 255</color><thickness>3</thickness><highlight>False</highlight><author>wmck</author><target>presentationSpace</target><privacy>public</privacy><slide>1242409</slide></ink></message>