<conversation><title>HSC 1052 Lecture 5</title><author>charlesl</author><created>16/08/2010 11:57:57 AM</created><tag></tag><subject>Unrestricted</subject><jid>1212400</jid><permissions><studentCanPublish>true</studentCanPublish><studentCanOpenFriends>true</studentCanOpenFriends><usersAreCompulsorilySynced>false</usersAreCompulsorilySynced></permissions><slide><author>charlesl</author><id>1212401</id><index>0</index><type>SLIDE</type></slide><slide><author>charlesl</author><id>1212432</id><index>1</index><type>SLIDE</type></slide><slide><author>charlesl</author><id>1212431</id><index>2</index><type>SLIDE</type></slide><slide><author>charlesl</author><id>1212434</id><index>3</index><type>SLIDE</type></slide><slide><author>charlesl</author><id>1212435</id><index>4</index><type>SLIDE</type></slide><slide><author>charlesl</author><id>1212402</id><index>5</index><type>SLIDE</type></slide><slide><author>charlesl</author><id>1212403</id><index>6</index><type>SLIDE</type></slide><slide><author>charlesl</author><id>1212404</id><index>7</index><type>SLIDE</type></slide><slide><author>charlesl</author><id>1212405</id><index>8</index><type>SLIDE</type></slide><slide><author>charlesl</author><id>1212406</id><index>9</index><type>SLIDE</type></slide><slide><author>charlesl</author><id>1212407</id><index>10</index><type>SLIDE</type></slide><slide><author>charlesl</author><id>1212408</id><index>11</index><type>SLIDE</type></slide><slide><author>charlesl</author><id>1212409</id><index>12</index><type>SLIDE</type></slide><slide><author>charlesl</author><id>1212410</id><index>13</index><type>SLIDE</type></slide><slide><author>charlesl</author><id>1212411</id><index>14</index><type>SLIDE</type></slide><slide><author>charlesl</author><id>1212412</id><index>15</index><type>SLIDE</type></slide><slide><author>charlesl</author><id>1212413</id><index>16</index><type>SLIDE</type></slide><slide><author>charlesl</author><id>1212414</id><index>17</index><type>SLIDE</type></slide><slide><author>charlesl</author><id>1212415</id><index>18</index><type>SLIDE</type></slide><slide><author>charlesl</author><id>1212416</id><index>19</index><type>SLIDE</type></slide><slide><author>charlesl</author><id>1212417</id><index>20</index><type>SLIDE</type></slide><slide><author>charlesl</author><id>1212418</id><index>21</index><type>SLIDE</type></slide><slide><author>charlesl</author><id>1212419</id><index>22</index><type>SLIDE</type></slide><slide><author>charlesl</author><id>1212420</id><index>23</index><type>SLIDE</type></slide><slide><author>charlesl</author><id>1212421</id><index>24</index><type>SLIDE</type></slide><slide><author>charlesl</author><id>1212422</id><index>25</index><type>SLIDE</type></slide><slide><author>charlesl</author><id>1212423</id><index>26</index><type>SLIDE</type></slide><slide><author>charlesl</author><id>1212424</id><index>27</index><type>SLIDE</type></slide><slide><author>charlesl</author><id>1212425</id><index>28</index><type>SLIDE</type></slide><slide><author>charlesl</author><id>1212426</id><index>29</index><type>SLIDE</type></slide><slide><author>charlesl</author><id>1212427</id><index>30</index><type>SLIDE</type></slide><slide><author>charlesl</author><id>1212428</id><index>31</index><type>SLIDE</type></slide><slide><author>charlesl</author><id>1212429</id><index>32</index><type>SLIDE</type></slide><slide><author>charlesl</author><id>1212430</id><index>33</index><type>SLIDE</type></slide><slide><author>charlesl</author><id>1212433</id><index>34</index><type>SLIDE</type></slide></conversation>