<conversation><title>can</title><author>sajames</author><created>24/05/2010 11:02:52 AM</created><tag>unTagged</tag><subject>eEducation Centre</subject><jid>37000</jid><permissions><studentCanPublish>false</studentCanPublish><studentCanOpenFriends>false</studentCanOpenFriends><usersAreCompulsorilySynced>true</usersAreCompulsorilySynced></permissions><slide><author>sajames</author><id>37001</id><index>0</index><type>SLIDE</type></slide><slide><author>sajames</author><id>37002</id><index>1</index><type>SLIDE</type></slide></conversation>