<conversation><title>pptHD2k7privateNotesFlex</title><author>hagand</author><created>8/06/2010 5:31:27 PM</created><tag>unTagged</tag><subject>Unrestricted</subject><jid>46400</jid><permissions><studentCanPublish>false</studentCanPublish><studentCanOpenFriends>false</studentCanOpenFriends><usersAreCompulsorilySynced>true</usersAreCompulsorilySynced></permissions><slide><author>hagand</author><id>46401</id><index>0</index><type>SLIDE</type></slide><slide><author>hagand</author><id>46402</id><index>1</index><type>SLIDE</type></slide><slide><author>hagand</author><id>46403</id><index>2</index><type>SLIDE</type></slide><slide><author>hagand</author><id>46404</id><index>3</index><type>SLIDE</type></slide></conversation>