<conversation><title>robits2k724</title><author>hagand</author><created>12/07/2010 6:09:03 PM</created><tag></tag><subject>Unrestricted</subject><jid>72400</jid><permissions><studentCanPublish>false</studentCanPublish><studentCanOpenFriends>false</studentCanOpenFriends><usersAreCompulsorilySynced>true</usersAreCompulsorilySynced></permissions><slide><author>hagand</author><id>72401</id><index>0</index><type>SLIDE</type></slide><slide><author>hagand</author><id>72402</id><index>1</index><type>SLIDE</type></slide><slide><author>hagand</author><id>72403</id><index>2</index><type>SLIDE</type></slide></conversation>