<conversation><title>MPTEST1</title><author>micphill</author><created>11/02/2010 8:09:32 AM</created><tag></tag><subject>micphill</subject><jid>530400</jid><permissions><studentCanPublish>true</studentCanPublish><studentCanOpenFriends>true</studentCanOpenFriends><usersAreCompulsorilySynced>false</usersAreCompulsorilySynced></permissions><slide><author>micphill</author><id>530401</id><index>0</index><type>SLIDE</type></slide><slide><author>micphill</author><id>530407</id><index>6</index><type>SLIDE</type></slide><slide><author>micphill</author><id>530402</id><index>1</index><type>SLIDE</type></slide><slide><author>micphill</author><id>530403</id><index>2</index><type>SLIDE</type></slide><slide><author>micphill</author><id>530404</id><index>3</index><type>SLIDE</type></slide><slide><author>micphill</author><id>530405</id><index>4</index><type>SLIDE</type></slide><slide><author>micphill</author><id>530406</id><index>5</index><type>SLIDE</type></slide></conversation>