<conversation><title>rr-test3</title><author>richardr</author><created>17/08/2010 2:36:23 PM</created><tag></tag><subject>Unrestricted</subject><jid>1218400</jid><permissions><studentCanPublish>false</studentCanPublish><studentCanOpenFriends>false</studentCanOpenFriends><usersAreCompulsorilySynced>true</usersAreCompulsorilySynced></permissions><slide><author>richardr</author><id>1218401</id><index>0</index><type>SLIDE</type></slide><slide><author>richardr</author><id>1218402</id><index>1</index><type>SLIDE</type></slide></conversation>