<conversation><title>New blank</title><author>sajames</author><created>24/05/2010 11:41:35 AM</created><tag>unTagged</tag><subject>sajames</subject><jid>37600</jid><permissions><studentCanPublish>true</studentCanPublish><studentCanOpenFriends>true</studentCanOpenFriends><usersAreCompulsorilySynced>true</usersAreCompulsorilySynced></permissions><slide><author>sajames</author><id>37601</id><index>0</index><type>SLIDE</type></slide><slide><author>sajames</author><id>37610</id><index>1</index><type>SLIDE</type></slide><slide><author>sajames</author><id>37606</id><index>2</index><type>SLIDE</type></slide><slide><author>sajames</author><id>37611</id><index>3</index><type>SLIDE</type></slide><slide><author>sajames</author><id>37612</id><index>4</index><type>SLIDE</type></slide><slide><author>sajames</author><id>37613</id><index>5</index><type>SLIDE</type></slide><slide><author>sajames</author><id>37614</id><index>6</index><type>SLIDE</type></slide><slide><author>sajames</author><id>37615</id><index>7</index><type>SLIDE</type></slide><slide><author>sajames</author><id>37616</id><index>8</index><type>SLIDE</type></slide><slide><author>sajames</author><id>37621</id><index>9</index><type>SLIDE</type></slide><slide><author>sajames</author><id>37623</id><index>10</index><type>SLIDE</type></slide><slide><author>sajames</author><id>37625</id><index>11</index><type>THOUGHT</type></slide><slide><author>sajames</author><id>37624</id><index>12</index><type>SLIDE</type></slide><slide><author>sajames</author><id>37622</id><index>13</index><type>THOUGHT</type></slide><slide><author>sajames</author><id>37620</id><index>14</index><type>SLIDE</type></slide><slide><author>sajames</author><id>37619</id><index>15</index><type>SLIDE</type></slide><slide><author>sajames</author><id>37618</id><index>16</index><type>SLIDE</type></slide><slide><author>sajames</author><id>37617</id><index>17</index><type>SLIDE</type></slide><slide><author>sajames</author><id>37607</id><index>18</index><type>SLIDE</type></slide><slide><author>sajames</author><id>37609</id><index>19</index><type>SLIDE</type></slide><slide><author>sajames</author><id>37608</id><index>20</index><type>SLIDE</type></slide><slide><author>sajames</author><id>37605</id><index>21</index><type>SLIDE</type></slide><slide><author>sajames</author><id>37602</id><index>22</index><type>SLIDE</type></slide><slide><author>sajames</author><id>37603</id><index>23</index><type>SLIDE</type></slide><slide><author>sajames</author><id>37604</id><index>24</index><type>SLIDE</type></slide></conversation>