<conversation><title>michael &amp; hannah</title><author>micphill</author><created>12/10/2010 1:35:52 PM</created><tag></tag><subject>eEducation Centre</subject><jid>1414400</jid><permissions><studentCanPublish>true</studentCanPublish><studentCanOpenFriends>true</studentCanOpenFriends><usersAreCompulsorilySynced>false</usersAreCompulsorilySynced></permissions><slide><author>micphill</author><id>1414401</id><index>0</index><type>SLIDE</type></slide><slide><author>micphill</author><id>1414402</id><index>1</index><type>SLIDE</type></slide><slide><author>micphill</author><id>1414403</id><index>2</index><type>SLIDE</type></slide><slide><author>micphill</author><id>1414404</id><index>3</index><type>SLIDE</type></slide></conversation>