<conversation><title>,nm.lm/.m,/,/,</title><author>micphill</author><created>18/08/2010 11:06:38 AM</created><tag>unTagged</tag><subject>micphill</subject><jid>96000</jid><permissions><studentCanPublish>false</studentCanPublish><studentCanOpenFriends>false</studentCanOpenFriends><usersAreCompulsorilySynced>true</usersAreCompulsorilySynced></permissions><slide><author>micphill</author><id>96001</id><index>0</index><defaultHeight>540</defaultHeight><defaultWidth>720</defaultWidth><exposed>False</exposed><type>SLIDE</type></slide></conversation>