<conversation><title>Caufield MeTL Students Getting Prepared 24/2</title><author>micphill</author><created>24/02/2010 8:38:33 AM</created><tag></tag><subject>Unrestricted</subject><jid>616400</jid><permissions><studentCanPublish>true</studentCanPublish><studentCanOpenFriends>true</studentCanOpenFriends><usersAreCompulsorilySynced>false</usersAreCompulsorilySynced></permissions><slide><author>micphill</author><id>616401</id><index>0</index><type>SLIDE</type></slide><slide><author>micphill</author><id>616402</id><index>1</index><type>SLIDE</type></slide><slide><author>micphill</author><id>616403</id><index>2</index><type>SLIDE</type></slide><slide><author>micphill</author><id>616404</id><index>3</index><type>SLIDE</type></slide><slide><author>micphill</author><id>616405</id><index>4</index><type>SLIDE</type></slide><slide><author>micphill</author><id>616406</id><index>5</index><type>SLIDE</type></slide><slide><author>micphill</author><id>616407</id><index>6</index><type>SLIDE</type></slide><slide><author>micphill</author><id>616408</id><index>7</index><type>SLIDE</type></slide><slide><author>micphill</author><id>616409</id><index>8</index><type>SLIDE</type></slide><slide><author>micphill</author><id>616410</id><index>9</index><type>SLIDE</type></slide><slide><author>micphill</author><id>616411</id><index>10</index><type>SLIDE</type></slide><slide><author>micphill</author><id>616412</id><index>11</index><type>SLIDE</type></slide><slide><author>micphill</author><id>616413</id><index>12</index><type>SLIDE</type></slide><slide><author>micphill</author><id>616414</id><index>13</index><type>SLIDE</type></slide><slide><author>micphill</author><id>616415</id><index>14</index><type>SLIDE</type></slide></conversation>