<conversation><title>AutomatedConversationEdited</title><author>dhag22</author><created>25/06/2010 1:50:00 PM</created><tag>unTagged</tag><subject>Unrestricted</subject><jid>59600</jid><permissions><studentCanPublish>false</studentCanPublish><studentCanOpenFriends>false</studentCanOpenFriends><usersAreCompulsorilySynced>true</usersAreCompulsorilySynced></permissions><slide><author>dhag22</author><id>59601</id><index>0</index><exposed>False</exposed><type>SLIDE</type></slide><slide><author>dhag22</author><id>59606</id><index>1</index><exposed>False</exposed><type>SLIDE</type></slide><slide><author>dhag22</author><id>59602</id><index>2</index><exposed>False</exposed><type>SLIDE</type></slide><slide><author>dhag22</author><id>59603</id><index>3</index><exposed>False</exposed><type>SLIDE</type></slide><slide><author>dhag22</author><id>59604</id><index>4</index><exposed>False</exposed><type>SLIDE</type></slide><slide><author>dhag22</author><id>59605</id><index>5</index><exposed>False</exposed><type>SLIDE</type></slide></conversation>