<logCollection date='{2010,8,19}'><message xml:lang='en' to='1242417@conference.deified.adm.monash.edu.au' from='wmck@deified.adm.monash.edu.au' type='groupchat' time='1282188474077'><image xmlns='monash:metl'><tag>{&quot;author&quot;:&quot;wmck&quot;,&quot;privacy&quot;:&quot;public&quot;,&quot;id&quot;:&quot;wmck:19/08/2010 1:34:28 PM:0&quot;,&quot;isBackground&quot;:false,&quot;zIndex&quot;:0}</tag><source>/Resource/1242417/background75.jpg</source><width>720</width><height>540</height><x>0</x><y>0</y><author>wmck</author><target>presentationSpace</target><privacy>public</privacy><slide>1242417</slide><identity>wmck:19/08/2010 1:34:28 PM:0</identity></image></message><message xml:lang='en' to='1242417@conference.deified.adm.monash.edu.au' from='wmck@deified.adm.monash.edu.au' type='groupchat' time='1282188474727'><image xmlns='monash:metl'><tag>{&quot;author&quot;:&quot;wmck&quot;,&quot;privacy&quot;:&quot;public&quot;,&quot;id&quot;:&quot;wmck:19/08/2010 1:34:30 PM:1&quot;,&quot;isBackground&quot;:false,&quot;zIndex&quot;:0}</tag><source>/Resource/1242417/background76.jpg</source><width>648</width><height>90</height><x>36</x><y>21.62504</y><author>wmck</author><target>presentationSpace</target><privacy>public</privacy><slide>1242417</slide><identity>wmck:19/08/2010 1:34:30 PM:1</identity></image></message><message xml:lang='en' to='1242417@conference.deified.adm.monash.edu.au' from='wmck@deified.adm.monash.edu.au' type='groupchat' time='1282188475004'><image xmlns='monash:metl'><tag>{&quot;author&quot;:&quot;wmck&quot;,&quot;privacy&quot;:&quot;public&quot;,&quot;id&quot;:&quot;wmck:19/08/2010 1:34:30 PM:2&quot;,&quot;isBackground&quot;:false,&quot;zIndex&quot;:0}</tag><source>/Resource/1242417/background77.jpg</source><width>638.374939</width><height>347.75</height><x>48.12504</x><y>132</y><author>wmck</author><target>presentationSpace</target><privacy>public</privacy><slide>1242417</slide><identity>wmck:19/08/2010 1:34:30 PM:2</identity></image></message><message xml:lang='en' to='1242417@conference.deified.adm.monash.edu.au' from='wmck@deified.adm.monash.edu.au' type='groupchat' time='1282189115529'><ink xmlns='monash:metl'><checksum>4744.6</checksum><points>192.8 317.2 127 190.9 317.2 127 209.3 315.3 127 215.1 314.3 127 217.1 314.3 127 219 314.3 127 220 314.3 127 221 315.3 127 221.9 315.3 127</points><color>0 0 255 255</color><thickness>3</thickness><highlight>False</highlight><author>wmck</author><target>presentationSpace</target><privacy>public</privacy><slide>1242417</slide></ink></message><message xml:lang='en' to='1242417@conference.deified.adm.monash.edu.au' from='wmck@deified.adm.monash.edu.au' type='groupchat' time='1282189116822'><ink xmlns='monash:metl'><checksum>24941</checksum><points>248.1 312.3 127 249.1 309.4 127 250.1 317.2 127 250.1 320.1 127 250.1 322 127 250.1 323 127 251 323 127 252 323 127 252 322 127 253 321.1 127 253.9 320.1 127 254.9 319.1 127 255.9 318.2 127 255.9 317.2 127 256.8 316.2 127 257.8 315.3 127 258.8 315.3 127 258.8 316.2 127 259.8 317.2 127 259.8 318.2 127 260.7 319.1 127 261.7 320.1 127 262.7 321.1 127 263.6 321.1 127 264.6 321.1 127 265.6 321.1 127 265.6 320.1 127 266.5 319.1 127 266.5 318.2 127 267.5 317.2 127 267.5 315.3 127 268.5 314.3 127 269.5 313.3 127 270.4 312.3 127 271.4 313.3 127 271.4 314.3 127 272.4 315.3 127 272.4 317.2 127 273.3 318.2 127 273.3 319.1 127 274.3 321.1 127 275.3 322 127 275.3 323 127</points><color>0 0 255 255</color><thickness>3</thickness><highlight>False</highlight><author>wmck</author><target>presentationSpace</target><privacy>public</privacy><slide>1242417</slide></ink></message><message xml:lang='en' to='1242417@conference.deified.adm.monash.edu.au' from='wmck@deified.adm.monash.edu.au' type='groupchat' time='1282189116963'><ink xmlns='monash:metl'><checksum>1167.5</checksum><points>272.4 313.3 127 271.4 310.4 127</points><color>0 0 255 255</color><thickness>3</thickness><highlight>False</highlight><author>wmck</author><target>presentationSpace</target><privacy>public</privacy><slide>1242417</slide></ink></message><message xml:lang='en' to='1242417@conference.deified.adm.monash.edu.au' from='wmck@deified.adm.monash.edu.au' type='groupchat' time='1282189117352'><ink xmlns='monash:metl'><checksum>23220.8</checksum><points>272.4 313.3 127 278.2 310.4 127 279.2 310.4 127 280.1 310.4 127 281.1 309.4 127 282.1 309.4 127 284 308.5 127 285 306.5 127 286.9 305.6 127 287.9 303.6 127 289.8 302.6 127 290.8 300.7 127 290.8 298.8 127 290.8 296.8 127 290.8 295.9 127 290.8 293.9 127 289.8 292.9 127 288.9 292 127 287.9 292 127 285.9 292 127 285 292.9 127 285 293.9 127 284 295.9 127 283 298.8 127 283 301.7 127 283 305.6 127 283 309.4 127 284 314.3 127 285 317.2 127 285.9 321.1 127 286.9 324 127 287.9 326.9 127 288.9 328.8 127 288.9 330.8 127 289.8 331.7 127 290.8 332.7 127 290.8 331.7 127 289.8 330.8 127 289.8 329.8 127</points><color>0 0 255 255</color><thickness>3</thickness><highlight>False</highlight><author>wmck</author><target>presentationSpace</target><privacy>public</privacy><slide>1242417</slide></ink></message><message xml:lang='en' to='1242417@conference.deified.adm.monash.edu.au' from='wmck@deified.adm.monash.edu.au' type='groupchat' time='1282189117671'><ink xmlns='monash:metl'><checksum>13639.4</checksum><points>290.8 325 127 305.3 312.3 127 304.4 311.4 127 303.4 311.4 127 302.4 311.4 127 300.5 312.3 127 299.5 313.3 127 298.6 314.3 127 297.6 316.2 127 297.6 317.2 127 297.6 319.1 127 297.6 320.1 127 298.6 322 127 299.5 322 127 300.5 323 127 302.4 323 127 303.4 323 127 305.3 323 127 306.3 323 127 307.3 322 127 307.3 321.1 127 307.3 320.1 127</points><color>0 0 255 255</color><thickness>3</thickness><highlight>False</highlight><author>wmck</author><target>presentationSpace</target><privacy>public</privacy><slide>1242417</slide></ink></message><message xml:lang='en' to='1242417@conference.deified.adm.monash.edu.au' from='wmck@deified.adm.monash.edu.au' type='groupchat' time='1282189117836'><ink xmlns='monash:metl'><checksum>584.7</checksum><points>287.9 296.8 127</points><color>0 0 255 255</color><thickness>3</thickness><highlight>False</highlight><author>wmck</author><target>presentationSpace</target><privacy>public</privacy><slide>1242417</slide></ink></message><message xml:lang='en' to='1242417@conference.deified.adm.monash.edu.au' from='wmck@deified.adm.monash.edu.au' type='groupchat' time='1282189118229'><ink xmlns='monash:metl'><checksum>3424.8</checksum><points>191.9 357 127 213.2 357.9 127 217.1 357.9 127 218 357.9 127 219 357.9 127 220 357 127</points><color>0 0 255 255</color><thickness>3</thickness><highlight>False</highlight><author>wmck</author><target>presentationSpace</target><privacy>public</privacy><slide>1242417</slide></ink></message><message xml:lang='en' to='1242417@conference.deified.adm.monash.edu.au' from='wmck@deified.adm.monash.edu.au' type='groupchat' time='1282189118513'><ink xmlns='monash:metl'><checksum>4673.7</checksum><points>218 351.1 127 218 350.2 127 228.7 359.9 127 227.7 361.8 127 226.8 363.8 127 224.8 364.7 127 223.9 365.7 127 221.9 366.7 127</points><color>0 0 255 255</color><thickness>3</thickness><highlight>False</highlight><author>wmck</author><target>presentationSpace</target><privacy>public</privacy><slide>1242417</slide></ink></message><message xml:lang='en' to='1242417@conference.deified.adm.monash.edu.au' from='wmck@deified.adm.monash.edu.au' type='groupchat' time='1282189120308'><ink xmlns='monash:metl'><checksum>60186.7</checksum><points>250.1 349.2 127 251 364.7 127 251 366.7 127 252 365.7 127 252 364.7 127 253 363.8 127 253 361.8 127 253.9 360.8 127 254.9 359.9 127 254.9 358.9 127 255.9 358.9 127 256.8 359.9 127 257.8 360.8 127 258.8 361.8 127 260.7 361.8 127 261.7 362.8 127 263.6 363.8 127 264.6 363.8 127 266.5 363.8 127 268.5 363.8 127 270.4 363.8 127 271.4 362.8 127 272.4 361.8 127 273.3 361.8 127 274.3 360.8 127 275.3 359.9 127 275.3 358.9 127 275.3 357 127 274.3 356 127 273.3 355 127 272.4 355 127 271.4 355 127 270.4 356 127 269.5 357 127 268.5 358.9 127 268.5 359.9 127 268.5 361.8 127 268.5 362.8 127 268.5 363.8 127 269.5 364.7 127 269.5 365.7 127 270.4 365.7 127 271.4 365.7 127 272.4 365.7 127 273.3 364.7 127 274.3 364.7 127 274.3 363.8 127 275.3 362.8 127 276.2 361.8 127 276.2 360.8 127 277.2 360.8 127 277.2 359.9 127 278.2 359.9 127 279.2 359.9 127 279.2 360.8 127 279.2 361.8 127 280.1 362.8 127 281.1 363.8 127 281.1 365.7 127 282.1 368.6 127 282.1 371.5 127 283 374.4 127 283 377.3 127 284 379.3 127 284 382.2 127 284 383.2 127 284 385.1 127 284 384.1 127 284 383.2 127 284 381.2 127 284 378.3 127 284 375.4 127 284 372.5 127 285 369.6 127 285 366.7 127 285.9 363.8 127 286.9 361.8 127 288.9 359.9 127 289.8 358.9 127 290.8 358.9 127 292.7 359.9 127 293.7 360.8 127 293.7 361.8 127 294.7 363.8 127 294.7 365.7 127 293.7 366.7 127 293.7 368.6 127 292.7 369.6 127 291.8 370.5 127 290.8 371.5 127 288.9 371.5 127 287.9 370.5 127 287.9 369.6 127 287.9 368.6 127</points><color>0 0 255 255</color><thickness>3</thickness><highlight>False</highlight><author>wmck</author><target>presentationSpace</target><privacy>public</privacy><slide>1242417</slide></ink></message><message xml:lang='en' to='1242417@conference.deified.adm.monash.edu.au' from='wmck@deified.adm.monash.edu.au' type='groupchat' time='1282189121670'><ink xmlns='monash:metl'><checksum>105203.9</checksum><points>299.5 360.8 127 302.4 375.4 127 302.4 370.5 127 303.4 365.7 127 304.4 362.8 127 305.3 360.8 127 306.3 358.9 127 307.3 357.9 127 308.3 357 127 309.2 357 127 310.2 357 127 310.2 357.9 127 310.2 358.9 127 309.2 360.8 127 309.2 361.8 127 309.2 362.8 127 308.3 364.7 127 308.3 365.7 127 308.3 366.7 127 309.2 367.6 127 310.2 367.6 127 311.2 368.6 127 312.1 368.6 127 313.1 368.6 127 315 367.6 127 316 366.7 127 318 365.7 127 319.9 364.7 127 320.9 362.8 127 321.8 360.8 127 322.8 359.9 127 322.8 357.9 127 322.8 357 127 322.8 356 127 321.8 356 127 320.9 356 127 319.9 357 127 318.9 357.9 127 318 358.9 127 317 359.9 127 317 360.8 127 317 362.8 127 318 362.8 127 318.9 363.8 127 319.9 363.8 127 321.8 363.8 127 322.8 362.8 127 324.7 361.8 127 326.7 360.8 127 328.6 359.9 127 329.6 358.9 127 330.6 357.9 127 331.5 357.9 127 332.5 357.9 127 332.5 358.9 127 333.5 359.9 127 333.5 360.8 127 333.5 361.8 127 333.5 362.8 127 333.5 363.8 127 334.4 364.7 127 334.4 365.7 127 335.4 365.7 127 336.4 365.7 127 336.4 364.7 127 337.4 364.7 127 338.3 364.7 127 338.3 363.8 127 339.3 363.8 127 340.3 363.8 127 341.2 364.7 127 342.2 364.7 127 344.1 364.7 127 345.1 364.7 127 347.1 364.7 127 349 364.7 127 350.9 364.7 127 351.9 363.8 127 353.8 362.8 127 355.8 361.8 127 356.8 360.8 127 356.8 359.9 127 357.7 358.9 127 357.7 357.9 127 356.8 357.9 127 355.8 357.9 127 354.8 357.9 127 353.8 357.9 127 352.9 358.9 127 350.9 359.9 127 350.9 360.8 127 350 361.8 127 350 362.8 127 350 364.7 127 350.9 365.7 127 351.9 366.7 127 352.9 367.6 127 354.8 368.6 127 356.8 368.6 127 359.7 368.6 127 361.6 368.6 127 364.5 367.6 127 366.5 366.7 127 368.4 365.7 127 370.3 364.7 127 371.3 363.8 127 372.3 361.8 127 373.2 360.8 127 373.2 359.9 127 372.3 358.9 127 372.3 357.9 127 371.3 357.9 127 370.3 358.9 127 368.4 359.9 127 367.4 360.8 127 366.5 361.8 127 365.5 363.8 127 365.5 364.7 127 365.5 366.7 127 365.5 367.6 127 366.5 367.6 127 367.4 367.6 127 368.4 367.6 127 370.3 366.7 127 371.3 365.7 127 372.3 363.8 127 374.2 361.8 127 375.2 359.9 127 376.2 357 127 377.1 355 127 378.1 353.1 127 378.1 351.1 127 379.1 349.2 127 379.1 348.2 127 379.1 349.2 127 378.1 350.2 127 378.1 351.1 127 377.1 353.1 127 377.1 356 127 377.1 357.9 127 377.1 359.9 127 377.1 361.8 127 377.1 363.8 127 378.1 364.7 127 379.1 365.7 127 380 366.7 127 381 366.7 127 382.9 365.7 127 383.9 365.7 127</points><color>0 0 255 255</color><thickness>3</thickness><highlight>False</highlight><author>wmck</author><target>presentationSpace</target><privacy>public</privacy><slide>1242417</slide></ink></message><message xml:lang='en' to='1242417@conference.deified.adm.monash.edu.au' from='wmck@deified.adm.monash.edu.au' type='groupchat' time='1282189122342'><ink xmlns='monash:metl'><checksum>6943.4</checksum><points>418.8 337.6 127 407.2 359.9 127 403.3 366.7 127 402.3 370.5 127 401.4 372.5 127 400.4 375.4 127 399.4 375.4 127 400.4 375.4 127 401.4 375.4 127</points><color>0 0 255 255</color><thickness>3</thickness><highlight>False</highlight><author>wmck</author><target>presentationSpace</target><privacy>public</privacy><slide>1242417</slide></ink></message><message xml:lang='en' to='1242417@conference.deified.adm.monash.edu.au' from='wmck@deified.adm.monash.edu.au' type='groupchat' time='1282189123677'><ink xmlns='monash:metl'><checksum>109044.3</checksum><points>421.7 364.7 127 426.6 365.7 127 431.4 353.1 127 429.5 353.1 127 426.6 355 127 425.6 356 127 424.7 357.9 127 422.7 358.9 127 422.7 360.8 127 422.7 362.8 127 422.7 363.8 127 422.7 364.7 127 423.7 364.7 127 425.6 364.7 127 426.6 364.7 127 427.6 363.8 127 429.5 362.8 127 430.5 361.8 127 431.4 359.9 127 432.4 358.9 127 432.4 357 127 433.4 356 127 433.4 355 127 434.4 356 127 434.4 357 127 434.4 357.9 127 434.4 359.9 127 435.3 360.8 127 435.3 361.8 127 436.3 363.8 127 437.3 363.8 127 438.2 364.7 127 440.2 364.7 127 441.1 363.8 127 442.1 363.8 127 444.1 362.8 127 445 361.8 127 446 360.8 127 447 358.9 127 447 357.9 127 447.9 357 127 448.9 357 127 448.9 357.9 127 448.9 358.9 127 448.9 359.9 127 448.9 361.8 127 449.9 362.8 127 449.9 363.8 127 450.8 364.7 127 451.8 365.7 127 452.8 365.7 127 453.8 365.7 127 454.7 364.7 127 455.7 364.7 127 456.7 363.8 127 456.7 362.8 127 457.6 361.8 127 458.6 360.8 127 459.6 361.8 127 459.6 362.8 127 459.6 363.8 127 460.5 363.8 127 461.5 364.7 127 462.5 364.7 127 463.5 364.7 127 464.4 364.7 127 465.4 364.7 127 466.4 363.8 127 467.3 362.8 127 468.3 360.8 127 469.3 358.9 127 470.2 357 127 470.2 356 127 471.2 354.1 127 471.2 352.1 127 472.2 351.1 127 472.2 350.2 127 472.2 349.2 127 473.2 350.2 127 473.2 351.1 127 473.2 353.1 127 473.2 355 127 472.2 357 127 472.2 358.9 127 472.2 360.8 127 472.2 362.8 127 472.2 364.7 127 472.2 365.7 127 472.2 366.7 127 471.2 366.7 127 470.2 365.7 127 470.2 364.7 127 469.3 363.8 127 469.3 362.8 127 468.3 361.8 127 467.3 361.8 127 467.3 360.8 127 467.3 359.9 127 468.3 359.9 127 468.3 360.8 127 469.3 360.8 127 471.2 361.8 127 472.2 361.8 127 474.1 362.8 127 476.1 362.8 127 479 363.8 127 480.9 363.8 127 482.9 363.8 127 485.8 362.8 127 487.7 362.8 127 489.6 361.8 127 490.6 360.8 127 491.6 359.9 127 492.6 358.9 127 492.6 357 127 491.6 357 127 490.6 356 127 489.6 355 127 487.7 355 127 485.8 356 127 483.8 356 127 482.9 357 127 480.9 357.9 127 479.9 358.9 127 479.9 359.9 127 479.9 360.8 127 480.9 361.8 127 481.9 361.8 127 482.9 362.8 127 484.8 361.8 127 486.7 361.8 127 488.7 360.8 127 490.6 358.9 127</points><color>0 0 255 255</color><thickness>3</thickness><highlight>False</highlight><author>wmck</author><target>presentationSpace</target><privacy>public</privacy><slide>1242417</slide></ink></message><message xml:lang='en' to='1242417@conference.deified.adm.monash.edu.au' from='wmck@deified.adm.monash.edu.au' type='groupchat' time='1282189126260'><ink xmlns='monash:metl'><checksum>258853.1</checksum><points>498.4 349.2 127 501.3 346.3 127 503.2 364.7 127 504.2 363.8 127 506.1 360.8 127 508.1 359.9 127 509 358.9 127 511 357.9 127 512 357.9 127 512.9 357.9 127 513.9 358.9 127 514.9 359.9 127 514.9 360.8 127 513.9 362.8 127 512.9 363.8 127 512 365.7 127 510 366.7 127 509 367.6 127 507.1 368.6 127 506.1 368.6 127 505.2 368.6 127 506.1 367.6 127 507.1 366.7 127 509 365.7 127 510 364.7 127 512 362.8 127 513.9 361.8 127 515.8 360.8 127 516.8 359.9 127 518.7 358.9 127 519.7 358.9 127 520.7 357.9 127 521.7 358.9 127 521.7 359.9 127 522.6 360.8 127 522.6 361.8 127 522.6 362.8 127 523.6 363.8 127 523.6 364.7 127 524.6 365.7 127 525.5 365.7 127 526.5 365.7 127 527.5 365.7 127 528.4 365.7 127 530.4 365.7 127 531.4 365.7 127 532.3 364.7 127 533.3 363.8 127 533.3 362.8 127 534.3 361.8 127 535.2 360.8 127 535.2 359.9 127 535.2 360.8 127 536.2 360.8 127 536.2 361.8 127 536.2 362.8 127 536.2 363.8 127 535.2 365.7 127 535.2 367.6 127 535.2 369.6 127 535.2 371.5 127 535.2 374.4 127 535.2 376.4 127 534.3 378.3 127 534.3 381.2 127 533.3 383.2 127 533.3 384.1 127 532.3 385.1 127 531.4 386.1 127 530.4 386.1 127 529.4 385.1 127 529.4 383.2 127 529.4 381.2 127 529.4 378.3 127 530.4 376.4 127 532.3 373.5 127 533.3 370.5 127 535.2 367.6 127 537.2 365.7 127 540.1 364.7 127 542 363.8 127 544 362.8 127 545.9 363.8 127 546.9 363.8 127 547.8 364.7 127 548.8 365.7 127 548.8 366.7 127 548.8 367.6 127 549.8 368.6 127 549.8 369.6 127 549.8 368.6 127 550.8 367.6 127 551.7 367.6 127 551.7 366.7 127 552.7 365.7 127 553.7 364.7 127 554.6 364.7 127 555.6 364.7 127 556.6 364.7 127 557.5 364.7 127 558.5 365.7 127 559.5 365.7 127 560.5 365.7 127 561.4 365.7 127 563.4 365.7 127 564.3 364.7 127 566.3 363.8 127 568.2 362.8 127 569.2 361.8 127 570.2 360.8 127 571.1 360.8 127 572.1 359.9 127 572.1 358.9 127 571.1 358.9 127 571.1 359.9 127 570.2 360.8 127 569.2 361.8 127 569.2 362.8 127 568.2 363.8 127 568.2 364.7 127 568.2 366.7 127 568.2 367.6 127 569.2 369.6 127 569.2 370.5 127 569.2 372.5 127 569.2 374.4 127 569.2 375.4 127 569.2 377.3 127 569.2 379.3 127 568.2 380.2 127 568.2 381.2 127 567.2 382.2 127 566.3 382.2 127 565.3 382.2 127 565.3 381.2 127 565.3 379.3 127 565.3 377.3 127 566.3 375.4 127 567.2 372.5 127 568.2 369.6 127 570.2 366.7 127 572.1 363.8 127 575 360.8 127 576.9 357.9 127 578.9 356 127 580.8 354.1 127 582.8 353.1 127 584.7 353.1 127 585.7 352.1 127 586.6 353.1 127 586.6 354.1 127 586.6 355 127 585.7 357 127 585.7 358.9 127 584.7 359.9 127 583.7 361.8 127 582.8 363.8 127 582.8 364.7 127 581.8 365.7 127 581.8 366.7 127 581.8 365.7 127 581.8 363.8 127 582.8 361.8 127 583.7 359.9 127 585.7 357.9 127 586.6 355 127 588.6 353.1 127 590.5 351.1 127 591.5 349.2 127 593.4 348.2 127 594.4 347.3 127 595.4 347.3 127 595.4 348.2 127 596.3 349.2 127 596.3 350.2 127 596.3 352.1 127 595.4 354.1 127 595.4 356 127 595.4 357 127 595.4 358.9 127 595.4 360.8 127 595.4 361.8 127 595.4 363.8 127 596.3 363.8 127 596.3 364.7 127 597.3 364.7 127 598.3 364.7 127 599.3 363.8 127 600.2 363.8 127 601.2 362.8 127 602.2 362.8 127 603.1 362.8 127 604.1 362.8 127 605.1 363.8 127 606 364.7 127 607 364.7 127 608 364.7 127 609 364.7 127 609.9 364.7 127 610.9 364.7 127 611.9 363.8 127 612.8 363.8 127 613.8 362.8 127 614.8 361.8 127 615.7 361.8 127 616.7 360.8 127 617.7 359.9 127 617.7 360.8 127 618.7 361.8 127 618.7 362.8 127 619.6 362.8 127 620.6 363.8 127 621.6 363.8 127 622.5 364.7 127 623.5 364.7 127 625.4 364.7 127 626.4 363.8 127 628.4 363.8 127 629.3 362.8 127 630.3 362.8 127 631.3 361.8 127 632.2 360.8 127 633.2 359.9 127 633.2 358.9 127 632.2 358.9 127 631.3 359.9 127 630.3 359.9 127 630.3 360.8 127 629.3 360.8 127 629.3 361.8 127 628.4 362.8 127 629.3 362.8 127 630.3 363.8 127 631.3 363.8 127 632.2 362.8 127 633.2 362.8 127 634.2 362.8 127 635.1 361.8 127 636.1 361.8 127 637.1 362.8 127 638.1 363.8 127 639 363.8 127 640 363.8 127 641 364.7 127 642.9 364.7 127 643.9 363.8 127 645.8 363.8 127 647.8 362.8 127 649.7 361.8 127 651.6 360.8 127 652.6 359.9 127 654.6 357.9 127 655.5 356 127 656.5 354.1 127 656.5 353.1 127 656.5 351.1 127 656.5 350.2 127 655.5 350.2 127 654.6 350.2 127 653.6 351.1 127 652.6 352.1 127 651.6 353.1 127 650.7 355 127 648.7 357 127 648.7 358.9 127 647.8 360.8 127 647.8 362.8 127 647.8 363.8 127 648.7 364.7 127 649.7 365.7 127 649.7 366.7 127 651.6 366.7 127 652.6 366.7 127 653.6 366.7 127 653.6 365.7 127</points><color>0 0 255 255</color><thickness>3</thickness><highlight>False</highlight><author>wmck</author><target>presentationSpace</target><privacy>public</privacy><slide>1242417</slide></ink></message><message xml:lang='en' to='1242417@conference.deified.adm.monash.edu.au' from='wmck@deified.adm.monash.edu.au' type='groupchat' time='1282189127096'><ink xmlns='monash:metl'><checksum>1406.1</checksum><points>300.5 401.6 127 302.4 401.6 127</points><color>0 0 255 255</color><thickness>3</thickness><highlight>False</highlight><author>wmck</author><target>presentationSpace</target><privacy>public</privacy><slide>1242417</slide></ink></message><message xml:lang='en' to='1242417@conference.deified.adm.monash.edu.au' from='wmck@deified.adm.monash.edu.au' type='groupchat' time='1282189127400'><ink xmlns='monash:metl'><checksum>5796</checksum><points>312.1 394.8 127 319.9 406.4 127 318.9 409.3 127 318 410.3 127 317 410.3 127 316 411.3 127 315 411.3 127 314.1 411.3 127</points><color>0 0 255 255</color><thickness>3</thickness><highlight>False</highlight><author>wmck</author><target>presentationSpace</target><privacy>public</privacy><slide>1242417</slide></ink></message><message xml:lang='en' to='1242417@conference.deified.adm.monash.edu.au' from='wmck@deified.adm.monash.edu.au' type='groupchat' time='1282189128599'><ink xmlns='monash:metl'><checksum>74625</checksum><points>342.2 405.5 127 343.2 407.4 127 340.3 402.6 127 338.3 404.5 127 335.4 408.4 127 334.4 409.3 127 334.4 411.3 127 334.4 413.2 127 335.4 414.2 127 337.4 414.2 127 338.3 413.2 127 339.3 412.3 127 341.2 410.3 127 342.2 408.4 127 343.2 405.5 127 344.1 403.5 127 344.1 400.6 127 345.1 397.7 127 345.1 395.8 127 345.1 393.8 127 345.1 392.9 127 345.1 391.9 127 345.1 392.9 127 345.1 394.8 127 345.1 396.7 127 345.1 399.6 127 346.1 401.6 127 346.1 404.5 127 347.1 406.4 127 348 409.3 127 349 410.3 127 350 412.3 127 351.9 412.3 127 353.8 412.3 127 355.8 412.3 127 357.7 411.3 127 358.7 411.3 127 359.7 410.3 127 360.6 409.3 127 361.6 409.3 127 361.6 408.4 127 362.6 408.4 127 362.6 409.3 127 362.6 410.3 127 363.5 411.3 127 364.5 411.3 127 365.5 412.3 127 366.5 412.3 127 368.4 413.2 127 370.3 412.3 127 371.3 412.3 127 373.2 411.3 127 375.2 410.3 127 377.1 409.3 127 378.1 408.4 127 378.1 407.4 127 378.1 406.4 127 378.1 405.5 127 377.1 404.5 127 376.2 404.5 127 374.2 404.5 127 373.2 405.5 127 371.3 406.4 127 370.3 407.4 127 368.4 408.4 127 368.4 410.3 127 367.4 411.3 127 368.4 412.3 127 368.4 413.2 127 370.3 413.2 127 371.3 412.3 127 373.2 411.3 127 375.2 410.3 127 377.1 408.4 127 379.1 406.4 127 381 404.5 127 382.9 401.6 127 383.9 398.7 127 384.9 395.8 127 384.9 392.9 127 385.9 390.9 127 385.9 389.9 127 384.9 389 127 383.9 389.9 127 383.9 390.9 127 382.9 392.9 127 382.9 395.8 127 382 398.7 127 382 401.6 127 382 403.5 127 382 405.5 127 382.9 407.4 127 383.9 408.4 127 385.9 409.3 127 387.8 410.3 127 389.7 410.3 127 391.7 409.3 127</points><color>0 0 255 255</color><thickness>3</thickness><highlight>False</highlight><author>wmck</author><target>presentationSpace</target><privacy>public</privacy><slide>1242417</slide></ink></message><message xml:lang='en' to='1242417@conference.deified.adm.monash.edu.au' from='wmck@deified.adm.monash.edu.au' type='groupchat' time='1282189129395'><ink xmlns='monash:metl'><checksum>59800.5000000001</checksum><points>402.3 402.6 127 405.3 412.3 127 410.1 408.4 127 412 407.4 127 412 408.4 127 413 408.4 127 414 409.3 127 415 410.3 127 415.9 410.3 127 416.9 411.3 127 417.9 411.3 127 418.8 412.3 127 420.8 412.3 127 422.7 411.3 127 423.7 411.3 127 425.6 410.3 127 426.6 410.3 127 427.6 409.3 127 428.5 408.4 127 429.5 408.4 127 429.5 407.4 127 429.5 408.4 127 429.5 409.3 127 430.5 409.3 127 430.5 410.3 127 432.4 410.3 127 433.4 411.3 127 435.3 411.3 127 436.3 410.3 127 438.2 410.3 127 440.2 409.3 127 441.1 409.3 127 442.1 408.4 127 443.1 407.4 127 443.1 406.4 127 442.1 405.5 127 441.1 404.5 127 439.2 403.5 127 438.2 403.5 127 436.3 404.5 127 435.3 404.5 127 434.4 405.5 127 433.4 406.4 127 432.4 407.4 127 432.4 408.4 127 433.4 409.3 127 434.4 410.3 127 436.3 410.3 127 437.3 410.3 127 439.2 409.3 127 442.1 408.4 127 444.1 407.4 127 445 406.4 127 447 404.5 127 447.9 402.6 127 448.9 400.6 127 449.9 398.7 127 450.8 397.7 127 450.8 395.8 127 451.8 395.8 127 451.8 397.7 127 451.8 398.7 127 451.8 400.6 127 451.8 402.6 127 451.8 404.5 127 451.8 406.4 127 451.8 407.4 127 451.8 409.3 127 451.8 410.3 127 452.8 411.3 127 451.8 410.3 127</points><color>0 0 255 255</color><thickness>3</thickness><highlight>False</highlight><author>wmck</author><target>presentationSpace</target><privacy>public</privacy><slide>1242417</slide></ink></message><message xml:lang='en' to='1242417@conference.deified.adm.monash.edu.au' from='wmck@deified.adm.monash.edu.au' type='groupchat' time='1282189129549'><ink xmlns='monash:metl'><checksum>1705.8</checksum><points>447 406.4 127 446 406.4 127</points><color>0 0 255 255</color><thickness>3</thickness><highlight>False</highlight><author>wmck</author><target>presentationSpace</target><privacy>public</privacy><slide>1242417</slide></ink></message><message xml:lang='en' to='1242417@conference.deified.adm.monash.edu.au' from='wmck@deified.adm.monash.edu.au' type='groupchat' time='1282189130867'><ink xmlns='monash:metl'><checksum>111185.5</checksum><points>483.8 391.9 127 480.9 410.3 127 481.9 408.4 127 483.8 404.5 127 484.8 402.6 127 485.8 400.6 127 486.7 399.6 127 486.7 398.7 127 485.8 399.6 127 484.8 401.6 127 483.8 402.6 127 481.9 404.5 127 480.9 405.5 127 479.9 406.4 127 479 408.4 127 478 409.3 127 477 409.3 127 478 410.3 127 479 410.3 127 479.9 410.3 127 480.9 410.3 127 482.9 410.3 127 483.8 410.3 127 485.8 409.3 127 487.7 409.3 127 489.6 408.4 127 490.6 408.4 127 492.6 407.4 127 493.5 406.4 127 494.5 405.5 127 494.5 404.5 127 495.5 404.5 127 495.5 405.5 127 495.5 406.4 127 495.5 407.4 127 495.5 408.4 127 495.5 409.3 127 495.5 411.3 127 495.5 412.3 127 495.5 413.2 127 496.4 412.3 127 497.4 412.3 127 497.4 411.3 127 498.4 410.3 127 499.3 408.4 127 500.3 407.4 127 501.3 407.4 127 501.3 406.4 127 502.3 406.4 127 503.2 406.4 127 503.2 407.4 127 504.2 407.4 127 505.2 408.4 127 506.1 409.3 127 507.1 409.3 127 508.1 410.3 127 510 410.3 127 512 410.3 127 512.9 410.3 127 514.9 410.3 127 515.8 409.3 127 516.8 408.4 127 517.8 407.4 127 517.8 406.4 127 517.8 405.5 127 517.8 404.5 127 516.8 403.5 127 515.8 402.6 127 513.9 402.6 127 512.9 402.6 127 512 403.5 127 511 404.5 127 510 405.5 127 509 407.4 127 509 408.4 127 510 410.3 127 511 411.3 127 512 412.3 127 513.9 412.3 127 515.8 413.2 127 517.8 412.3 127 519.7 412.3 127 521.7 411.3 127 522.6 410.3 127 524.6 409.3 127 525.5 408.4 127 526.5 407.4 127 527.5 406.4 127 527.5 407.4 127 527.5 408.4 127 527.5 409.3 127 528.4 409.3 127 528.4 410.3 127 529.4 410.3 127 530.4 410.3 127 531.4 410.3 127 533.3 410.3 127 534.3 410.3 127 535.2 410.3 127 536.2 410.3 127 537.2 410.3 127 538.1 410.3 127 539.1 410.3 127 539.1 411.3 127 540.1 411.3 127 541.1 411.3 127 542 412.3 127 544 412.3 127 544.9 411.3 127 545.9 411.3 127 547.8 410.3 127 548.8 409.3 127 549.8 408.4 127 550.8 406.4 127 550.8 405.5 127 550.8 403.5 127 550.8 402.6 127 549.8 401.6 127 548.8 400.6 127 547.8 399.6 127 546.9 398.7 127</points><color>0 0 255 255</color><thickness>3</thickness><highlight>False</highlight><author>wmck</author><target>presentationSpace</target><privacy>public</privacy><slide>1242417</slide></ink></message><message xml:lang='en' to='1242417@conference.deified.adm.monash.edu.au' from='wmck@deified.adm.monash.edu.au' type='groupchat' time='1282189132397'><ink xmlns='monash:metl'><checksum>151448.5</checksum><points>573.1 399.6 127 574 400.6 127 575 420 127 575 425.8 127 575 427.8 127 575 428.7 127 574 428.7 127 574 426.8 127 574 424.9 127 573.1 422 127 573.1 419 127 573.1 415.2 127 573.1 412.3 127 573.1 408.4 127 574 405.5 127 575 403.5 127 576 401.6 127 576.9 400.6 127 577.9 399.6 127 579.9 399.6 127 580.8 399.6 127 582.8 400.6 127 583.7 401.6 127 584.7 402.6 127 584.7 403.5 127 584.7 405.5 127 584.7 406.4 127 583.7 408.4 127 582.8 409.3 127 581.8 410.3 127 579.9 410.3 127 578.9 410.3 127 577.9 410.3 127 576.9 409.3 127 577.9 408.4 127 577.9 407.4 127 578.9 406.4 127 579.9 405.5 127 580.8 405.5 127 582.8 405.5 127 583.7 404.5 127 584.7 405.5 127 585.7 405.5 127 587.6 406.4 127 588.6 407.4 127 589.6 408.4 127 590.5 409.3 127 591.5 410.3 127 593.4 411.3 127 595.4 411.3 127 597.3 411.3 127 599.3 411.3 127 601.2 411.3 127 604.1 410.3 127 606 409.3 127 609 408.4 127 610.9 406.4 127 611.9 405.5 127 612.8 404.5 127 612.8 403.5 127 612.8 402.6 127 612.8 401.6 127 611.9 401.6 127 610.9 401.6 127 609 401.6 127 607 402.6 127 606 403.5 127 605.1 404.5 127 603.1 405.5 127 603.1 407.4 127 603.1 408.4 127 604.1 409.3 127 605.1 409.3 127 607 409.3 127 608 408.4 127 609.9 407.4 127 611.9 407.4 127 613.8 406.4 127 614.8 405.5 127 616.7 405.5 127 617.7 405.5 127 618.7 405.5 127 618.7 406.4 127 619.6 407.4 127 619.6 408.4 127 619.6 409.3 127 619.6 410.3 127 619.6 411.3 127 620.6 412.3 127 620.6 413.2 127 621.6 413.2 127 622.5 412.3 127 623.5 412.3 127 624.5 411.3 127 625.4 411.3 127 626.4 410.3 127 627.4 410.3 127 628.4 410.3 127 629.3 410.3 127 630.3 411.3 127 631.3 411.3 127 632.2 412.3 127 633.2 412.3 127 634.2 412.3 127 635.1 413.2 127 636.1 413.2 127 637.1 412.3 127 638.1 412.3 127 639 412.3 127 640 411.3 127 641 411.3 127 641.9 410.3 127 641.9 411.3 127 642.9 412.3 127 643.9 412.3 127 644.9 412.3 127 646.8 412.3 127 647.8 412.3 127 649.7 412.3 127 651.6 412.3 127 652.6 411.3 127 654.6 411.3 127 655.5 410.3 127 655.5 409.3 127 655.5 408.4 127 654.6 407.4 127 653.6 407.4 127 651.6 406.4 127 650.7 406.4 127 649.7 407.4 127 647.8 407.4 127 646.8 408.4 127 646.8 409.3 127 646.8 410.3 127 646.8 411.3 127 647.8 411.3 127 649.7 412.3 127 651.6 412.3 127 653.6 412.3 127 656.5 411.3 127 659.4 411.3 127 662.3 410.3 127 664.3 409.3 127 667.2 408.4 127 669.1 407.4 127 671 406.4 127 672 405.5 127 673 404.5 127</points><color>0 0 255 255</color><thickness>3</thickness><highlight>False</highlight><author>wmck</author><target>presentationSpace</target><privacy>public</privacy><slide>1242417</slide></ink></message><message xml:lang='en' to='1242417@conference.deified.adm.monash.edu.au' from='wmck@deified.adm.monash.edu.au' type='groupchat' time='1282189132614'><ink xmlns='monash:metl'><checksum>9774</checksum><points>679.8 395.8 127 680.7 394.8 127 667.2 418.1 127 664.3 423.9 127 662.3 426.8 127 661.3 428.7 127 659.4 430.7 127 658.4 431.7 127 657.5 432.6 127</points><color>0 0 255 255</color><thickness>3</thickness><highlight>False</highlight><author>wmck</author><target>presentationSpace</target><privacy>public</privacy><slide>1242417</slide></ink></message><message xml:lang='en' to='1242417@conference.deified.adm.monash.edu.au' from='wmck@deified.adm.monash.edu.au' type='groupchat' time='1282189134441'><ink xmlns='monash:metl'><checksum>183838.7</checksum><points>510 437.5 127 502.3 423.9 127 498.4 423.9 127 495.5 427.8 127 494.5 430.7 127 494.5 434.6 127 493.5 438.4 127 494.5 443.3 127 494.5 449.1 127 495.5 454 127 496.4 458.8 127 496.4 463.7 127 497.4 467.5 127 497.4 470.5 127 496.4 473.4 127 495.5 476.3 127 494.5 477.2 127 493.5 478.2 127 491.6 479.2 127 489.6 479.2 127 487.7 479.2 127 485.8 478.2 127 484.8 476.3 127 483.8 474.3 127 483.8 472.4 127 483.8 469.5 127 484.8 466.6 127 486.7 463.7 127 489.6 460.8 127 491.6 458.8 127 494.5 455.9 127 498.4 453 127 501.3 452 127 504.2 450.1 127 506.1 449.1 127 508.1 449.1 127 510 450.1 127 512 452 127 512.9 454 127 512.9 455.9 127 513.9 457.8 127 513.9 460.8 127 513.9 462.7 127 513.9 464.6 127 512.9 465.6 127 512.9 464.6 127 512.9 462.7 127 513.9 460.8 127 514.9 458.8 127 515.8 456.9 127 516.8 454.9 127 517.8 453 127 518.7 452 127 519.7 451.1 127 520.7 451.1 127 521.7 451.1 127 522.6 453 127 523.6 454 127 523.6 455.9 127 524.6 456.9 127 525.5 457.8 127 526.5 459.8 127 527.5 460.8 127 528.4 460.8 127 530.4 461.7 127 531.4 461.7 127 533.3 461.7 127 534.3 460.8 127 536.2 459.8 127 537.2 458.8 127 538.1 457.8 127 539.1 455.9 127 539.1 454 127 539.1 453 127 539.1 452 127 538.1 451.1 127 537.2 450.1 127 536.2 450.1 127 535.2 450.1 127 534.3 451.1 127 533.3 453 127 532.3 454 127 531.4 455.9 127 531.4 457.8 127 531.4 458.8 127 532.3 460.8 127 533.3 460.8 127 534.3 461.7 127 536.2 461.7 127 538.1 460.8 127 540.1 459.8 127 542 458.8 127 543 458.8 127 544.9 457.8 127 545.9 457.8 127 546.9 457.8 127 547.8 457.8 127 548.8 458.8 127 548.8 459.8 127 549.8 460.8 127 549.8 461.7 127 549.8 462.7 127 549.8 463.7 127 549.8 464.6 127 550.8 464.6 127 551.7 463.7 127 552.7 463.7 127 552.7 462.7 127 553.7 462.7 127 554.6 461.7 127 555.6 461.7 127 556.6 461.7 127 557.5 462.7 127 558.5 463.7 127 559.5 463.7 127 560.5 463.7 127 561.4 463.7 127 562.4 463.7 127 564.3 463.7 127 565.3 463.7 127 566.3 462.7 127 568.2 461.7 127 569.2 460.8 127 569.2 459.8 127 569.2 457.8 127 569.2 456.9 127 568.2 455.9 127 567.2 455.9 127 566.3 455.9 127 565.3 456.9 127 564.3 457.8 127 564.3 458.8 127 563.4 459.8 127 563.4 460.8 127 564.3 461.7 127 565.3 461.7 127 566.3 461.7 127 567.2 461.7 127 569.2 460.8 127 570.2 459.8 127 572.1 457.8 127 574 455.9 127 575 453 127 576 451.1 127 576.9 448.1 127 577.9 445.2 127 578.9 442.3 127 578.9 440.4 127 579.9 438.4 127 579.9 437.5 127 579.9 439.4 127 579.9 441.4 127 579.9 443.3 127 580.8 446.2 127 580.8 448.1 127 580.8 451.1 127 581.8 454 127 581.8 455.9 127 582.8 456.9 127 582.8 458.8 127 583.7 458.8 127 583.7 456.9 127 584.7 455.9 127 584.7 454 127 585.7 452 127 585.7 450.1 127 586.6 449.1 127 587.6 448.1 127 588.6 447.2 127 589.6 448.1 127 590.5 449.1 127 590.5 450.1 127 590.5 451.1 127 590.5 453 127 590.5 454.9 127 589.6 455.9 127 588.6 457.8 127 586.6 458.8 127 585.7 459.8 127 582.8 459.8 127 580.8 459.8 127 577.9 458.8 127 575 458.8 127 571.1 457.8 127</points><color>0 0 255 255</color><thickness>3</thickness><highlight>False</highlight><author>wmck</author><target>presentationSpace</target><privacy>public</privacy><slide>1242417</slide></ink></message><message xml:lang='en' to='1242417@conference.deified.adm.monash.edu.au' from='wmck@deified.adm.monash.edu.au' type='groupchat' time='1282189134577'><ink xmlns='monash:metl'><checksum>990.1</checksum><points>542 448.1 127</points><color>0 0 255 255</color><thickness>3</thickness><highlight>False</highlight><author>wmck</author><target>presentationSpace</target><privacy>public</privacy><slide>1242417</slide></ink></message><message xml:lang='en' to='1242417@conference.deified.adm.monash.edu.au' from='wmck@deified.adm.monash.edu.au' type='groupchat' time='1282189134762'><ink xmlns='monash:metl'><checksum>937.8</checksum><points>493.5 444.3 127</points><color>0 0 255 255</color><thickness>3</thickness><highlight>False</highlight><author>wmck</author><target>presentationSpace</target><privacy>public</privacy><slide>1242417</slide></ink></message><message xml:lang='en' to='1242417@conference.deified.adm.monash.edu.au' from='wmck@deified.adm.monash.edu.au' type='groupchat' time='1282189136500'><ink xmlns='monash:metl'><checksum>63368.4</checksum><points>435.3 289.1 127 452.8 291 127 465.4 292 127 472.2 292 127 480.9 292 127 488.7 292 127 498.4 292 127 507.1 292 127 516.8 292 127 527.5 292 127 537.2 292 127 547.8 291 127 558.5 291 127 569.2 291 127 580.8 290 127 591.5 290 127 602.2 289.1 127 611.9 287.1 127 621.6 286.2 127 631.3 284.2 127 639 282.3 127 646.8 280.3 127 652.6 278.4 127 658.4 275.5 127 662.3 273.5 127 666.2 270.6 127 669.1 267.7 127 670.1 264.8 127 670.1 261.9 127 669.1 259 127 667.2 255.1 127 664.3 252.2 127 660.4 249.3 127 655.5 246.4 127 648.7 243.5 127 641.9 241.5 127 633.2 238.6 127 624.5 236.7 127 613.8 234.7 127 603.1 232.8 127 592.5 231.8 127 580.8 230.9 127 569.2 229.9 127 556.6 228.9 127 544 228.9 127 532.3 228.9 127 519.7 228.9 127 508.1 228.9 127 496.4 229.9 127 484.8 230.9 127 474.1 231.8 127 463.5 233.8 127 453.8 235.7 127 445 238.6 127 437.3 241.5 127 430.5 244.4 127 425.6 247.4 127 420.8 250.3 127 416.9 253.2 127 415 256.1 127 414 259 127 414 262.9 127 415 265.8 127 417.9 268.7 127 420.8 271.6 127 425.6 274.5 127 431.4 276.5 127 438.2 279.4 127 446 281.3 127 454.7 282.3 127 465.4 283.2 127 476.1 284.2 127 487.7 285.2 127 500.3 286.2 127 512.9 286.2 127 526.5 287.1 127 540.1 287.1 127 553.7 288.1 127 567.2 288.1 127</points><color>0 0 255 255</color><thickness>3</thickness><highlight>False</highlight><author>wmck</author><target>presentationSpace</target><privacy>public</privacy><slide>1242417</slide></ink></message><message xml:lang='en' to='1242417@conference.deified.adm.monash.edu.au' from='wmck@deified.adm.monash.edu.au' type='groupchat' time='1282189141455'><ink xmlns='monash:metl'><checksum>13917.2</checksum><points>333.5 240.6 127 351.9 243.5 127 363.5 243.5 127 370.3 242.5 127 378.1 242.5 127 386.8 241.5 127 395.6 240.6 127 404.3 240.6 127 413 239.6 127 421.7 239.6 127 429.5 239.6 127 437.3 239.6 127 445 239.6 127 451.8 239.6 127 457.6 239.6 127 462.5 239.6 127 467.3 239.6 127 471.2 239.6 127 474.1 239.6 127 476.1 238.6 127 478 238.6 127</points><color>0 0 255 255</color><thickness>3</thickness><highlight>False</highlight><author>wmck</author><target>presentationSpace</target><privacy>public</privacy><slide>1242417</slide></ink></message><message xml:lang='en' to='1242417@conference.deified.adm.monash.edu.au' from='wmck@deified.adm.monash.edu.au' type='groupchat' time='1282189142172'><ink xmlns='monash:metl'><checksum>9866.8</checksum><points>443.1 201.8 127 439.2 201.8 127 461.5 191.1 127 471.2 185.3 127 475.1 183.3 127 479 180.4 127 484.8 177.5 127 486.7 175.6 127 487.7 174.6 127 488.7 173.6 127 488.7 172.7 127 489.6 172.7 127 489.6 171.7 127 488.7 171.7 127 488.7 170.7 127</points><color>0 0 255 255</color><thickness>3</thickness><highlight>False</highlight><author>wmck</author><target>presentationSpace</target><privacy>public</privacy><slide>1242417</slide></ink></message><message xml:lang='en' to='1242417@conference.deified.adm.monash.edu.au' from='wmck@deified.adm.monash.edu.au' type='groupchat' time='1282189142391'><ink xmlns='monash:metl'><checksum>6055.9</checksum><points>484.8 168.8 127 496.4 174.6 127 495.5 177.5 127 494.5 179.5 127 493.5 181.4 127 492.6 183.3 127 491.6 185.3 127 490.6 187.2 127 490.6 188.2 127</points><color>0 0 255 255</color><thickness>3</thickness><highlight>False</highlight><author>wmck</author><target>presentationSpace</target><privacy>public</privacy><slide>1242417</slide></ink></message><message xml:lang='en' to='1242417@conference.deified.adm.monash.edu.au' from='wmck@deified.adm.monash.edu.au' type='groupchat' time='1282189144036'><ink xmlns='monash:metl'><checksum>63022.1</checksum><points>516.8 145.5 127 517.8 146.5 127 521.7 134.8 127 519.7 133.9 127 518.7 133.9 127 517.8 134.8 127 517.8 135.8 127 516.8 137.7 127 516.8 139.7 127 516.8 142.6 127 517.8 145.5 127 517.8 148.4 127 518.7 152.3 127 519.7 155.2 127 520.7 159.1 127 520.7 162 127 521.7 164.9 127 522.6 166.8 127 522.6 168.8 127 522.6 169.8 127 523.6 170.7 127 522.6 170.7 127 521.7 170.7 127 520.7 169.8 127 520.7 168.8 127 518.7 167.8 127 517.8 166.8 127 516.8 165.9 127 515.8 164.9 127 514.9 163.9 127 513.9 163 127 512.9 163 127 512 162 127 511 162 127 512 162 127 512 161 127 512.9 160.1 127 514.9 159.1 127 516.8 158.1 127 518.7 156.2 127 521.7 154.2 127 524.6 153.3 127 526.5 151.3 127 529.4 149.4 127 532.3 148.4 127 534.3 147.4 127 536.2 147.4 127 538.1 147.4 127 539.1 147.4 127 540.1 148.4 127 541.1 148.4 127 541.1 149.4 127 542 150.4 127 542 151.3 127 542 152.3 127 543 153.3 127 544 152.3 127 544 151.3 127 544 149.4 127 544 148.4 127 544 147.4 127 544 146.5 127 543 145.5 127 542 145.5 127 541.1 146.5 127 539.1 147.4 127 538.1 149.4 127 537.2 151.3 127 536.2 153.3 127 535.2 155.2 127 535.2 157.1 127 535.2 159.1 127 536.2 160.1 127 537.2 161 127 538.1 162 127 539.1 162 127 540.1 161 127 541.1 160.1 127 542 159.1 127 543 158.1 127 544 157.1 127 544.9 156.2 127 544.9 155.2 127 544.9 154.2 127 545.9 153.3 127 545.9 152.3 127 546.9 153.3 127 548.8 154.2 127 548.8 153.3 127 549.8 153.3 127 550.8 153.3 127 551.7 153.3 127</points><color>0 0 255 255</color><thickness>3</thickness><highlight>False</highlight><author>wmck</author><target>presentationSpace</target><privacy>public</privacy><slide>1242417</slide></ink></message><message xml:lang='en' to='1242417@conference.deified.adm.monash.edu.au' from='wmck@deified.adm.monash.edu.au' type='groupchat' time='1282189144635'><ink xmlns='monash:metl'><checksum>39135.6</checksum><points>554.6 150.4 127 552.7 147.4 127 555.6 153.3 127 558.5 152.3 127 559.5 152.3 127 561.4 150.4 127 562.4 149.4 127 563.4 147.4 127 564.3 145.5 127 564.3 143.6 127 564.3 141.6 127 564.3 138.7 127 564.3 136.8 127 564.3 134.8 127 563.4 132.9 127 563.4 131.9 127 562.4 131 127 561.4 131.9 127 561.4 133.9 127 561.4 135.8 127 562.4 137.7 127 562.4 139.7 127 563.4 141.6 127 564.3 143.6 127 565.3 145.5 127 566.3 146.5 127 567.2 147.4 127 568.2 148.4 127 569.2 148.4 127 570.2 148.4 127 571.1 147.4 127 571.1 145.5 127 572.1 144.5 127 573.1 142.6 127 574 141.6 127 574 139.7 127 575 138.7 127 576 138.7 127 576 137.7 127 576.9 138.7 127 577.9 139.7 127 577.9 140.7 127 577.9 141.6 127 577.9 143.6 127 577.9 144.5 127 577.9 145.5 127 576.9 145.5 127 576.9 146.5 127 576 146.5 127 575 147.4 127 574 147.4 127 573.1 147.4 127 572.1 146.5 127 571.1 146.5 127 569.2 145.5 127</points><color>0 0 255 255</color><thickness>3</thickness><highlight>False</highlight><author>wmck</author><target>presentationSpace</target><privacy>public</privacy><slide>1242417</slide></ink></message><message xml:lang='en' to='1242417@conference.deified.adm.monash.edu.au' from='wmck@deified.adm.monash.edu.au' type='groupchat' time='1282189144835'><ink xmlns='monash:metl'><checksum>2114</checksum><points>560.5 142.6 127 573.1 131.9 127 574 131.9 127</points><color>0 0 255 255</color><thickness>3</thickness><highlight>False</highlight><author>wmck</author><target>presentationSpace</target><privacy>public</privacy><slide>1242417</slide></ink></message><message xml:lang='en' to='1242417@conference.deified.adm.monash.edu.au' from='wmck@deified.adm.monash.edu.au' type='groupchat' time='1282189148585'><ink xmlns='monash:metl'><checksum>283544.8</checksum><points>543 181.4 127 539.1 181.4 127 538.1 186.2 127 538.1 189.2 127 538.1 192.1 127 539.1 193 127 539.1 195 127 540.1 195.9 127 542 195.9 127 543 195.9 127 544.9 195 127 545.9 194 127 546.9 192.1 127 547.8 190.1 127 548.8 189.2 127 549.8 187.2 127 549.8 185.3 127 550.8 184.3 127 550.8 183.3 127 550.8 184.3 127 550.8 185.3 127 551.7 186.2 127 551.7 188.2 127 551.7 189.2 127 552.7 190.1 127 552.7 191.1 127 552.7 192.1 127 552.7 193 127 552.7 192.1 127 551.7 191.1 127 550.8 190.1 127 549.8 189.2 127 549.8 188.2 127 548.8 188.2 127 548.8 187.2 127 547.8 186.2 127 547.8 185.3 127 548.8 185.3 127 549.8 185.3 127 550.8 184.3 127 551.7 183.3 127 552.7 182.4 127 553.7 181.4 127 554.6 180.4 127 555.6 178.5 127 556.6 177.5 127 557.5 176.5 127 558.5 175.6 127 558.5 174.6 127 558.5 173.6 127 557.5 173.6 127 556.6 173.6 127 555.6 174.6 127 555.6 175.6 127 554.6 176.5 127 554.6 177.5 127 554.6 178.5 127 554.6 180.4 127 554.6 181.4 127 555.6 182.4 127 555.6 183.3 127 556.6 183.3 127 557.5 183.3 127 559.5 182.4 127 560.5 182.4 127 562.4 180.4 127 563.4 179.5 127 564.3 178.5 127 565.3 176.5 127 566.3 175.6 127 567.2 174.6 127 567.2 173.6 127 567.2 174.6 127 567.2 175.6 127 568.2 176.5 127 568.2 177.5 127 568.2 178.5 127 569.2 179.5 127 569.2 180.4 127 569.2 181.4 127 570.2 181.4 127 571.1 181.4 127 571.1 180.4 127 571.1 179.5 127 572.1 178.5 127 573.1 177.5 127 573.1 176.5 127 574 175.6 127 574 174.6 127 575 174.6 127 575 173.6 127 576 174.6 127 576.9 174.6 127 577.9 173.6 127 578.9 173.6 127 578.9 172.7 127 579.9 171.7 127 579.9 170.7 127 580.8 169.8 127 580.8 168.8 127 580.8 166.8 127 580.8 165.9 127 580.8 163.9 127 580.8 163 127 580.8 161 127 579.9 161 127 579.9 160.1 127 578.9 161 127 578.9 162 127 578.9 163.9 127 578.9 164.9 127 579.9 166.8 127 579.9 168.8 127 580.8 169.8 127 580.8 170.7 127 581.8 172.7 127 582.8 173.6 127 583.7 172.7 127 584.7 170.7 127 584.7 169.8 127 585.7 167.8 127 585.7 165.9 127 586.6 163.9 127 587.6 162 127 587.6 160.1 127 588.6 158.1 127 588.6 157.1 127 588.6 155.2 127 589.6 155.2 127 589.6 154.2 127 589.6 155.2 127 588.6 156.2 127 588.6 157.1 127 588.6 158.1 127 587.6 159.1 127 586.6 160.1 127 586.6 161 127 585.7 162 127 585.7 163 127 584.7 163.9 127 584.7 164.9 127 584.7 165.9 127 585.7 165.9 127 586.6 165.9 127 587.6 165.9 127 588.6 164.9 127 590.5 163.9 127 591.5 163 127 593.4 162 127 595.4 161 127 596.3 160.1 127 597.3 159.1 127 598.3 158.1 127 599.3 157.1 127 600.2 157.1 127 600.2 158.1 127 599.3 159.1 127 599.3 160.1 127 599.3 161 127 599.3 162 127 599.3 163 127 599.3 162 127 600.2 161 127 600.2 160.1 127 601.2 159.1 127 601.2 158.1 127 602.2 158.1 127 603.1 159.1 127 603.1 160.1 127 604.1 160.1 127 605.1 160.1 127 606 160.1 127 607 160.1 127 608 159.1 127 609 159.1 127 609.9 158.1 127 610.9 157.1 127 611.9 155.2 127 611.9 154.2 127 612.8 153.3 127 612.8 151.3 127 611.9 150.4 127 611.9 149.4 127 610.9 149.4 127 609.9 149.4 127 609 149.4 127 608 149.4 127 607 150.4 127 610.9 157.1 127 612.8 156.2 127 613.8 155.2 127 615.7 153.3 127 616.7 152.3 127 617.7 151.3 127 618.7 149.4 127 619.6 148.4 127 620.6 147.4 127 620.6 146.5 127 619.6 147.4 127 619.6 148.4 127 620.6 149.4 127 621.6 149.4 127 622.5 149.4 127 623.5 148.4 127 624.5 148.4 127 625.4 147.4 127 626.4 147.4 127 627.4 146.5 127 628.4 145.5 127 629.3 145.5 127 629.3 144.5 127 630.3 143.6 127 631.3 142.6 127 632.2 141.6 127 633.2 140.7 127 634.2 138.7 127 634.2 136.8 127 635.1 134.8 127 635.1 132.9 127 635.1 131 127 635.1 130 127 635.1 128 127 634.2 127.1 127 633.2 127.1 127 632.2 128 127 631.3 129 127 631.3 130 127 631.3 131 127 630.3 132.9 127 630.3 133.9 127 631.3 135.8 127 632.2 136.8 127 633.2 137.7 127 634.2 138.7 127 635.1 139.7 127 636.1 139.7 127 638.1 139.7 127 639 139.7 127 640 139.7 127 641 138.7 127 641.9 137.7 127 642.9 136.8 127 642.9 135.8 127 643.9 135.8 127 643.9 134.8 127 643.9 133.9 127 644.9 134.8 127 645.8 134.8 127 647.8 134.8 127 648.7 134.8 127 649.7 134.8 127 651.6 133.9 127 653.6 132.9 127 654.6 132.9 127 656.5 131.9 127 657.5 130 127 658.4 129 127 658.4 128 127 659.4 127.1 127 659.4 126.1 127 658.4 125.1 127 657.5 126.1 127 657.5 127.1 127 657.5 128 127 658.4 128 127 659.4 128 127 660.4 128 127 661.3 128 127 662.3 128 127 663.3 127.1 127 665.2 126.1 127 666.2 124.2 127 667.2 122.2 127 668.1 120.3 127 669.1 118.3 127 669.1 115.4 127 670.1 113.5 127 670.1 110.6 127 670.1 108.6 127 670.1 106.7 127 670.1 104.8 127 670.1 103.8 127 669.1 104.8 127 669.1 105.7 127 668.1 106.7 127 668.1 108.6 127 668.1 109.6 127 669.1 111.6 127 669.1 113.5 127 670.1 115.4 127 672 117.4 127 673 119.3 127 674 120.3 127 674.9 122.2 127 676.9 122.2 127 677.8 123.2 127 678.8 122.2 127 678.8 121.3 127 678.8 120.3 127 678.8 119.3 127 677.8 119.3 127 677.8 120.3 127 677.8 121.3 127 676.9 123.2 127 676.9 125.1 127 677.8 127.1 127 677.8 130 127 677.8 131.9 127 678.8 134.8 127 678.8 137.7 127 679.8 139.7 127 680.7 141.6 127 680.7 143.6 127 680.7 145.5 127 681.7 146.5 127 681.7 147.4 127 680.7 148.4 127 679.8 148.4 127 678.8 147.4 127 677.8 147.4 127 676.9 146.5 127 675.9 145.5 127 674.9 143.6 127 674.9 141.6 127 674.9 140.7 127 674.9 138.7 127 675.9 136.8 127 676.9 135.8 127 677.8 133.9 127 678.8 131.9 127 680.7 130 127 682.7 128 127 684.6 126.1 127 686.6 124.2 127 688.5 121.3 127 689.5 119.3 127 691.4 116.4 127 692.4 114.5 127 693.4 111.6 127 693.4 110.6 127 693.4 108.6 127 693.4 107.7 127 692.4 107.7 127 691.4 107.7 127 690.4 108.6 127 690.4 109.6 127 689.5 110.6 127 688.5 111.6 127 688.5 113.5 127 688.5 114.5 127 689.5 115.4 127 689.5 116.4 127 690.4 117.4 127 692.4 117.4 127 693.4 117.4 127 695.3 117.4 127 697.2 116.4 127 698.2 116.4 127 700.1 115.4 127 701.1 114.5 127 702.1 113.5 127 703.1 112.5 127 704 111.6 127 704 110.6 127 705 110.6 127 705 109.6 127 705 108.6 127 704 109.6 127 703.1 109.6 127</points><color>0 0 255 255</color><thickness>3</thickness><highlight>False</highlight><author>wmck</author><target>presentationSpace</target><privacy>public</privacy><slide>1242417</slide></ink></message><message xml:lang='en' to='1242417@conference.deified.adm.monash.edu.au' from='wmck@deified.adm.monash.edu.au' type='groupchat' time='1282189148961'><ink xmlns='monash:metl'><checksum>5544.2</checksum><points>670.1 124.2 127 666.2 120.3 127 662.3 126.1 127 663.3 128 127 664.3 129 127 665.2 129 127 667.2 129 127</points><color>0 0 255 255</color><thickness>3</thickness><highlight>False</highlight><author>wmck</author><target>presentationSpace</target><privacy>public</privacy><slide>1242417</slide></ink></message><message xml:lang='en' to='1242417@conference.deified.adm.monash.edu.au' from='wmck@deified.adm.monash.edu.au' type='groupchat' time='1282189162461'><ink xmlns='monash:metl'><checksum>32874.6</checksum><points>29.9 365.7 127 32.8 365.7 127 31.8 357 127 29.9 357 127 26.9 359.9 127 26 361.8 127 25 364.7 127 25 367.6 127 24 369.6 127 24 372.5 127 25 373.5 127 26 375.4 127 26.9 375.4 127 27.9 375.4 127 28.9 375.4 127 29.9 374.4 127 30.8 372.5 127 31.8 371.5 127 31.8 370.5 127 31.8 369.6 127 31.8 368.6 127 31.8 367.6 127 31.8 366.7 127 32.8 367.6 127 33.7 367.6 127 34.7 368.6 127 35.7 368.6 127 36.6 368.6 127 37.6 368.6 127 39.6 368.6 127 40.5 367.6 127 41.5 366.7 127 43.4 365.7 127 43.4 363.8 127 44.4 361.8 127 44.4 359.9 127 44.4 357 127 43.4 355 127 42.5 352.1 127 41.5 350.2 127 40.5 348.2 127 39.6 346.3 127 38.6 345.3 127 37.6 344.4 127 36.6 344.4 127 36.6 345.3 127 36.6 347.3 127 36.6 348.2 127 37.6 350.2 127 38.6 352.1 127 39.6 354.1 127 40.5 356 127 42.5 357.9 127 43.4 358.9 127 44.4 360.8 127 45.4 361.8 127 46.3 362.8 127 47.3 362.8 127 48.3 362.8 127 48.3 361.8 127 48.3 360.8 127 48.3 358.9 127 48.3 357 127 48.3 355 127 48.3 353.1 127 48.3 351.1 127 49.3 350.2 127 50.2 349.2 127 51.2 349.2 127 52.2 349.2 127 53.1 350.2 127 53.1 351.1 127 54.1 352.1 127 55.1 354.1 127 55.1 357 127 55.1 358.9 127 55.1 360.8 127 55.1 361.8 127 55.1 363.8 127 54.1 364.7 127 54.1 363.8 127 54.1 362.8 127</points><color>0 0 255 255</color><thickness>3</thickness><highlight>False</highlight><author>wmck</author><target>presentationSpace</target><privacy>public</privacy><slide>1242417</slide></ink></message><message xml:lang='en' to='1242417@conference.deified.adm.monash.edu.au' from='wmck@deified.adm.monash.edu.au' type='groupchat' time='1282189163596'><ink xmlns='monash:metl'><checksum>50581.7</checksum><points>59.9 348.2 127 65.7 355 127 71.6 350.2 127 73.5 346.3 127 73.5 343.4 127 73.5 340.5 127 73.5 337.6 127 73.5 335.6 127 72.5 332.7 127 71.6 330.8 127 70.6 329.8 127 70.6 328.8 127 69.6 328.8 127 68.7 330.8 127 67.7 331.7 127 67.7 333.7 127 67.7 336.6 127 68.7 339.5 127 69.6 341.4 127 70.6 343.4 127 71.6 345.3 127 73.5 346.3 127 74.5 347.3 127 76.4 347.3 127 78.4 347.3 127 79.3 346.3 127 80.3 346.3 127 81.3 344.4 127 82.2 343.4 127 82.2 341.4 127 82.2 339.5 127 82.2 338.5 127 82.2 336.6 127 82.2 335.6 127 82.2 336.6 127 82.2 337.6 127 83.2 338.5 127 84.2 339.5 127 85.1 340.5 127 86.1 340.5 127 87.1 340.5 127 88.1 339.5 127 89 339.5 127 90 337.6 127 91 335.6 127 91 333.7 127 91.9 331.7 127 91.9 328.8 127 91.9 325 127 91 322 127 91 319.1 127 90 316.2 127 90 314.3 127 89 312.3 127 89 311.4 127 88.1 312.3 127 88.1 313.3 127 88.1 315.3 127 89 317.2 127 89 320.1 127 90 322 127 91 324 127 91.9 326.9 127 93.9 328.8 127 94.9 329.8 127 96.8 331.7 127 97.8 331.7 127 99.7 332.7 127 100.7 332.7 127 101.6 332.7 127 101.6 331.7 127 102.6 330.8 127 102.6 328.8 127 102.6 326.9 127 102.6 325 127 102.6 323 127 102.6 321.1 127 102.6 320.1 127 102.6 318.2 127 102.6 317.2 127 102.6 318.2 127 102.6 319.1 127 103.6 320.1 127 103.6 322 127 104.6 324 127 105.5 326.9 127 106.5 328.8 127 107.5 331.7 127 108.4 334.7 127 109.4 337.6 127 110.4 339.5 127 110.4 341.4 127 110.4 343.4 127 110.4 344.4 127 109.4 345.3 127 108.4 345.3 127 106.5 345.3 127 104.6 344.4 127 102.6 343.4 127 100.7 342.4 127 98.7 340.5 127 95.8 338.5 127 93.9 336.6 127 91.9 335.6 127 90 333.7 127 89 332.7 127 87.1 330.8 127 87.1 329.8 127 86.1 328.8 127 87.1 327.9 127 87.1 326.9 127 88.1 325 127 89 323 127 90 321.1 127 91.9 319.1 127 92.9 316.2 127 94.9 314.3 127 95.8 312.3 127 96.8 310.4 127 96.8 308.5 127</points><color>0 0 255 255</color><thickness>3</thickness><highlight>False</highlight><author>wmck</author><target>presentationSpace</target><privacy>public</privacy><slide>1242417</slide></ink></message><message xml:lang='en' to='1242417@conference.deified.adm.monash.edu.au' from='wmck@deified.adm.monash.edu.au' type='groupchat' time='1282189163784'><ink xmlns='monash:metl'><checksum>1142.1</checksum><points>82.2 298.8 127 81.3 298.8 127 80.3 300.7 127</points><color>0 0 255 255</color><thickness>3</thickness><highlight>False</highlight><author>wmck</author><target>presentationSpace</target><privacy>public</privacy><slide>1242417</slide></ink></message><message xml:lang='en' to='1242417@conference.deified.adm.monash.edu.au' from='wmck@deified.adm.monash.edu.au' type='groupchat' time='1282189164412'><ink xmlns='monash:metl'><checksum>18342.1</checksum><points>31.8 398.7 127 31.8 396.7 127 39.6 420 127 42.5 420 127 43.4 420 127 43.4 418.1 127 44.4 416.1 127 44.4 414.2 127 45.4 412.3 127 45.4 410.3 127 45.4 408.4 127 45.4 407.4 127 45.4 408.4 127 45.4 409.3 127 46.3 410.3 127 47.3 411.3 127 48.3 412.3 127 49.3 413.2 127 51.2 414.2 127 53.1 414.2 127 55.1 413.2 127 56 412.3 127 58 411.3 127 59 410.3 127 59 408.4 127 59 406.4 127 58 405.5 127 57 404.5 127 56 403.5 127 54.1 403.5 127 52.2 403.5 127 50.2 404.5 127 49.3 405.5 127 47.3 407.4 127 46.3 408.4 127 46.3 410.3 127 46.3 411.3 127 46.3 412.3 127 46.3 413.2 127 46.3 414.2 127</points><color>0 0 255 255</color><thickness>3</thickness><highlight>False</highlight><author>wmck</author><target>presentationSpace</target><privacy>public</privacy><slide>1242417</slide></ink></message><message xml:lang='en' to='1242417@conference.deified.adm.monash.edu.au' from='wmck@deified.adm.monash.edu.au' type='groupchat' time='1282189164610'><ink xmlns='monash:metl'><checksum>887.1</checksum><points>33.7 411.3 127 31.8 410.3 127</points><color>0 0 255 255</color><thickness>3</thickness><highlight>False</highlight><author>wmck</author><target>presentationSpace</target><privacy>public</privacy><slide>1242417</slide></ink></message><message xml:lang='en' to='1242417@conference.deified.adm.monash.edu.au' from='wmck@deified.adm.monash.edu.au' type='groupchat' time='1282189167258'><ink xmlns='monash:metl'><checksum>129676.1</checksum><points>75.4 389.9 127 76.4 387 127 81.3 397.7 127 81.3 394.8 127 81.3 390.9 127 81.3 388 127 81.3 386.1 127 81.3 384.1 127 81.3 382.2 127 82.2 380.2 127 82.2 379.3 127 83.2 378.3 127 84.2 379.3 127 85.1 379.3 127 85.1 380.2 127 86.1 381.2 127 86.1 382.2 127 87.1 383.2 127 87.1 385.1 127 88.1 386.1 127 88.1 387 127 89 388 127 89 389 127 90 389.9 127 91 389.9 127 91.9 389 127 92.9 388 127 93.9 387 127 93.9 385.1 127 94.9 383.2 127 95.8 381.2 127 95.8 378.3 127 95.8 376.4 127 95.8 374.4 127 94.9 373.5 127 93.9 372.5 127 92.9 371.5 127 91.9 372.5 127 91 373.5 127 91 375.4 127 91 376.4 127 91 378.3 127 91.9 379.3 127 92.9 380.2 127 93.9 381.2 127 94.9 382.2 127 96.8 382.2 127 98.7 382.2 127 100.7 381.2 127 101.6 380.2 127 103.6 378.3 127 104.6 377.3 127 105.5 376.4 127 106.5 374.4 127 106.5 373.5 127 106.5 371.5 127 106.5 370.5 127 106.5 369.6 127 106.5 370.5 127 106.5 371.5 127 107.5 373.5 127 107.5 374.4 127 108.4 375.4 127 109.4 376.4 127 110.4 377.3 127 111.3 377.3 127 112.3 377.3 127 113.3 376.4 127 113.3 375.4 127 114.3 374.4 127 114.3 372.5 127 114.3 370.5 127 115.2 368.6 127 115.2 366.7 127 115.2 364.7 127 115.2 362.8 127 115.2 361.8 127 116.2 360.8 127 116.2 359.9 127 116.2 360.8 127 117.2 361.8 127 117.2 362.8 127 117.2 363.8 127 118.1 364.7 127 119.1 365.7 127 119.1 366.7 127 120.1 366.7 127 120.1 367.6 127 121 367.6 127 121 366.7 127 121 365.7 127 121 364.7 127 121 363.8 127 121 362.8 127 121 361.8 127 121 360.8 127 122 360.8 127 123 360.8 127 123 361.8 127 124 361.8 127 124.9 361.8 127 125.9 362.8 127 126.9 362.8 127 128.8 362.8 127 129.8 361.8 127 130.7 360.8 127 131.7 359.9 127 132.7 357.9 127 132.7 357 127 133.7 355 127 133.7 354.1 127 133.7 352.1 127 133.7 351.1 127 133.7 349.2 127 132.7 349.2 127 132.7 348.2 127 131.7 348.2 127 130.7 348.2 127 130.7 349.2 127 130.7 350.2 127 130.7 351.1 127 130.7 353.1 127 130.7 354.1 127 131.7 355 127 131.7 356 127 132.7 357 127 133.7 357.9 127 134.6 357.9 127 135.6 357 127 136.6 357 127 137.5 356 127 138.5 354.1 127 139.5 353.1 127 140.4 351.1 127 140.4 349.2 127 141.4 348.2 127 141.4 346.3 127 142.4 345.3 127 142.4 344.4 127 143.4 345.3 127 143.4 346.3 127 144.3 348.2 127 144.3 349.2 127 145.3 350.2 127 146.3 351.1 127 147.2 352.1 127 148.2 351.1 127 148.2 350.2 127 148.2 349.2 127 148.2 347.3 127 149.2 346.3 127 149.2 345.3 127 149.2 344.4 127 150.1 343.4 127 151.1 343.4 127 151.1 344.4 127 152.1 344.4 127 153.1 344.4 127 153.1 345.3 127 154 345.3 127 155 345.3 127 156 344.4 127 156.9 343.4 127 157.9 342.4 127 158.9 341.4 127 158.9 340.5 127 159.8 338.5 127 159.8 336.6 127 159.8 334.7 127 158.9 332.7 127 158.9 330.8 127 157.9 327.9 127 157.9 325.9 127 156.9 325 127 156.9 323 127 156 323 127 156 324 127 156 325 127 156.9 325.9 127 156.9 327.9 127 157.9 329.8 127 158.9 330.8 127 159.8 332.7 127 159.8 333.7 127 160.8 334.7 127 160.8 335.6 127 161.8 336.6 127 161.8 335.6 127 161.8 334.7 127 161.8 332.7 127 161.8 331.7 127 162.8 329.8 127 162.8 328.8 127 162.8 326.9 127 163.7 325.9 127 164.7 325 127 165.7 325 127 166.6 325.9 127 167.6 325.9 127 168.6 326.9 127 169.5 328.8 127 170.5 329.8 127 170.5 331.7 127 169.5 332.7 127 169.5 333.7 127 168.6 335.6 127 167.6 336.6 127 166.6 336.6 127 165.7 337.6 127 164.7 337.6 127 163.7 337.6 127 164.7 336.6 127 165.7 336.6 127 167.6 336.6 127 168.6 335.6 127 170.5 334.7 127 172.5 333.7 127 174.4 331.7 127 176.3 329.8 127 178.3 327.9 127 179.2 325.9 127 180.2 323 127 181.2 321.1 127 181.2 319.1 127 181.2 317.2 127 181.2 315.3 127 180.2 314.3 127 179.2 314.3 127 178.3 314.3 127 178.3 315.3 127 178.3 317.2 127 178.3 319.1 127 178.3 321.1 127 178.3 323 127 179.2 324 127 180.2 325 127 182.2 325.9 127 183.1 325.9 127 184.1 325.9 127 185.1 325.9 127 186 325 127 187 323 127 188 322 127 188.9 320.1 127 188.9 319.1 127 188.9 317.2 127 188.9 316.2 127 189.9 317.2 127 189.9 318.2 127 190.9 319.1 127 191.9 319.1 127 192.8 319.1 127 193.8 319.1 127 195.7 319.1 127 196.7 318.2 127 197.7 316.2 127 198.6 315.3 127 199.6 314.3 127 200.6 312.3 127 200.6 311.4 127 201.6 309.4 127 200.6 308.5 127 200.6 307.5 127 198.6 307.5 127 197.7 307.5 127</points><color>0 0 255 255</color><thickness>3</thickness><highlight>False</highlight><author>wmck</author><target>presentationSpace</target><privacy>public</privacy><slide>1242417</slide></ink></message><message xml:lang='en' to='1242417@conference.deified.adm.monash.edu.au' from='wmck@deified.adm.monash.edu.au' type='groupchat' time='1282189168402'><ink xmlns='monash:metl'><checksum>50458.8</checksum><points>80.3 429.7 127 82.2 444.3 127 81.3 441.4 127 80.3 436.5 127 79.3 434.6 127 78.4 431.7 127 78.4 429.7 127 78.4 428.7 127 78.4 426.8 127 79.3 426.8 127 80.3 427.8 127 81.3 428.7 127 82.2 429.7 127 84.2 429.7 127 85.1 430.7 127 87.1 431.7 127 88.1 431.7 127 90 431.7 127 91.9 431.7 127 92.9 431.7 127 93.9 430.7 127 95.8 429.7 127 96.8 428.7 127 96.8 426.8 127 96.8 424.9 127 96.8 422.9 127 96.8 420 127 95.8 418.1 127 95.8 416.1 127 94.9 414.2 127 92.9 413.2 127 91.9 413.2 127 91 413.2 127 90 414.2 127 89 415.2 127 89 417.1 127 89 419 127 89 421 127 89 422 127 90 423.9 127 91 424.9 127 92.9 425.8 127 94.9 425.8 127 95.8 425.8 127 97.8 425.8 127 99.7 424.9 127 100.7 423.9 127 102.6 422 127 102.6 421 127 103.6 419 127 104.6 417.1 127 104.6 415.2 127 104.6 413.2 127 104.6 412.3 127 104.6 411.3 127 103.6 412.3 127 104.6 413.2 127 104.6 414.2 127 104.6 415.2 127 105.5 417.1 127 106.5 418.1 127 107.5 419 127 108.4 419 127 109.4 419 127 110.4 419 127 111.3 419 127 112.3 418.1 127 113.3 417.1 127 114.3 416.1 127 114.3 414.2 127 114.3 413.2 127 114.3 412.3 127 115.2 412.3 127 116.2 412.3 127 117.2 413.2 127 118.1 413.2 127 119.1 413.2 127 121 412.3 127 122 412.3 127 124 411.3 127 124.9 410.3 127 125.9 409.3 127 126.9 407.4 127 126.9 406.4 127 126.9 404.5 127 126.9 402.6 127 125.9 401.6 127 124.9 399.6 127 124 398.7 127 122 397.7 127 121 396.7 127 119.1 395.8 127 118.1 396.7 127 117.2 396.7 127 116.2 397.7 127 116.2 398.7 127 115.2 399.6 127</points><color>0 0 255 255</color><thickness>3</thickness><highlight>False</highlight><author>wmck</author><target>presentationSpace</target><privacy>public</privacy><slide>1242417</slide></ink></message><message xml:lang='en' to='1242417@conference.deified.adm.monash.edu.au' from='wmck@deified.adm.monash.edu.au' type='groupchat' time='1282189169157'><ink xmlns='monash:metl'><checksum>20890.8</checksum><points>67.7 489.9 127 70.6 494.7 127 70.6 477.2 127 69.6 479.2 127 68.7 481.1 127 68.7 483.1 127 69.6 486 127 69.6 487.9 127 70.6 489.9 127 71.6 491.8 127 73.5 492.8 127 74.5 493.7 127 75.4 493.7 127 77.4 493.7 127 78.4 492.8 127 79.3 492.8 127 80.3 490.8 127 81.3 489.9 127 81.3 487.9 127 82.2 486 127 82.2 483.1 127 82.2 481.1 127 83.2 478.2 127 83.2 477.2 127 84.2 475.3 127 85.1 474.3 127 86.1 474.3 127 87.1 474.3 127 88.1 475.3 127 89 477.2 127 90 478.2 127 90 480.2 127 90 482.1 127 90 484 127 90 486 127 90 486.9 127 89 487.9 127</points><color>0 0 255 255</color><thickness>3</thickness><highlight>False</highlight><author>wmck</author><target>presentationSpace</target><privacy>public</privacy><slide>1242417</slide></ink></message><message xml:lang='en' to='1242417@conference.deified.adm.monash.edu.au' from='wmck@deified.adm.monash.edu.au' type='groupchat' time='1282189170462'><ink xmlns='monash:metl'><checksum>78720.7999999999</checksum><points>94.9 471.4 127 93.9 469.5 127 92.9 476.3 127 94.9 479.2 127 95.8 479.2 127 96.8 479.2 127 97.8 479.2 127 98.7 478.2 127 99.7 477.2 127 100.7 476.3 127 101.6 474.3 127 101.6 473.4 127 102.6 472.4 127 103.6 471.4 127 103.6 470.5 127 104.6 470.5 127 104.6 471.4 127 105.5 472.4 127 106.5 474.3 127 107.5 476.3 127 108.4 479.2 127 109.4 482.1 127 111.3 484 127 112.3 486.9 127 114.3 488.9 127 115.2 490.8 127 116.2 492.8 127 116.2 493.7 127 117.2 493.7 127 116.2 493.7 127 116.2 492.8 127 115.2 490.8 127 113.3 487.9 127 111.3 485 127 110.4 481.1 127 108.4 477.2 127 107.5 473.4 127 106.5 469.5 127 105.5 465.6 127 105.5 462.7 127 106.5 460.8 127 107.5 459.8 127 108.4 459.8 127 110.4 459.8 127 111.3 460.8 127 112.3 462.7 127 113.3 464.6 127 114.3 466.6 127 114.3 468.5 127 114.3 470.5 127 114.3 472.4 127 113.3 473.4 127 112.3 474.3 127 111.3 475.3 127 110.4 475.3 127 109.4 475.3 127 108.4 475.3 127 108.4 474.3 127 108.4 473.4 127 109.4 473.4 127 110.4 473.4 127 112.3 472.4 127 113.3 472.4 127 115.2 471.4 127 116.2 471.4 127 117.2 470.5 127 119.1 468.5 127 120.1 466.6 127 121 464.6 127 121 462.7 127 122 460.8 127 122 458.8 127 122 455.9 127 122 454 127 121 452 127 121 451.1 127 120.1 450.1 127 119.1 450.1 127 118.1 451.1 127 118.1 452 127 118.1 454 127 118.1 455.9 127 118.1 457.8 127 119.1 459.8 127 120.1 460.8 127 121 461.7 127 122 462.7 127 124 462.7 127 124.9 462.7 127 126.9 461.7 127 127.8 460.8 127 128.8 459.8 127 130.7 457.8 127 130.7 455.9 127 131.7 454 127 131.7 452 127 132.7 450.1 127 132.7 448.1 127 132.7 447.2 127 132.7 446.2 127 133.7 446.2 127 134.6 446.2 127 135.6 447.2 127 135.6 448.1 127 136.6 449.1 127 137.5 450.1 127 138.5 451.1 127 139.5 451.1 127 140.4 451.1 127 141.4 451.1 127 141.4 450.1 127 142.4 449.1 127 142.4 448.1 127 142.4 446.2 127 142.4 444.3 127 142.4 441.4 127 143.4 439.4 127 143.4 437.5 127 143.4 434.6 127 143.4 433.6 127 143.4 431.7 127 144.3 431.7 127 144.3 430.7 127 145.3 431.7 127 146.3 432.6 127 146.3 433.6 127 147.2 434.6 127 148.2 435.5 127 149.2 437.5 127 150.1 438.4 127 150.1 439.4 127 151.1 440.4 127 150.1 438.4 127 150.1 437.5 127 149.2 435.5 127</points><color>0 0 255 255</color><thickness>3</thickness><highlight>False</highlight><author>wmck</author><target>presentationSpace</target><privacy>public</privacy><slide>1242417</slide></ink></message><message xml:lang='en' to='1242417@conference.deified.adm.monash.edu.au' from='wmck@deified.adm.monash.edu.au' type='groupchat' time='1282189170546'><ink xmlns='monash:metl'><checksum>571.1</checksum><points>145.3 425.8 127</points><color>0 0 255 255</color><thickness>3</thickness><highlight>False</highlight><author>wmck</author><target>presentationSpace</target><privacy>public</privacy><slide>1242417</slide></ink></message><message xml:lang='en' to='1242417@conference.deified.adm.monash.edu.au' from='wmck@deified.adm.monash.edu.au' type='groupchat' time='1282189171185'><ink xmlns='monash:metl'><checksum>42373.4</checksum><points>145.3 425.8 127 149.2 429.7 127 150.1 430.7 127 151.1 430.7 127 152.1 431.7 127 153.1 432.6 127 154 432.6 127 155 432.6 127 156.9 432.6 127 157.9 432.6 127 158.9 431.7 127 158.9 430.7 127 159.8 429.7 127 160.8 427.8 127 160.8 426.8 127 160.8 424.9 127 160.8 422.9 127 160.8 421 127 160.8 420 127 159.8 419 127 158.9 418.1 127 157.9 418.1 127 156.9 419 127 156 421 127 156 422 127 156 423.9 127 156 425.8 127 156.9 426.8 127 156.9 428.7 127 157.9 429.7 127 158.9 429.7 127 159.8 430.7 127 160.8 429.7 127 162.8 429.7 127 163.7 428.7 127 163.7 426.8 127 164.7 425.8 127 165.7 423.9 127 165.7 422 127 166.6 420 127 167.6 418.1 127 167.6 417.1 127 168.6 415.2 127 169.5 415.2 127 170.5 416.1 127 171.5 416.1 127 171.5 417.1 127 172.5 418.1 127 173.4 420 127 174.4 421 127 175.4 422 127 175.4 421 127 176.3 421 127 176.3 420 127 176.3 418.1 127 176.3 417.1 127 177.3 416.1 127 177.3 414.2 127 178.3 413.2 127 179.2 412.3 127 180.2 411.3 127 181.2 411.3 127 182.2 411.3 127 183.1 411.3 127 184.1 411.3 127 185.1 411.3 127 186 411.3 127 187 411.3 127 188 410.3 127 188.9 409.3 127 189.9 409.3 127 190.9 408.4 127</points><color>0 0 255 255</color><thickness>3</thickness><highlight>False</highlight><author>wmck</author><target>presentationSpace</target><privacy>public</privacy><slide>1242417</slide></ink></message><message xml:lang='en' to='1242417@conference.deified.adm.monash.edu.au' from='wmck@deified.adm.monash.edu.au' type='groupchat' time='1282189171775'><ink xmlns='monash:metl'><checksum>31330.8</checksum><points>193.8 402.6 127 192.8 399.6 127 194.8 408.4 127 197.7 408.4 127 198.6 407.4 127 199.6 406.4 127 201.6 404.5 127 202.5 402.6 127 203.5 400.6 127 204.5 397.7 127 204.5 395.8 127 205.4 392.9 127 205.4 390.9 127 205.4 389 127 205.4 387 127 204.5 386.1 127 204.5 387 127 203.5 388 127 203.5 389.9 127 204.5 390.9 127 204.5 392.9 127 205.4 393.8 127 206.4 395.8 127 206.4 396.7 127 207.4 396.7 127 208.3 397.7 127 209.3 396.7 127 210.3 395.8 127 211.3 394.8 127 212.2 393.8 127 213.2 391.9 127 214.2 389.9 127 214.2 388 127 215.1 386.1 127 216.1 384.1 127 217.1 383.2 127 218 383.2 127 219 383.2 127 219 384.1 127 220 385.1 127 221 386.1 127 221 387 127 221 389 127 221 389.9 127 221 390.9 127 220 391.9 127 219 391.9 127 217.1 391.9 127 216.1 392.9 127 214.2 391.9 127 211.3 391.9 127 209.3 390.9 127</points><color>0 0 255 255</color><thickness>3</thickness><highlight>False</highlight><author>wmck</author><target>presentationSpace</target><privacy>public</privacy><slide>1242417</slide></ink></message><message xml:lang='en' to='1242417@conference.deified.adm.monash.edu.au' from='wmck@deified.adm.monash.edu.au' type='groupchat' time='1282189171926'><ink xmlns='monash:metl'><checksum>1138.4</checksum><points>192.8 378.3 127 190.9 376.4 127</points><color>0 0 255 255</color><thickness>3</thickness><highlight>False</highlight><author>wmck</author><target>presentationSpace</target><privacy>public</privacy><slide>1242417</slide></ink></message>