<conversation><title>robits2k77</title><author>hagand</author><created>12/07/2010 2:02:00 PM</created><tag></tag><subject>Unrestricted</subject><jid>69000</jid><permissions><studentCanPublish>false</studentCanPublish><studentCanOpenFriends>false</studentCanOpenFriends><usersAreCompulsorilySynced>true</usersAreCompulsorilySynced></permissions><slide><author>hagand</author><id>69001</id><index>0</index><type>SLIDE</type></slide><slide><author>hagand</author><id>69002</id><index>1</index><type>SLIDE</type></slide><slide><author>hagand</author><id>69003</id><index>2</index><type>SLIDE</type></slide></conversation>