<conversation><title>s1</title><author>gibsonb</author><created>21/06/2010 4:00:34 PM</created><tag>unTagged</tag><subject>gibsonb</subject><jid>56800</jid><permissions><studentCanPublish>false</studentCanPublish><studentCanOpenFriends>false</studentCanOpenFriends><usersAreCompulsorilySynced>true</usersAreCompulsorilySynced></permissions><slide><author>gibsonb</author><id>56801</id><index>0</index><exposed>False</exposed><type>SLIDE</type></slide><slide><author>gibsonb</author><id>56802</id><index>1</index><exposed>False</exposed><type>SLIDE</type></slide><slide><author>gibsonb</author><id>56803</id><index>2</index><exposed>False</exposed><type>SLIDE</type></slide><slide><author>gibsonb</author><id>56804</id><index>3</index><exposed>False</exposed><type>SLIDE</type></slide><slide><author>gibsonb</author><id>56805</id><index>4</index><exposed>False</exposed><type>SLIDE</type></slide><slide><author>gibsonb</author><id>56806</id><index>5</index><exposed>False</exposed><type>SLIDE</type></slide><slide><author>gibsonb</author><id>56807</id><index>6</index><exposed>False</exposed><type>SLIDE</type></slide><slide><author>gibsonb</author><id>56808</id><index>7</index><exposed>False</exposed><type>SLIDE</type></slide><slide><author>gibsonb</author><id>56809</id><index>8</index><exposed>False</exposed><type>SLIDE</type></slide><slide><author>gibsonb</author><id>56810</id><index>9</index><exposed>False</exposed><type>SLIDE</type></slide><slide><author>gibsonb</author><id>56811</id><index>10</index><exposed>False</exposed><type>SLIDE</type></slide><slide><author>gibsonb</author><id>56812</id><index>11</index><exposed>False</exposed><type>SLIDE</type></slide><slide><author>gibsonb</author><id>56813</id><index>12</index><exposed>False</exposed><type>SLIDE</type></slide><slide><author>gibsonb</author><id>56814</id><index>13</index><exposed>False</exposed><type>SLIDE</type></slide></conversation>