<conversation><title>kjnlmsdlkmclmcdml</title><author>micphill</author><created>18/11/2010 1:35:56 PM</created><tag></tag><subject>Unrestricted</subject><jid>1617400</jid><permissions><studentCanPublish>true</studentCanPublish><studentCanOpenFriends>true</studentCanOpenFriends><usersAreCompulsorilySynced>false</usersAreCompulsorilySynced></permissions><slide><author>micphill</author><id>1617401</id><index>0</index><type>SLIDE</type></slide><slide><author>micphill</author><id>1617402</id><index>1</index><type>SLIDE</type></slide></conversation>