<conversation><title>pptTest</title><author>dhag22</author><created>17/06/2010 4:13:01 PM</created><tag>unTagged</tag><subject>Unrestricted</subject><jid>54400</jid><permissions><studentCanPublish>false</studentCanPublish><studentCanOpenFriends>false</studentCanOpenFriends><usersAreCompulsorilySynced>true</usersAreCompulsorilySynced></permissions><slide><author>dhag22</author><id>54401</id><index>0</index><exposed>False</exposed><type>SLIDE</type></slide><slide><author>dhag22</author><id>54402</id><index>1</index><exposed>False</exposed><type>SLIDE</type></slide><slide><author>dhag22</author><id>54403</id><index>2</index><exposed>False</exposed><type>SLIDE</type></slide><slide><author>dhag22</author><id>54404</id><index>3</index><exposed>False</exposed><type>SLIDE</type></slide></conversation>