<conversation><title>attempted Karen fix 2 - The other import</title><author>bhughes</author><created>26/07/2010 12:24:02 PM</created><tag></tag><subject>bhughes</subject><jid>1120400</jid><permissions><studentCanPublish>false</studentCanPublish><studentCanOpenFriends>false</studentCanOpenFriends><usersAreCompulsorilySynced>true</usersAreCompulsorilySynced></permissions><slide><author>bhughes</author><id>1120401</id><index>0</index><type>SLIDE</type></slide><slide><author>bhughes</author><id>1120402</id><index>1</index><type>SLIDE</type></slide><slide><author>bhughes</author><id>1120403</id><index>2</index><type>SLIDE</type></slide><slide><author>bhughes</author><id>1120404</id><index>3</index><type>SLIDE</type></slide><slide><author>bhughes</author><id>1120405</id><index>4</index><type>SLIDE</type></slide><slide><author>bhughes</author><id>1120406</id><index>5</index><type>SLIDE</type></slide><slide><author>bhughes</author><id>1120407</id><index>6</index><type>SLIDE</type></slide><slide><author>bhughes</author><id>1120408</id><index>7</index><type>SLIDE</type></slide><slide><author>bhughes</author><id>1120409</id><index>8</index><type>SLIDE</type></slide><slide><author>bhughes</author><id>1120410</id><index>9</index><type>SLIDE</type></slide><slide><author>bhughes</author><id>1120411</id><index>10</index><type>SLIDE</type></slide><slide><author>bhughes</author><id>1120412</id><index>11</index><type>SLIDE</type></slide><slide><author>bhughes</author><id>1120413</id><index>12</index><type>SLIDE</type></slide><slide><author>bhughes</author><id>1120414</id><index>13</index><type>SLIDE</type></slide><slide><author>bhughes</author><id>1120415</id><index>14</index><type>SLIDE</type></slide><slide><author>bhughes</author><id>1120416</id><index>15</index><type>SLIDE</type></slide><slide><author>bhughes</author><id>1120417</id><index>16</index><type>SLIDE</type></slide><slide><author>bhughes</author><id>1120418</id><index>17</index><type>SLIDE</type></slide><slide><author>bhughes</author><id>1120419</id><index>18</index><type>SLIDE</type></slide><slide><author>bhughes</author><id>1120420</id><index>19</index><type>SLIDE</type></slide><slide><author>bhughes</author><id>1120421</id><index>20</index><type>SLIDE</type></slide><slide><author>bhughes</author><id>1120422</id><index>21</index><type>SLIDE</type></slide><slide><author>bhughes</author><id>1120423</id><index>22</index><type>SLIDE</type></slide><slide><author>bhughes</author><id>1120424</id><index>23</index><type>SLIDE</type></slide><slide><author>bhughes</author><id>1120425</id><index>24</index><type>SLIDE</type></slide><slide><author>bhughes</author><id>1120426</id><index>25</index><type>SLIDE</type></slide><slide><author>bhughes</author><id>1120427</id><index>26</index><type>SLIDE</type></slide><slide><author>bhughes</author><id>1120428</id><index>27</index><type>SLIDE</type></slide><slide><author>bhughes</author><id>1120429</id><index>28</index><type>SLIDE</type></slide><slide><author>bhughes</author><id>1120430</id><index>29</index><type>SLIDE</type></slide><slide><author>bhughes</author><id>1120431</id><index>30</index><type>SLIDE</type></slide><slide><author>bhughes</author><id>1120432</id><index>31</index><type>SLIDE</type></slide><slide><author>bhughes</author><id>1120433</id><index>32</index><type>SLIDE</type></slide><slide><author>bhughes</author><id>1120434</id><index>33</index><type>SLIDE</type></slide><slide><author>bhughes</author><id>1120435</id><index>34</index><type>SLIDE</type></slide></conversation>