<conversation><title>(capslock) bhughes at 28/10/2010 4:07:33 PM</title><author>bhughes</author><created>28/10/2010 4:07:44 PM</created><lastAccessed>28/10/2010 4:07:33 PM</lastAccessed><tag>unTagged</tag><subject>Deleted</subject><jid>1510400</jid><permissions><studentCanPublish>false</studentCanPublish><studentCanOpenFriends>false</studentCanOpenFriends><usersAreCompulsorilySynced>true</usersAreCompulsorilySynced></permissions><slide><author>bhughes</author><id>1510401</id><index>0</index><defaultHeight>540</defaultHeight><defaultWidth>720</defaultWidth><exposed>False</exposed><type>SLIDE</type></slide></conversation>