<conversation><title>eecrole 22/10/2010 3:00:53 PM</title><author>eecrole</author><created>22/10/2010 3:00:54 PM</created><lastAccessed>1/01/0001 12:00:00 AM</lastAccessed><tag>unTagged</tag><subject>Deleted</subject><jid>111800</jid><permissions><studentCanPublish>false</studentCanPublish><studentCanOpenFriends>false</studentCanOpenFriends><usersAreCompulsorilySynced>true</usersAreCompulsorilySynced></permissions><slide><author>eecrole</author><id>111801</id><index>0</index><defaultHeight>540</defaultHeight><defaultWidth>720</defaultWidth><exposed>False</exposed><type>SLIDE</type></slide></conversation>