<conversation><title>Lalan wrote this again</title><author>AdmirableLalan</author><created>25/02/2010 10:43:57 AM</created><tag>picks up some tags</tag><subject>Artificial person</subject><jid>624400</jid><permissions><studentCanPublish>true</studentCanPublish><studentCanOpenFriends>true</studentCanOpenFriends><usersAreCompulsorilySynced>false</usersAreCompulsorilySynced></permissions><slide><author>AdmirableLalan</author><id>624401</id><index>0</index><type>SLIDE</type></slide><slide><author>AdmirableLalan</author><id>624405</id><index>4</index><type>SLIDE</type></slide><slide><author>AdmirableLalan</author><id>624402</id><index>1</index><type>SLIDE</type></slide><slide><author>AdmirableLalan</author><id>624406</id><index>5</index><type>POLL</type></slide><slide><author>AdmirableLalan</author><id>624403</id><index>2</index><type>SLIDE</type></slide><slide><author>AdmirableLalan</author><id>624404</id><index>3</index><type>SLIDE</type></slide><slide><author>AdmirableLalan</author><id>624410</id><index>9</index><type>SLIDE</type></slide><slide><author>AdmirableLalan</author><id>624409</id><index>8</index><type>SLIDE</type></slide><slide><author>AdmirableLalan</author><id>624408</id><index>7</index><type>SLIDE</type></slide><slide><author>AdmirableLalan</author><id>624417</id><index>16</index><type>SLIDE</type></slide><slide><author>AdmirableLalan</author><id>624419</id><index>18</index><type>SLIDE</type></slide><slide><author>AdmirableLalan</author><id>624421</id><index>20</index><type>SLIDE</type></slide><slide><author>AdmirableLalan</author><id>624422</id><index>21</index><type>SLIDE</type></slide><slide><author>AdmirableLalan</author><id>624424</id><index>23</index><type>SLIDE</type></slide><slide><author>AdmirableLalan</author><id>624428</id><index>27</index><type>SLIDE</type></slide><slide><author>AdmirableLalan</author><id>624430</id><index>29</index><type>SLIDE</type></slide><slide><author>AdmirableLalan</author><id>624418</id><index>17</index><type>SLIDE</type></slide><slide><author>AdmirableLalan</author><id>624432</id><index>31</index><type>SLIDE</type></slide><slide><author>AdmirableLalan</author><id>624434</id><index>33</index><type>SLIDE</type></slide><slide><author>AdmirableLalan</author><id>624425</id><index>24</index><type>SLIDE</type></slide><slide><author>AdmirableLalan</author><id>624440</id><index>39</index><type>SLIDE</type></slide><slide><author>AdmirableLalan</author><id>624443</id><index>42</index><type>SLIDE</type></slide><slide><author>AdmirableLalan</author><id>624447</id><index>46</index><type>SLIDE</type></slide><slide><author>AdmirableLalan</author><id>624451</id><index>50</index><type>SLIDE</type></slide><slide><author>AdmirableLalan</author><id>624456</id><index>55</index><type>SLIDE</type></slide><slide><author>AdmirableLalan</author><id>624460</id><index>59</index><type>SLIDE</type></slide><slide><author>AdmirableLalan</author><id>624459</id><index>58</index><type>SLIDE</type></slide><slide><author>AdmirableLalan</author><id>624463</id><index>62</index><type>SLIDE</type></slide><slide><author>AdmirableLalan</author><id>624467</id><index>66</index><type>SLIDE</type></slide><slide><author>AdmirableLalan</author><id>624471</id><index>70</index><type>SLIDE</type></slide><slide><author>AdmirableLalan</author><id>624474</id><index>73</index><type>SLIDE</type></slide><slide><author>AdmirableLalan</author><id>624477</id><index>76</index><type>SLIDE</type></slide><slide><author>AdmirableLalan</author><id>624476</id><index>75</index><type>SLIDE</type></slide><slide><author>AdmirableLalan</author><id>624480</id><index>79</index><type>SLIDE</type></slide><slide><author>AdmirableLalan</author><id>624482</id><index>81</index><type>SLIDE</type></slide><slide><author>AdmirableLalan</author><id>624484</id><index>83</index><type>SLIDE</type></slide><slide><author>AdmirableLalan</author><id>624487</id><index>86</index><type>SLIDE</type></slide><slide><author>AdmirableLalan</author><id>624490</id><index>89</index><type>SLIDE</type></slide><slide><author>AdmirableLalan</author><id>624492</id><index>91</index><type>SLIDE</type></slide><slide><author>AdmirableLalan</author><id>624493</id><index>92</index><type>SLIDE</type></slide><slide><author>AdmirableLalan</author><id>624495</id><index>94</index><type>SLIDE</type></slide><slide><author>AdmirableLalan</author><id>624497</id><index>96</index><type>SLIDE</type></slide><slide><author>AdmirableLalan</author><id>624500</id><index>99</index><type>SLIDE</type></slide><slide><author>AdmirableLalan</author><id>624502</id><index>101</index><type>SLIDE</type></slide><slide><author>AdmirableLalan</author><id>624504</id><index>103</index><type>SLIDE</type></slide><slide><author>AdmirableLalan</author><id>624506</id><index>105</index><type>SLIDE</type></slide><slide><author>AdmirableLalan</author><id>624508</id><index>107</index><type>SLIDE</type></slide><slide><author>AdmirableLalan</author><id>624510</id><index>109</index><type>SLIDE</type></slide><slide><author>AdmirableLalan</author><id>624509</id><index>108</index><type>SLIDE</type></slide><slide><author>AdmirableLalan</author><id>624513</id><index>112</index><type>SLIDE</type></slide><slide><author>AdmirableLalan</author><id>624517</id><index>116</index><type>SLIDE</type></slide><slide><author>AdmirableLalan</author><id>624520</id><index>119</index><type>SLIDE</type></slide><slide><author>AdmirableLalan</author><id>624521</id><index>120</index><type>SLIDE</type></slide><slide><author>AdmirableLalan</author><id>624522</id><index>121</index><type>SLIDE</type></slide><slide><author>AdmirableLalan</author><id>624525</id><index>124</index><type>SLIDE</type></slide><slide><author>AdmirableLalan</author><id>624527</id><index>126</index><type>SLIDE</type></slide><slide><author>AdmirableLalan</author><id>624528</id><index>127</index><type>SLIDE</type></slide><slide><author>AdmirableLalan</author><id>624530</id><index>129</index><type>SLIDE</type></slide><slide><author>AdmirableLalan</author><id>624532</id><index>131</index><type>SLIDE</type></slide><slide><author>AdmirableLalan</author><id>624534</id><index>133</index><type>SLIDE</type></slide><slide><author>AdmirableLalan</author><id>624537</id><index>136</index><type>SLIDE</type></slide><slide><author>AdmirableLalan</author><id>624541</id><index>140</index><type>SLIDE</type></slide><slide><author>AdmirableLalan</author><id>624543</id><index>142</index><type>SLIDE</type></slide><slide><author>AdmirableLalan</author><id>624545</id><index>144</index><type>SLIDE</type></slide><slide><author>AdmirableLalan</author><id>624548</id><index>147</index><type>SLIDE</type></slide><slide><author>AdmirableLalan</author><id>624550</id><index>149</index><type>SLIDE</type></slide><slide><author>AdmirableLalan</author><id>624553</id><index>152</index><type>SLIDE</type></slide><slide><author>AdmirableLalan</author><id>624556</id><index>155</index><type>SLIDE</type></slide><slide><author>AdmirableLalan</author><id>624558</id><index>157</index><type>SLIDE</type></slide><slide><author>AdmirableLalan</author><id>624561</id><index>160</index><type>SLIDE</type></slide><slide><author>AdmirableLalan</author><id>624562</id><index>161</index><type>SLIDE</type></slide><slide><author>AdmirableLalan</author><id>624563</id><index>162</index><type>SLIDE</type></slide><slide><author>AdmirableLalan</author><id>624564</id><index>163</index><type>SLIDE</type></slide><slide><author>AdmirableLalan</author><id>624566</id><index>165</index><type>SLIDE</type></slide><slide><author>AdmirableLalan</author><id>624568</id><index>167</index><type>SLIDE</type></slide><slide><author>AdmirableLalan</author><id>624571</id><index>170</index><type>SLIDE</type></slide><slide><author>AdmirableLalan</author><id>624573</id><index>172</index><type>SLIDE</type></slide><slide><author>AdmirableLalan</author><id>624575</id><index>174</index><type>SLIDE</type></slide><slide><author>AdmirableLalan</author><id>624577</id><index>176</index><type>SLIDE</type></slide><slide><author>AdmirableLalan</author><id>624579</id><index>178</index><type>SLIDE</type></slide><slide><author>AdmirableLalan</author><id>624581</id><index>180</index><type>SLIDE</type></slide><slide><author>AdmirableLalan</author><id>624585</id><index>184</index><type>SLIDE</type></slide><slide><author>AdmirableLalan</author><id>624587</id><index>186</index><type>SLIDE</type></slide><slide><author>AdmirableLalan</author><id>624589</id><index>188</index><type>SLIDE</type></slide><slide><author>AdmirableLalan</author><id>624591</id><index>190</index><type>SLIDE</type></slide><slide><author>AdmirableLalan</author><id>624593</id><index>192</index><type>SLIDE</type></slide><slide><author>AdmirableLalan</author><id>624595</id><index>194</index><type>SLIDE</type></slide><slide><author>AdmirableLalan</author><id>624597</id><index>196</index><type>SLIDE</type></slide><slide><author>AdmirableLalan</author><id>624599</id><index>198</index><type>SLIDE</type></slide><slide><author>AdmirableLalan</author><id>624600</id><index>199</index><type>SLIDE</type></slide><slide><author>AdmirableLalan</author><id>624601</id><index>200</index><type>SLIDE</type></slide><slide><author>AdmirableLalan</author><id>624603</id><index>202</index><type>SLIDE</type></slide><slide><author>AdmirableLalan</author><id>624602</id><index>201</index><type>SLIDE</type></slide><slide><author>AdmirableLalan</author><id>624598</id><index>197</index><type>SLIDE</type></slide><slide><author>AdmirableLalan</author><id>624596</id><index>195</index><type>SLIDE</type></slide><slide><author>AdmirableLalan</author><id>624594</id><index>193</index><type>SLIDE</type></slide><slide><author>AdmirableLalan</author><id>624592</id><index>191</index><type>SLIDE</type></slide><slide><author>AdmirableLalan</author><id>624590</id><index>189</index><type>SLIDE</type></slide><slide><author>AdmirableLalan</author><id>624588</id><index>187</index><type>SLIDE</type></slide><slide><author>AdmirableLalan</author><id>624586</id><index>185</index><type>SLIDE</type></slide><slide><author>AdmirableLalan</author><id>624584</id><index>183</index><type>SLIDE</type></slide><slide><author>AdmirableLalan</author><id>624583</id><index>182</index><type>SLIDE</type></slide><slide><author>AdmirableLalan</author><id>624582</id><index>181</index><type>SLIDE</type></slide><slide><author>AdmirableLalan</author><id>624580</id><index>179</index><type>SLIDE</type></slide><slide><author>AdmirableLalan</author><id>624578</id><index>177</index><type>SLIDE</type></slide><slide><author>AdmirableLalan</author><id>624576</id><index>175</index><type>SLIDE</type></slide><slide><author>AdmirableLalan</author><id>624574</id><index>173</index><type>SLIDE</type></slide><slide><author>AdmirableLalan</author><id>624572</id><index>171</index><type>SLIDE</type></slide><slide><author>AdmirableLalan</author><id>624570</id><index>169</index><type>SLIDE</type></slide><slide><author>AdmirableLalan</author><id>624569</id><index>168</index><type>SLIDE</type></slide><slide><author>AdmirableLalan</author><id>624567</id><index>166</index><type>SLIDE</type></slide><slide><author>AdmirableLalan</author><id>624565</id><index>164</index><type>SLIDE</type></slide><slide><author>AdmirableLalan</author><id>624560</id><index>159</index><type>SLIDE</type></slide><slide><author>AdmirableLalan</author><id>624559</id><index>158</index><type>SLIDE</type></slide><slide><author>AdmirableLalan</author><id>624557</id><index>156</index><type>SLIDE</type></slide><slide><author>AdmirableLalan</author><id>624555</id><index>154</index><type>SLIDE</type></slide><slide><author>AdmirableLalan</author><id>624554</id><index>153</index><type>SLIDE</type></slide><slide><author>AdmirableLalan</author><id>624552</id><index>151</index><type>SLIDE</type></slide><slide><author>AdmirableLalan</author><id>624551</id><index>150</index><type>SLIDE</type></slide><slide><author>AdmirableLalan</author><id>624549</id><index>148</index><type>SLIDE</type></slide><slide><author>AdmirableLalan</author><id>624547</id><index>146</index><type>SLIDE</type></slide><slide><author>AdmirableLalan</author><id>624546</id><index>145</index><type>SLIDE</type></slide><slide><author>AdmirableLalan</author><id>624544</id><index>143</index><type>SLIDE</type></slide><slide><author>AdmirableLalan</author><id>624542</id><index>141</index><type>SLIDE</type></slide><slide><author>AdmirableLalan</author><id>624540</id><index>139</index><type>SLIDE</type></slide><slide><author>AdmirableLalan</author><id>624539</id><index>138</index><type>SLIDE</type></slide><slide><author>AdmirableLalan</author><id>624538</id><index>137</index><type>SLIDE</type></slide><slide><author>AdmirableLalan</author><id>624536</id><index>135</index><type>SLIDE</type></slide><slide><author>AdmirableLalan</author><id>624535</id><index>134</index><type>SLIDE</type></slide><slide><author>AdmirableLalan</author><id>624533</id><index>132</index><type>SLIDE</type></slide><slide><author>AdmirableLalan</author><id>624531</id><index>130</index><type>SLIDE</type></slide><slide><author>AdmirableLalan</author><id>624529</id><index>128</index><type>SLIDE</type></slide><slide><author>AdmirableLalan</author><id>624526</id><index>125</index><type>SLIDE</type></slide><slide><author>AdmirableLalan</author><id>624524</id><index>123</index><type>SLIDE</type></slide><slide><author>AdmirableLalan</author><id>624523</id><index>122</index><type>SLIDE</type></slide><slide><author>AdmirableLalan</author><id>624519</id><index>118</index><type>SLIDE</type></slide><slide><author>AdmirableLalan</author><id>624518</id><index>117</index><type>SLIDE</type></slide><slide><author>AdmirableLalan</author><id>624516</id><index>115</index><type>SLIDE</type></slide><slide><author>AdmirableLalan</author><id>624515</id><index>114</index><type>SLIDE</type></slide><slide><author>AdmirableLalan</author><id>624514</id><index>113</index><type>SLIDE</type></slide><slide><author>AdmirableLalan</author><id>624512</id><index>111</index><type>SLIDE</type></slide><slide><author>AdmirableLalan</author><id>624511</id><index>110</index><type>SLIDE</type></slide><slide><author>AdmirableLalan</author><id>624507</id><index>106</index><type>SLIDE</type></slide><slide><author>AdmirableLalan</author><id>624505</id><index>104</index><type>SLIDE</type></slide><slide><author>AdmirableLalan</author><id>624503</id><index>102</index><type>SLIDE</type></slide><slide><author>AdmirableLalan</author><id>624501</id><index>100</index><type>SLIDE</type></slide><slide><author>AdmirableLalan</author><id>624499</id><index>98</index><type>SLIDE</type></slide><slide><author>AdmirableLalan</author><id>624498</id><index>97</index><type>SLIDE</type></slide><slide><author>AdmirableLalan</author><id>624496</id><index>95</index><type>SLIDE</type></slide><slide><author>AdmirableLalan</author><id>624494</id><index>93</index><type>SLIDE</type></slide><slide><author>AdmirableLalan</author><id>624491</id><index>90</index><type>SLIDE</type></slide><slide><author>AdmirableLalan</author><id>624489</id><index>88</index><type>SLIDE</type></slide><slide><author>AdmirableLalan</author><id>624488</id><index>87</index><type>SLIDE</type></slide><slide><author>AdmirableLalan</author><id>624486</id><index>85</index><type>SLIDE</type></slide><slide><author>AdmirableLalan</author><id>624485</id><index>84</index><type>SLIDE</type></slide><slide><author>AdmirableLalan</author><id>624483</id><index>82</index><type>SLIDE</type></slide><slide><author>AdmirableLalan</author><id>624481</id><index>80</index><type>SLIDE</type></slide><slide><author>AdmirableLalan</author><id>624479</id><index>78</index><type>SLIDE</type></slide><slide><author>AdmirableLalan</author><id>624478</id><index>77</index><type>SLIDE</type></slide><slide><author>AdmirableLalan</author><id>624475</id><index>74</index><type>SLIDE</type></slide><slide><author>AdmirableLalan</author><id>624473</id><index>72</index><type>SLIDE</type></slide><slide><author>AdmirableLalan</author><id>624472</id><index>71</index><type>SLIDE</type></slide><slide><author>AdmirableLalan</author><id>624470</id><index>69</index><type>SLIDE</type></slide><slide><author>AdmirableLalan</author><id>624466</id><index>65</index><type>SLIDE</type></slide><slide><author>AdmirableLalan</author><id>624465</id><index>64</index><type>SLIDE</type></slide><slide><author>AdmirableLalan</author><id>624455</id><index>54</index><type>SLIDE</type></slide><slide><author>AdmirableLalan</author><id>624453</id><index>52</index><type>SLIDE</type></slide><slide><author>AdmirableLalan</author><id>624450</id><index>49</index><type>SLIDE</type></slide><slide><author>AdmirableLalan</author><id>624449</id><index>48</index><type>SLIDE</type></slide><slide><author>AdmirableLalan</author><id>624464</id><index>63</index><type>SLIDE</type></slide><slide><author>AdmirableLalan</author><id>624445</id><index>44</index><type>SLIDE</type></slide><slide><author>AdmirableLalan</author><id>624469</id><index>68</index><type>SLIDE</type></slide><slide><author>AdmirableLalan</author><id>624468</id><index>67</index><type>SLIDE</type></slide><slide><author>AdmirableLalan</author><id>624458</id><index>57</index><type>SLIDE</type></slide><slide><author>AdmirableLalan</author><id>624437</id><index>36</index><type>SLIDE</type></slide><slide><author>AdmirableLalan</author><id>624462</id><index>61</index><type>SLIDE</type></slide><slide><author>AdmirableLalan</author><id>624461</id><index>60</index><type>SLIDE</type></slide><slide><author>AdmirableLalan</author><id>624454</id><index>53</index><type>SLIDE</type></slide><slide><author>AdmirableLalan</author><id>624431</id><index>30</index><type>SLIDE</type></slide><slide><author>AdmirableLalan</author><id>624457</id><index>56</index><type>SLIDE</type></slide><slide><author>AdmirableLalan</author><id>624442</id><index>41</index><type>SLIDE</type></slide><slide><author>AdmirableLalan</author><id>624452</id><index>51</index><type>SLIDE</type></slide><slide><author>AdmirableLalan</author><id>624446</id><index>45</index><type>SLIDE</type></slide><slide><author>AdmirableLalan</author><id>624441</id><index>40</index><type>SLIDE</type></slide><slide><author>AdmirableLalan</author><id>624448</id><index>47</index><type>SLIDE</type></slide><slide><author>AdmirableLalan</author><id>624444</id><index>43</index><type>SLIDE</type></slide><slide><author>AdmirableLalan</author><id>624436</id><index>35</index><type>SLIDE</type></slide><slide><author>AdmirableLalan</author><id>624435</id><index>34</index><type>SLIDE</type></slide><slide><author>AdmirableLalan</author><id>624433</id><index>32</index><type>SLIDE</type></slide><slide><author>AdmirableLalan</author><id>624439</id><index>38</index><type>SLIDE</type></slide><slide><author>AdmirableLalan</author><id>624438</id><index>37</index><type>SLIDE</type></slide><slide><author>AdmirableLalan</author><id>624427</id><index>26</index><type>SLIDE</type></slide><slide><author>AdmirableLalan</author><id>624423</id><index>22</index><type>SLIDE</type></slide><slide><author>AdmirableLalan</author><id>624429</id><index>28</index><type>SLIDE</type></slide><slide><author>AdmirableLalan</author><id>624426</id><index>25</index><type>SLIDE</type></slide><slide><author>AdmirableLalan</author><id>624420</id><index>19</index><type>SLIDE</type></slide><slide><author>AdmirableLalan</author><id>624416</id><index>15</index><type>SLIDE</type></slide><slide><author>AdmirableLalan</author><id>624415</id><index>14</index><type>SLIDE</type></slide><slide><author>AdmirableLalan</author><id>624414</id><index>13</index><type>SLIDE</type></slide><slide><author>AdmirableLalan</author><id>624413</id><index>12</index><type>SLIDE</type></slide><slide><author>AdmirableLalan</author><id>624412</id><index>11</index><type>SLIDE</type></slide><slide><author>AdmirableLalan</author><id>624411</id><index>10</index><type>SLIDE</type></slide><slide><author>AdmirableLalan</author><id>624407</id><index>6</index><type>SLIDE</type></slide></conversation>