<conversation><title>chris tresting powerpoints</title><author>chagan</author><created>8/06/2010 5:09:37 PM</created><tag>unTagged</tag><subject>chagan</subject><jid>45800</jid><permissions><studentCanPublish>true</studentCanPublish><studentCanOpenFriends>true</studentCanOpenFriends><usersAreCompulsorilySynced>true</usersAreCompulsorilySynced></permissions><slide><author>chagan</author><id>45801</id><index>0</index><type>SLIDE</type></slide><slide><author>chagan</author><id>45802</id><index>1</index><type>SLIDE</type></slide><slide><author>chagan</author><id>45803</id><index>2</index><type>SLIDE</type></slide><slide><author>chagan</author><id>45804</id><index>3</index><type>SLIDE</type></slide><slide><author>chagan</author><id>45805</id><index>4</index><type>SLIDE</type></slide><slide><author>chagan</author><id>45806</id><index>5</index><type>SLIDE</type></slide><slide><author>chagan</author><id>45807</id><index>6</index><type>SLIDE</type></slide><slide><author>chagan</author><id>45808</id><index>7</index><type>SLIDE</type></slide><slide><author>chagan</author><id>45809</id><index>8</index><type>SLIDE</type></slide><slide><author>chagan</author><id>45810</id><index>9</index><type>SLIDE</type></slide><slide><author>chagan</author><id>45811</id><index>10</index><type>SLIDE</type></slide><slide><author>chagan</author><id>45812</id><index>11</index><type>SLIDE</type></slide><slide><author>chagan</author><id>45813</id><index>12</index><type>SLIDE</type></slide><slide><author>chagan</author><id>45814</id><index>13</index><type>SLIDE</type></slide><slide><author>chagan</author><id>45815</id><index>14</index><type>SLIDE</type></slide><slide><author>chagan</author><id>45816</id><index>15</index><type>SLIDE</type></slide><slide><author>chagan</author><id>45817</id><index>16</index><type>SLIDE</type></slide><slide><author>chagan</author><id>45818</id><index>17</index><type>SLIDE</type></slide><slide><author>chagan</author><id>45819</id><index>18</index><type>SLIDE</type></slide><slide><author>chagan</author><id>45820</id><index>19</index><type>SLIDE</type></slide><slide><author>chagan</author><id>45821</id><index>20</index><type>SLIDE</type></slide><slide><author>chagan</author><id>45822</id><index>21</index><type>SLIDE</type></slide><slide><author>chagan</author><id>45823</id><index>22</index><type>SLIDE</type></slide><slide><author>chagan</author><id>45824</id><index>23</index><type>SLIDE</type></slide><slide><author>chagan</author><id>45825</id><index>24</index><type>SLIDE</type></slide><slide><author>chagan</author><id>45826</id><index>25</index><type>SLIDE</type></slide><slide><author>chagan</author><id>45827</id><index>26</index><type>SLIDE</type></slide><slide><author>chagan</author><id>45828</id><index>27</index><type>SLIDE</type></slide><slide><author>chagan</author><id>45829</id><index>28</index><type>SLIDE</type></slide><slide><author>chagan</author><id>45830</id><index>29</index><type>SLIDE</type></slide><slide><author>chagan</author><id>45831</id><index>30</index><type>SLIDE</type></slide><slide><author>chagan</author><id>45832</id><index>31</index><type>SLIDE</type></slide><slide><author>chagan</author><id>45833</id><index>32</index><type>SLIDE</type></slide><slide><author>chagan</author><id>45834</id><index>33</index><type>SLIDE</type></slide><slide><author>chagan</author><id>45835</id><index>34</index><type>SLIDE</type></slide><slide><author>chagan</author><id>45836</id><index>35</index><type>SLIDE</type></slide><slide><author>chagan</author><id>45837</id><index>36</index><type>SLIDE</type></slide></conversation>