<conversation><title>Ppting</title><author>chagan</author><created>9/06/2010 3:45:00 PM</created><tag>unTagged</tag><subject>Superuser</subject><jid>49000</jid><permissions><studentCanPublish>true</studentCanPublish><studentCanOpenFriends>true</studentCanOpenFriends><usersAreCompulsorilySynced>true</usersAreCompulsorilySynced></permissions><slide><author>chagan</author><id>49001</id><index>0</index><type>SLIDE</type></slide><slide><author>chagan</author><id>49002</id><index>1</index><type>SLIDE</type></slide><slide><author>chagan</author><id>49003</id><index>2</index><type>SLIDE</type></slide><slide><author>chagan</author><id>49004</id><index>3</index><type>SLIDE</type></slide><slide><author>chagan</author><id>49005</id><index>4</index><type>SLIDE</type></slide><slide><author>chagan</author><id>49006</id><index>5</index><type>SLIDE</type></slide><slide><author>chagan</author><id>49007</id><index>6</index><type>SLIDE</type></slide><slide><author>chagan</author><id>49008</id><index>7</index><type>SLIDE</type></slide><slide><author>chagan</author><id>49009</id><index>8</index><type>SLIDE</type></slide><slide><author>chagan</author><id>49010</id><index>9</index><type>SLIDE</type></slide><slide><author>chagan</author><id>49011</id><index>10</index><type>SLIDE</type></slide><slide><author>chagan</author><id>49012</id><index>11</index><type>SLIDE</type></slide><slide><author>chagan</author><id>49013</id><index>12</index><type>SLIDE</type></slide><slide><author>chagan</author><id>49014</id><index>13</index><type>SLIDE</type></slide><slide><author>chagan</author><id>49015</id><index>14</index><type>SLIDE</type></slide><slide><author>chagan</author><id>49016</id><index>15</index><type>SLIDE</type></slide><slide><author>chagan</author><id>49017</id><index>16</index><type>SLIDE</type></slide><slide><author>chagan</author><id>49018</id><index>17</index><type>SLIDE</type></slide><slide><author>chagan</author><id>49019</id><index>18</index><type>SLIDE</type></slide><slide><author>chagan</author><id>49020</id><index>19</index><type>SLIDE</type></slide><slide><author>chagan</author><id>49021</id><index>20</index><type>SLIDE</type></slide><slide><author>chagan</author><id>49022</id><index>21</index><type>SLIDE</type></slide><slide><author>chagan</author><id>49023</id><index>22</index><type>SLIDE</type></slide><slide><author>chagan</author><id>49024</id><index>23</index><type>SLIDE</type></slide><slide><author>chagan</author><id>49025</id><index>24</index><type>SLIDE</type></slide><slide><author>chagan</author><id>49026</id><index>25</index><type>SLIDE</type></slide><slide><author>chagan</author><id>49027</id><index>26</index><type>SLIDE</type></slide><slide><author>chagan</author><id>49028</id><index>27</index><type>SLIDE</type></slide><slide><author>chagan</author><id>49029</id><index>28</index><type>SLIDE</type></slide><slide><author>chagan</author><id>49030</id><index>29</index><type>SLIDE</type></slide><slide><author>chagan</author><id>49031</id><index>30</index><type>SLIDE</type></slide><slide><author>chagan</author><id>49032</id><index>31</index><type>SLIDE</type></slide><slide><author>chagan</author><id>49033</id><index>32</index><type>SLIDE</type></slide><slide><author>chagan</author><id>49034</id><index>33</index><type>SLIDE</type></slide><slide><author>chagan</author><id>49035</id><index>34</index><type>SLIDE</type></slide><slide><author>chagan</author><id>49036</id><index>35</index><type>SLIDE</type></slide><slide><author>chagan</author><id>49037</id><index>36</index><type>SLIDE</type></slide></conversation>