<conversation><title>robits2k3instruc</title><author>rossr</author><created>12/07/2010 11:09:20 AM</created><tag></tag><subject>Unrestricted</subject><jid>68200</jid><permissions><studentCanPublish>false</studentCanPublish><studentCanOpenFriends>false</studentCanOpenFriends><usersAreCompulsorilySynced>true</usersAreCompulsorilySynced></permissions><slide><author>rossr</author><id>68201</id><index>0</index><type>SLIDE</type></slide><slide><author>rossr</author><id>68202</id><index>1</index><type>SLIDE</type></slide><slide><author>rossr</author><id>68203</id><index>2</index><type>SLIDE</type></slide></conversation>