<conversation><title>thoughtbubble 3</title><author>sajames</author><created>20/05/2010 3:31:03 PM</created><tag>unTagged</tag><subject>sajames</subject><jid>35200</jid><permissions><studentCanPublish>true</studentCanPublish><studentCanOpenFriends>true</studentCanOpenFriends><usersAreCompulsorilySynced>true</usersAreCompulsorilySynced></permissions><slide><author>sajames</author><id>35201</id><index>0</index><type>SLIDE</type></slide><slide><author>sajames</author><id>35207</id><index>1</index><type>THOUGHT</type></slide><slide><author>sajames</author><id>35206</id><index>2</index><type>THOUGHT</type></slide><slide><author>sajames</author><id>35205</id><index>3</index><type>THOUGHT</type></slide><slide><author>sajames</author><id>35204</id><index>4</index><type>THOUGHT</type></slide><slide><author>sajames</author><id>35203</id><index>5</index><type>THOUGHT</type></slide><slide><author>sajames</author><id>35202</id><index>6</index><type>SLIDE</type></slide></conversation>