<conversation><title>robits2k78</title><author>hagand</author><created>12/07/2010 2:07:33 PM</created><tag></tag><subject>Unrestricted</subject><jid>69200</jid><permissions><studentCanPublish>false</studentCanPublish><studentCanOpenFriends>false</studentCanOpenFriends><usersAreCompulsorilySynced>true</usersAreCompulsorilySynced></permissions><slide><author>hagand</author><id>69201</id><index>0</index><type>SLIDE</type></slide><slide><author>hagand</author><id>69202</id><index>1</index><type>SLIDE</type></slide><slide><author>hagand</author><id>69203</id><index>2</index><type>SLIDE</type></slide></conversation>