<conversation><title>ppt import shapes</title><author>sajames</author><created>26/07/2010 9:49:11 AM</created><tag></tag><subject>sajames</subject><jid>1117400</jid><permissions><studentCanPublish>false</studentCanPublish><studentCanOpenFriends>false</studentCanOpenFriends><usersAreCompulsorilySynced>true</usersAreCompulsorilySynced></permissions><slide><author>sajames</author><id>1117401</id><index>0</index><type>SLIDE</type></slide><slide><author>sajames</author><id>1117402</id><index>1</index><type>SLIDE</type></slide><slide><author>sajames</author><id>1117403</id><index>2</index><type>SLIDE</type></slide><slide><author>sajames</author><id>1117404</id><index>3</index><type>SLIDE</type></slide><slide><author>sajames</author><id>1117405</id><index>4</index><type>SLIDE</type></slide><slide><author>sajames</author><id>1117406</id><index>5</index><type>SLIDE</type></slide><slide><author>sajames</author><id>1117407</id><index>6</index><type>SLIDE</type></slide><slide><author>sajames</author><id>1117408</id><index>7</index><type>SLIDE</type></slide><slide><author>sajames</author><id>1117409</id><index>8</index><type>SLIDE</type></slide><slide><author>sajames</author><id>1117410</id><index>9</index><type>SLIDE</type></slide><slide><author>sajames</author><id>1117411</id><index>10</index><type>SLIDE</type></slide><slide><author>sajames</author><id>1117412</id><index>11</index><type>SLIDE</type></slide><slide><author>sajames</author><id>1117413</id><index>12</index><type>SLIDE</type></slide><slide><author>sajames</author><id>1117414</id><index>13</index><type>SLIDE</type></slide><slide><author>sajames</author><id>1117415</id><index>14</index><type>SLIDE</type></slide><slide><author>sajames</author><id>1117416</id><index>15</index><type>SLIDE</type></slide><slide><author>sajames</author><id>1117417</id><index>16</index><type>SLIDE</type></slide><slide><author>sajames</author><id>1117418</id><index>17</index><type>SLIDE</type></slide><slide><author>sajames</author><id>1117419</id><index>18</index><type>SLIDE</type></slide><slide><author>sajames</author><id>1117420</id><index>19</index><type>SLIDE</type></slide><slide><author>sajames</author><id>1117421</id><index>20</index><type>SLIDE</type></slide><slide><author>sajames</author><id>1117422</id><index>21</index><type>SLIDE</type></slide><slide><author>sajames</author><id>1117423</id><index>22</index><type>SLIDE</type></slide><slide><author>sajames</author><id>1117424</id><index>23</index><type>SLIDE</type></slide><slide><author>sajames</author><id>1117425</id><index>24</index><type>SLIDE</type></slide><slide><author>sajames</author><id>1117426</id><index>25</index><type>SLIDE</type></slide><slide><author>sajames</author><id>1117427</id><index>26</index><type>SLIDE</type></slide><slide><author>sajames</author><id>1117428</id><index>27</index><type>SLIDE</type></slide><slide><author>sajames</author><id>1117429</id><index>28</index><type>SLIDE</type></slide><slide><author>sajames</author><id>1117430</id><index>29</index><type>SLIDE</type></slide><slide><author>sajames</author><id>1117431</id><index>30</index><type>SLIDE</type></slide><slide><author>sajames</author><id>1117432</id><index>31</index><type>SLIDE</type></slide><slide><author>sajames</author><id>1117433</id><index>32</index><type>SLIDE</type></slide><slide><author>sajames</author><id>1117434</id><index>33</index><type>SLIDE</type></slide><slide><author>sajames</author><id>1117435</id><index>34</index><type>SLIDE</type></slide></conversation>