<conversation><title>hhkh</title><author>chagan</author><created>24/02/2010 9:55:31 AM</created><tag></tag><subject>chagan</subject><jid>617400</jid><permissions><studentCanPublish>true</studentCanPublish><studentCanOpenFriends>true</studentCanOpenFriends><usersAreCompulsorilySynced>false</usersAreCompulsorilySynced></permissions><slide><author>chagan</author><id>617401</id><index>0</index><type>SLIDE</type></slide><slide><author>chagan</author><id>617402</id><index>1</index><type>SLIDE</type></slide><slide><author>chagan</author><id>617403</id><index>2</index><type>SLIDE</type></slide></conversation>