<conversation><title>jesus appears on my desktop</title><author>chagan</author><created>28/01/2010 8:45:01 PM</created><tag></tag><subject>Superuser</subject><jid>420400</jid><permissions><studentCanPublish>false</studentCanPublish><studentCanOpenFriends>false</studentCanOpenFriends><usersAreCompulsorilySynced>true</usersAreCompulsorilySynced></permissions><slide><author>chagan</author><id>420401</id><index>0</index><type>SLIDE</type></slide><slide><author>chagan</author><id>420403</id><index>2</index><type>SLIDE</type></slide><slide><author>chagan</author><id>420402</id><index>1</index><type>SLIDE</type></slide><slide><author>chagan</author><id>420404</id><index>3</index><type>SLIDE</type></slide></conversation>