<logCollection date='{2010,2,4}'><message xml:lang='en' to='442401@conference.reifier.adm.monash.edu.au' from='gsanson@reifier.adm.monash.edu.au' type='groupchat' time='1265231472669'><ink xmlns='monash:metl'><checksum>53.7</checksum><points>28 25.7 127</points><color>0 0 0 255</color><thickness>1</thickness><highlight>False</highlight><author>gsanson</author><target>presentationSpace</target><privacy>public</privacy><slide>442401</slide></ink></message><message xml:lang='en' to='442401@conference.reifier.adm.monash.edu.au' from='gsanson@reifier.adm.monash.edu.au' type='groupchat' time='1265231472679'><ink xmlns='monash:metl'><checksum>53.7</checksum><points>28 25.7 127</points><color>0 0 0 255</color><thickness>1</thickness><highlight>False</highlight><author>gsanson</author><target>presentationSpace</target><privacy>public</privacy><slide>442401</slide></ink></message><message xml:lang='en' to='442401@conference.reifier.adm.monash.edu.au' from='gsanson@reifier.adm.monash.edu.au' type='groupchat' time='1265231472688'><ink xmlns='monash:metl'><checksum>53.7</checksum><points>28 25.7 127</points><color>0 0 0 255</color><thickness>1</thickness><highlight>False</highlight><author>gsanson</author><target>presentationSpace</target><privacy>public</privacy><slide>442401</slide></ink></message><message xml:lang='en' to='442401@conference.reifier.adm.monash.edu.au' from='gsanson@reifier.adm.monash.edu.au' type='groupchat' time='1265231474475'><ink xmlns='monash:metl'><checksum>57.4</checksum><points>20.7 36.7 127</points><color>0 0 0 255</color><thickness>1</thickness><highlight>False</highlight><author>gsanson</author><target>presentationSpace</target><privacy>public</privacy><slide>442401</slide></ink></message><message xml:lang='en' to='442401@conference.reifier.adm.monash.edu.au' from='gsanson@reifier.adm.monash.edu.au' type='groupchat' time='1265231474494'><ink xmlns='monash:metl'><checksum>57.4</checksum><points>20.7 36.7 127</points><color>0 0 0 255</color><thickness>1</thickness><highlight>False</highlight><author>gsanson</author><target>presentationSpace</target><privacy>public</privacy><slide>442401</slide></ink></message><message xml:lang='en' to='442401@conference.reifier.adm.monash.edu.au' from='gsanson@reifier.adm.monash.edu.au' type='groupchat' time='1265231474508'><ink xmlns='monash:metl'><checksum>57.4</checksum><points>20.7 36.7 127</points><color>0 0 0 255</color><thickness>1</thickness><highlight>False</highlight><author>gsanson</author><target>presentationSpace</target><privacy>public</privacy><slide>442401</slide></ink></message><message xml:lang='en' to='442401@conference.reifier.adm.monash.edu.au' from='gsanson@reifier.adm.monash.edu.au' type='groupchat' time='1265231474517'><ink xmlns='monash:metl'><checksum>57.4</checksum><points>20.7 36.7 127</points><color>0 0 0 255</color><thickness>1</thickness><highlight>False</highlight><author>gsanson</author><target>presentationSpace</target><privacy>public</privacy><slide>442401</slide></ink></message><message xml:lang='en' to='442401@conference.reifier.adm.monash.edu.au' from='gsanson@reifier.adm.monash.edu.au' type='groupchat' time='1265231838243'><ink xmlns='monash:metl'><checksum>1307.1</checksum><points>7.8 28.4 127 17 26.5 127 20.9 26.5 127 37 25.7 127 40.8 25.7 127 45.1 25.7 127 47 25.7 127 48.1 25.7 127 49.7 26.1 127 50.8 26.1 127 50.4 26.1 127 50.4 25.7 127 50.4 26.1 127 50.4 25.7 127 50.4 26.1 127 50 26.1 127 48.9 25.7 127 47 24.9 127 50.4 26.1 127</points><color>255 0 0 255</color><thickness>2</thickness><highlight>False</highlight><author>gsanson</author><target>presentationSpace</target><privacy>public</privacy><slide>442401</slide></ink></message><message xml:lang='en' to='442401@conference.reifier.adm.monash.edu.au' from='gsanson@reifier.adm.monash.edu.au' type='groupchat' time='1265231851304'><dirtyInk xmlns='monash:metl'><author>gsanson</author><slide>442401</slide><target>presentationSpace</target><privacy>public</privacy><identity>53.7</identity></dirtyInk></message><message xml:lang='en' to='442401@conference.reifier.adm.monash.edu.au' from='gsanson@reifier.adm.monash.edu.au' type='groupchat' time='1265231851400'><dirtyInk xmlns='monash:metl'><author>gsanson</author><slide>442401</slide><target>presentationSpace</target><privacy>public</privacy><identity>53.7</identity></dirtyInk></message><message xml:lang='en' to='442401@conference.reifier.adm.monash.edu.au' from='gsanson@reifier.adm.monash.edu.au' type='groupchat' time='1265231851401'><dirtyInk xmlns='monash:metl'><author>gsanson</author><slide>442401</slide><target>presentationSpace</target><privacy>public</privacy><identity>53.7</identity></dirtyInk></message><message xml:lang='en' to='442401@conference.reifier.adm.monash.edu.au' from='gsanson@reifier.adm.monash.edu.au' type='groupchat' time='1265231851401'><dirtyInk xmlns='monash:metl'><author>gsanson</author><slide>442401</slide><target>presentationSpace</target><privacy>public</privacy><identity>1307.1</identity></dirtyInk></message><message xml:lang='en' to='442401@conference.reifier.adm.monash.edu.au' from='gsanson@reifier.adm.monash.edu.au' type='groupchat' time='1265231854845'><dirtyInk xmlns='monash:metl'><author>gsanson</author><slide>442401</slide><target>presentationSpace</target><privacy>public</privacy><identity>57.4</identity></dirtyInk></message><message xml:lang='en' to='442401@conference.reifier.adm.monash.edu.au' from='gsanson@reifier.adm.monash.edu.au' type='groupchat' time='1265231854847'><dirtyInk xmlns='monash:metl'><author>gsanson</author><slide>442401</slide><target>presentationSpace</target><privacy>public</privacy><identity>57.4</identity></dirtyInk></message><message xml:lang='en' to='442401@conference.reifier.adm.monash.edu.au' from='gsanson@reifier.adm.monash.edu.au' type='groupchat' time='1265231854848'><dirtyInk xmlns='monash:metl'><author>gsanson</author><slide>442401</slide><target>presentationSpace</target><privacy>public</privacy><identity>57.4</identity></dirtyInk></message><message xml:lang='en' to='442401@conference.reifier.adm.monash.edu.au' from='gsanson@reifier.adm.monash.edu.au' type='groupchat' time='1265231854848'><dirtyInk xmlns='monash:metl'><author>gsanson</author><slide>442401</slide><target>presentationSpace</target><privacy>public</privacy><identity>57.4</identity></dirtyInk></message><message xml:lang='en' to='442401@conference.reifier.adm.monash.edu.au' from='gsanson@reifier.adm.monash.edu.au' type='groupchat' time='1265231948198'><ink xmlns='monash:metl'><checksum>314.3</checksum><points>277.9 36.4 127</points><color>0 0 0 255</color><thickness>1</thickness><highlight>False</highlight><author>gsanson</author><target>presentationSpace</target><privacy>public</privacy><slide>442401</slide></ink></message><message xml:lang='en' to='442401@conference.reifier.adm.monash.edu.au' from='gsanson@reifier.adm.monash.edu.au' type='groupchat' time='1265231952400'><dirtyInk xmlns='monash:metl'><author>gsanson</author><slide>442401</slide><target>presentationSpace</target><privacy>public</privacy><identity>314.3</identity></dirtyInk></message><message xml:lang='en' to='442401@conference.reifier.adm.monash.edu.au' from='gsanson@reifier.adm.monash.edu.au' type='groupchat' time='1265235646387'><ink xmlns='monash:metl'><checksum>690.7</checksum><points>325.1 365.6 127</points><color>0 0 0 255</color><thickness>1</thickness><highlight>False</highlight><author>gsanson</author><target>presentationSpace</target><privacy>public</privacy><slide>442401</slide></ink></message><message xml:lang='en' to='442401@conference.reifier.adm.monash.edu.au' from='gsanson@reifier.adm.monash.edu.au' type='groupchat' time='1265235648478'><ink xmlns='monash:metl'><checksum>1023.2</checksum><points>253 259.2 127 253 258 127</points><color>0 0 0 255</color><thickness>1</thickness><highlight>False</highlight><author>gsanson</author><target>presentationSpace</target><privacy>public</privacy><slide>442401</slide></ink></message><message xml:lang='en' to='442401@conference.reifier.adm.monash.edu.au' from='gsanson@reifier.adm.monash.edu.au' type='groupchat' time='1265235648654'><ink xmlns='monash:metl'><checksum>993.8</checksum><points>253 242.1 127 253 245.7 127</points><color>0 0 0 255</color><thickness>1</thickness><highlight>False</highlight><author>gsanson</author><target>presentationSpace</target><privacy>public</privacy><slide>442401</slide></ink></message><message xml:lang='en' to='442401@conference.reifier.adm.monash.edu.au' from='gsanson@reifier.adm.monash.edu.au' type='groupchat' time='1265235648865'><ink xmlns='monash:metl'><checksum>1102.6</checksum><points>255.4 295.9 127 254.2 297.1 127</points><color>0 0 0 255</color><thickness>1</thickness><highlight>False</highlight><author>gsanson</author><target>presentationSpace</target><privacy>public</privacy><slide>442401</slide></ink></message><message xml:lang='en' to='442401@conference.reifier.adm.monash.edu.au' from='gsanson@reifier.adm.monash.edu.au' type='groupchat' time='1265235649057'><ink xmlns='monash:metl'><checksum>1402.1</checksum><points>282.3 420.6 127 278.6 420.6 127</points><color>0 0 0 255</color><thickness>1</thickness><highlight>False</highlight><author>gsanson</author><target>presentationSpace</target><privacy>public</privacy><slide>442401</slide></ink></message><message xml:lang='en' to='442401@conference.reifier.adm.monash.edu.au' from='gsanson@reifier.adm.monash.edu.au' type='groupchat' time='1265235649304'><ink xmlns='monash:metl'><checksum>1639.2</checksum><points>333.6 486.6 127 332.4 486.6 127</points><color>0 0 0 255</color><thickness>1</thickness><highlight>False</highlight><author>gsanson</author><target>presentationSpace</target><privacy>public</privacy><slide>442401</slide></ink></message>