<conversation><title>Richard-NBN-v3</title><author>richardr</author><created>17/08/2010 5:27:17 PM</created><tag></tag><subject>richardr</subject><jid>1222400</jid><permissions><studentCanPublish>false</studentCanPublish><studentCanOpenFriends>false</studentCanOpenFriends><usersAreCompulsorilySynced>true</usersAreCompulsorilySynced></permissions><slide><author>richardr</author><id>1222401</id><index>0</index><type>SLIDE</type></slide><slide><author>richardr</author><id>1222402</id><index>1</index><type>SLIDE</type></slide><slide><author>richardr</author><id>1222403</id><index>2</index><type>SLIDE</type></slide><slide><author>richardr</author><id>1222404</id><index>3</index><type>SLIDE</type></slide><slide><author>richardr</author><id>1222405</id><index>4</index><type>SLIDE</type></slide><slide><author>richardr</author><id>1222406</id><index>5</index><type>SLIDE</type></slide><slide><author>richardr</author><id>1222407</id><index>6</index><type>SLIDE</type></slide><slide><author>richardr</author><id>1222408</id><index>7</index><type>SLIDE</type></slide><slide><author>richardr</author><id>1222409</id><index>8</index><type>SLIDE</type></slide></conversation>