<conversation><title>(working_together_1) chagan at 23/10/2010 3:06:59 PM</title><author>chagan</author><created>23/10/2010 3:07:06 PM</created><lastAccessed>23/10/2010 3:07:03 PM</lastAccessed><tag>unTagged</tag><subject>Deleted</subject><jid>116200</jid><permissions><studentCanPublish>false</studentCanPublish><studentCanOpenFriends>false</studentCanOpenFriends><usersAreCompulsorilySynced>true</usersAreCompulsorilySynced></permissions><slide><author>chagan</author><id>116201</id><index>0</index><defaultHeight>540</defaultHeight><defaultWidth>720</defaultWidth><exposed>False</exposed><type>SLIDE</type></slide></conversation>