<conversation><title>lecture 11 HSC1052</title><author>charlesl</author><created>11/02/2010 12:22:25 PM</created><tag></tag><subject>Unrestricted</subject><jid>535400</jid><permissions><studentCanPublish>true</studentCanPublish><studentCanOpenFriends>true</studentCanOpenFriends><usersAreCompulsorilySynced>false</usersAreCompulsorilySynced></permissions><slide><author>charlesl</author><id>535401</id><index>0</index><type>SLIDE</type></slide><slide><author>charlesl</author><id>535402</id><index>1</index><type>SLIDE</type></slide><slide><author>charlesl</author><id>535403</id><index>2</index><type>SLIDE</type></slide><slide><author>charlesl</author><id>535404</id><index>3</index><type>SLIDE</type></slide><slide><author>charlesl</author><id>535405</id><index>4</index><type>SLIDE</type></slide><slide><author>charlesl</author><id>535406</id><index>5</index><type>SLIDE</type></slide><slide><author>charlesl</author><id>535407</id><index>6</index><type>SLIDE</type></slide><slide><author>charlesl</author><id>535408</id><index>7</index><type>SLIDE</type></slide><slide><author>charlesl</author><id>535409</id><index>8</index><type>SLIDE</type></slide><slide><author>charlesl</author><id>535410</id><index>9</index><type>SLIDE</type></slide><slide><author>charlesl</author><id>535411</id><index>10</index><type>SLIDE</type></slide><slide><author>charlesl</author><id>535412</id><index>11</index><type>SLIDE</type></slide><slide><author>charlesl</author><id>535413</id><index>12</index><type>SLIDE</type></slide><slide><author>charlesl</author><id>535414</id><index>13</index><type>SLIDE</type></slide><slide><author>charlesl</author><id>535415</id><index>14</index><type>SLIDE</type></slide><slide><author>charlesl</author><id>535416</id><index>15</index><type>SLIDE</type></slide><slide><author>charlesl</author><id>535417</id><index>16</index><type>SLIDE</type></slide><slide><author>charlesl</author><id>535418</id><index>17</index><type>SLIDE</type></slide><slide><author>charlesl</author><id>535419</id><index>18</index><type>SLIDE</type></slide><slide><author>charlesl</author><id>535420</id><index>19</index><type>SLIDE</type></slide><slide><author>charlesl</author><id>535421</id><index>20</index><type>SLIDE</type></slide><slide><author>charlesl</author><id>535422</id><index>21</index><type>SLIDE</type></slide><slide><author>charlesl</author><id>535423</id><index>22</index><type>SLIDE</type></slide><slide><author>charlesl</author><id>535424</id><index>23</index><type>SLIDE</type></slide></conversation>