<conversation><title>text shenangans</title><author>sajames</author><created>12/03/2010 2:04:56 PM</created><tag></tag><subject>Office of the Deputy Vice-Chancellor (Education)</subject><jid>712400</jid><permissions><studentCanPublish>true</studentCanPublish><studentCanOpenFriends>true</studentCanOpenFriends><usersAreCompulsorilySynced>false</usersAreCompulsorilySynced></permissions><slide><author>sajames</author><id>712401</id><index>0</index><type>SLIDE</type></slide><slide><author>sajames</author><id>712402</id><index>1</index><type>SLIDE</type></slide></conversation>