<conversation><title>newnewnewthis</title><author>chagan</author><created>24/05/2010 2:24:35 PM</created><tag>unTagged</tag><subject>chagan</subject><jid>39200</jid><permissions><studentCanPublish>true</studentCanPublish><studentCanOpenFriends>true</studentCanOpenFriends><usersAreCompulsorilySynced>true</usersAreCompulsorilySynced></permissions><slide><author>chagan</author><id>39201</id><index>0</index><type>SLIDE</type></slide><slide><author>chagan</author><id>39203</id><index>1</index><type>THOUGHT</type></slide><slide><author>chagan</author><id>39202</id><index>2</index><type>SLIDE</type></slide></conversation>