<conversation><title>eec 28th Jan 2010</title><author>nate</author><created>28/01/2010 9:07:06 AM</created><tag>eec</tag><subject>Unrestricted</subject><jid>414400</jid><permissions><studentCanPublish>true</studentCanPublish><studentCanOpenFriends>true</studentCanOpenFriends><usersAreCompulsorilySynced>false</usersAreCompulsorilySynced></permissions><slide><author>nate</author><id>414401</id><index>0</index><type>SLIDE</type></slide><slide><author>nate</author><id>414402</id><index>1</index><type>SLIDE</type></slide><slide><author>nate</author><id>414403</id><index>2</index><type>SLIDE</type></slide><slide><author>nate</author><id>414404</id><index>3</index><type>SLIDE</type></slide><slide><author>nate</author><id>414405</id><index>4</index><type>SLIDE</type></slide><slide><author>nate</author><id>414406</id><index>5</index><type>SLIDE</type></slide></conversation>