<conversation><title>eEC operational planning</title><author>nate</author><created>20/04/2010 8:59:03 AM</created><tag>eec</tag><subject>Office of the Deputy Vice-Chancellor (Education)</subject><jid>920400</jid><permissions><studentCanPublish>true</studentCanPublish><studentCanOpenFriends>true</studentCanOpenFriends><usersAreCompulsorilySynced>false</usersAreCompulsorilySynced></permissions><slide><author>nate</author><id>920401</id><index>0</index><type>SLIDE</type></slide><slide><author>nate</author><id>920402</id><index>1</index><type>SLIDE</type></slide><slide><author>nate</author><id>920403</id><index>2</index><type>SLIDE</type></slide></conversation>