<logCollection date='{2010,7,30}'><message xml:lang='en' to='1142411@conference.deified.adm.monash.edu.au' from='krichard@deified.adm.monash.edu.au' type='groupchat' time='1280447440040'><image xmlns='monash:metl'><tag>{&quot;author&quot;:&quot;krichard&quot;,&quot;privacy&quot;:&quot;public&quot;,&quot;id&quot;:&quot;krichard:30/07/2010 9:56:36 AM:0&quot;,&quot;isBackground&quot;:false,&quot;zIndex&quot;:0}</tag><source>/Resource/1142411/background37.jpg</source><width>720</width><height>540</height><x>0</x><y>0</y><author>krichard</author><target>presentationSpace</target><privacy>public</privacy><slide>1142411</slide><identity>krichard:30/07/2010 9:56:36 AM:0</identity></image></message><message xml:lang='en' to='1142411@conference.deified.adm.monash.edu.au' from='krichard@deified.adm.monash.edu.au' type='groupchat' time='1280447440096'><image xmlns='monash:metl'><tag>{&quot;author&quot;:&quot;krichard&quot;,&quot;privacy&quot;:&quot;public&quot;,&quot;id&quot;:&quot;krichard:30/07/2010 9:56:36 AM:1&quot;,&quot;isBackground&quot;:false,&quot;zIndex&quot;:0}</tag><source>/Resource/1142411/background38.jpg</source><width>648</width><height>90</height><x>36</x><y>21.62504</y><author>krichard</author><target>presentationSpace</target><privacy>public</privacy><slide>1142411</slide><identity>krichard:30/07/2010 9:56:36 AM:1</identity></image></message><message xml:lang='en' to='1142411@conference.deified.adm.monash.edu.au' from='krichard@deified.adm.monash.edu.au' type='groupchat' time='1280447440097'><image xmlns='monash:metl'><tag>{&quot;author&quot;:&quot;krichard&quot;,&quot;privacy&quot;:&quot;public&quot;,&quot;id&quot;:&quot;krichard:30/07/2010 9:56:36 AM:2&quot;,&quot;isBackground&quot;:false,&quot;zIndex&quot;:0}</tag><source>/Resource/1142411/background39.jpg</source><width>681.6434</width><height>399.867249</height><x>18.3195267</x><y>97.71346</y><author>krichard</author><target>presentationSpace</target><privacy>public</privacy><slide>1142411</slide><identity>krichard:30/07/2010 9:56:36 AM:2</identity></image></message><message xml:lang='en' to='1142411@conference.deified.adm.monash.edu.au' from='krichard@deified.adm.monash.edu.au' type='groupchat' time='1280447440098'><image xmlns='monash:metl'><tag>{&quot;author&quot;:&quot;krichard&quot;,&quot;privacy&quot;:&quot;public&quot;,&quot;id&quot;:&quot;krichard:30/07/2010 9:56:36 AM:3&quot;,&quot;isBackground&quot;:false,&quot;zIndex&quot;:0}</tag><source>/Resource/1142411/background40.jpg</source><width>284.99408</width><height>29.08126</height><x>435.00592</x><y>510.918732</y><author>krichard</author><target>presentationSpace</target><privacy>public</privacy><slide>1142411</slide><identity>krichard:30/07/2010 9:56:36 AM:3</identity></image></message>