<conversation><title>HSC1112 Thursday 29th July 2pm</title><author>efrean</author><created>29/07/2010 11:43:00 AM</created><tag>efrean</tag><subject>Unrestricted</subject><jid>1137400</jid><permissions><studentCanPublish>true</studentCanPublish><studentCanOpenFriends>true</studentCanOpenFriends><usersAreCompulsorilySynced>false</usersAreCompulsorilySynced></permissions><slide><author>efrean</author><id>1137401</id><index>0</index><type>SLIDE</type></slide><slide><author>efrean</author><id>1137402</id><index>1</index><type>SLIDE</type></slide><slide><author>efrean</author><id>1137403</id><index>2</index><type>SLIDE</type></slide><slide><author>efrean</author><id>1137404</id><index>3</index><type>SLIDE</type></slide><slide><author>efrean</author><id>1137423</id><index>4</index><type>SLIDE</type></slide><slide><author>efrean</author><id>1137427</id><index>5</index><type>SLIDE</type></slide><slide><author>efrean</author><id>1137424</id><index>6</index><type>SLIDE</type></slide><slide><author>efrean</author><id>1137425</id><index>7</index><type>SLIDE</type></slide><slide><author>efrean</author><id>1137422</id><index>8</index><type>SLIDE</type></slide><slide><author>efrean</author><id>1137419</id><index>9</index><type>SLIDE</type></slide><slide><author>efrean</author><id>1137421</id><index>10</index><type>SLIDE</type></slide><slide><author>efrean</author><id>1137426</id><index>11</index><type>SLIDE</type></slide><slide><author>efrean</author><id>1137405</id><index>12</index><type>SLIDE</type></slide><slide><author>efrean</author><id>1137418</id><index>13</index><type>SLIDE</type></slide><slide><author>efrean</author><id>1137406</id><index>14</index><type>SLIDE</type></slide><slide><author>efrean</author><id>1137407</id><index>15</index><type>SLIDE</type></slide><slide><author>efrean</author><id>1137408</id><index>16</index><type>SLIDE</type></slide><slide><author>efrean</author><id>1137409</id><index>17</index><type>SLIDE</type></slide><slide><author>efrean</author><id>1137433</id><index>18</index><type>SLIDE</type></slide><slide><author>efrean</author><id>1137410</id><index>19</index><type>SLIDE</type></slide><slide><author>efrean</author><id>1137411</id><index>20</index><type>SLIDE</type></slide><slide><author>efrean</author><id>1137412</id><index>21</index><type>SLIDE</type></slide><slide><author>efrean</author><id>1137432</id><index>22</index><type>SLIDE</type></slide><slide><author>efrean</author><id>1137413</id><index>23</index><type>SLIDE</type></slide><slide><author>efrean</author><id>1137435</id><index>24</index><type>SLIDE</type></slide><slide><author>efrean</author><id>1137414</id><index>25</index><type>SLIDE</type></slide><slide><author>efrean</author><id>1137429</id><index>26</index><type>SLIDE</type></slide><slide><author>efrean</author><id>1137438</id><index>27</index><type>SLIDE</type></slide><slide><author>efrean</author><id>1137439</id><index>28</index><type>SLIDE</type></slide><slide><author>efrean</author><id>1137430</id><index>29</index><type>SLIDE</type></slide><slide><author>efrean</author><id>1137415</id><index>30</index><type>SLIDE</type></slide><slide><author>efrean</author><id>1137436</id><index>31</index><type>SLIDE</type></slide><slide><author>efrean</author><id>1137437</id><index>32</index><type>SLIDE</type></slide><slide><author>efrean</author><id>1137440</id><index>33</index><type>SLIDE</type></slide><slide><author>efrean</author><id>1137441</id><index>34</index><type>SLIDE</type></slide><slide><author>efrean</author><id>1137434</id><index>35</index><type>SLIDE</type></slide><slide><author>efrean</author><id>1137442</id><index>36</index><type>SLIDE</type></slide><slide><author>efrean</author><id>1137428</id><index>37</index><type>SLIDE</type></slide><slide><author>efrean</author><id>1137443</id><index>38</index><type>SLIDE</type></slide><slide><author>efrean</author><id>1137444</id><index>39</index><type>SLIDE</type></slide><slide><author>efrean</author><id>1137431</id><index>40</index><type>SLIDE</type></slide><slide><author>efrean</author><id>1137416</id><index>41</index><type>SLIDE</type></slide><slide><author>efrean</author><id>1137417</id><index>42</index><type>SLIDE</type></slide><slide><author>efrean</author><id>1137420</id><index>43</index><type>SLIDE</type></slide></conversation>