<conversation><title>Mec3036</title><author>gibsonb</author><created>20/06/2010 5:48:28 PM</created><tag></tag><subject>gibsonb</subject><jid>1020400</jid><permissions><studentCanPublish>true</studentCanPublish><studentCanOpenFriends>true</studentCanOpenFriends><usersAreCompulsorilySynced>false</usersAreCompulsorilySynced></permissions><slide><author>gibsonb</author><id>1020401</id><index>0</index><type>SLIDE</type></slide><slide><author>gibsonb</author><id>1020402</id><index>1</index><type>SLIDE</type></slide></conversation>