<conversation><title>m1</title><author>gibsonb</author><created>21/06/2010 2:41:36 PM</created><tag>unTagged</tag><subject>Unrestricted</subject><jid>56200</jid><permissions><studentCanPublish>false</studentCanPublish><studentCanOpenFriends>false</studentCanOpenFriends><usersAreCompulsorilySynced>true</usersAreCompulsorilySynced></permissions><slide><author>gibsonb</author><id>56201</id><index>0</index><exposed>False</exposed><type>SLIDE</type></slide><slide><author>gibsonb</author><id>56202</id><index>1</index><exposed>False</exposed><type>SLIDE</type></slide><slide><author>gibsonb</author><id>56203</id><index>2</index><exposed>False</exposed><type>SLIDE</type></slide><slide><author>gibsonb</author><id>56204</id><index>3</index><exposed>False</exposed><type>SLIDE</type></slide><slide><author>gibsonb</author><id>56205</id><index>4</index><exposed>False</exposed><type>SLIDE</type></slide><slide><author>gibsonb</author><id>56206</id><index>5</index><exposed>False</exposed><type>SLIDE</type></slide><slide><author>gibsonb</author><id>56207</id><index>6</index><exposed>False</exposed><type>SLIDE</type></slide><slide><author>gibsonb</author><id>56208</id><index>7</index><exposed>False</exposed><type>SLIDE</type></slide><slide><author>gibsonb</author><id>56209</id><index>8</index><exposed>False</exposed><type>SLIDE</type></slide><slide><author>gibsonb</author><id>56210</id><index>9</index><exposed>False</exposed><type>SLIDE</type></slide><slide><author>gibsonb</author><id>56211</id><index>10</index><exposed>False</exposed><type>SLIDE</type></slide><slide><author>gibsonb</author><id>56212</id><index>11</index><exposed>False</exposed><type>SLIDE</type></slide><slide><author>gibsonb</author><id>56213</id><index>12</index><exposed>False</exposed><type>SLIDE</type></slide><slide><author>gibsonb</author><id>56214</id><index>13</index><exposed>False</exposed><type>SLIDE</type></slide><slide><author>gibsonb</author><id>56215</id><index>14</index><exposed>False</exposed><type>SLIDE</type></slide><slide><author>gibsonb</author><id>56216</id><index>15</index><exposed>False</exposed><type>SLIDE</type></slide><slide><author>gibsonb</author><id>56217</id><index>16</index><exposed>False</exposed><type>SLIDE</type></slide><slide><author>gibsonb</author><id>56218</id><index>17</index><exposed>False</exposed><type>SLIDE</type></slide><slide><author>gibsonb</author><id>56219</id><index>18</index><exposed>False</exposed><type>SLIDE</type></slide><slide><author>gibsonb</author><id>56220</id><index>19</index><exposed>False</exposed><type>SLIDE</type></slide><slide><author>gibsonb</author><id>56221</id><index>20</index><exposed>False</exposed><type>SLIDE</type></slide><slide><author>gibsonb</author><id>56222</id><index>21</index><exposed>False</exposed><type>SLIDE</type></slide><slide><author>gibsonb</author><id>56223</id><index>22</index><exposed>False</exposed><type>SLIDE</type></slide></conversation>