<conversation><title>TessTuteweek2HSC1052</title><author>tessn</author><created>28/07/2010 10:45:16 AM</created><tag></tag><subject>Unrestricted</subject><jid>1133400</jid><permissions><studentCanPublish>true</studentCanPublish><studentCanOpenFriends>true</studentCanOpenFriends><usersAreCompulsorilySynced>false</usersAreCompulsorilySynced></permissions><slide><author>tessn</author><id>1133401</id><index>0</index><type>SLIDE</type></slide><slide><author>tessn</author><id>1133402</id><index>1</index><type>SLIDE</type></slide><slide><author>tessn</author><id>1133403</id><index>2</index><type>SLIDE</type></slide><slide><author>tessn</author><id>1133404</id><index>3</index><type>SLIDE</type></slide><slide><author>tessn</author><id>1133405</id><index>4</index><type>SLIDE</type></slide><slide><author>tessn</author><id>1133406</id><index>5</index><type>SLIDE</type></slide><slide><author>tessn</author><id>1133407</id><index>6</index><type>SLIDE</type></slide><slide><author>tessn</author><id>1133408</id><index>7</index><type>SLIDE</type></slide><slide><author>tessn</author><id>1133409</id><index>8</index><type>SLIDE</type></slide><slide><author>tessn</author><id>1133411</id><index>9</index><type>SLIDE</type></slide><slide><author>tessn</author><id>1133410</id><index>10</index><type>SLIDE</type></slide></conversation>