<conversation><title>vulnerable 2</title><author>deannacp</author><created>13/10/2010 2:15:41 PM</created><tag></tag><subject>deannacp</subject><jid>1418400</jid><permissions><studentCanPublish>true</studentCanPublish><studentCanOpenFriends>true</studentCanOpenFriends><usersAreCompulsorilySynced>false</usersAreCompulsorilySynced></permissions><slide><author>deannacp</author><id>1418401</id><index>0</index><type>SLIDE</type></slide><slide><author>deannacp</author><id>1418402</id><index>1</index><type>SLIDE</type></slide><slide><author>deannacp</author><id>1418403</id><index>2</index><type>SLIDE</type></slide><slide><author>deannacp</author><id>1418404</id><index>3</index><type>SLIDE</type></slide><slide><author>deannacp</author><id>1418405</id><index>4</index><type>SLIDE</type></slide><slide><author>deannacp</author><id>1418406</id><index>5</index><type>SLIDE</type></slide><slide><author>deannacp</author><id>1418407</id><index>6</index><type>SLIDE</type></slide><slide><author>deannacp</author><id>1418412</id><index>7</index><type>SLIDE</type></slide><slide><author>deannacp</author><id>1418413</id><index>8</index><type>SLIDE</type></slide><slide><author>deannacp</author><id>1418414</id><index>9</index><type>SLIDE</type></slide><slide><author>deannacp</author><id>1418415</id><index>10</index><type>SLIDE</type></slide><slide><author>deannacp</author><id>1418408</id><index>11</index><type>SLIDE</type></slide><slide><author>deannacp</author><id>1418411</id><index>12</index><type>SLIDE</type></slide><slide><author>deannacp</author><id>1418409</id><index>13</index><type>SLIDE</type></slide><slide><author>deannacp</author><id>1418410</id><index>14</index><type>SLIDE</type></slide></conversation>