<conversation><title>BEH2022 W8 2010 Fracture management</title><author>wlord</author><created>6/09/2010 12:44:37 PM</created><tag></tag><subject>Unrestricted</subject><jid>1313400</jid><permissions><studentCanPublish>false</studentCanPublish><studentCanOpenFriends>false</studentCanOpenFriends><usersAreCompulsorilySynced>true</usersAreCompulsorilySynced></permissions><slide><author>wlord</author><id>1313401</id><index>0</index><type>SLIDE</type></slide><slide><author>wlord</author><id>1313402</id><index>1</index><type>SLIDE</type></slide><slide><author>wlord</author><id>1313403</id><index>2</index><type>SLIDE</type></slide><slide><author>wlord</author><id>1313404</id><index>3</index><type>SLIDE</type></slide><slide><author>wlord</author><id>1313405</id><index>4</index><type>SLIDE</type></slide><slide><author>wlord</author><id>1313406</id><index>5</index><type>SLIDE</type></slide><slide><author>wlord</author><id>1313407</id><index>6</index><type>SLIDE</type></slide><slide><author>wlord</author><id>1313408</id><index>7</index><type>SLIDE</type></slide><slide><author>wlord</author><id>1313409</id><index>8</index><type>SLIDE</type></slide><slide><author>wlord</author><id>1313410</id><index>9</index><type>SLIDE</type></slide><slide><author>wlord</author><id>1313411</id><index>10</index><type>SLIDE</type></slide><slide><author>wlord</author><id>1313412</id><index>11</index><type>SLIDE</type></slide><slide><author>wlord</author><id>1313413</id><index>12</index><type>SLIDE</type></slide><slide><author>wlord</author><id>1313414</id><index>13</index><type>SLIDE</type></slide><slide><author>wlord</author><id>1313415</id><index>14</index><type>SLIDE</type></slide><slide><author>wlord</author><id>1313416</id><index>15</index><type>SLIDE</type></slide><slide><author>wlord</author><id>1313417</id><index>16</index><type>SLIDE</type></slide><slide><author>wlord</author><id>1313418</id><index>17</index><type>SLIDE</type></slide><slide><author>wlord</author><id>1313419</id><index>18</index><type>SLIDE</type></slide><slide><author>wlord</author><id>1313420</id><index>19</index><type>SLIDE</type></slide><slide><author>wlord</author><id>1313421</id><index>20</index><type>SLIDE</type></slide><slide><author>wlord</author><id>1313422</id><index>21</index><type>SLIDE</type></slide><slide><author>wlord</author><id>1313423</id><index>22</index><type>SLIDE</type></slide><slide><author>wlord</author><id>1313424</id><index>23</index><type>SLIDE</type></slide><slide><author>wlord</author><id>1313425</id><index>24</index><type>SLIDE</type></slide><slide><author>wlord</author><id>1313426</id><index>25</index><type>SLIDE</type></slide><slide><author>wlord</author><id>1313427</id><index>26</index><type>SLIDE</type></slide><slide><author>wlord</author><id>1313428</id><index>27</index><type>SLIDE</type></slide><slide><author>wlord</author><id>1313429</id><index>28</index><type>SLIDE</type></slide><slide><author>wlord</author><id>1313430</id><index>29</index><type>SLIDE</type></slide><slide><author>wlord</author><id>1313431</id><index>30</index><type>SLIDE</type></slide><slide><author>wlord</author><id>1313432</id><index>31</index><type>SLIDE</type></slide><slide><author>wlord</author><id>1313433</id><index>32</index><type>SLIDE</type></slide><slide><author>wlord</author><id>1313434</id><index>33</index><type>SLIDE</type></slide><slide><author>wlord</author><id>1313435</id><index>34</index><type>SLIDE</type></slide><slide><author>wlord</author><id>1313436</id><index>35</index><type>SLIDE</type></slide><slide><author>wlord</author><id>1313437</id><index>36</index><type>SLIDE</type></slide><slide><author>wlord</author><id>1313438</id><index>37</index><type>SLIDE</type></slide><slide><author>wlord</author><id>1313439</id><index>38</index><type>SLIDE</type></slide><slide><author>wlord</author><id>1313440</id><index>39</index><type>SLIDE</type></slide><slide><author>wlord</author><id>1313441</id><index>40</index><type>SLIDE</type></slide><slide><author>wlord</author><id>1313442</id><index>41</index><type>SLIDE</type></slide><slide><author>wlord</author><id>1313443</id><index>42</index><type>SLIDE</type></slide><slide><author>wlord</author><id>1313444</id><index>43</index><type>SLIDE</type></slide><slide><author>wlord</author><id>1313445</id><index>44</index><type>SLIDE</type></slide><slide><author>wlord</author><id>1313446</id><index>45</index><type>SLIDE</type></slide><slide><author>wlord</author><id>1313447</id><index>46</index><type>SLIDE</type></slide><slide><author>wlord</author><id>1313448</id><index>47</index><type>SLIDE</type></slide><slide><author>wlord</author><id>1313449</id><index>48</index><type>SLIDE</type></slide><slide><author>wlord</author><id>1313450</id><index>49</index><type>SLIDE</type></slide><slide><author>wlord</author><id>1313451</id><index>50</index><type>SLIDE</type></slide><slide><author>wlord</author><id>1313452</id><index>51</index><type>SLIDE</type></slide><slide><author>wlord</author><id>1313453</id><index>52</index><type>SLIDE</type></slide><slide><author>wlord</author><id>1313454</id><index>53</index><type>SLIDE</type></slide><slide><author>wlord</author><id>1313455</id><index>54</index><type>SLIDE</type></slide><slide><author>wlord</author><id>1313456</id><index>55</index><type>SLIDE</type></slide><slide><author>wlord</author><id>1313457</id><index>56</index><type>SLIDE</type></slide><slide><author>wlord</author><id>1313458</id><index>57</index><type>SLIDE</type></slide><slide><author>wlord</author><id>1313459</id><index>58</index><type>SLIDE</type></slide><slide><author>wlord</author><id>1313460</id><index>59</index><type>SLIDE</type></slide><slide><author>wlord</author><id>1313461</id><index>60</index><type>SLIDE</type></slide><slide><author>wlord</author><id>1313462</id><index>61</index><type>SLIDE</type></slide><slide><author>wlord</author><id>1313463</id><index>62</index><type>SLIDE</type></slide><slide><author>wlord</author><id>1313464</id><index>63</index><type>SLIDE</type></slide><slide><author>wlord</author><id>1313465</id><index>64</index><type>SLIDE</type></slide></conversation>