<conversation><title>1st Feb Training</title><author>brettw</author><created>1/02/2010 9:09:33 AM</created><tag></tag><subject>Unrestricted</subject><jid>431400</jid><permissions><studentCanPublish>false</studentCanPublish><studentCanOpenFriends>false</studentCanOpenFriends><usersAreCompulsorilySynced>true</usersAreCompulsorilySynced></permissions><slide><author>brettw</author><id>431401</id><index>0</index><type>SLIDE</type></slide><slide><author>brettw</author><id>431402</id><index>1</index><type>SLIDE</type></slide><slide><author>brettw</author><id>431403</id><index>2</index><type>SLIDE</type></slide><slide><author>brettw</author><id>431404</id><index>3</index><type>SLIDE</type></slide></conversation>