<conversation><title>Automated16/06/2010 9:40:29 AM</title><author>dhag22</author><created>16/06/2010 9:40:52 AM</created><tag>unTagged</tag><subject>Unrestricted</subject><jid>51800</jid><permissions><studentCanPublish>false</studentCanPublish><studentCanOpenFriends>false</studentCanOpenFriends><usersAreCompulsorilySynced>true</usersAreCompulsorilySynced></permissions><slide><author>dhag22</author><id>51801</id><index>0</index><exposed>False</exposed><type>SLIDE</type></slide><slide><author>dhag22</author><id>51802</id><index>1</index><exposed>False</exposed><type>SLIDE</type></slide><slide><author>dhag22</author><id>51803</id><index>2</index><exposed>False</exposed><type>SLIDE</type></slide><slide><author>dhag22</author><id>51804</id><index>3</index><exposed>False</exposed><type>SLIDE</type></slide><slide><author>dhag22</author><id>51805</id><index>4</index><exposed>False</exposed><type>SLIDE</type></slide></conversation>