<conversation><title>eecrole's private conversation</title><author>eecrole</author><created>1/11/2010 4:15:08 PM</created><tag>READ THIS FIRST</tag><subject>eecrole</subject><jid>3000</jid><permissions><studentCanPublish>false</studentCanPublish><studentCanOpenFriends>false</studentCanOpenFriends><usersAreCompulsorilySynced>true</usersAreCompulsorilySynced></permissions><slide><author>eecrole</author><id>3001</id><index>0</index><type>SLIDE</type></slide><slide><author>eecrole</author><id>3002</id><index>1</index><type>SLIDE</type></slide></conversation>