<conversation><title>Marsupials of Australia</title><author>gibsonb</author><created>22/06/2010 5:08:28 PM</created><tag>unTagged</tag><subject>Unrestricted</subject><jid>59000</jid><permissions><studentCanPublish>false</studentCanPublish><studentCanOpenFriends>false</studentCanOpenFriends><usersAreCompulsorilySynced>true</usersAreCompulsorilySynced></permissions><slide><author>gibsonb</author><id>59001</id><index>0</index><exposed>False</exposed><type>SLIDE</type></slide><slide><author>gibsonb</author><id>59002</id><index>1</index><exposed>False</exposed><type>SLIDE</type></slide><slide><author>gibsonb</author><id>59003</id><index>2</index><exposed>False</exposed><type>SLIDE</type></slide><slide><author>gibsonb</author><id>59004</id><index>3</index><exposed>False</exposed><type>SLIDE</type></slide><slide><author>gibsonb</author><id>59005</id><index>4</index><exposed>False</exposed><type>SLIDE</type></slide><slide><author>gibsonb</author><id>59006</id><index>5</index><exposed>False</exposed><type>SLIDE</type></slide><slide><author>gibsonb</author><id>59007</id><index>6</index><exposed>False</exposed><type>SLIDE</type></slide><slide><author>gibsonb</author><id>59008</id><index>7</index><exposed>False</exposed><type>SLIDE</type></slide><slide><author>gibsonb</author><id>59009</id><index>8</index><exposed>False</exposed><type>SLIDE</type></slide><slide><author>gibsonb</author><id>59010</id><index>9</index><exposed>False</exposed><type>SLIDE</type></slide><slide><author>gibsonb</author><id>59011</id><index>10</index><exposed>False</exposed><type>SLIDE</type></slide><slide><author>gibsonb</author><id>59012</id><index>11</index><exposed>False</exposed><type>SLIDE</type></slide><slide><author>gibsonb</author><id>59013</id><index>12</index><exposed>False</exposed><type>SLIDE</type></slide><slide><author>gibsonb</author><id>59014</id><index>13</index><exposed>False</exposed><type>SLIDE</type></slide><slide><author>gibsonb</author><id>59015</id><index>14</index><exposed>False</exposed><type>SLIDE</type></slide><slide><author>gibsonb</author><id>59016</id><index>15</index><exposed>False</exposed><type>SLIDE</type></slide><slide><author>gibsonb</author><id>59017</id><index>16</index><exposed>False</exposed><type>SLIDE</type></slide><slide><author>gibsonb</author><id>59018</id><index>17</index><exposed>False</exposed><type>SLIDE</type></slide><slide><author>gibsonb</author><id>59019</id><index>18</index><exposed>False</exposed><type>SLIDE</type></slide><slide><author>gibsonb</author><id>59020</id><index>19</index><exposed>False</exposed><type>SLIDE</type></slide><slide><author>gibsonb</author><id>59021</id><index>20</index><exposed>False</exposed><type>SLIDE</type></slide><slide><author>gibsonb</author><id>59022</id><index>21</index><exposed>False</exposed><type>SLIDE</type></slide><slide><author>gibsonb</author><id>59023</id><index>22</index><exposed>False</exposed><type>SLIDE</type></slide></conversation>