<conversation><title>pptTest2</title><author>dhag22</author><created>17/06/2010 5:04:26 PM</created><tag>unTagged</tag><subject>Unrestricted</subject><jid>54600</jid><permissions><studentCanPublish>false</studentCanPublish><studentCanOpenFriends>false</studentCanOpenFriends><usersAreCompulsorilySynced>true</usersAreCompulsorilySynced></permissions><slide><author>dhag22</author><id>54601</id><index>0</index><exposed>False</exposed><type>SLIDE</type></slide><slide><author>dhag22</author><id>54602</id><index>1</index><exposed>False</exposed><type>SLIDE</type></slide><slide><author>dhag22</author><id>54603</id><index>2</index><exposed>False</exposed><type>SLIDE</type></slide><slide><author>dhag22</author><id>54604</id><index>3</index><exposed>False</exposed><type>SLIDE</type></slide></conversation>