<conversation><title>thought work for gordon</title><author>sajames</author><created>15/06/2010 12:10:20 PM</created><tag>unTagged</tag><subject>Unrestricted</subject><jid>50800</jid><permissions><studentCanPublish>false</studentCanPublish><studentCanOpenFriends>false</studentCanOpenFriends><usersAreCompulsorilySynced>true</usersAreCompulsorilySynced></permissions><slide><author>sajames</author><id>50801</id><index>0</index><exposed>False</exposed><type>SLIDE</type></slide><slide><author>sajames</author><id>50804</id><index>1</index><exposed>False</exposed><type>THOUGHT</type></slide><slide><author>sajames</author><id>50803</id><index>2</index><exposed>False</exposed><type>SLIDE</type></slide><slide><author>sajames</author><id>50805</id><index>3</index><exposed>False</exposed><type>THOUGHT</type></slide><slide><author>sajames</author><id>50802</id><index>4</index><exposed>False</exposed><type>SLIDE</type></slide></conversation>