<conversation><title>Pearson</title><author>gsanson</author><created>24/06/2010 12:05:43 PM</created><tag></tag><subject>Unrestricted</subject><jid>1024400</jid><permissions><studentCanPublish>true</studentCanPublish><studentCanOpenFriends>true</studentCanOpenFriends><usersAreCompulsorilySynced>false</usersAreCompulsorilySynced></permissions><slide><author>gsanson</author><id>1024401</id><index>0</index><type>SLIDE</type></slide><slide><author>gsanson</author><id>1024402</id><index>1</index><type>SLIDE</type></slide><slide><author>gsanson</author><id>1024403</id><index>2</index><type>SLIDE</type></slide><slide><author>gsanson</author><id>1024412</id><index>3</index><type>SLIDE</type></slide><slide><author>gsanson</author><id>1024413</id><index>4</index><type>SLIDE</type></slide><slide><author>gsanson</author><id>1024404</id><index>5</index><type>SLIDE</type></slide><slide><author>gsanson</author><id>1024405</id><index>6</index><type>SLIDE</type></slide><slide><author>gsanson</author><id>1024406</id><index>7</index><type>SLIDE</type></slide><slide><author>gsanson</author><id>1024407</id><index>8</index><type>SLIDE</type></slide><slide><author>gsanson</author><id>1024408</id><index>9</index><type>SLIDE</type></slide><slide><author>gsanson</author><id>1024409</id><index>10</index><type>SLIDE</type></slide><slide><author>gsanson</author><id>1024410</id><index>11</index><type>SLIDE</type></slide><slide><author>gsanson</author><id>1024411</id><index>12</index><type>SLIDE</type></slide></conversation>