<conversation><title>Lecture mode</title><author>rossr</author><created>15/07/2010 11:55:51 AM</created><tag>unTagged</tag><subject>Staff</subject><jid>80000</jid><permissions><studentCanPublish>false</studentCanPublish><studentCanOpenFriends>false</studentCanOpenFriends><usersAreCompulsorilySynced>true</usersAreCompulsorilySynced></permissions><slide><author>rossr</author><id>80001</id><index>0</index><exposed>False</exposed><type>SLIDE</type></slide><slide><author>rossr</author><id>80002</id><index>1</index><exposed>False</exposed><type>SLIDE</type></slide><slide><author>rossr</author><id>80003</id><index>2</index><exposed>False</exposed><type>SLIDE</type></slide></conversation>