<conversation><title>new ppt</title><author>sajames</author><created>24/05/2010 11:42:00 AM</created><tag>unTagged</tag><subject>sajames</subject><jid>37800</jid><permissions><studentCanPublish>true</studentCanPublish><studentCanOpenFriends>true</studentCanOpenFriends><usersAreCompulsorilySynced>true</usersAreCompulsorilySynced></permissions><slide><author>sajames</author><id>37801</id><index>0</index><type>SLIDE</type></slide><slide><author>sajames</author><id>37802</id><index>1</index><type>SLIDE</type></slide><slide><author>sajames</author><id>37803</id><index>2</index><type>SLIDE</type></slide><slide><author>sajames</author><id>37804</id><index>3</index><type>SLIDE</type></slide><slide><author>sajames</author><id>37805</id><index>4</index><type>SLIDE</type></slide></conversation>