<conversation><title>NEH3001 assessment lecture</title><author>pjan7</author><created>25/03/2010 1:44:38 PM</created><tag></tag><subject>Unrestricted</subject><jid>811400</jid><permissions><studentCanPublish>true</studentCanPublish><studentCanOpenFriends>true</studentCanOpenFriends><usersAreCompulsorilySynced>false</usersAreCompulsorilySynced></permissions><slide><author>pjan7</author><id>811401</id><index>0</index><type>SLIDE</type></slide><slide><author>pjan7</author><id>811402</id><index>1</index><type>SLIDE</type></slide><slide><author>pjan7</author><id>811403</id><index>2</index><type>SLIDE</type></slide><slide><author>pjan7</author><id>811404</id><index>3</index><type>SLIDE</type></slide><slide><author>pjan7</author><id>811405</id><index>4</index><type>SLIDE</type></slide></conversation>