<conversation><title>2010_HSC1081_Lecture 1</title><author>jmccorm</author><created>1/03/2010 3:05:54 PM</created><tag></tag><subject>jmccorm</subject><jid>637400</jid><permissions><studentCanPublish>false</studentCanPublish><studentCanOpenFriends>false</studentCanOpenFriends><usersAreCompulsorilySynced>true</usersAreCompulsorilySynced></permissions><slide><author>jmccorm</author><id>637401</id><index>0</index><type>SLIDE</type></slide><slide><author>jmccorm</author><id>637402</id><index>1</index><type>SLIDE</type></slide><slide><author>jmccorm</author><id>637403</id><index>2</index><type>SLIDE</type></slide><slide><author>jmccorm</author><id>637404</id><index>3</index><type>SLIDE</type></slide><slide><author>jmccorm</author><id>637405</id><index>4</index><type>SLIDE</type></slide><slide><author>jmccorm</author><id>637406</id><index>5</index><type>SLIDE</type></slide><slide><author>jmccorm</author><id>637407</id><index>6</index><type>SLIDE</type></slide><slide><author>jmccorm</author><id>637408</id><index>7</index><type>SLIDE</type></slide><slide><author>jmccorm</author><id>637409</id><index>8</index><type>SLIDE</type></slide><slide><author>jmccorm</author><id>637410</id><index>9</index><type>SLIDE</type></slide><slide><author>jmccorm</author><id>637411</id><index>10</index><type>SLIDE</type></slide><slide><author>jmccorm</author><id>637412</id><index>11</index><type>SLIDE</type></slide><slide><author>jmccorm</author><id>637413</id><index>12</index><type>SLIDE</type></slide><slide><author>jmccorm</author><id>637414</id><index>13</index><type>SLIDE</type></slide><slide><author>jmccorm</author><id>637415</id><index>14</index><type>SLIDE</type></slide><slide><author>jmccorm</author><id>637416</id><index>15</index><type>SLIDE</type></slide><slide><author>jmccorm</author><id>637417</id><index>16</index><type>SLIDE</type></slide><slide><author>jmccorm</author><id>637418</id><index>17</index><type>SLIDE</type></slide><slide><author>jmccorm</author><id>637419</id><index>18</index><type>SLIDE</type></slide><slide><author>jmccorm</author><id>637420</id><index>19</index><type>SLIDE</type></slide><slide><author>jmccorm</author><id>637421</id><index>20</index><type>SLIDE</type></slide><slide><author>jmccorm</author><id>637422</id><index>21</index><type>SLIDE</type></slide><slide><author>jmccorm</author><id>637423</id><index>22</index><type>SLIDE</type></slide><slide><author>jmccorm</author><id>637424</id><index>23</index><type>SLIDE</type></slide><slide><author>jmccorm</author><id>637425</id><index>24</index><type>SLIDE</type></slide><slide><author>jmccorm</author><id>637426</id><index>25</index><type>SLIDE</type></slide><slide><author>jmccorm</author><id>637427</id><index>26</index><type>SLIDE</type></slide></conversation>