<conversation><title>less death than my other conversation</title><author>sajames</author><created>24/06/2010 4:00:15 PM</created><tag>unTagged</tag><subject>Unrestricted</subject><jid>59200</jid><permissions><studentCanPublish>false</studentCanPublish><studentCanOpenFriends>false</studentCanOpenFriends><usersAreCompulsorilySynced>true</usersAreCompulsorilySynced></permissions><slide><author>sajames</author><id>59201</id><index>0</index><exposed>False</exposed><type>SLIDE</type></slide><slide><author>sajames</author><id>59202</id><index>1</index><exposed>False</exposed><type>SLIDE</type></slide></conversation>