<conversation><title>thought canvas refactor</title><author>sajames</author><created>7/06/2010 10:34:45 AM</created><tag>unTagged</tag><subject>sajames</subject><jid>42000</jid><permissions><studentCanPublish>false</studentCanPublish><studentCanOpenFriends>false</studentCanOpenFriends><usersAreCompulsorilySynced>true</usersAreCompulsorilySynced></permissions><slide><author>sajames</author><id>42001</id><index>0</index><type>SLIDE</type></slide><slide><author>sajames</author><id>42006</id><index>1</index><type>THOUGHT</type></slide><slide><author>sajames</author><id>42003</id><index>2</index><type>THOUGHT</type></slide><slide><author>sajames</author><id>42002</id><index>3</index><type>SLIDE</type></slide><slide><author>sajames</author><id>42005</id><index>4</index><type>SLIDE</type></slide><slide><author>sajames</author><id>42007</id><index>5</index><type>SLIDE</type></slide><slide><author>sajames</author><id>42004</id><index>6</index><type>THOUGHT</type></slide></conversation>