<conversation><title>LM2k32</title><author>rossr</author><created>15/07/2010 1:09:44 PM</created><tag>unTagged</tag><subject>Unrestricted</subject><jid>80600</jid><permissions><studentCanPublish>false</studentCanPublish><studentCanOpenFriends>false</studentCanOpenFriends><usersAreCompulsorilySynced>true</usersAreCompulsorilySynced></permissions><slide><author>rossr</author><id>80601</id><index>0</index><exposed>False</exposed><type>SLIDE</type></slide><slide><author>rossr</author><id>80602</id><index>1</index><exposed>False</exposed><type>SLIDE</type></slide><slide><author>rossr</author><id>80603</id><index>2</index><exposed>False</exposed><type>SLIDE</type></slide></conversation>