<conversation><title>BEH2011 week 2 friday</title><author>jurkovsk</author><created>29/05/2009 12:25:28 AM</created><tag>week 2 friday </tag><subject>Unrestricted</subject><jid>710400</jid><permissions><studentCanPublish>true</studentCanPublish><studentCanOpenFriends>true</studentCanOpenFriends><usersAreCompulsorilySynced>false</usersAreCompulsorilySynced></permissions><slide><author>jurkovsk</author><id>710401</id><index>0</index><type>SLIDE</type></slide><slide><author>jurkovsk</author><id>710402</id><index>1</index><type>SLIDE</type></slide><slide><author>jurkovsk</author><id>710403</id><index>2</index><type>SLIDE</type></slide><slide><author>jurkovsk</author><id>710404</id><index>3</index><type>SLIDE</type></slide><slide><author>jurkovsk</author><id>710405</id><index>4</index><type>SLIDE</type></slide><slide><author>jurkovsk</author><id>710406</id><index>5</index><type>SLIDE</type></slide><slide><author>jurkovsk</author><id>710407</id><index>6</index><type>SLIDE</type></slide><slide><author>jurkovsk</author><id>710408</id><index>7</index><type>SLIDE</type></slide><slide><author>jurkovsk</author><id>710409</id><index>8</index><type>SLIDE</type></slide><slide><author>jurkovsk</author><id>710410</id><index>9</index><type>SLIDE</type></slide><slide><author>jurkovsk</author><id>710411</id><index>10</index><type>SLIDE</type></slide><slide><author>jurkovsk</author><id>710412</id><index>11</index><type>SLIDE</type></slide><slide><author>jurkovsk</author><id>710413</id><index>12</index><type>SLIDE</type></slide><slide><author>jurkovsk</author><id>710414</id><index>13</index><type>SLIDE</type></slide><slide><author>jurkovsk</author><id>710415</id><index>14</index><type>SLIDE</type></slide><slide><author>jurkovsk</author><id>710416</id><index>15</index><type>SLIDE</type></slide><slide><author>jurkovsk</author><id>710417</id><index>16</index><type>SLIDE</type></slide><slide><author>jurkovsk</author><id>710418</id><index>17</index><type>SLIDE</type></slide><slide><author>jurkovsk</author><id>710419</id><index>18</index><type>SLIDE</type></slide><slide><author>jurkovsk</author><id>710420</id><index>19</index><type>SLIDE</type></slide><slide><author>jurkovsk</author><id>710421</id><index>20</index><type>SLIDE</type></slide><slide><author>jurkovsk</author><id>710422</id><index>21</index><type>SLIDE</type></slide><slide><author>jurkovsk</author><id>710423</id><index>22</index><type>SLIDE</type></slide><slide><author>jurkovsk</author><id>710424</id><index>23</index><type>SLIDE</type></slide><slide><author>jurkovsk</author><id>710425</id><index>24</index><type>SLIDE</type></slide><slide><author>jurkovsk</author><id>710426</id><index>25</index><type>SLIDE</type></slide><slide><author>jurkovsk</author><id>710427</id><index>26</index><type>SLIDE</type></slide><slide><author>jurkovsk</author><id>710428</id><index>27</index><type>SLIDE</type></slide><slide><author>jurkovsk</author><id>710429</id><index>28</index><type>SLIDE</type></slide><slide><author>jurkovsk</author><id>710430</id><index>29</index><type>SLIDE</type></slide><slide><author>jurkovsk</author><id>710431</id><index>30</index><type>SLIDE</type></slide></conversation>