<conversation><title>Powerpoint - Beards</title><author>sajames</author><created>24/05/2010 11:04:38 AM</created><tag>unTagged</tag><subject>eEducation Centre</subject><jid>37200</jid><permissions><studentCanPublish>false</studentCanPublish><studentCanOpenFriends>false</studentCanOpenFriends><usersAreCompulsorilySynced>true</usersAreCompulsorilySynced></permissions><slide><author>sajames</author><id>37201</id><index>0</index><type>SLIDE</type></slide><slide><author>sajames</author><id>37202</id><index>1</index><type>SLIDE</type></slide><slide><author>sajames</author><id>37207</id><index>2</index><type>THOUGHT</type></slide><slide><author>sajames</author><id>37206</id><index>3</index><type>THOUGHT</type></slide><slide><author>sajames</author><id>37203</id><index>4</index><type>SLIDE</type></slide><slide><author>sajames</author><id>37209</id><index>5</index><type>THOUGHT</type></slide><slide><author>sajames</author><id>37208</id><index>6</index><type>THOUGHT</type></slide><slide><author>sajames</author><id>37204</id><index>7</index><type>SLIDE</type></slide><slide><author>sajames</author><id>37205</id><index>8</index><type>SLIDE</type></slide></conversation>