<conversation><title>AutomatedConversationEdited</title><author>dhag22</author><created>21/06/2010 3:25:05 PM</created><tag>unTagged</tag><subject>Unrestricted</subject><jid>56400</jid><permissions><studentCanPublish>false</studentCanPublish><studentCanOpenFriends>false</studentCanOpenFriends><usersAreCompulsorilySynced>true</usersAreCompulsorilySynced></permissions><slide><author>dhag22</author><id>56401</id><index>0</index><exposed>False</exposed><type>SLIDE</type></slide><slide><author>dhag22</author><id>56406</id><index>1</index><exposed>False</exposed><type>SLIDE</type></slide><slide><author>dhag22</author><id>56402</id><index>2</index><exposed>False</exposed><type>SLIDE</type></slide><slide><author>dhag22</author><id>56403</id><index>3</index><exposed>False</exposed><type>SLIDE</type></slide><slide><author>dhag22</author><id>56404</id><index>4</index><exposed>False</exposed><type>SLIDE</type></slide><slide><author>dhag22</author><id>56405</id><index>5</index><exposed>False</exposed><type>SLIDE</type></slide><slide><author>dhag22</author><id>56408</id><index>6</index><exposed>False</exposed><type>SLIDE</type></slide><slide><author>dhag22</author><id>56409</id><index>7</index><exposed>False</exposed><type>SLIDE</type></slide><slide><author>dhag22</author><id>56411</id><index>8</index><exposed>False</exposed><type>SLIDE</type></slide><slide><author>dhag22</author><id>56410</id><index>9</index><exposed>False</exposed><type>SLIDE</type></slide><slide><author>dhag22</author><id>56407</id><index>10</index><exposed>False</exposed><type>SLIDE</type></slide></conversation>