<conversation><title>thought work 2</title><author>sajames</author><created>7/06/2010 4:14:50 PM</created><tag>unTagged</tag><subject>sajames</subject><jid>42200</jid><permissions><studentCanPublish>false</studentCanPublish><studentCanOpenFriends>false</studentCanOpenFriends><usersAreCompulsorilySynced>true</usersAreCompulsorilySynced></permissions><slide><author>sajames</author><id>42201</id><index>0</index><type>SLIDE</type></slide><slide><author>sajames</author><id>42203</id><index>1</index><type>SLIDE</type></slide><slide><author>sajames</author><id>42202</id><index>2</index><type>THOUGHT</type></slide></conversation>