<conversation><title>austra</title><author>gibsonb</author><created>19/06/2010 2:48:07 PM</created><tag></tag><subject>Unrestricted</subject><jid>1018400</jid><permissions><studentCanPublish>false</studentCanPublish><studentCanOpenFriends>false</studentCanOpenFriends><usersAreCompulsorilySynced>true</usersAreCompulsorilySynced></permissions><slide><author>gibsonb</author><id>1018401</id><index>0</index><type>SLIDE</type></slide><slide><author>gibsonb</author><id>1018402</id><index>1</index><type>SLIDE</type></slide><slide><author>gibsonb</author><id>1018403</id><index>2</index><type>SLIDE</type></slide><slide><author>gibsonb</author><id>1018404</id><index>3</index><type>SLIDE</type></slide><slide><author>gibsonb</author><id>1018405</id><index>4</index><type>SLIDE</type></slide><slide><author>gibsonb</author><id>1018406</id><index>5</index><type>SLIDE</type></slide><slide><author>gibsonb</author><id>1018407</id><index>6</index><type>SLIDE</type></slide><slide><author>gibsonb</author><id>1018408</id><index>7</index><type>SLIDE</type></slide><slide><author>gibsonb</author><id>1018419</id><index>8</index><type>POLL</type></slide><slide><author>gibsonb</author><id>1018418</id><index>9</index><type>POLL</type></slide><slide><author>gibsonb</author><id>1018417</id><index>10</index><type>POLL</type></slide><slide><author>gibsonb</author><id>1018409</id><index>11</index><type>SLIDE</type></slide><slide><author>gibsonb</author><id>1018410</id><index>12</index><type>SLIDE</type></slide><slide><author>gibsonb</author><id>1018411</id><index>13</index><type>SLIDE</type></slide><slide><author>gibsonb</author><id>1018412</id><index>14</index><type>SLIDE</type></slide><slide><author>gibsonb</author><id>1018413</id><index>15</index><type>SLIDE</type></slide><slide><author>gibsonb</author><id>1018414</id><index>16</index><type>SLIDE</type></slide><slide><author>gibsonb</author><id>1018415</id><index>17</index><type>SLIDE</type></slide><slide><author>gibsonb</author><id>1018416</id><index>18</index><type>SLIDE</type></slide></conversation>