<conversation><title>robits2k7_slides_notes3</title><author>hagand</author><created>13/07/2010 9:54:22 AM</created><tag></tag><subject>Unrestricted</subject><jid>77600</jid><permissions><studentCanPublish>false</studentCanPublish><studentCanOpenFriends>false</studentCanOpenFriends><usersAreCompulsorilySynced>true</usersAreCompulsorilySynced></permissions><slide><author>hagand</author><id>77601</id><index>0</index><type>SLIDE</type></slide><slide><author>hagand</author><id>77602</id><index>1</index><type>SLIDE</type></slide><slide><author>hagand</author><id>77603</id><index>2</index><type>SLIDE</type></slide></conversation>