<conversation><title>server test 2</title><author>gibsonb</author><created>7/07/2010 6:38:41 AM</created><tag></tag><subject>Unrestricted</subject><jid>1029400</jid><permissions><studentCanPublish>false</studentCanPublish><studentCanOpenFriends>false</studentCanOpenFriends><usersAreCompulsorilySynced>true</usersAreCompulsorilySynced></permissions><slide><author>gibsonb</author><id>1029401</id><index>0</index><type>SLIDE</type></slide><slide><author>gibsonb</author><id>1029402</id><index>1</index><type>SLIDE</type></slide><slide><author>gibsonb</author><id>1029403</id><index>2</index><type>SLIDE</type></slide><slide><author>gibsonb</author><id>1029404</id><index>3</index><type>SLIDE</type></slide><slide><author>gibsonb</author><id>1029405</id><index>4</index><type>SLIDE</type></slide></conversation>