<conversation><title>HSC1112 Thursday 22nd July</title><author>efrean</author><created>22/07/2010 1:25:49 PM</created><tag>efrean</tag><subject>Unrestricted</subject><jid>1109400</jid><permissions><studentCanPublish>false</studentCanPublish><studentCanOpenFriends>false</studentCanOpenFriends><usersAreCompulsorilySynced>true</usersAreCompulsorilySynced></permissions><slide><author>efrean</author><id>1109401</id><index>0</index><type>SLIDE</type></slide><slide><author>efrean</author><id>1109402</id><index>1</index><type>SLIDE</type></slide><slide><author>efrean</author><id>1109403</id><index>2</index><type>SLIDE</type></slide><slide><author>efrean</author><id>1109404</id><index>3</index><type>SLIDE</type></slide><slide><author>efrean</author><id>1109405</id><index>4</index><type>SLIDE</type></slide><slide><author>efrean</author><id>1109406</id><index>5</index><type>SLIDE</type></slide><slide><author>efrean</author><id>1109407</id><index>6</index><type>SLIDE</type></slide><slide><author>efrean</author><id>1109408</id><index>7</index><type>SLIDE</type></slide><slide><author>efrean</author><id>1109409</id><index>8</index><type>SLIDE</type></slide><slide><author>efrean</author><id>1109410</id><index>9</index><type>SLIDE</type></slide><slide><author>efrean</author><id>1109411</id><index>10</index><type>SLIDE</type></slide><slide><author>efrean</author><id>1109412</id><index>11</index><type>SLIDE</type></slide><slide><author>efrean</author><id>1109413</id><index>12</index><type>SLIDE</type></slide><slide><author>efrean</author><id>1109414</id><index>13</index><type>SLIDE</type></slide><slide><author>efrean</author><id>1109415</id><index>14</index><type>SLIDE</type></slide><slide><author>efrean</author><id>1109416</id><index>15</index><type>SLIDE</type></slide><slide><author>efrean</author><id>1109417</id><index>16</index><type>SLIDE</type></slide><slide><author>efrean</author><id>1109418</id><index>17</index><type>SLIDE</type></slide><slide><author>efrean</author><id>1109419</id><index>18</index><type>SLIDE</type></slide><slide><author>efrean</author><id>1109420</id><index>19</index><type>SLIDE</type></slide><slide><author>efrean</author><id>1109421</id><index>20</index><type>SLIDE</type></slide><slide><author>efrean</author><id>1109422</id><index>21</index><type>SLIDE</type></slide><slide><author>efrean</author><id>1109423</id><index>22</index><type>SLIDE</type></slide><slide><author>efrean</author><id>1109424</id><index>23</index><type>SLIDE</type></slide><slide><author>efrean</author><id>1109425</id><index>24</index><type>SLIDE</type></slide><slide><author>efrean</author><id>1109426</id><index>25</index><type>SLIDE</type></slide><slide><author>efrean</author><id>1109427</id><index>26</index><type>SLIDE</type></slide><slide><author>efrean</author><id>1109428</id><index>27</index><type>SLIDE</type></slide><slide><author>efrean</author><id>1109429</id><index>28</index><type>SLIDE</type></slide><slide><author>efrean</author><id>1109430</id><index>29</index><type>SLIDE</type></slide><slide><author>efrean</author><id>1109431</id><index>30</index><type>SLIDE</type></slide><slide><author>efrean</author><id>1109432</id><index>31</index><type>SLIDE</type></slide><slide><author>efrean</author><id>1109433</id><index>32</index><type>SLIDE</type></slide><slide><author>efrean</author><id>1109434</id><index>33</index><type>SLIDE</type></slide><slide><author>efrean</author><id>1109435</id><index>34</index><type>SLIDE</type></slide></conversation>