<logCollection date='{2010,8,19}'><message xml:lang='en' to='1242407@conference.deified.adm.monash.edu.au' from='wmck@deified.adm.monash.edu.au' type='groupchat' time='1282188474072'><image xmlns='monash:metl'><tag>{&quot;author&quot;:&quot;wmck&quot;,&quot;privacy&quot;:&quot;public&quot;,&quot;id&quot;:&quot;wmck:19/08/2010 1:34:28 PM:0&quot;,&quot;isBackground&quot;:false,&quot;zIndex&quot;:0}</tag><source>/Resource/1242407/background26.jpg</source><width>720</width><height>540</height><x>0</x><y>0</y><author>wmck</author><target>presentationSpace</target><privacy>public</privacy><slide>1242407</slide><identity>wmck:19/08/2010 1:34:28 PM:0</identity></image></message><message xml:lang='en' to='1242407@conference.deified.adm.monash.edu.au' from='wmck@deified.adm.monash.edu.au' type='groupchat' time='1282188474143'><image xmlns='monash:metl'><tag>{&quot;author&quot;:&quot;wmck&quot;,&quot;privacy&quot;:&quot;public&quot;,&quot;id&quot;:&quot;wmck:19/08/2010 1:34:30 PM:1&quot;,&quot;isBackground&quot;:false,&quot;zIndex&quot;:0}</tag><source>/Resource/1242407/background27.jpg</source><width>150</width><height>36</height><x>54</x><y>503.875031</y><author>wmck</author><target>presentationSpace</target><privacy>public</privacy><slide>1242407</slide><identity>wmck:19/08/2010 1:34:30 PM:1</identity></image></message><message xml:lang='en' to='1242407@conference.deified.adm.monash.edu.au' from='wmck@deified.adm.monash.edu.au' type='groupchat' time='1282188474159'><image xmlns='monash:metl'><tag>{&quot;author&quot;:&quot;wmck&quot;,&quot;privacy&quot;:&quot;public&quot;,&quot;id&quot;:&quot;wmck:19/08/2010 1:34:30 PM:2&quot;,&quot;isBackground&quot;:false,&quot;zIndex&quot;:0}</tag><source>/Resource/1242407/background28.jpg</source><width>228</width><height>36</height><x>246</x><y>503.875031</y><author>wmck</author><target>presentationSpace</target><privacy>public</privacy><slide>1242407</slide><identity>wmck:19/08/2010 1:34:30 PM:2</identity></image></message><message xml:lang='en' to='1242407@conference.deified.adm.monash.edu.au' from='wmck@deified.adm.monash.edu.au' type='groupchat' time='1282188474848'><image xmlns='monash:metl'><tag>{&quot;author&quot;:&quot;wmck&quot;,&quot;privacy&quot;:&quot;public&quot;,&quot;id&quot;:&quot;wmck:19/08/2010 1:34:30 PM:3&quot;,&quot;isBackground&quot;:false,&quot;zIndex&quot;:0}</tag><source>/Resource/1242407/background29.jpg</source><width>648</width><height>90</height><x>36</x><y>21.62504</y><author>wmck</author><target>presentationSpace</target><privacy>public</privacy><slide>1242407</slide><identity>wmck:19/08/2010 1:34:30 PM:3</identity></image></message><message xml:lang='en' to='1242407@conference.deified.adm.monash.edu.au' from='wmck@deified.adm.monash.edu.au' type='groupchat' time='1282188474990'><image xmlns='monash:metl'><tag>{&quot;author&quot;:&quot;wmck&quot;,&quot;privacy&quot;:&quot;public&quot;,&quot;id&quot;:&quot;wmck:19/08/2010 1:34:30 PM:4&quot;,&quot;isBackground&quot;:false,&quot;zIndex&quot;:0}</tag><source>/Resource/1242407/background30.jpg</source><width>605.75</width><height>423.125031</height><x>82.12504</x><y>111.25</y><author>wmck</author><target>presentationSpace</target><privacy>public</privacy><slide>1242407</slide><identity>wmck:19/08/2010 1:34:30 PM:4</identity></image></message>