<conversation><title>Why university should be like grade 2 - ATiEC</title><author>micphill</author><created>9/12/2010 9:23:45 AM</created><tag></tag><subject>Unrestricted</subject><jid>1637400</jid><permissions><studentCanPublish>false</studentCanPublish><studentCanOpenFriends>false</studentCanOpenFriends><usersAreCompulsorilySynced>true</usersAreCompulsorilySynced></permissions><slide><author>micphill</author><id>1637401</id><index>0</index><type>SLIDE</type></slide><slide><author>micphill</author><id>1637402</id><index>1</index><type>SLIDE</type></slide><slide><author>micphill</author><id>1637403</id><index>2</index><type>SLIDE</type></slide><slide><author>micphill</author><id>1637404</id><index>3</index><type>SLIDE</type></slide><slide><author>micphill</author><id>1637405</id><index>4</index><type>SLIDE</type></slide><slide><author>micphill</author><id>1637406</id><index>5</index><type>SLIDE</type></slide><slide><author>micphill</author><id>1637407</id><index>6</index><type>SLIDE</type></slide><slide><author>micphill</author><id>1637408</id><index>7</index><type>SLIDE</type></slide><slide><author>micphill</author><id>1637409</id><index>8</index><type>SLIDE</type></slide><slide><author>micphill</author><id>1637410</id><index>9</index><type>SLIDE</type></slide><slide><author>micphill</author><id>1637411</id><index>10</index><type>SLIDE</type></slide><slide><author>micphill</author><id>1637412</id><index>11</index><type>SLIDE</type></slide><slide><author>micphill</author><id>1637413</id><index>12</index><type>SLIDE</type></slide><slide><author>micphill</author><id>1637414</id><index>13</index><type>SLIDE</type></slide><slide><author>micphill</author><id>1637415</id><index>14</index><type>SLIDE</type></slide><slide><author>micphill</author><id>1637416</id><index>15</index><type>SLIDE</type></slide><slide><author>micphill</author><id>1637417</id><index>16</index><type>SLIDE</type></slide><slide><author>micphill</author><id>1637418</id><index>17</index><type>SLIDE</type></slide></conversation>