<conversation><title>Importing Powerpointing</title><author>chagan</author><created>9/06/2010 3:00:59 PM</created><tag>unTagged</tag><subject>Superuser</subject><jid>48800</jid><permissions><studentCanPublish>true</studentCanPublish><studentCanOpenFriends>true</studentCanOpenFriends><usersAreCompulsorilySynced>true</usersAreCompulsorilySynced></permissions><slide><author>chagan</author><id>48801</id><index>0</index><type>SLIDE</type></slide><slide><author>chagan</author><id>48802</id><index>1</index><type>SLIDE</type></slide><slide><author>chagan</author><id>48803</id><index>2</index><type>SLIDE</type></slide><slide><author>chagan</author><id>48804</id><index>3</index><type>SLIDE</type></slide><slide><author>chagan</author><id>48805</id><index>4</index><type>SLIDE</type></slide><slide><author>chagan</author><id>48806</id><index>5</index><type>SLIDE</type></slide><slide><author>chagan</author><id>48807</id><index>6</index><type>SLIDE</type></slide><slide><author>chagan</author><id>48808</id><index>7</index><type>SLIDE</type></slide><slide><author>chagan</author><id>48809</id><index>8</index><type>SLIDE</type></slide><slide><author>chagan</author><id>48810</id><index>9</index><type>SLIDE</type></slide><slide><author>chagan</author><id>48811</id><index>10</index><type>SLIDE</type></slide><slide><author>chagan</author><id>48812</id><index>11</index><type>SLIDE</type></slide><slide><author>chagan</author><id>48813</id><index>12</index><type>SLIDE</type></slide><slide><author>chagan</author><id>48814</id><index>13</index><type>SLIDE</type></slide><slide><author>chagan</author><id>48815</id><index>14</index><type>SLIDE</type></slide><slide><author>chagan</author><id>48816</id><index>15</index><type>SLIDE</type></slide><slide><author>chagan</author><id>48817</id><index>16</index><type>SLIDE</type></slide><slide><author>chagan</author><id>48818</id><index>17</index><type>SLIDE</type></slide><slide><author>chagan</author><id>48819</id><index>18</index><type>SLIDE</type></slide><slide><author>chagan</author><id>48820</id><index>19</index><type>SLIDE</type></slide><slide><author>chagan</author><id>48821</id><index>20</index><type>SLIDE</type></slide><slide><author>chagan</author><id>48822</id><index>21</index><type>SLIDE</type></slide><slide><author>chagan</author><id>48823</id><index>22</index><type>SLIDE</type></slide><slide><author>chagan</author><id>48824</id><index>23</index><type>SLIDE</type></slide><slide><author>chagan</author><id>48825</id><index>24</index><type>SLIDE</type></slide><slide><author>chagan</author><id>48826</id><index>25</index><type>SLIDE</type></slide><slide><author>chagan</author><id>48827</id><index>26</index><type>SLIDE</type></slide><slide><author>chagan</author><id>48828</id><index>27</index><type>SLIDE</type></slide><slide><author>chagan</author><id>48829</id><index>28</index><type>SLIDE</type></slide><slide><author>chagan</author><id>48830</id><index>29</index><type>SLIDE</type></slide><slide><author>chagan</author><id>48831</id><index>30</index><type>SLIDE</type></slide><slide><author>chagan</author><id>48832</id><index>31</index><type>SLIDE</type></slide><slide><author>chagan</author><id>48833</id><index>32</index><type>SLIDE</type></slide><slide><author>chagan</author><id>48834</id><index>33</index><type>SLIDE</type></slide><slide><author>chagan</author><id>48835</id><index>34</index><type>SLIDE</type></slide><slide><author>chagan</author><id>48836</id><index>35</index><type>SLIDE</type></slide><slide><author>chagan</author><id>48837</id><index>36</index><type>SLIDE</type></slide></conversation>