<conversation><title>Metl test 5</title><author>gsanson</author><created>29/01/2010 1:06:48 PM</created><tag></tag><subject>Office of the Deputy Vice-Chancellor (Education)</subject><jid>425400</jid><permissions><studentCanPublish>true</studentCanPublish><studentCanOpenFriends>true</studentCanOpenFriends><usersAreCompulsorilySynced>false</usersAreCompulsorilySynced></permissions><slide><author>gsanson</author><id>425401</id><index>0</index><type>SLIDE</type></slide><slide><author>gsanson</author><id>425406</id><index>5</index><type>SLIDE</type></slide><slide><author>gsanson</author><id>425402</id><index>1</index><type>SLIDE</type></slide><slide><author>gsanson</author><id>425403</id><index>2</index><type>SLIDE</type></slide><slide><author>gsanson</author><id>425405</id><index>4</index><type>SLIDE</type></slide><slide><author>gsanson</author><id>425404</id><index>3</index><type>SLIDE</type></slide></conversation>