<conversation><title>pptbugtrack3</title><author>hagand</author><created>6/07/2010 1:30:32 PM</created><tag>unTagged</tag><subject>Unrestricted</subject><jid>63600</jid><permissions><studentCanPublish>false</studentCanPublish><studentCanOpenFriends>false</studentCanOpenFriends><usersAreCompulsorilySynced>true</usersAreCompulsorilySynced></permissions><slide><author>hagand</author><id>63601</id><index>0</index><exposed>False</exposed><type>SLIDE</type></slide><slide><author>hagand</author><id>63602</id><index>1</index><exposed>False</exposed><type>SLIDE</type></slide><slide><author>hagand</author><id>63603</id><index>2</index><exposed>False</exposed><type>SLIDE</type></slide><slide><author>hagand</author><id>63604</id><index>3</index><exposed>False</exposed><type>SLIDE</type></slide><slide><author>hagand</author><id>63605</id><index>4</index><exposed>False</exposed><type>SLIDE</type></slide><slide><author>hagand</author><id>63606</id><index>5</index><exposed>False</exposed><type>SLIDE</type></slide><slide><author>hagand</author><id>63607</id><index>6</index><exposed>False</exposed><type>SLIDE</type></slide><slide><author>hagand</author><id>63608</id><index>7</index><exposed>False</exposed><type>SLIDE</type></slide><slide><author>hagand</author><id>63609</id><index>8</index><exposed>False</exposed><type>SLIDE</type></slide><slide><author>hagand</author><id>63610</id><index>9</index><exposed>False</exposed><type>SLIDE</type></slide><slide><author>hagand</author><id>63611</id><index>10</index><exposed>False</exposed><type>SLIDE</type></slide><slide><author>hagand</author><id>63612</id><index>11</index><exposed>False</exposed><type>SLIDE</type></slide><slide><author>hagand</author><id>63613</id><index>12</index><exposed>False</exposed><type>SLIDE</type></slide><slide><author>hagand</author><id>63614</id><index>13</index><exposed>False</exposed><type>SLIDE</type></slide><slide><author>hagand</author><id>63615</id><index>14</index><exposed>False</exposed><type>SLIDE</type></slide><slide><author>hagand</author><id>63616</id><index>15</index><exposed>False</exposed><type>SLIDE</type></slide><slide><author>hagand</author><id>63617</id><index>16</index><exposed>False</exposed><type>SLIDE</type></slide><slide><author>hagand</author><id>63618</id><index>17</index><exposed>False</exposed><type>SLIDE</type></slide><slide><author>hagand</author><id>63619</id><index>18</index><exposed>False</exposed><type>SLIDE</type></slide><slide><author>hagand</author><id>63620</id><index>19</index><exposed>False</exposed><type>SLIDE</type></slide><slide><author>hagand</author><id>63621</id><index>20</index><exposed>False</exposed><type>SLIDE</type></slide><slide><author>hagand</author><id>63622</id><index>21</index><exposed>False</exposed><type>SLIDE</type></slide><slide><author>hagand</author><id>63623</id><index>22</index><exposed>False</exposed><type>SLIDE</type></slide><slide><author>hagand</author><id>63624</id><index>23</index><exposed>False</exposed><type>SLIDE</type></slide><slide><author>hagand</author><id>63625</id><index>24</index><exposed>False</exposed><type>SLIDE</type></slide><slide><author>hagand</author><id>63626</id><index>25</index><exposed>False</exposed><type>SLIDE</type></slide><slide><author>hagand</author><id>63627</id><index>26</index><exposed>False</exposed><type>SLIDE</type></slide><slide><author>hagand</author><id>63628</id><index>27</index><exposed>False</exposed><type>SLIDE</type></slide><slide><author>hagand</author><id>63629</id><index>28</index><exposed>False</exposed><type>SLIDE</type></slide><slide><author>hagand</author><id>63630</id><index>29</index><exposed>False</exposed><type>SLIDE</type></slide><slide><author>hagand</author><id>63631</id><index>30</index><exposed>False</exposed><type>SLIDE</type></slide><slide><author>hagand</author><id>63632</id><index>31</index><exposed>False</exposed><type>SLIDE</type></slide><slide><author>hagand</author><id>63633</id><index>32</index><exposed>False</exposed><type>SLIDE</type></slide><slide><author>hagand</author><id>63634</id><index>33</index><exposed>False</exposed><type>SLIDE</type></slide><slide><author>hagand</author><id>63635</id><index>34</index><exposed>False</exposed><type>SLIDE</type></slide><slide><author>hagand</author><id>63636</id><index>35</index><exposed>False</exposed><type>SLIDE</type></slide><slide><author>hagand</author><id>63637</id><index>36</index><exposed>False</exposed><type>SLIDE</type></slide><slide><author>hagand</author><id>63638</id><index>37</index><exposed>False</exposed><type>SLIDE</type></slide><slide><author>hagand</author><id>63639</id><index>38</index><exposed>False</exposed><type>SLIDE</type></slide><slide><author>hagand</author><id>63640</id><index>39</index><exposed>False</exposed><type>SLIDE</type></slide><slide><author>hagand</author><id>63641</id><index>40</index><exposed>False</exposed><type>SLIDE</type></slide><slide><author>hagand</author><id>63642</id><index>41</index><exposed>False</exposed><type>SLIDE</type></slide><slide><author>hagand</author><id>63643</id><index>42</index><exposed>False</exposed><type>SLIDE</type></slide><slide><author>hagand</author><id>63644</id><index>43</index><exposed>False</exposed><type>SLIDE</type></slide><slide><author>hagand</author><id>63645</id><index>44</index><exposed>False</exposed><type>SLIDE</type></slide><slide><author>hagand</author><id>63646</id><index>45</index><exposed>False</exposed><type>SLIDE</type></slide><slide><author>hagand</author><id>63647</id><index>46</index><exposed>False</exposed><type>SLIDE</type></slide><slide><author>hagand</author><id>63648</id><index>47</index><exposed>False</exposed><type>SLIDE</type></slide><slide><author>hagand</author><id>63649</id><index>48</index><exposed>False</exposed><type>SLIDE</type></slide><slide><author>hagand</author><id>63650</id><index>49</index><exposed>False</exposed><type>SLIDE</type></slide><slide><author>hagand</author><id>63651</id><index>50</index><exposed>False</exposed><type>SLIDE</type></slide><slide><author>hagand</author><id>63652</id><index>51</index><exposed>False</exposed><type>SLIDE</type></slide><slide><author>hagand</author><id>63653</id><index>52</index><exposed>False</exposed><type>SLIDE</type></slide><slide><author>hagand</author><id>63654</id><index>53</index><exposed>False</exposed><type>SLIDE</type></slide><slide><author>hagand</author><id>63655</id><index>54</index><exposed>False</exposed><type>SLIDE</type></slide><slide><author>hagand</author><id>63656</id><index>55</index><exposed>False</exposed><type>SLIDE</type></slide><slide><author>hagand</author><id>63657</id><index>56</index><exposed>False</exposed><type>SLIDE</type></slide><slide><author>hagand</author><id>63658</id><index>57</index><exposed>False</exposed><type>SLIDE</type></slide><slide><author>hagand</author><id>63659</id><index>58</index><exposed>False</exposed><type>SLIDE</type></slide><slide><author>hagand</author><id>63660</id><index>59</index><exposed>False</exposed><type>SLIDE</type></slide><slide><author>hagand</author><id>63661</id><index>60</index><exposed>False</exposed><type>SLIDE</type></slide><slide><author>hagand</author><id>63662</id><index>61</index><exposed>False</exposed><type>SLIDE</type></slide><slide><author>hagand</author><id>63663</id><index>62</index><exposed>False</exposed><type>SLIDE</type></slide><slide><author>hagand</author><id>63664</id><index>63</index><exposed>False</exposed><type>SLIDE</type></slide><slide><author>hagand</author><id>63665</id><index>64</index><exposed>False</exposed><type>SLIDE</type></slide><slide><author>hagand</author><id>63666</id><index>65</index><exposed>False</exposed><type>SLIDE</type></slide><slide><author>hagand</author><id>63667</id><index>66</index><exposed>False</exposed><type>SLIDE</type></slide><slide><author>hagand</author><id>63668</id><index>67</index><exposed>False</exposed><type>SLIDE</type></slide><slide><author>hagand</author><id>63669</id><index>68</index><exposed>False</exposed><type>SLIDE</type></slide><slide><author>hagand</author><id>63670</id><index>69</index><exposed>False</exposed><type>SLIDE</type></slide><slide><author>hagand</author><id>63671</id><index>70</index><exposed>False</exposed><type>SLIDE</type></slide><slide><author>hagand</author><id>63672</id><index>71</index><exposed>False</exposed><type>SLIDE</type></slide><slide><author>hagand</author><id>63673</id><index>72</index><exposed>False</exposed><type>SLIDE</type></slide><slide><author>hagand</author><id>63674</id><index>73</index><exposed>False</exposed><type>SLIDE</type></slide><slide><author>hagand</author><id>63675</id><index>74</index><exposed>False</exposed><type>SLIDE</type></slide><slide><author>hagand</author><id>63676</id><index>75</index><exposed>False</exposed><type>SLIDE</type></slide><slide><author>hagand</author><id>63677</id><index>76</index><exposed>False</exposed><type>SLIDE</type></slide><slide><author>hagand</author><id>63678</id><index>77</index><exposed>False</exposed><type>SLIDE</type></slide><slide><author>hagand</author><id>63679</id><index>78</index><exposed>False</exposed><type>SLIDE</type></slide><slide><author>hagand</author><id>63680</id><index>79</index><exposed>False</exposed><type>SLIDE</type></slide><slide><author>hagand</author><id>63681</id><index>80</index><exposed>False</exposed><type>SLIDE</type></slide><slide><author>hagand</author><id>63682</id><index>81</index><exposed>False</exposed><type>SLIDE</type></slide></conversation>