<conversation><title>Chris blank conversation</title><author>chagan</author><created>11/06/2010 2:42:22 PM</created><tag>unTagged</tag><subject>Superuser</subject><jid>49800</jid><permissions><studentCanPublish>false</studentCanPublish><studentCanOpenFriends>false</studentCanOpenFriends><usersAreCompulsorilySynced>true</usersAreCompulsorilySynced></permissions><slide><author>chagan</author><id>49801</id><index>0</index><exposed>False</exposed><type>SLIDE</type></slide><slide><author>chagan</author><id>49802</id><index>1</index><exposed>False</exposed><type>SLIDE</type></slide><slide><author>chagan</author><id>49803</id><index>2</index><exposed>False</exposed><type>SLIDE</type></slide><slide><author>chagan</author><id>49804</id><index>3</index><exposed>False</exposed><type>SLIDE</type></slide><slide><author>chagan</author><id>49805</id><index>4</index><exposed>False</exposed><type>SLIDE</type></slide><slide><author>chagan</author><id>49806</id><index>5</index><exposed>False</exposed><type>SLIDE</type></slide><slide><author>chagan</author><id>49807</id><index>6</index><exposed>False</exposed><type>SLIDE</type></slide><slide><author>chagan</author><id>49808</id><index>7</index><exposed>False</exposed><type>SLIDE</type></slide><slide><author>chagan</author><id>49809</id><index>8</index><exposed>False</exposed><type>SLIDE</type></slide><slide><author>chagan</author><id>49810</id><index>9</index><exposed>False</exposed><type>SLIDE</type></slide><slide><author>chagan</author><id>49811</id><index>10</index><exposed>False</exposed><type>SLIDE</type></slide><slide><author>chagan</author><id>49812</id><index>11</index><exposed>False</exposed><type>SLIDE</type></slide><slide><author>chagan</author><id>49813</id><index>12</index><exposed>False</exposed><type>SLIDE</type></slide><slide><author>chagan</author><id>49814</id><index>13</index><exposed>False</exposed><type>SLIDE</type></slide><slide><author>chagan</author><id>49815</id><index>14</index><exposed>False</exposed><type>SLIDE</type></slide><slide><author>chagan</author><id>49816</id><index>15</index><exposed>False</exposed><type>SLIDE</type></slide><slide><author>chagan</author><id>49817</id><index>16</index><exposed>False</exposed><type>SLIDE</type></slide><slide><author>chagan</author><id>49818</id><index>17</index><exposed>False</exposed><type>SLIDE</type></slide><slide><author>chagan</author><id>49819</id><index>18</index><exposed>False</exposed><type>SLIDE</type></slide><slide><author>chagan</author><id>49820</id><index>19</index><exposed>False</exposed><type>SLIDE</type></slide><slide><author>chagan</author><id>49821</id><index>20</index><exposed>False</exposed><type>SLIDE</type></slide><slide><author>chagan</author><id>49822</id><index>21</index><exposed>False</exposed><type>SLIDE</type></slide><slide><author>chagan</author><id>49823</id><index>22</index><exposed>False</exposed><type>SLIDE</type></slide><slide><author>chagan</author><id>49824</id><index>23</index><exposed>False</exposed><type>SLIDE</type></slide><slide><author>chagan</author><id>49825</id><index>24</index><exposed>False</exposed><type>SLIDE</type></slide><slide><author>chagan</author><id>49826</id><index>25</index><exposed>False</exposed><type>SLIDE</type></slide><slide><author>chagan</author><id>49827</id><index>26</index><exposed>False</exposed><type>SLIDE</type></slide><slide><author>chagan</author><id>49828</id><index>27</index><exposed>False</exposed><type>SLIDE</type></slide><slide><author>chagan</author><id>49829</id><index>28</index><exposed>False</exposed><type>SLIDE</type></slide><slide><author>chagan</author><id>49830</id><index>29</index><exposed>False</exposed><type>SLIDE</type></slide><slide><author>chagan</author><id>49831</id><index>30</index><exposed>False</exposed><type>SLIDE</type></slide><slide><author>chagan</author><id>49832</id><index>31</index><exposed>False</exposed><type>SLIDE</type></slide><slide><author>chagan</author><id>49833</id><index>32</index><exposed>False</exposed><type>SLIDE</type></slide><slide><author>chagan</author><id>49834</id><index>33</index><exposed>False</exposed><type>SLIDE</type></slide><slide><author>chagan</author><id>49835</id><index>34</index><exposed>False</exposed><type>SLIDE</type></slide><slide><author>chagan</author><id>49836</id><index>35</index><exposed>False</exposed><type>SLIDE</type></slide><slide><author>chagan</author><id>49837</id><index>36</index><exposed>False</exposed><type>SLIDE</type></slide></conversation>