<conversation><title>ppt2k7HDpostStu</title><author>hagand</author><created>8/06/2010 4:53:40 PM</created><tag>unTagged</tag><subject>Unrestricted</subject><jid>44800</jid><permissions><studentCanPublish>false</studentCanPublish><studentCanOpenFriends>false</studentCanOpenFriends><usersAreCompulsorilySynced>true</usersAreCompulsorilySynced></permissions><slide><author>hagand</author><id>44801</id><index>0</index><type>SLIDE</type></slide><slide><author>hagand</author><id>44802</id><index>1</index><type>SLIDE</type></slide><slide><author>hagand</author><id>44803</id><index>2</index><type>SLIDE</type></slide><slide><author>hagand</author><id>44804</id><index>3</index><type>SLIDE</type></slide></conversation>