<conversation><title>AutomatedConversationEdited</title><author>dhag22</author><created>25/06/2010 1:55:44 PM</created><tag>unTagged</tag><subject>Unrestricted</subject><jid>60000</jid><permissions><studentCanPublish>false</studentCanPublish><studentCanOpenFriends>false</studentCanOpenFriends><usersAreCompulsorilySynced>true</usersAreCompulsorilySynced></permissions><slide><author>dhag22</author><id>60001</id><index>0</index><exposed>False</exposed><type>SLIDE</type></slide><slide><author>dhag22</author><id>60006</id><index>1</index><exposed>False</exposed><type>SLIDE</type></slide><slide><author>dhag22</author><id>60002</id><index>2</index><exposed>False</exposed><type>SLIDE</type></slide><slide><author>dhag22</author><id>60003</id><index>3</index><exposed>False</exposed><type>SLIDE</type></slide><slide><author>dhag22</author><id>60004</id><index>4</index><exposed>False</exposed><type>SLIDE</type></slide><slide><author>dhag22</author><id>60005</id><index>5</index><exposed>False</exposed><type>SLIDE</type></slide></conversation>