<conversation><title>kdsjckdd,jnc,,dcd</title><author>micphill</author><created>29/11/2010 12:25:05 PM</created><tag></tag><subject>Unrestricted</subject><jid>1628400</jid><permissions><studentCanPublish>true</studentCanPublish><studentCanOpenFriends>true</studentCanOpenFriends><usersAreCompulsorilySynced>false</usersAreCompulsorilySynced></permissions><slide><author>micphill</author><id>1628401</id><index>0</index><type>SLIDE</type></slide><slide><author>micphill</author><id>1628402</id><index>1</index><type>SLIDE</type></slide><slide><author>micphill</author><id>1628403</id><index>2</index><type>SLIDE</type></slide><slide><author>micphill</author><id>1628406</id><index>3</index><type>SLIDE</type></slide><slide><author>micphill</author><id>1628404</id><index>4</index><type>SLIDE</type></slide><slide><author>micphill</author><id>1628405</id><index>5</index><type>SLIDE</type></slide></conversation>