<conversation><title>halflingWarlord</title><author>chagan</author><created>20/02/2010 10:35:24 AM</created><tag></tag><subject>Unrestricted</subject><jid>607400</jid><permissions><studentCanPublish>true</studentCanPublish><studentCanOpenFriends>true</studentCanOpenFriends><usersAreCompulsorilySynced>false</usersAreCompulsorilySynced></permissions><slide><author>chagan</author><id>607401</id><index>0</index><type>SLIDE</type></slide><slide><author>chagan</author><id>607402</id><index>1</index><type>SLIDE</type></slide><slide><author>chagan</author><id>607403</id><index>2</index><type>SLIDE</type></slide></conversation>