<conversation><title>australian take2</title><author>helenpa</author><created>16/06/2010 12:02:04 PM</created><tag></tag><subject>Unrestricted</subject><jid>1015400</jid><permissions><studentCanPublish>false</studentCanPublish><studentCanOpenFriends>false</studentCanOpenFriends><usersAreCompulsorilySynced>true</usersAreCompulsorilySynced></permissions><slide><author>helenpa</author><id>1015401</id><index>0</index><type>SLIDE</type></slide><slide><author>helenpa</author><id>1015404</id><index>1</index><type>SLIDE</type></slide><slide><author>helenpa</author><id>1015405</id><index>2</index><type>SLIDE</type></slide><slide><author>helenpa</author><id>1015402</id><index>3</index><type>SLIDE</type></slide><slide><author>helenpa</author><id>1015403</id><index>4</index><type>SLIDE</type></slide></conversation>