<conversation><title>gche trial</title><author>wmck</author><created>24/04/2010 9:57:58 PM</created><tag></tag><subject>wmck</subject><jid>928400</jid><permissions><studentCanPublish>false</studentCanPublish><studentCanOpenFriends>false</studentCanOpenFriends><usersAreCompulsorilySynced>true</usersAreCompulsorilySynced></permissions><slide><author>wmck</author><id>928401</id><index>0</index><type>SLIDE</type></slide><slide><author>wmck</author><id>928402</id><index>1</index><type>SLIDE</type></slide><slide><author>wmck</author><id>928403</id><index>2</index><type>SLIDE</type></slide><slide><author>wmck</author><id>928404</id><index>3</index><type>SLIDE</type></slide><slide><author>wmck</author><id>928405</id><index>4</index><type>SLIDE</type></slide><slide><author>wmck</author><id>928406</id><index>5</index><type>SLIDE</type></slide><slide><author>wmck</author><id>928407</id><index>6</index><type>SLIDE</type></slide><slide><author>wmck</author><id>928408</id><index>7</index><type>SLIDE</type></slide><slide><author>wmck</author><id>928409</id><index>8</index><type>SLIDE</type></slide><slide><author>wmck</author><id>928410</id><index>9</index><type>SLIDE</type></slide><slide><author>wmck</author><id>928411</id><index>10</index><type>SLIDE</type></slide><slide><author>wmck</author><id>928412</id><index>11</index><type>SLIDE</type></slide><slide><author>wmck</author><id>928413</id><index>12</index><type>SLIDE</type></slide><slide><author>wmck</author><id>928414</id><index>13</index><type>SLIDE</type></slide><slide><author>wmck</author><id>928415</id><index>14</index><type>SLIDE</type></slide></conversation>