<conversation><title>size3</title><author>bhughes</author><created>29/07/2010 12:36:05 PM</created><tag>unTagged</tag><subject>Unrestricted</subject><jid>85000</jid><permissions><studentCanPublish>false</studentCanPublish><studentCanOpenFriends>false</studentCanOpenFriends><usersAreCompulsorilySynced>true</usersAreCompulsorilySynced></permissions><slide><author>bhughes</author><id>85001</id><index>0</index><defaultHeight>0</defaultHeight><defaultWidth>0</defaultWidth><exposed>False</exposed><type>SLIDE</type></slide></conversation>