<conversation><title>pptbugtrack4</title><author>hagand</author><created>6/07/2010 1:34:23 PM</created><tag>unTagged</tag><subject>Unrestricted</subject><jid>63800</jid><permissions><studentCanPublish>false</studentCanPublish><studentCanOpenFriends>false</studentCanOpenFriends><usersAreCompulsorilySynced>true</usersAreCompulsorilySynced></permissions><slide><author>hagand</author><id>63801</id><index>0</index><exposed>False</exposed><type>SLIDE</type></slide><slide><author>hagand</author><id>63802</id><index>1</index><exposed>False</exposed><type>SLIDE</type></slide><slide><author>hagand</author><id>63803</id><index>2</index><exposed>False</exposed><type>SLIDE</type></slide><slide><author>hagand</author><id>63804</id><index>3</index><exposed>False</exposed><type>SLIDE</type></slide><slide><author>hagand</author><id>63805</id><index>4</index><exposed>False</exposed><type>SLIDE</type></slide><slide><author>hagand</author><id>63806</id><index>5</index><exposed>False</exposed><type>SLIDE</type></slide><slide><author>hagand</author><id>63807</id><index>6</index><exposed>False</exposed><type>SLIDE</type></slide></conversation>