<conversation><title>EXPLOSIONS</title><author>bhughes</author><created>20/08/2010 1:25:37 PM</created><tag>unTagged</tag><subject>bhughes</subject><jid>96800</jid><permissions><studentCanPublish>false</studentCanPublish><studentCanOpenFriends>false</studentCanOpenFriends><usersAreCompulsorilySynced>true</usersAreCompulsorilySynced></permissions><slide><author>bhughes</author><id>96801</id><index>0</index><defaultHeight>0</defaultHeight><defaultWidth>0</defaultWidth><exposed>False</exposed><type>SLIDE</type></slide></conversation>