<conversation><title>(Presentation1) chagan at 27/10/2010 5:31:02 PM</title><author>chagan</author><created>27/10/2010 5:31:02 PM</created><lastAccessed>27/10/2010 5:31:02 PM</lastAccessed><tag>unTagged</tag><subject>Unrestricted</subject><jid>136400</jid><permissions><studentCanPublish>false</studentCanPublish><studentCanOpenFriends>false</studentCanOpenFriends><usersAreCompulsorilySynced>true</usersAreCompulsorilySynced></permissions><slide><author>chagan</author><id>136401</id><index>0</index><defaultHeight>540</defaultHeight><defaultWidth>720</defaultWidth><exposed>False</exposed><type>SLIDE</type></slide></conversation>