<conversation><title>hsc1061-lecture1-evidence</title><author>dragan</author><created>1/03/2010 8:52:46 AM</created><tag></tag><subject>Unrestricted</subject><jid>635400</jid><permissions><studentCanPublish>false</studentCanPublish><studentCanOpenFriends>false</studentCanOpenFriends><usersAreCompulsorilySynced>true</usersAreCompulsorilySynced></permissions><slide><author>dragan</author><id>635401</id><index>0</index><type>SLIDE</type></slide><slide><author>dragan</author><id>635402</id><index>1</index><type>SLIDE</type></slide><slide><author>dragan</author><id>635403</id><index>2</index><type>SLIDE</type></slide><slide><author>dragan</author><id>635404</id><index>3</index><type>SLIDE</type></slide><slide><author>dragan</author><id>635405</id><index>4</index><type>SLIDE</type></slide><slide><author>dragan</author><id>635406</id><index>5</index><type>SLIDE</type></slide><slide><author>dragan</author><id>635407</id><index>6</index><type>SLIDE</type></slide><slide><author>dragan</author><id>635408</id><index>7</index><type>SLIDE</type></slide><slide><author>dragan</author><id>635409</id><index>8</index><type>SLIDE</type></slide><slide><author>dragan</author><id>635410</id><index>9</index><type>SLIDE</type></slide><slide><author>dragan</author><id>635411</id><index>10</index><type>SLIDE</type></slide><slide><author>dragan</author><id>635412</id><index>11</index><type>SLIDE</type></slide><slide><author>dragan</author><id>635413</id><index>12</index><type>SLIDE</type></slide><slide><author>dragan</author><id>635414</id><index>13</index><type>SLIDE</type></slide><slide><author>dragan</author><id>635415</id><index>14</index><type>SLIDE</type></slide><slide><author>dragan</author><id>635416</id><index>15</index><type>SLIDE</type></slide><slide><author>dragan</author><id>635417</id><index>16</index><type>SLIDE</type></slide><slide><author>dragan</author><id>635418</id><index>17</index><type>SLIDE</type></slide><slide><author>dragan</author><id>635419</id><index>18</index><type>SLIDE</type></slide><slide><author>dragan</author><id>635420</id><index>19</index><type>SLIDE</type></slide><slide><author>dragan</author><id>635421</id><index>20</index><type>SLIDE</type></slide><slide><author>dragan</author><id>635422</id><index>21</index><type>SLIDE</type></slide><slide><author>dragan</author><id>635423</id><index>22</index><type>SLIDE</type></slide><slide><author>dragan</author><id>635424</id><index>23</index><type>SLIDE</type></slide><slide><author>dragan</author><id>635425</id><index>24</index><type>SLIDE</type></slide><slide><author>dragan</author><id>635426</id><index>25</index><type>SLIDE</type></slide><slide><author>dragan</author><id>635427</id><index>26</index><type>SLIDE</type></slide><slide><author>dragan</author><id>635428</id><index>27</index><type>SLIDE</type></slide><slide><author>dragan</author><id>635429</id><index>28</index><type>SLIDE</type></slide></conversation>