<conversation><title>2015</title><author>dhag12</author><created>18/06/2010 8:52:32 AM</created><tag></tag><subject>Unrestricted</subject><jid>1016400</jid><permissions><studentCanPublish>true</studentCanPublish><studentCanOpenFriends>true</studentCanOpenFriends><usersAreCompulsorilySynced>false</usersAreCompulsorilySynced></permissions><slide><author>dhag12</author><id>1016401</id><index>0</index><type>SLIDE</type></slide><slide><author>dhag12</author><id>1016402</id><index>1</index><type>SLIDE</type></slide><slide><author>dhag12</author><id>1016403</id><index>2</index><type>SLIDE</type></slide></conversation>