<conversation><title>This should appear for ben</title><author>sajames</author><created>22/10/2010 2:31:28 PM</created><lastAccessed>22/10/2010 2:31:18 PM</lastAccessed><tag>unTagged</tag><subject>Unrestricted</subject><jid>111000</jid><permissions><studentCanPublish>false</studentCanPublish><studentCanOpenFriends>false</studentCanOpenFriends><usersAreCompulsorilySynced>true</usersAreCompulsorilySynced></permissions><slide><author>sajames</author><id>111001</id><index>0</index><defaultHeight>540</defaultHeight><defaultWidth>720</defaultWidth><exposed>False</exposed><type>SLIDE</type></slide></conversation>