<conversation><title>death no. nine</title><author>bhughes</author><created>13/08/2010 12:32:33 PM</created><tag>unTagged</tag><subject>bhughes</subject><jid>1207400</jid><permissions><studentCanPublish>false</studentCanPublish><studentCanOpenFriends>false</studentCanOpenFriends><usersAreCompulsorilySynced>true</usersAreCompulsorilySynced></permissions><slide><author>bhughes</author><id>1207401</id><index>0</index><defaultHeight>540</defaultHeight><defaultWidth>720</defaultWidth><exposed>False</exposed><type>SLIDE</type></slide></conversation>