<conversation><title>thought bubble 2 thought harder</title><author>sajames</author><created>20/05/2010 3:20:56 PM</created><tag>unTagged</tag><subject>sajames</subject><jid>35000</jid><permissions><studentCanPublish>true</studentCanPublish><studentCanOpenFriends>true</studentCanOpenFriends><usersAreCompulsorilySynced>true</usersAreCompulsorilySynced></permissions><slide><author>sajames</author><id>35001</id><index>0</index><type>SLIDE</type></slide><slide><author>sajames</author><id>35008</id><index>1</index><type>THOUGHT</type></slide><slide><author>sajames</author><id>35007</id><index>2</index><type>THOUGHT</type></slide><slide><author>sajames</author><id>35006</id><index>3</index><type>THOUGHT</type></slide><slide><author>sajames</author><id>35005</id><index>4</index><type>THOUGHT</type></slide><slide><author>sajames</author><id>35004</id><index>5</index><type>THOUGHT</type></slide><slide><author>sajames</author><id>35002</id><index>6</index><type>SLIDE</type></slide><slide><author>sajames</author><id>35009</id><index>7</index><type>THOUGHT</type></slide><slide><author>sajames</author><id>35003</id><index>8</index><type>SLIDE</type></slide></conversation>