<conversation><title>Test Bernie Clayton training 8-6</title><author>gibsonb</author><created>8/06/2010 11:31:55 AM</created><tag></tag><subject>gibsonb</subject><jid>1005400</jid><permissions><studentCanPublish>false</studentCanPublish><studentCanOpenFriends>false</studentCanOpenFriends><usersAreCompulsorilySynced>true</usersAreCompulsorilySynced></permissions><slide><author>gibsonb</author><id>1005401</id><index>0</index><type>SLIDE</type></slide><slide><author>gibsonb</author><id>1005402</id><index>1</index><type>SLIDE</type></slide><slide><author>gibsonb</author><id>1005403</id><index>2</index><type>SLIDE</type></slide><slide><author>gibsonb</author><id>1005404</id><index>3</index><type>SLIDE</type></slide><slide><author>gibsonb</author><id>1005405</id><index>4</index><type>SLIDE</type></slide><slide><author>gibsonb</author><id>1005406</id><index>5</index><type>SLIDE</type></slide><slide><author>gibsonb</author><id>1005407</id><index>6</index><type>SLIDE</type></slide><slide><author>gibsonb</author><id>1005408</id><index>7</index><type>SLIDE</type></slide><slide><author>gibsonb</author><id>1005409</id><index>8</index><type>SLIDE</type></slide><slide><author>gibsonb</author><id>1005410</id><index>9</index><type>SLIDE</type></slide><slide><author>gibsonb</author><id>1005411</id><index>10</index><type>SLIDE</type></slide><slide><author>gibsonb</author><id>1005412</id><index>11</index><type>SLIDE</type></slide><slide><author>gibsonb</author><id>1005413</id><index>12</index><type>SLIDE</type></slide><slide><author>gibsonb</author><id>1005414</id><index>13</index><type>SLIDE</type></slide><slide><author>gibsonb</author><id>1005415</id><index>14</index><type>SLIDE</type></slide></conversation>