<conversation><title>How to design a chat in javascript</title><author>chagan</author><created>24/02/2010 12:52:18 PM</created><tag></tag><subject>Office of the Deputy Vice-Chancellor (Education)</subject><jid>618400</jid><permissions><studentCanPublish>false</studentCanPublish><studentCanOpenFriends>false</studentCanOpenFriends><usersAreCompulsorilySynced>true</usersAreCompulsorilySynced></permissions><slide><author>chagan</author><id>618401</id><index>0</index><type>SLIDE</type></slide><slide><author>chagan</author><id>618402</id><index>1</index><type>SLIDE</type></slide><slide><author>chagan</author><id>618405</id><index>4</index><type>SLIDE</type></slide><slide><author>chagan</author><id>618403</id><index>2</index><type>SLIDE</type></slide><slide><author>chagan</author><id>618404</id><index>3</index><type>SLIDE</type></slide></conversation>