<conversation><title>Demonstration of rubbish</title><author>hagand</author><created>25/02/2010 1:52:14 PM</created><tag>d</tag><subject>hagand</subject><jid>631400</jid><permissions><studentCanPublish>true</studentCanPublish><studentCanOpenFriends>true</studentCanOpenFriends><usersAreCompulsorilySynced>false</usersAreCompulsorilySynced></permissions><slide><author>hagand</author><id>631401</id><index>0</index><type>SLIDE</type></slide><slide><author>hagand</author><id>631404</id><index>3</index><type>SLIDE</type></slide><slide><author>hagand</author><id>631403</id><index>2</index><type>SLIDE</type></slide><slide><author>hagand</author><id>631402</id><index>1</index><type>SLIDE</type></slide></conversation>