<conversation><title>rr-test2</title><author>richardr</author><created>17/08/2010 2:19:48 PM</created><tag></tag><subject>Unrestricted</subject><jid>1217400</jid><permissions><studentCanPublish>false</studentCanPublish><studentCanOpenFriends>false</studentCanOpenFriends><usersAreCompulsorilySynced>true</usersAreCompulsorilySynced></permissions><slide><author>richardr</author><id>1217401</id><index>0</index><type>SLIDE</type></slide><slide><author>richardr</author><id>1217402</id><index>1</index><type>SLIDE</type></slide></conversation>