<conversation><title>testNew</title><author>chagan</author><created>20/05/2010 4:02:17 PM</created><tag>unTagged</tag><subject>chagan</subject><jid>35800</jid><permissions><studentCanPublish>true</studentCanPublish><studentCanOpenFriends>true</studentCanOpenFriends><usersAreCompulsorilySynced>true</usersAreCompulsorilySynced></permissions><slide><author>chagan</author><id>35801</id><index>0</index><type>SLIDE</type></slide><slide><author>chagan</author><id>35804</id><index>1</index><type>SLIDE</type></slide><slide><author>chagan</author><id>35806</id><index>2</index><type>THOUGHT</type></slide><slide><author>chagan</author><id>35805</id><index>3</index><type>THOUGHT</type></slide><slide><author>chagan</author><id>35802</id><index>4</index><type>SLIDE</type></slide><slide><author>chagan</author><id>35803</id><index>5</index><type>THOUGHT</type></slide></conversation>