<conversation><title>Charles's first steps PPT lecture</title><author>charlesl</author><created>1/02/2010 10:19:57 AM</created><tag></tag><subject>Unrestricted</subject><jid>435400</jid><permissions><studentCanPublish>false</studentCanPublish><studentCanOpenFriends>false</studentCanOpenFriends><usersAreCompulsorilySynced>true</usersAreCompulsorilySynced></permissions><slide><author>charlesl</author><id>435401</id><index>0</index><type>SLIDE</type></slide><slide><author>charlesl</author><id>435402</id><index>1</index><type>SLIDE</type></slide><slide><author>charlesl</author><id>435403</id><index>2</index><type>SLIDE</type></slide><slide><author>charlesl</author><id>435404</id><index>3</index><type>SLIDE</type></slide></conversation>