<conversation><title>Week 8 lecture</title><author>eastwood</author><created>26/04/2010 3:46:41 PM</created><tag></tag><subject>BEH2021</subject><jid>930400</jid><permissions><studentCanPublish>false</studentCanPublish><studentCanOpenFriends>false</studentCanOpenFriends><usersAreCompulsorilySynced>true</usersAreCompulsorilySynced></permissions><slide><author>eastwood</author><id>930401</id><index>0</index><type>SLIDE</type></slide><slide><author>eastwood</author><id>930402</id><index>1</index><type>SLIDE</type></slide><slide><author>eastwood</author><id>930403</id><index>2</index><type>SLIDE</type></slide><slide><author>eastwood</author><id>930404</id><index>3</index><type>SLIDE</type></slide><slide><author>eastwood</author><id>930405</id><index>4</index><type>SLIDE</type></slide><slide><author>eastwood</author><id>930406</id><index>5</index><type>SLIDE</type></slide><slide><author>eastwood</author><id>930407</id><index>6</index><type>SLIDE</type></slide><slide><author>eastwood</author><id>930408</id><index>7</index><type>SLIDE</type></slide><slide><author>eastwood</author><id>930409</id><index>8</index><type>SLIDE</type></slide><slide><author>eastwood</author><id>930410</id><index>9</index><type>SLIDE</type></slide><slide><author>eastwood</author><id>930411</id><index>10</index><type>SLIDE</type></slide><slide><author>eastwood</author><id>930412</id><index>11</index><type>SLIDE</type></slide><slide><author>eastwood</author><id>930413</id><index>12</index><type>SLIDE</type></slide><slide><author>eastwood</author><id>930414</id><index>13</index><type>SLIDE</type></slide><slide><author>eastwood</author><id>930415</id><index>14</index><type>SLIDE</type></slide><slide><author>eastwood</author><id>930416</id><index>15</index><type>SLIDE</type></slide><slide><author>eastwood</author><id>930417</id><index>16</index><type>SLIDE</type></slide><slide><author>eastwood</author><id>930418</id><index>17</index><type>SLIDE</type></slide><slide><author>eastwood</author><id>930419</id><index>18</index><type>SLIDE</type></slide><slide><author>eastwood</author><id>930420</id><index>19</index><type>SLIDE</type></slide><slide><author>eastwood</author><id>930421</id><index>20</index><type>SLIDE</type></slide><slide><author>eastwood</author><id>930422</id><index>21</index><type>SLIDE</type></slide><slide><author>eastwood</author><id>930423</id><index>22</index><type>SLIDE</type></slide><slide><author>eastwood</author><id>930424</id><index>23</index><type>SLIDE</type></slide><slide><author>eastwood</author><id>930425</id><index>24</index><type>SLIDE</type></slide><slide><author>eastwood</author><id>930426</id><index>25</index><type>SLIDE</type></slide><slide><author>eastwood</author><id>930427</id><index>26</index><type>SLIDE</type></slide><slide><author>eastwood</author><id>930428</id><index>27</index><type>SLIDE</type></slide><slide><author>eastwood</author><id>930429</id><index>28</index><type>SLIDE</type></slide><slide><author>eastwood</author><id>930430</id><index>29</index><type>SLIDE</type></slide><slide><author>eastwood</author><id>930431</id><index>30</index><type>SLIDE</type></slide><slide><author>eastwood</author><id>930432</id><index>31</index><type>SLIDE</type></slide><slide><author>eastwood</author><id>930433</id><index>32</index><type>SLIDE</type></slide><slide><author>eastwood</author><id>930434</id><index>33</index><type>SLIDE</type></slide></conversation>