<logCollection date='{2010,10,28}'><message xml:lang='en' to='1505436@conference.deified.adm.monash.edu.au' from='chagan@deified.adm.monash.edu.au' type='groupchat' time='1288240609032'><image xmlns='monash:metl'><tag>{&quot;author&quot;:&quot;chagan&quot;,&quot;privacy&quot;:&quot;public&quot;,&quot;id&quot;:&quot;chagan:28/10/2010 3:45:51 PM:0&quot;,&quot;isBackground&quot;:false,&quot;zIndex&quot;:0}</tag><source>/Resource/1505436/1505436.png</source><width>720</width><height>540</height><x>0</x><y>0</y><author>chagan</author><target>presentationSpace</target><privacy>public</privacy><slide>1505436</slide><identity>chagan:28/10/2010 3:45:51 PM:0</identity></image></message>