<logCollection date='{2010,12,12}'><message xml:lang='en' to='1642401@conference.deified.adm.monash.edu.au' from='chagan@deified.adm.monash.edu.au' type='groupchat' time='1292154186609'><image xmlns='monash:metl'><tag>{&quot;author&quot;:&quot;chagan&quot;,&quot;privacy&quot;:&quot;public&quot;,&quot;id&quot;:&quot;chagan:12/12/2010 10:53:42 PM:0&quot;,&quot;isBackground&quot;:false,&quot;zIndex&quot;:-1}</tag><source>/Resource/1642401/skypeCapture.PNG</source><width>1476.1279296875</width><height>894.4775390625</height><x>0</x><y>0</y><author>chagan</author><target>presentationSpace</target><privacy>public</privacy><slide>1642401</slide><identity>chagan:12/12/2010 10:53:42 PM:0</identity></image></message><message xml:lang='en' to='1642401@conference.deified.adm.monash.edu.au' from='chagan@deified.adm.monash.edu.au' type='groupchat' time='1292154208373'><textbox xmlns='monash:metl'><height>NaN</height><width>NaN</width><caret>1</caret><x>195.283543178013</x><y>230.840558733259</y><text>S</text><tag>{&quot;author&quot;:&quot;chagan&quot;,&quot;privacy&quot;:&quot;public&quot;,&quot;id&quot;:&quot;chagan:12/12/2010 10:54:01 PM&quot;}</tag><style>Normal</style><family>Arial</family><weight>Normal</weight><size>32</size><decoration>None</decoration><author>chagan</author><identity>chagan:12/12/2010 10:54:01 PM</identity><target>presentationSpace</target><privacy>public</privacy><slide>1642401</slide><color>#FFFF0000</color></textbox></message><message xml:lang='en' to='1642401@conference.deified.adm.monash.edu.au' from='chagan@deified.adm.monash.edu.au' type='groupchat' time='1292154211690'><textbox xmlns='monash:metl'><height>NaN</height><width>NaN</width><caret>18</caret><x>195.283543178013</x><y>230.840558733259</y><text>SOME TEXT IN RED
</text><tag>{&quot;author&quot;:&quot;chagan&quot;,&quot;privacy&quot;:&quot;public&quot;,&quot;id&quot;:&quot;chagan:12/12/2010 10:54:01 PM&quot;}</tag><style>Normal</style><family>Arial</family><weight>Normal</weight><size>32</size><decoration>None</decoration><author>chagan</author><identity>chagan:12/12/2010 10:54:01 PM</identity><target>presentationSpace</target><privacy>public</privacy><slide>1642401</slide><color>#FFFF0000</color></textbox></message><message xml:lang='en' to='1642401@conference.deified.adm.monash.edu.au' from='chagan@deified.adm.monash.edu.au' type='groupchat' time='1292154213720'><textbox xmlns='monash:metl'><height>NaN</height><width>NaN</width><caret>18</caret><x>195.283543178013</x><y>230.840558733259</y><text>SOME TEXT IN RED
</text><tag>{&quot;author&quot;:&quot;chagan&quot;,&quot;privacy&quot;:&quot;public&quot;,&quot;id&quot;:&quot;chagan:12/12/2010 10:54:01 PM&quot;}</tag><style>Normal</style><family>Arial</family><weight>Normal</weight><size>32</size><decoration>None</decoration><author>chagan</author><identity>chagan:12/12/2010 10:54:01 PM</identity><target>presentationSpace</target><privacy>public</privacy><slide>1642401</slide><color>#FF000000</color></textbox></message><message xml:lang='en' to='1642401@conference.deified.adm.monash.edu.au' from='chagan@deified.adm.monash.edu.au' type='groupchat' time='1292154217959'><textbox xmlns='monash:metl'><height>NaN</height><width>NaN</width><caret>18</caret><x>195.283543178013</x><y>230.840558733259</y><text>SOME TEXT IN BLACK
</text><tag>{&quot;author&quot;:&quot;chagan&quot;,&quot;privacy&quot;:&quot;public&quot;,&quot;id&quot;:&quot;chagan:12/12/2010 10:54:01 PM&quot;}</tag><style>Normal</style><family>Arial</family><weight>Normal</weight><size>32</size><decoration>None</decoration><author>chagan</author><identity>chagan:12/12/2010 10:54:01 PM</identity><target>presentationSpace</target><privacy>public</privacy><slide>1642401</slide><color>#FF000000</color></textbox></message><message xml:lang='en' to='1642401@conference.deified.adm.monash.edu.au' from='chagan@deified.adm.monash.edu.au' type='groupchat' time='1292154218912'><textbox xmlns='monash:metl'><height>NaN</height><width>NaN</width><caret>20</caret><x>195.283543178013</x><y>230.840558733259</y><text>SOME TEXT IN BLACK

</text><tag>{&quot;author&quot;:&quot;chagan&quot;,&quot;privacy&quot;:&quot;public&quot;,&quot;id&quot;:&quot;chagan:12/12/2010 10:54:01 PM&quot;}</tag><style>Normal</style><family>Arial</family><weight>Normal</weight><size>32</size><decoration>None</decoration><author>chagan</author><identity>chagan:12/12/2010 10:54:01 PM</identity><target>presentationSpace</target><privacy>public</privacy><slide>1642401</slide><color>#FF000000</color></textbox></message><message xml:lang='en' to='1642401@conference.deified.adm.monash.edu.au' from='chagan@deified.adm.monash.edu.au' type='groupchat' time='1292154223635'><textbox xmlns='monash:metl'><height>NaN</height><width>NaN</width><caret>0</caret><x>646.528381347656</x><y>314.330793108259</y><text/><tag>{&quot;author&quot;:&quot;chagan&quot;,&quot;privacy&quot;:&quot;public&quot;,&quot;id&quot;:&quot;chagan:12/12/2010 10:54:15 PM&quot;}</tag><style>Normal</style><family>Arial</family><weight>Normal</weight><size>32</size><decoration>None</decoration><author>chagan</author><identity>chagan:12/12/2010 10:54:15 PM</identity><target>presentationSpace</target><privacy>public</privacy><slide>1642401</slide><color>#FF0000FF</color></textbox></message><message xml:lang='en' to='1642401@conference.deified.adm.monash.edu.au' from='chagan@deified.adm.monash.edu.au' type='groupchat' time='1292154226556'><textbox xmlns='monash:metl'><height>NaN</height><width>NaN</width><caret>17</caret><x>646.528381347656</x><y>314.330793108259</y><text>SOME TEXT IN BLUE</text><tag>{&quot;author&quot;:&quot;chagan&quot;,&quot;privacy&quot;:&quot;public&quot;,&quot;id&quot;:&quot;chagan:12/12/2010 10:54:15 PM&quot;}</tag><style>Normal</style><family>Arial</family><weight>Normal</weight><size>32</size><decoration>None</decoration><author>chagan</author><identity>chagan:12/12/2010 10:54:15 PM</identity><target>presentationSpace</target><privacy>public</privacy><slide>1642401</slide><color>#FF0000FF</color></textbox></message><message xml:lang='en' to='1642401@conference.deified.adm.monash.edu.au' from='chagan@deified.adm.monash.edu.au' type='groupchat' time='1292154240218'><ink xmlns='monash:metl'><checksum>298935.7</checksum><points>962.6 312.3 127 961.6 312.3 127 960.6 312.3 127 959.6 312.3 127 957.6 312.3 127 957.6 313.3 127 954.6 313.3 127 952.7 313.3 127 949.7 314.3 127 947.7 314.3 127 945.7 314.3 127 944.7 314.3 127 943.7 314.3 127 940.7 314.3 127 939.7 314.3 127 937.8 314.3 127 935.8 314.3 127 932.8 314.3 127 929.8 314.3 127 928.8 314.3 127 925.8 315.3 127 922.8 315.3 127 921.8 315.3 127 914.9 315.3 127 912.9 315.3 127 906.9 314.3 127 904 314.3 127 901 313.3 127 898 313.3 127 893 312.3 127 892 312.3 127 889 312.3 127 884.1 312.3 127 878.1 311.3 127 873.1 311.3 127 871.2 311.3 127 869.2 311.3 127 865.2 311.3 127 862.2 311.3 127 858.2 311.3 127 855.3 311.3 127 850.3 311.3 127 849.3 311.3 127 847.3 311.3 127 844.3 310.4 127 841.3 310.4 127 836.4 310.4 127 831.4 309.4 127 826.4 309.4 127 824.4 309.4 127 822.5 309.4 127 819.5 309.4 127 817.5 309.4 127 814.5 309.4 127 810.5 309.4 127 809.5 309.4 127 807.5 309.4 127 806.6 309.4 127 805.6 309.4 127 803.6 309.4 127 802.6 309.4 127 798.6 309.4 127 796.6 308.4 127 794.6 308.4 127 792.6 308.4 127 785.7 308.4 127 783.7 308.4 127 778.7 308.4 127 777.7 308.4 127 772.8 308.4 127 769.8 308.4 127 767.8 308.4 127 762.8 308.4 127 761.8 308.4 127 759.8 308.4 127 757.8 308.4 127 751.9 308.4 127 749.9 308.4 127 747.9 308.4 127 742.9 308.4 127 741 308.4 127 736 308.4 127 733 308.4 127 728 308.4 127 725 308.4 127 718.1 308.4 127 716.1 309.4 127 715.1 309.4 127 710.1 309.4 127 708.2 309.4 127 702.2 310.4 127 701.2 310.4 127 698.2 311.3 127 696.2 311.3 127 690.3 312.3 127 686.3 313.3 127 683.3 313.3 127 680.3 314.3 127 678.3 314.3 127 677.3 314.3 127 676.3 315.3 127 675.4 315.3 127 674.4 315.3 127 673.4 315.3 127 672.4 315.3 127 671.4 315.3 127 670.4 315.3 127 667.4 316.3 127 666.4 316.3 127 664.4 316.3 127 662.4 317.3 127 661.4 317.3 127 660.4 317.3 127 659.4 317.3 127 658.5 317.3 127 656.5 317.3 127 655.5 317.3 127 654.5 318.3 127 652.5 320.3 127 652.5 322.3 127 650.5 327.3 127 650.5 329.2 127 650.5 332.2 127 649.5 333.2 127 649.5 334.2 127 649.5 335.2 127 648.5 336.2 127 648.5 337.2 127 647.5 338.2 127 647.5 339.2 127 646.5 340.2 127 646.5 342.2 127 646.5 343.2 127 646.5 344.1 127 646.5 345.1 127 647.5 345.1 127 648.5 346.1 127 648.5 348.1 127 649.5 348.1 127 649.5 349.1 127 650.5 349.1 127 651.5 351.1 127 652.5 352.1 127 653.5 352.1 127 654.5 352.1 127 656.5 353.1 127 658.5 354.1 127 662.4 354.1 127 664.4 355.1 127 666.4 355.1 127 672.4 356.1 127 673.4 356.1 127 680.3 356.1 127 683.3 356.1 127 688.3 356.1 127 690.3 356.1 127 692.2 356.1 127 699.2 356.1 127 701.2 356.1 127 709.1 357.1 127 712.1 357.1 127 720.1 357.1 127 722.1 358.1 127 724.1 358.1 127 728 358.1 127 731 359.1 127 735 359.1 127 736 360.1 127 741.9 360.1 127 744.9 360.1 127 751.9 361 127 755.9 361 127 757.8 361 127 761.8 362 127 764.8 362 127 770.8 362 127 771.8 362 127 776.7 362 127 778.7 362 127 781.7 362 127 788.7 362 127 790.6 362 127 797.6 362 127 800.6 362 127 808.5 362 127 811.5 362 127 814.5 362 127 821.5 362 127 823.4 362 127 833.4 362 127 835.4 362 127 845.3 362 127 847.3 362 127 852.3 362 127 856.2 362 127 859.2 362 127 865.2 362 127 869.2 362 127 877.1 362 127 881.1 362 127 889 362 127 890 362 127 893 362 127 901 362 127 904 362 127 911.9 360.1 127 913.9 360.1 127 920.9 360.1 127 923.8 359.1 127 924.8 359.1 127 929.8 359.1 127 930.8 359.1 127 935.8 359.1 127 938.7 359.1 127 943.7 357.1 127 946.7 357.1 127 954.6 356.1 127 955.6 356.1 127 957.6 356.1 127 961.6 355.1 127 964.6 354.1 127 967.6 354.1 127 969.6 353.1 127 970.6 352.1 127 971.5 352.1 127 972.5 351.1 127 973.5 351.1 127 973.5 350.1 127 973.5 348.1 127 973.5 347.1 127 973.5 343.2 127 973.5 342.2 127 971.5 338.2 127 970.6 338.2 127 970.6 336.2 127 970.6 335.2 127 969.6 335.2 127 968.6 333.2 127 967.6 331.2 127 966.6 331.2 127 966.6 329.2 127 965.6 327.3 127 964.6 326.3 127 964.6 325.3 127 963.6 324.3 127 963.6 323.3 127 962.6 323.3 127 962.6 322.3 127 962.6 321.3 127 962.6 320.3 127 962.6 319.3 127 961.6 319.3 127 961.6 318.3 127 960.6 318.3 127 959.6 316.3 127 959.6 315.3 127 959.6 314.3 127 959.6 312.3 127 958.6 311.3 127 957.6 310.4 127 957.6 309.4 127</points><color>0 0 255 255</color><thickness>3</thickness><highlight>False</highlight><author>chagan</author><target>presentationSpace</target><privacy>public</privacy><slide>1642401</slide></ink></message><message xml:lang='en' to='1642401@conference.deified.adm.monash.edu.au' from='chagan@deified.adm.monash.edu.au' type='groupchat' time='1292154250579'><ink xmlns='monash:metl'><checksum>181744.900000001</checksum><points>539.2 238.8 127 538.2 238.8 127 537.2 238.8 127 535.2 238.8 127 534.2 238.8 127 533.2 238.8 127 532.2 238.8 127 531.2 238.8 127 530.2 238.8 127 529.2 238.8 127 528.3 238.8 127 527.3 238.8 127 526.3 238.8 127 524.3 238.8 127 523.3 238.8 127 520.3 238.8 127 519.3 238.8 127 517.3 238.8 127 514.3 238.8 127 511.4 238.8 127 510.4 238.8 127 506.4 237.8 127 504.4 237.8 127 501.4 237.8 127 500.4 237.8 127 498.4 236.8 127 493.5 236.8 127 491.5 236.8 127 486.5 236.8 127 484.5 236.8 127 478.6 235.8 127 476.6 235.8 127 473.6 235.8 127 468.6 234.8 127 465.6 234.8 127 462.7 234.8 127 459.7 233.8 127 454.7 233.8 127 451.7 232.8 127 448.7 232.8 127 442.8 231.8 127 438.8 231.8 127 431.8 230.8 127 424.9 230.8 127 420.9 230.8 127 418.9 230.8 127 413.9 230.8 127 411 230.8 127 407 230.8 127 405 230.8 127 399 230.8 127 397.1 229.8 127 391.1 229.8 127 388.1 229.8 127 386.1 229.8 127 381.1 228.9 127 378.2 228.9 127 373.2 228.9 127 368.2 228.9 127 366.2 227.9 127 360.3 227.9 127 354.3 227.9 127 349.3 227.9 127 342.4 227.9 127 339.4 227.9 127 337.4 227.9 127 331.5 227.9 127 329.5 227.9 127 327.5 227.9 127 324.5 227.9 127 320.5 227.9 127 317.5 227.9 127 316.5 227.9 127 311.6 227.9 127 309.6 227.9 127 304.6 227.9 127 302.6 227.9 127 297.7 227.9 127 294.7 227.9 127 293.7 227.9 127 291.7 227.9 127 289.7 227.9 127 286.7 227.9 127 284.7 227.9 127 280.8 227.9 127 279.8 227.9 127 275.8 227.9 127 272.8 227.9 127 270.8 227.9 127 267.8 227.9 127 265.9 227.9 127 261.9 227.9 127 257.9 227.9 127 252.9 227.9 127 250.9 227.9 127 249.9 227.9 127 248 227.9 127 247 227.9 127 243 227.9 127 240 228.9 127 237 228.9 127 236 228.9 127 234 228.9 127 232.1 229.8 127 230.1 230.8 127 228.1 231.8 127 227.1 231.8 127 226.1 232.8 127 224.1 233.8 127 223.1 233.8 127 222.1 234.8 127 221.1 234.8 127 219.1 236.8 127 218.1 236.8 127 218.1 237.8 127 217.2 237.8 127 216.2 237.8 127 215.2 237.8 127 215.2 238.8 127 214.2 238.8 127 214.2 239.8 127 213.2 239.8 127 212.2 239.8 127 211.2 239.8 127 210.2 239.8 127 209.2 239.8 127 207.2 239.8 127 207.2 240.8 127 206.2 240.8 127 205.2 240.8 127 205.2 241.8 127 204.2 241.8 127 203.2 241.8 127 203.2 242.8 127 201.2 242.8 127 200.3 243.8 127 200.3 244.8 127 198.3 246.7 127 196.3 248.7 127 194.3 251.7 127 194.3 252.7 127 193.3 255.7 127 192.3 256.7 127 192.3 257.7 127 191.3 257.7 127 191.3 258.7 127 192.3 258.7 127 194.3 258.7 127 197.3 258.7 127 200.3 258.7 127 202.2 258.7 127 205.2 258.7 127 206.2 258.7 127 206.2 259.7 127 207.2 260.7 127 208.2 260.7 127 208.2 261.7 127 209.2 261.7 127 210.2 262.6 127 210.2 263.6 127 213.2 263.6 127 213.2 264.6 127 215.2 265.6 127 216.2 266.6 127 217.2 266.6 127 218.1 266.6 127 220.1 268.6 127 221.1 268.6 127 224.1 269.6 127 224.1 270.6 127 227.1 271.6 127 229.1 271.6 127 233.1 272.6 127 235 272.6 127 237 272.6 127 239 272.6 127 240 272.6 127 241 272.6 127 242 272.6 127 247 272.6 127 252.9 272.6 127 254.9 272.6 127 259.9 272.6 127 262.9 272.6 127 264.9 271.6 127 271.8 271.6 127 275.8 270.6 127 283.7 270.6 127 284.7 270.6 127 288.7 270.6 127 290.7 270.6 127 294.7 270.6 127 297.7 270.6 127 299.6 270.6 127 301.6 270.6 127 303.6 270.6 127 308.6 270.6 127 311.6 269.6 127 314.6 269.6 127 315.5 269.6 127 318.5 269.6 127 321.5 269.6 127 322.5 269.6 127 325.5 269.6 127 326.5 269.6 127 329.5 269.6 127 332.4 269.6 127 338.4 269.6 127 340.4 269.6 127 344.4 269.6 127 345.4 269.6 127 348.3 269.6 127 351.3 269.6 127 355.3 269.6 127 356.3 269.6 127 358.3 269.6 127 362.3 269.6 127 365.2 269.6 127 370.2 269.6 127 371.2 269.6 127 378.2 269.6 127 379.2 269.6 127 382.1 269.6 127 389.1 269.6 127 391.1 269.6 127 398 270.6 127 405 270.6 127 412 270.6 127 422.9 271.6 127 424.9 271.6 127 432.8 271.6 127 435.8 271.6 127 439.8 271.6 127 442.8 271.6 127 444.8 271.6 127 451.7 271.6 127 453.7 271.6 127 460.7 271.6 127 463.6 271.6 127 469.6 271.6 127 472.6 271.6 127 479.5 271.6 127 481.5 271.6 127 482.5 271.6 127 487.5 270.6 127 489.5 270.6 127 494.5 270.6 127 497.4 270.6 127 500.4 270.6 127 505.4 270.6 127 511.4 269.6 127 512.3 269.6 127 517.3 269.6 127 520.3 269.6 127 523.3 269.6 127 525.3 268.6 127 527.3 268.6 127 531.2 267.6 127 534.2 265.6 127 537.2 264.6 127 539.2 263.6 127 540.2 262.6 127 546.1 260.7 127 546.1 259.7 127 548.1 259.7 127 551.1 258.7 127 552.1 257.7 127 553.1 257.7 127 553.1 256.7 127 552.1 255.7 127 551.1 255.7 127 550.1 254.7 127 550.1 253.7 127 549.1 252.7 127 547.1 251.7 127 545.1 251.7 127 545.1 250.7 127 544.2 250.7 127 543.2 250.7 127 542.2 249.7 127 540.2 248.7 127 537.2 245.7 127 536.2 244.8 127 536.2 243.8 127 535.2 242.8 127 533.2 241.8 127 532.2 241.8 127 532.2 240.8 127 531.2 239.8 127 531.2 238.8 127 530.2 238.8 127 529.2 238.8 127 528.3 238.8 127 525.3 238.8 127 524.3 239.8 127 522.3 239.8 127</points><color>0 0 0 255</color><thickness>1</thickness><highlight>False</highlight><author>chagan</author><target>presentationSpace</target><privacy>public</privacy><slide>1642401</slide></ink></message><message xml:lang='en' to='1642401@conference.deified.adm.monash.edu.au' from='chagan@deified.adm.monash.edu.au' type='groupchat' time='1292154263764'><ink xmlns='monash:metl'><checksum>267323.5</checksum><points>632.6 224.9 127 626.6 222.9 127 622.7 221.9 127 619.7 220.9 127 613.7 216.9 127 609.8 215.9 127 601.8 213.9 127 597.8 212 127 590.9 209 127 586.9 208 127 583.9 207 127 577 205 127 573 204 127 564 202 127 561.1 201 127 553.1 198 127 549.1 198 127 546.1 197 127 537.2 195.1 127 534.2 195.1 127 524.3 192.1 127 521.3 192.1 127 512.3 190.1 127 510.4 190.1 127 507.4 189.1 127 499.4 188.1 127 495.5 187.1 127 488.5 186.1 127 482.5 185.1 127 472.6 183.1 127 468.6 182.1 127 459.7 181.1 127 455.7 181.1 127 450.7 180.2 127 439.8 179.2 127 436.8 179.2 127 428.9 178.2 127 424.9 178.2 127 414.9 176.2 127 412 175.2 127 408 175.2 127 398 174.2 127 396.1 174.2 127 386.1 174.2 127 383.1 174.2 127 373.2 173.2 127 369.2 173.2 127 367.2 173.2 127 363.3 173.2 127 360.3 173.2 127 354.3 173.2 127 350.3 173.2 127 341.4 173.2 127 338.4 173.2 127 329.5 173.2 127 326.5 173.2 127 322.5 173.2 127 314.6 173.2 127 309.6 173.2 127 298.7 173.2 127 295.7 173.2 127 285.7 175.2 127 282.7 175.2 127 279.8 176.2 127 268.8 177.2 127 264.9 177.2 127 256.9 178.2 127 254.9 178.2 127 247 179.2 127 243 179.2 127 239 179.2 127 231.1 180.2 127 228.1 180.2 127 220.1 181.1 127 216.2 181.1 127 208.2 183.1 127 206.2 184.1 127 202.2 184.1 127 192.3 185.1 127 188.3 186.1 127 180.4 187.1 127 175.4 189.1 127 166.5 192.1 127 164.5 193.1 127 155.5 196.1 127 153.5 198 127 150.6 200 127 143.6 203 127 141.6 205 127 137.6 208 127 134.7 211 127 130.7 218.9 127 129.7 222.9 127 128.7 226.9 127 128.7 241.8 127 128.7 248.7 127 131.7 267.6 127 132.7 273.6 127 133.7 276.6 127 133.7 280.5 127 134.7 284.5 127 135.6 287.5 127 135.6 291.5 127 138.6 299.4 127 139.6 302.4 127 140.6 310.4 127 142.6 313.3 127 147.6 318.3 127 151.6 320.3 127 164.5 324.3 127 173.4 325.3 127 191.3 326.3 127 202.2 328.2 127 226.1 329.2 127 234 331.2 127 245 332.2 127 267.8 333.2 127 273.8 333.2 127 294.7 337.2 127 303.6 338.2 127 315.5 339.2 127 319.5 339.2 127 323.5 340.2 127 332.4 341.2 127 337.4 341.2 127 351.3 343.2 127 357.3 344.1 127 373.2 344.1 127 379.2 345.1 127 388.1 345.1 127 400 345.1 127 405 345.1 127 423.9 345.1 127 428.9 345.1 127 443.8 342.2 127 447.7 341.2 127 453.7 338.2 127 466.6 333.2 127 471.6 332.2 127 485.5 326.3 127 493.5 322.3 127 505.4 318.3 127 508.4 316.3 127 519.3 310.4 127 523.3 308.4 127 526.3 305.4 127 537.2 300.4 127 543.2 296.4 127 552.1 291.5 127 557.1 287.5 127 561.1 285.5 127 570 280.5 127 575 277.6 127 583.9 271.6 127 586.9 270.6 127 597.8 262.6 127 604.8 260.7 127 619.7 253.7 127 626.6 249.7 127 632.6 246.7 127 650.5 241.8 127 659.4 238.8 127 676.3 235.8 127 685.3 233.8 127 704.2 230.8 127 713.1 228.9 127 720.1 227.9 127 735 226.9 127 739 225.9 127 750.9 223.9 127 758.8 222.9 127 773.8 219.9 127 777.7 219.9 127 784.7 218.9 127 802.6 218.9 127 811.5 217.9 127 832.4 218.9 127 842.3 218.9 127 874.1 221.9 127 885.1 222.9 127 895 224.9 127 916.9 227.9 127 925.8 229.8 127 940.7 234.8 127 945.7 236.8 127 957.6 243.8 127 959.6 244.8 127 967.6 250.7 127 970.6 253.7 127 973.5 256.7 127 981.5 263.6 127 984.5 265.6 127 991.4 272.6 127 996.4 276.6 127 1002.4 282.5 127 1005.3 285.5 127 1007.3 288.5 127 1009.3 292.5 127 1011.3 296.4 127 1012.3 299.4 127 1013.3 303.4 127 1017.3 312.3 127 1017.3 316.3 127 1018.3 319.3 127 1018.3 327.3 127 1018.3 330.2 127 1018.3 338.2 127 1018.3 342.2 127 1017.3 350.1 127 1017.3 353.1 127 1013.3 360.1 127 1011.3 363 127 1005.3 366 127 1005.3 367 127 1000.4 370 127 997.4 372 127 990.4 375 127 988.4 376 127 985.5 377.9 127 979.5 381.9 127 976.5 381.9 127 969.6 385.9 127 966.6 387.9 127 959.6 390.9 127 956.6 392.9 127 953.7 393.8 127 945.7 397.8 127 942.7 398.8 127 936.8 401.8 127 931.8 403.8 127 924.8 405.8 127 921.8 407.8 127 918.9 408.8 127 912.9 410.7 127 907.9 412.7 127 901 415.7 127 897 416.7 127 890 418.7 127 886.1 418.7 127 882.1 419.7 127 873.1 422.7 127 870.2 422.7 127 862.2 423.7 127 858.2 424.7 127 850.3 425.7 127 846.3 426.6 127 842.3 426.6 127 832.4 426.6 127 829.4 426.6 127 818.5 426.6 127 814.5 425.7 127 800.6 424.7 127 794.6 421.7 127 790.6 420.7 127 773.8 415.7 127 767.8 413.7 127 753.9 408.8 127 749.9 406.8 127 736 401.8 127 730 399.8 127 719.1 395.8 127 714.1 393.8 127 709.1 391.9 127 697.2 387.9 127 691.3 385.9 127 679.3 381.9 127 675.4 379.9 127 662.4 376 127 658.5 375 127 654.5 373 127 644.5 369 127 640.6 368 127 629.6 363 127 626.6 361 127 617.7 355.1 127 613.7 353.1 127 610.7 350.1 127 601.8 343.2 127 598.8 340.2 127 590.9 332.2 127 588.9 330.2 127 581.9 323.3 127 579.9 320.3 127 577 318.3 127 573 311.3 127 571 308.4 127 567 300.4 127 567 298.4 127 567 288.5 127 567 284.5 127 570 275.6 127 572 273.6 127 574 267.6 127 578.9 259.7 127 581.9 255.7 127 583.9 251.7 127 585.9 248.7 127 586.9 245.7 127 588.9 242.8 127 589.9 239.8 127 592.9 234.8 127 593.9 232.8 127 597.8 227.9 127 599.8 224.9 127 603.8 217.9 127 604.8 216.9 127 606.8 214.9 127 610.7 209 127 612.7 206 127 616.7 202 127 617.7 201 127 617.7 200 127</points><color>255 255 0 255</color><thickness>25</thickness><highlight>True</highlight><author>chagan</author><target>presentationSpace</target><privacy>public</privacy><slide>1642401</slide></ink></message>