<logCollection date='{2010,11,22}'><message xml:lang='en' to='1004@conference.civic.adm.monash.edu.au' from='hagand@civic.adm.monash.edu.au/634260425172447791' type='groupchat' time='1290406149866'><ink xmlns='monash:metl'><checksum>308</checksum><startingSum>308</startingSum><points>207.1 100.9 127</points><color>0 0 255 255</color><thickness>2.01869158878505</thickness><highlight>False</highlight><author>hagand</author><target>presentationSpace</target><privacy>public</privacy><slide>1004</slide></ink></message>