<logCollection date='{2010,8,11}'><message xml:lang='en' to='1178413@conference.deified.adm.monash.edu.au' from='tessn@deified.adm.monash.edu.au' type='groupchat' time='1281477115990'><image xmlns='monash:metl'><tag>{&quot;author&quot;:&quot;tessn&quot;,&quot;privacy&quot;:&quot;public&quot;,&quot;id&quot;:&quot;tessn:11/08/2010 7:58:14 AM:0&quot;,&quot;isBackground&quot;:false,&quot;zIndex&quot;:0}</tag><source>/Resource/1178413/pptImportSlide13.PNG</source><width>1440</width><height>1080</height><x>0</x><y>0</y><author>tessn</author><target>presentationSpace</target><privacy>public</privacy><slide>1178413</slide><identity>tessn:11/08/2010 7:58:14 AM:0</identity></image></message>