<logCollection date='{2010,7,30}'><message xml:lang='en' to='1142409@conference.deified.adm.monash.edu.au' from='krichard@deified.adm.monash.edu.au' type='groupchat' time='1280447440754'><image xmlns='monash:metl'><tag>{&quot;author&quot;:&quot;krichard&quot;,&quot;privacy&quot;:&quot;public&quot;,&quot;id&quot;:&quot;krichard:30/07/2010 9:56:36 AM:0&quot;,&quot;isBackground&quot;:false,&quot;zIndex&quot;:0}</tag><source>/Resource/1142409/background27.jpg</source><width>720</width><height>540</height><x>0</x><y>0</y><author>krichard</author><target>presentationSpace</target><privacy>public</privacy><slide>1142409</slide><identity>krichard:30/07/2010 9:56:36 AM:0</identity></image></message><message xml:lang='en' to='1142409@conference.deified.adm.monash.edu.au' from='krichard@deified.adm.monash.edu.au' type='groupchat' time='1280447440755'><image xmlns='monash:metl'><tag>{&quot;author&quot;:&quot;krichard&quot;,&quot;privacy&quot;:&quot;public&quot;,&quot;id&quot;:&quot;krichard:30/07/2010 9:56:36 AM:1&quot;,&quot;isBackground&quot;:false,&quot;zIndex&quot;:0}</tag><source>/Resource/1142409/background28.jpg</source><width>648</width><height>90</height><x>36</x><y>21.62504</y><author>krichard</author><target>presentationSpace</target><privacy>public</privacy><slide>1142409</slide><identity>krichard:30/07/2010 9:56:36 AM:1</identity></image></message><message xml:lang='en' to='1142409@conference.deified.adm.monash.edu.au' from='krichard@deified.adm.monash.edu.au' type='groupchat' time='1280447440758'><image xmlns='monash:metl'><tag>{&quot;author&quot;:&quot;krichard&quot;,&quot;privacy&quot;:&quot;public&quot;,&quot;id&quot;:&quot;krichard:30/07/2010 9:56:36 AM:2&quot;,&quot;isBackground&quot;:false,&quot;zIndex&quot;:0}</tag><source>/Resource/1142409/background29.jpg</source><width>687.7498</width><height>72.70315</height><x>16.0296059</x><y>408.3385</y><author>krichard</author><target>presentationSpace</target><privacy>public</privacy><slide>1142409</slide><identity>krichard:30/07/2010 9:56:36 AM:2</identity></image></message><message xml:lang='en' to='1142409@conference.deified.adm.monash.edu.au' from='krichard@deified.adm.monash.edu.au' type='groupchat' time='1280447440758'><image xmlns='monash:metl'><tag>{&quot;author&quot;:&quot;krichard&quot;,&quot;privacy&quot;:&quot;public&quot;,&quot;id&quot;:&quot;krichard:30/07/2010 9:56:36 AM:3&quot;,&quot;isBackground&quot;:false,&quot;zIndex&quot;:0}</tag><source>/Resource/1142409/background30.jpg</source><width>425.954</width><height>29.08126</height><x>294.046</x><y>510.918732</y><author>krichard</author><target>presentationSpace</target><privacy>public</privacy><slide>1142409</slide><identity>krichard:30/07/2010 9:56:36 AM:3</identity></image></message><message xml:lang='en' to='1142409@conference.deified.adm.monash.edu.au' from='krichard@deified.adm.monash.edu.au' type='groupchat' time='1280447440759'><image xmlns='monash:metl'><tag>{&quot;author&quot;:&quot;krichard&quot;,&quot;privacy&quot;:&quot;public&quot;,&quot;id&quot;:&quot;krichard:30/07/2010 9:56:36 AM:4&quot;,&quot;isBackground&quot;:false,&quot;zIndex&quot;:0}</tag><source>/Resource/1142409/background31.jpg</source><width>687.7498</width><height>72.70315</height><x>16.0296059</x><y>111.625038</y><author>krichard</author><target>presentationSpace</target><privacy>public</privacy><slide>1142409</slide><identity>krichard:30/07/2010 9:56:36 AM:4</identity></image></message><message xml:lang='en' to='1142409@conference.deified.adm.monash.edu.au' from='krichard@deified.adm.monash.edu.au' type='groupchat' time='1280447440766'><image xmlns='monash:metl'><tag>{&quot;author&quot;:&quot;krichard&quot;,&quot;privacy&quot;:&quot;public&quot;,&quot;id&quot;:&quot;krichard:30/07/2010 9:56:36 AM:5&quot;,&quot;isBackground&quot;:false,&quot;zIndex&quot;:0}</tag><source>/Resource/1142409/background32.jpg</source><width>687.7498</width><height>203.568741</height><x>16.0296059</x><y>199.93512</y><author>krichard</author><target>presentationSpace</target><privacy>public</privacy><slide>1142409</slide><identity>krichard:30/07/2010 9:56:36 AM:5</identity></image></message>