<conversation><title>Essence</title><author>gsanson</author><created>30/11/2010 12:48:18 PM</created><tag></tag><subject>Unrestricted</subject><jid>1629400</jid><permissions><studentCanPublish>true</studentCanPublish><studentCanOpenFriends>true</studentCanOpenFriends><usersAreCompulsorilySynced>false</usersAreCompulsorilySynced></permissions><slide><author>gsanson</author><id>1629401</id><index>0</index><type>SLIDE</type></slide><slide><author>gsanson</author><id>1629402</id><index>1</index><type>SLIDE</type></slide></conversation>