<conversation><title>Unified Aesthetic</title><author>hagand</author><created>21/05/2010 9:00:41 AM</created><tag>unTagged</tag><subject>Unrestricted</subject><jid>36000</jid><permissions><studentCanPublish>true</studentCanPublish><studentCanOpenFriends>true</studentCanOpenFriends><usersAreCompulsorilySynced>true</usersAreCompulsorilySynced></permissions><slide><author>hagand</author><id>36001</id><index>0</index><type>SLIDE</type></slide><slide><author>hagand</author><id>36028</id><index>1</index><type>THOUGHT</type></slide><slide><author>hagand</author><id>36027</id><index>2</index><type>THOUGHT</type></slide><slide><author>hagand</author><id>36026</id><index>3</index><type>SLIDE</type></slide><slide><author>hagand</author><id>36002</id><index>4</index><type>SLIDE</type></slide><slide><author>hagand</author><id>36005</id><index>5</index><type>SLIDE</type></slide><slide><author>hagand</author><id>36006</id><index>6</index><type>SLIDE</type></slide><slide><author>hagand</author><id>36007</id><index>7</index><type>SLIDE</type></slide><slide><author>hagand</author><id>36008</id><index>8</index><type>SLIDE</type></slide><slide><author>hagand</author><id>36009</id><index>9</index><type>SLIDE</type></slide><slide><author>hagand</author><id>36010</id><index>10</index><type>SLIDE</type></slide><slide><author>hagand</author><id>36011</id><index>11</index><type>SLIDE</type></slide><slide><author>hagand</author><id>36012</id><index>12</index><type>SLIDE</type></slide><slide><author>hagand</author><id>36013</id><index>13</index><type>SLIDE</type></slide><slide><author>hagand</author><id>36014</id><index>14</index><type>SLIDE</type></slide><slide><author>hagand</author><id>36015</id><index>15</index><type>SLIDE</type></slide><slide><author>hagand</author><id>36016</id><index>16</index><type>SLIDE</type></slide><slide><author>hagand</author><id>36017</id><index>17</index><type>SLIDE</type></slide><slide><author>hagand</author><id>36018</id><index>18</index><type>SLIDE</type></slide><slide><author>hagand</author><id>36019</id><index>19</index><type>SLIDE</type></slide><slide><author>hagand</author><id>36020</id><index>20</index><type>SLIDE</type></slide><slide><author>hagand</author><id>36021</id><index>21</index><type>SLIDE</type></slide><slide><author>hagand</author><id>36022</id><index>22</index><type>SLIDE</type></slide><slide><author>hagand</author><id>36023</id><index>23</index><type>SLIDE</type></slide><slide><author>hagand</author><id>36024</id><index>24</index><type>SLIDE</type></slide><slide><author>hagand</author><id>36025</id><index>25</index><type>SLIDE</type></slide><slide><author>hagand</author><id>36003</id><index>26</index><type>SLIDE</type></slide><slide><author>hagand</author><id>36004</id><index>27</index><type>SLIDE</type></slide></conversation>