<conversation><title>AutomatedConversationEdited</title><author>dhag22</author><created>25/06/2010 1:54:57 PM</created><tag>unTagged</tag><subject>Unrestricted</subject><jid>59800</jid><permissions><studentCanPublish>false</studentCanPublish><studentCanOpenFriends>false</studentCanOpenFriends><usersAreCompulsorilySynced>true</usersAreCompulsorilySynced></permissions><slide><author>dhag22</author><id>59801</id><index>0</index><exposed>False</exposed><type>SLIDE</type></slide><slide><author>dhag22</author><id>59812</id><index>1</index><exposed>False</exposed><type>SLIDE</type></slide><slide><author>dhag22</author><id>59810</id><index>2</index><exposed>False</exposed><type>SLIDE</type></slide><slide><author>dhag22</author><id>59808</id><index>3</index><exposed>False</exposed><type>SLIDE</type></slide><slide><author>dhag22</author><id>59806</id><index>4</index><exposed>False</exposed><type>SLIDE</type></slide><slide><author>dhag22</author><id>59802</id><index>5</index><exposed>False</exposed><type>SLIDE</type></slide><slide><author>dhag22</author><id>59813</id><index>6</index><exposed>False</exposed><type>SLIDE</type></slide><slide><author>dhag22</author><id>59803</id><index>7</index><exposed>False</exposed><type>SLIDE</type></slide><slide><author>dhag22</author><id>59811</id><index>8</index><exposed>False</exposed><type>SLIDE</type></slide><slide><author>dhag22</author><id>59804</id><index>9</index><exposed>False</exposed><type>SLIDE</type></slide><slide><author>dhag22</author><id>59809</id><index>10</index><exposed>False</exposed><type>SLIDE</type></slide><slide><author>dhag22</author><id>59805</id><index>11</index><exposed>False</exposed><type>SLIDE</type></slide><slide><author>dhag22</author><id>59807</id><index>12</index><exposed>False</exposed><type>SLIDE</type></slide></conversation>