<conversation><title>Pei (KIM) QUAH's notes 24/3/2010</title><author>kpqua1</author><created>25/03/2010 1:50:29 PM</created><tag></tag><subject>Unrestricted</subject><jid>823400</jid><permissions><studentCanPublish>true</studentCanPublish><studentCanOpenFriends>true</studentCanOpenFriends><usersAreCompulsorilySynced>false</usersAreCompulsorilySynced></permissions><slide><author>kpqua1</author><id>823401</id><index>0</index><type>SLIDE</type></slide><slide><author>kpqua1</author><id>823402</id><index>1</index><type>SLIDE</type></slide><slide><author>kpqua1</author><id>823403</id><index>2</index><type>SLIDE</type></slide></conversation>