<conversation><title>sajames at 3/11/2010 10:51:59 AM</title><author>sajames</author><created>3/11/2010 10:51:59 AM</created><lastAccessed>1/01/0001 12:00:00 AM</lastAccessed><tag>unTagged</tag><subject>Unrestricted</subject><jid>1525400</jid><permissions><studentCanPublish>false</studentCanPublish><studentCanOpenFriends>false</studentCanOpenFriends><usersAreCompulsorilySynced>true</usersAreCompulsorilySynced></permissions><slide><author>sajames</author><id>1525401</id><index>0</index><defaultHeight>540</defaultHeight><defaultWidth>720</defaultWidth><exposed>False</exposed><type>SLIDE</type></slide></conversation>