<conversation><title>25th march- dani</title><author>dcsor1</author><created>25/03/2010 2:45:04 PM</created><tag></tag><subject>Unrestricted</subject><jid>820400</jid><permissions><studentCanPublish>true</studentCanPublish><studentCanOpenFriends>true</studentCanOpenFriends><usersAreCompulsorilySynced>false</usersAreCompulsorilySynced></permissions><slide><author>dcsor1</author><id>820401</id><index>0</index><type>SLIDE</type></slide><slide><author>dcsor1</author><id>820403</id><index>1</index><type>SLIDE</type></slide><slide><author>dcsor1</author><id>820402</id><index>2</index><type>SLIDE</type></slide></conversation>