<conversation><title>new creation dialog with a whitebaord</title><author>sajames</author><created>13/10/2010 4:44:44 PM</created><tag>unTagged</tag><subject>Unrestricted</subject><jid>1419400</jid><permissions><studentCanPublish>false</studentCanPublish><studentCanOpenFriends>false</studentCanOpenFriends><usersAreCompulsorilySynced>true</usersAreCompulsorilySynced></permissions><slide><author>sajames</author><id>1419401</id><index>0</index><defaultHeight>540</defaultHeight><defaultWidth>720</defaultWidth><exposed>False</exposed><type>SLIDE</type></slide></conversation>