<conversation><title>testOfNewCode</title><author>hagand</author><created>8/09/2010 3:49:00 PM</created><tag></tag><subject>Administration</subject><jid>1323400</jid><permissions><studentCanPublish>true</studentCanPublish><studentCanOpenFriends>true</studentCanOpenFriends><usersAreCompulsorilySynced>false</usersAreCompulsorilySynced></permissions><slide><author>hagand</author><id>1323401</id><index>0</index><type>SLIDE</type></slide><slide><author>hagand</author><id>1323403</id><index>1</index><type>SLIDE</type></slide><slide><author>hagand</author><id>1323402</id><index>2</index><type>SLIDE</type></slide></conversation>