<conversation><title>overview</title><author>jsheen</author><created>24/02/2010 8:17:28 PM</created><tag></tag><subject>Community Emergency Health and Paramedic Practice</subject><jid>615400</jid><permissions><studentCanPublish>false</studentCanPublish><studentCanOpenFriends>false</studentCanOpenFriends><usersAreCompulsorilySynced>true</usersAreCompulsorilySynced></permissions><slide><author>jsheen</author><id>615401</id><index>0</index><type>SLIDE</type></slide><slide><author>jsheen</author><id>615402</id><index>1</index><type>SLIDE</type></slide><slide><author>jsheen</author><id>615403</id><index>2</index><type>SLIDE</type></slide><slide><author>jsheen</author><id>615404</id><index>3</index><type>SLIDE</type></slide><slide><author>jsheen</author><id>615405</id><index>4</index><type>SLIDE</type></slide><slide><author>jsheen</author><id>615406</id><index>5</index><type>SLIDE</type></slide><slide><author>jsheen</author><id>615407</id><index>6</index><type>SLIDE</type></slide><slide><author>jsheen</author><id>615408</id><index>7</index><type>SLIDE</type></slide><slide><author>jsheen</author><id>615409</id><index>8</index><type>SLIDE</type></slide><slide><author>jsheen</author><id>615410</id><index>9</index><type>SLIDE</type></slide><slide><author>jsheen</author><id>615411</id><index>10</index><type>SLIDE</type></slide><slide><author>jsheen</author><id>615412</id><index>11</index><type>SLIDE</type></slide><slide><author>jsheen</author><id>615413</id><index>12</index><type>SLIDE</type></slide><slide><author>jsheen</author><id>615414</id><index>13</index><type>SLIDE</type></slide><slide><author>jsheen</author><id>615415</id><index>14</index><type>SLIDE</type></slide><slide><author>jsheen</author><id>615416</id><index>15</index><type>SLIDE</type></slide><slide><author>jsheen</author><id>615417</id><index>16</index><type>SLIDE</type></slide><slide><author>jsheen</author><id>615418</id><index>17</index><type>SLIDE</type></slide><slide><author>jsheen</author><id>615419</id><index>18</index><type>SLIDE</type></slide><slide><author>jsheen</author><id>615420</id><index>19</index><type>SLIDE</type></slide><slide><author>jsheen</author><id>615421</id><index>20</index><type>SLIDE</type></slide><slide><author>jsheen</author><id>615422</id><index>21</index><type>SLIDE</type></slide><slide><author>jsheen</author><id>615423</id><index>22</index><type>SLIDE</type></slide></conversation>