<conversation><title>Questnet</title><author>prowler</author><created>6/07/2010 12:09:24 PM</created><tag></tag><subject>prowler</subject><jid>1027400</jid><permissions><studentCanPublish>true</studentCanPublish><studentCanOpenFriends>true</studentCanOpenFriends><usersAreCompulsorilySynced>false</usersAreCompulsorilySynced></permissions><slide><author>prowler</author><id>1027401</id><index>0</index><type>SLIDE</type></slide><slide><author>prowler</author><id>1027402</id><index>1</index><type>SLIDE</type></slide><slide><author>prowler</author><id>1027403</id><index>2</index><type>SLIDE</type></slide><slide><author>prowler</author><id>1027404</id><index>3</index><type>SLIDE</type></slide><slide><author>prowler</author><id>1027405</id><index>4</index><type>SLIDE</type></slide><slide><author>prowler</author><id>1027406</id><index>5</index><type>SLIDE</type></slide><slide><author>prowler</author><id>1027407</id><index>6</index><type>SLIDE</type></slide><slide><author>prowler</author><id>1027408</id><index>7</index><type>SLIDE</type></slide><slide><author>prowler</author><id>1027409</id><index>8</index><type>SLIDE</type></slide><slide><author>prowler</author><id>1027410</id><index>9</index><type>SLIDE</type></slide><slide><author>prowler</author><id>1027411</id><index>10</index><type>SLIDE</type></slide><slide><author>prowler</author><id>1027412</id><index>11</index><type>SLIDE</type></slide><slide><author>prowler</author><id>1027413</id><index>12</index><type>SLIDE</type></slide><slide><author>prowler</author><id>1027414</id><index>13</index><type>SLIDE</type></slide><slide><author>prowler</author><id>1027415</id><index>14</index><type>SLIDE</type></slide><slide><author>prowler</author><id>1027416</id><index>15</index><type>SLIDE</type></slide><slide><author>prowler</author><id>1027417</id><index>16</index><type>SLIDE</type></slide><slide><author>prowler</author><id>1027418</id><index>17</index><type>SLIDE</type></slide><slide><author>prowler</author><id>1027419</id><index>18</index><type>SLIDE</type></slide></conversation>