<conversation><title>HSC1061 lecture-8</title><author>dragan</author><created>26/04/2010 7:10:47 PM</created><tag></tag><subject>Unrestricted</subject><jid>933400</jid><permissions><studentCanPublish>false</studentCanPublish><studentCanOpenFriends>false</studentCanOpenFriends><usersAreCompulsorilySynced>true</usersAreCompulsorilySynced></permissions><slide><author>dragan</author><id>933401</id><index>0</index><type>SLIDE</type></slide><slide><author>dragan</author><id>933402</id><index>1</index><type>SLIDE</type></slide><slide><author>dragan</author><id>933403</id><index>2</index><type>SLIDE</type></slide><slide><author>dragan</author><id>933404</id><index>3</index><type>SLIDE</type></slide><slide><author>dragan</author><id>933405</id><index>4</index><type>SLIDE</type></slide><slide><author>dragan</author><id>933406</id><index>5</index><type>SLIDE</type></slide><slide><author>dragan</author><id>933407</id><index>6</index><type>SLIDE</type></slide><slide><author>dragan</author><id>933408</id><index>7</index><type>SLIDE</type></slide><slide><author>dragan</author><id>933409</id><index>8</index><type>SLIDE</type></slide><slide><author>dragan</author><id>933410</id><index>9</index><type>SLIDE</type></slide><slide><author>dragan</author><id>933411</id><index>10</index><type>SLIDE</type></slide><slide><author>dragan</author><id>933412</id><index>11</index><type>SLIDE</type></slide><slide><author>dragan</author><id>933413</id><index>12</index><type>SLIDE</type></slide><slide><author>dragan</author><id>933414</id><index>13</index><type>SLIDE</type></slide><slide><author>dragan</author><id>933415</id><index>14</index><type>SLIDE</type></slide><slide><author>dragan</author><id>933416</id><index>15</index><type>SLIDE</type></slide><slide><author>dragan</author><id>933417</id><index>16</index><type>SLIDE</type></slide><slide><author>dragan</author><id>933418</id><index>17</index><type>SLIDE</type></slide><slide><author>dragan</author><id>933419</id><index>18</index><type>SLIDE</type></slide><slide><author>dragan</author><id>933420</id><index>19</index><type>SLIDE</type></slide><slide><author>dragan</author><id>933421</id><index>20</index><type>SLIDE</type></slide><slide><author>dragan</author><id>933422</id><index>21</index><type>SLIDE</type></slide><slide><author>dragan</author><id>933423</id><index>22</index><type>SLIDE</type></slide><slide><author>dragan</author><id>933424</id><index>23</index><type>SLIDE</type></slide><slide><author>dragan</author><id>933425</id><index>24</index><type>SLIDE</type></slide><slide><author>dragan</author><id>933426</id><index>25</index><type>SLIDE</type></slide><slide><author>dragan</author><id>933427</id><index>26</index><type>SLIDE</type></slide><slide><author>dragan</author><id>933428</id><index>27</index><type>SLIDE</type></slide><slide><author>dragan</author><id>933429</id><index>28</index><type>SLIDE</type></slide><slide><author>dragan</author><id>933430</id><index>29</index><type>SLIDE</type></slide><slide><author>dragan</author><id>933431</id><index>30</index><type>SLIDE</type></slide><slide><author>dragan</author><id>933432</id><index>31</index><type>SLIDE</type></slide><slide><author>dragan</author><id>933433</id><index>32</index><type>SLIDE</type></slide><slide><author>dragan</author><id>933434</id><index>33</index><type>SLIDE</type></slide><slide><author>dragan</author><id>933435</id><index>34</index><type>SLIDE</type></slide><slide><author>dragan</author><id>933436</id><index>35</index><type>SLIDE</type></slide></conversation>