<conversation><title> Dom Joseph 21498326</title><author>djjos1</author><created>25/03/2010 2:37:33 PM</created><tag></tag><subject>Unrestricted</subject><jid>812400</jid><permissions><studentCanPublish>true</studentCanPublish><studentCanOpenFriends>true</studentCanOpenFriends><usersAreCompulsorilySynced>false</usersAreCompulsorilySynced></permissions><slide><author>djjos1</author><id>812401</id><index>0</index><type>SLIDE</type></slide><slide><author>djjos1</author><id>812402</id><index>1</index><type>SLIDE</type></slide><slide><author>djjos1</author><id>812403</id><index>2</index><type>SLIDE</type></slide><slide><author>djjos1</author><id>812404</id><index>3</index><type>SLIDE</type></slide><slide><author>djjos1</author><id>812405</id><index>4</index><type>SLIDE</type></slide><slide><author>djjos1</author><id>812406</id><index>5</index><type>SLIDE</type></slide><slide><author>djjos1</author><id>812407</id><index>6</index><type>SLIDE</type></slide><slide><author>djjos1</author><id>812408</id><index>7</index><type>SLIDE</type></slide><slide><author>djjos1</author><id>812409</id><index>8</index><type>SLIDE</type></slide><slide><author>djjos1</author><id>812410</id><index>9</index><type>SLIDE</type></slide><slide><author>djjos1</author><id>812411</id><index>10</index><type>SLIDE</type></slide></conversation>