<conversation><title>Tesstuteweek8Quiz</title><author>tessn</author><created>7/09/2010 3:19:40 PM</created><tag></tag><subject>tessn</subject><jid>1317400</jid><permissions><studentCanPublish>false</studentCanPublish><studentCanOpenFriends>false</studentCanOpenFriends><usersAreCompulsorilySynced>true</usersAreCompulsorilySynced></permissions><slide><author>tessn</author><id>1317401</id><index>0</index><type>SLIDE</type></slide><slide><author>tessn</author><id>1317402</id><index>1</index><type>SLIDE</type></slide></conversation>