<conversation><title>Quiz MeTL Design Discussion</title><author>chagan</author><created>16/04/2010 10:32:42 AM</created><tag></tag><subject>Office of the Deputy Vice-Chancellor (Education)</subject><jid>904400</jid><permissions><studentCanPublish>true</studentCanPublish><studentCanOpenFriends>true</studentCanOpenFriends><usersAreCompulsorilySynced>false</usersAreCompulsorilySynced></permissions><slide><author>chagan</author><id>904401</id><index>0</index><type>SLIDE</type></slide></conversation>