<logCollection date='{2010,7,30}'><message xml:lang='en' to='1142404@conference.deified.adm.monash.edu.au' from='krichard@deified.adm.monash.edu.au' type='groupchat' time='1280447439804'><image xmlns='monash:metl'><tag>{&quot;author&quot;:&quot;krichard&quot;,&quot;privacy&quot;:&quot;public&quot;,&quot;id&quot;:&quot;krichard:30/07/2010 9:56:35 AM:0&quot;,&quot;isBackground&quot;:false,&quot;zIndex&quot;:0}</tag><source>/Resource/1142404/background12.jpg</source><width>720</width><height>540</height><x>0</x><y>0</y><author>krichard</author><target>presentationSpace</target><privacy>public</privacy><slide>1142404</slide><identity>krichard:30/07/2010 9:56:35 AM:0</identity></image></message><message xml:lang='en' to='1142404@conference.deified.adm.monash.edu.au' from='krichard@deified.adm.monash.edu.au' type='groupchat' time='1280447439805'><image xmlns='monash:metl'><tag>{&quot;author&quot;:&quot;krichard&quot;,&quot;privacy&quot;:&quot;public&quot;,&quot;id&quot;:&quot;krichard:30/07/2010 9:56:35 AM:1&quot;,&quot;isBackground&quot;:false,&quot;zIndex&quot;:0}</tag><source>/Resource/1142404/background13.jpg</source><width>648</width><height>90</height><x>36</x><y>21.62504</y><author>krichard</author><target>presentationSpace</target><privacy>public</privacy><slide>1142404</slide><identity>krichard:30/07/2010 9:56:35 AM:1</identity></image></message><message xml:lang='en' to='1142404@conference.deified.adm.monash.edu.au' from='krichard@deified.adm.monash.edu.au' type='groupchat' time='1280447439812'><image xmlns='monash:metl'><tag>{&quot;author&quot;:&quot;krichard&quot;,&quot;privacy&quot;:&quot;public&quot;,&quot;id&quot;:&quot;krichard:30/07/2010 9:56:35 AM:2&quot;,&quot;isBackground&quot;:false,&quot;zIndex&quot;:0}</tag><source>/Resource/1142404/background14.jpg</source><width>648.000061</width><height>290.812531</height><x>35.99992</x><y>154.02504</y><author>krichard</author><target>presentationSpace</target><privacy>public</privacy><slide>1142404</slide><identity>krichard:30/07/2010 9:56:35 AM:2</identity></image></message>