<conversation><title>module III</title><author>jsheen</author><created>26/02/2010 11:00:57 AM</created><tag></tag><subject>jsheen</subject><jid>625400</jid><permissions><studentCanPublish>false</studentCanPublish><studentCanOpenFriends>false</studentCanOpenFriends><usersAreCompulsorilySynced>true</usersAreCompulsorilySynced></permissions><slide><author>jsheen</author><id>625401</id><index>0</index><type>SLIDE</type></slide><slide><author>jsheen</author><id>625402</id><index>1</index><type>SLIDE</type></slide><slide><author>jsheen</author><id>625403</id><index>2</index><type>SLIDE</type></slide><slide><author>jsheen</author><id>625404</id><index>3</index><type>SLIDE</type></slide><slide><author>jsheen</author><id>625405</id><index>4</index><type>SLIDE</type></slide><slide><author>jsheen</author><id>625406</id><index>5</index><type>SLIDE</type></slide><slide><author>jsheen</author><id>625407</id><index>6</index><type>SLIDE</type></slide><slide><author>jsheen</author><id>625408</id><index>7</index><type>SLIDE</type></slide><slide><author>jsheen</author><id>625409</id><index>8</index><type>SLIDE</type></slide><slide><author>jsheen</author><id>625410</id><index>9</index><type>SLIDE</type></slide><slide><author>jsheen</author><id>625411</id><index>10</index><type>SLIDE</type></slide><slide><author>jsheen</author><id>625412</id><index>11</index><type>SLIDE</type></slide><slide><author>jsheen</author><id>625413</id><index>12</index><type>SLIDE</type></slide><slide><author>jsheen</author><id>625414</id><index>13</index><type>SLIDE</type></slide><slide><author>jsheen</author><id>625415</id><index>14</index><type>SLIDE</type></slide><slide><author>jsheen</author><id>625416</id><index>15</index><type>SLIDE</type></slide><slide><author>jsheen</author><id>625417</id><index>16</index><type>SLIDE</type></slide><slide><author>jsheen</author><id>625418</id><index>17</index><type>SLIDE</type></slide><slide><author>jsheen</author><id>625419</id><index>18</index><type>SLIDE</type></slide><slide><author>jsheen</author><id>625420</id><index>19</index><type>SLIDE</type></slide><slide><author>jsheen</author><id>625421</id><index>20</index><type>SLIDE</type></slide><slide><author>jsheen</author><id>625422</id><index>21</index><type>SLIDE</type></slide><slide><author>jsheen</author><id>625423</id><index>22</index><type>SLIDE</type></slide></conversation>