<conversation><title>Learning Spaces project lifecycle</title><author>nate</author><created>29/07/2010 10:19:02 AM</created><tag>eec</tag><subject>eEducation Centre</subject><jid>1135400</jid><permissions><studentCanPublish>true</studentCanPublish><studentCanOpenFriends>true</studentCanOpenFriends><usersAreCompulsorilySynced>false</usersAreCompulsorilySynced></permissions><slide><author>nate</author><id>1135401</id><index>0</index><type>SLIDE</type></slide><slide><author>nate</author><id>1135403</id><index>1</index><type>SLIDE</type></slide><slide><author>nate</author><id>1135404</id><index>2</index><type>SLIDE</type></slide><slide><author>nate</author><id>1135402</id><index>3</index><type>SLIDE</type></slide></conversation>