<conversation><title>a3</title><author>gibsonb</author><created>22/06/2010 5:07:08 PM</created><tag>unTagged</tag><subject>Unrestricted</subject><jid>58800</jid><permissions><studentCanPublish>false</studentCanPublish><studentCanOpenFriends>false</studentCanOpenFriends><usersAreCompulsorilySynced>true</usersAreCompulsorilySynced></permissions><slide><author>gibsonb</author><id>58801</id><index>0</index><exposed>False</exposed><type>SLIDE</type></slide><slide><author>gibsonb</author><id>58802</id><index>1</index><exposed>False</exposed><type>SLIDE</type></slide><slide><author>gibsonb</author><id>58803</id><index>2</index><exposed>False</exposed><type>SLIDE</type></slide><slide><author>gibsonb</author><id>58804</id><index>3</index><exposed>False</exposed><type>SLIDE</type></slide><slide><author>gibsonb</author><id>58805</id><index>4</index><exposed>False</exposed><type>SLIDE</type></slide><slide><author>gibsonb</author><id>58806</id><index>5</index><exposed>False</exposed><type>SLIDE</type></slide><slide><author>gibsonb</author><id>58807</id><index>6</index><exposed>False</exposed><type>SLIDE</type></slide><slide><author>gibsonb</author><id>58814</id><index>7</index><exposed>False</exposed><type>SLIDE</type></slide><slide><author>gibsonb</author><id>58815</id><index>8</index><exposed>False</exposed><type>SLIDE</type></slide><slide><author>gibsonb</author><id>58808</id><index>9</index><exposed>False</exposed><type>SLIDE</type></slide><slide><author>gibsonb</author><id>58809</id><index>10</index><exposed>False</exposed><type>SLIDE</type></slide><slide><author>gibsonb</author><id>58810</id><index>11</index><exposed>False</exposed><type>SLIDE</type></slide><slide><author>gibsonb</author><id>58811</id><index>12</index><exposed>False</exposed><type>SLIDE</type></slide><slide><author>gibsonb</author><id>58812</id><index>13</index><exposed>False</exposed><type>SLIDE</type></slide><slide><author>gibsonb</author><id>58813</id><index>14</index><exposed>False</exposed><type>SLIDE</type></slide></conversation>