<conversation><title>robits2k714</title><author>hagand</author><created>12/07/2010 5:37:13 PM</created><tag></tag><subject>Unrestricted</subject><jid>70400</jid><permissions><studentCanPublish>false</studentCanPublish><studentCanOpenFriends>false</studentCanOpenFriends><usersAreCompulsorilySynced>true</usersAreCompulsorilySynced></permissions><slide><author>hagand</author><id>70401</id><index>0</index><type>SLIDE</type></slide><slide><author>hagand</author><id>70402</id><index>1</index><type>SLIDE</type></slide><slide><author>hagand</author><id>70403</id><index>2</index><type>SLIDE</type></slide></conversation>