<conversation><title>(beards - Copy) sajames at 9/11/2010 10:32:17 AM</title><author>sajames</author><created>9/11/2010 10:32:53 AM</created><lastAccessed>9/11/2010 10:32:17 AM</lastAccessed><tag>unTagged</tag><subject>Unrestricted</subject><jid>144600</jid><permissions><studentCanPublish>false</studentCanPublish><studentCanOpenFriends>false</studentCanOpenFriends><usersAreCompulsorilySynced>true</usersAreCompulsorilySynced></permissions><slide><author>sajames</author><id>144401</id><index>0</index><defaultHeight>540</defaultHeight><defaultWidth>720</defaultWidth><exposed>False</exposed><type>SLIDE</type></slide><slide><author>sajames</author><id>144601</id><index>0</index><defaultHeight>540</defaultHeight><defaultWidth>720</defaultWidth><exposed>False</exposed><type>SLIDE</type></slide></conversation>