<conversation><title>Australian facts 1</title><author>gibsonb</author><created>14/10/2010 12:10:43 PM</created><lastAccessed>1/01/0001 12:00:00 AM</lastAccessed><tag>unTagged</tag><subject>Deleted</subject><jid>103000</jid><permissions><studentCanPublish>false</studentCanPublish><studentCanOpenFriends>false</studentCanOpenFriends><usersAreCompulsorilySynced>true</usersAreCompulsorilySynced></permissions><slide><author>gibsonb</author><id>103001</id><index>0</index><defaultHeight>540</defaultHeight><defaultWidth>720</defaultWidth><exposed>False</exposed><type>SLIDE</type></slide><slide><author>gibsonb</author><id>103002</id><index>1</index><defaultHeight>540</defaultHeight><defaultWidth>720</defaultWidth><exposed>False</exposed><type>SLIDE</type></slide><slide><author>gibsonb</author><id>103003</id><index>2</index><defaultHeight>540</defaultHeight><defaultWidth>720</defaultWidth><exposed>False</exposed><type>SLIDE</type></slide><slide><author>gibsonb</author><id>103004</id><index>3</index><defaultHeight>540</defaultHeight><defaultWidth>720</defaultWidth><exposed>False</exposed><type>SLIDE</type></slide><slide><author>gibsonb</author><id>103005</id><index>4</index><defaultHeight>540</defaultHeight><defaultWidth>720</defaultWidth><exposed>False</exposed><type>SLIDE</type></slide><slide><author>gibsonb</author><id>103006</id><index>5</index><defaultHeight>540</defaultHeight><defaultWidth>720</defaultWidth><exposed>False</exposed><type>SLIDE</type></slide><slide><author>gibsonb</author><id>103007</id><index>6</index><defaultHeight>540</defaultHeight><defaultWidth>720</defaultWidth><exposed>False</exposed><type>SLIDE</type></slide><slide><author>gibsonb</author><id>103008</id><index>7</index><defaultHeight>540</defaultHeight><defaultWidth>720</defaultWidth><exposed>False</exposed><type>SLIDE</type></slide><slide><author>gibsonb</author><id>103009</id><index>8</index><defaultHeight>540</defaultHeight><defaultWidth>720</defaultWidth><exposed>False</exposed><type>SLIDE</type></slide><slide><author>gibsonb</author><id>103010</id><index>9</index><defaultHeight>540</defaultHeight><defaultWidth>720</defaultWidth><exposed>False</exposed><type>SLIDE</type></slide><slide><author>gibsonb</author><id>103011</id><index>10</index><defaultHeight>540</defaultHeight><defaultWidth>720</defaultWidth><exposed>False</exposed><type>SLIDE</type></slide><slide><author>gibsonb</author><id>103012</id><index>11</index><defaultHeight>540</defaultHeight><defaultWidth>720</defaultWidth><exposed>False</exposed><type>SLIDE</type></slide><slide><author>gibsonb</author><id>103013</id><index>12</index><defaultHeight>540</defaultHeight><defaultWidth>720</defaultWidth><exposed>False</exposed><type>SLIDE</type></slide></conversation>