<conversation><title>Richard-NBN-v2</title><author>richardr</author><created>17/08/2010 5:25:36 PM</created><tag></tag><subject>richardr</subject><jid>1221400</jid><permissions><studentCanPublish>false</studentCanPublish><studentCanOpenFriends>false</studentCanOpenFriends><usersAreCompulsorilySynced>true</usersAreCompulsorilySynced></permissions><slide><author>richardr</author><id>1221401</id><index>0</index><type>SLIDE</type></slide><slide><author>richardr</author><id>1221402</id><index>1</index><type>SLIDE</type></slide><slide><author>richardr</author><id>1221403</id><index>2</index><type>SLIDE</type></slide><slide><author>richardr</author><id>1221404</id><index>3</index><type>SLIDE</type></slide><slide><author>richardr</author><id>1221405</id><index>4</index><type>SLIDE</type></slide><slide><author>richardr</author><id>1221406</id><index>5</index><type>SLIDE</type></slide><slide><author>richardr</author><id>1221407</id><index>6</index><type>SLIDE</type></slide><slide><author>richardr</author><id>1221408</id><index>7</index><type>SLIDE</type></slide><slide><author>richardr</author><id>1221409</id><index>8</index><type>SLIDE</type></slide></conversation>