<conversation><title>Phillips Classical Jenny Casey</title><author>micphill</author><created>7/09/2010 10:15:45 AM</created><tag></tag><subject>micphill</subject><jid>1315400</jid><permissions><studentCanPublish>false</studentCanPublish><studentCanOpenFriends>false</studentCanOpenFriends><usersAreCompulsorilySynced>true</usersAreCompulsorilySynced></permissions><slide><author>micphill</author><id>1315401</id><index>0</index><type>SLIDE</type></slide><slide><author>micphill</author><id>1315402</id><index>1</index><type>SLIDE</type></slide><slide><author>micphill</author><id>1315403</id><index>2</index><type>SLIDE</type></slide><slide><author>micphill</author><id>1315404</id><index>3</index><type>SLIDE</type></slide><slide><author>micphill</author><id>1315405</id><index>4</index><type>SLIDE</type></slide><slide><author>micphill</author><id>1315406</id><index>5</index><type>SLIDE</type></slide><slide><author>micphill</author><id>1315407</id><index>6</index><type>SLIDE</type></slide><slide><author>micphill</author><id>1315408</id><index>7</index><type>SLIDE</type></slide><slide><author>micphill</author><id>1315409</id><index>8</index><type>SLIDE</type></slide><slide><author>micphill</author><id>1315410</id><index>9</index><type>SLIDE</type></slide><slide><author>micphill</author><id>1315411</id><index>10</index><type>SLIDE</type></slide><slide><author>micphill</author><id>1315412</id><index>11</index><type>SLIDE</type></slide><slide><author>micphill</author><id>1315413</id><index>12</index><type>SLIDE</type></slide><slide><author>micphill</author><id>1315414</id><index>13</index><type>SLIDE</type></slide><slide><author>micphill</author><id>1315415</id><index>14</index><type>SLIDE</type></slide><slide><author>micphill</author><id>1315416</id><index>15</index><type>SLIDE</type></slide><slide><author>micphill</author><id>1315417</id><index>16</index><type>SLIDE</type></slide><slide><author>micphill</author><id>1315418</id><index>17</index><type>SLIDE</type></slide><slide><author>micphill</author><id>1315419</id><index>18</index><type>SLIDE</type></slide><slide><author>micphill</author><id>1315420</id><index>19</index><type>SLIDE</type></slide><slide><author>micphill</author><id>1315421</id><index>20</index><type>SLIDE</type></slide><slide><author>micphill</author><id>1315422</id><index>21</index><type>SLIDE</type></slide><slide><author>micphill</author><id>1315423</id><index>22</index><type>SLIDE</type></slide></conversation>