<conversation><title>s15 control app design discussion</title><author>chagan</author><created>21/04/2010 2:39:46 PM</created><tag></tag><subject>Office of the Deputy Vice-Chancellor (Education)</subject><jid>923400</jid><permissions><studentCanPublish>true</studentCanPublish><studentCanOpenFriends>true</studentCanOpenFriends><usersAreCompulsorilySynced>false</usersAreCompulsorilySynced></permissions><slide><author>chagan</author><id>923401</id><index>0</index><type>SLIDE</type></slide><slide><author>chagan</author><id>923402</id><index>1</index><type>SLIDE</type></slide></conversation>