<conversation><title>prollycrash2</title><author>chagan</author><created>14/10/2010 9:38:50 PM</created><tag>unTagged</tag><subject>chagan</subject><jid>1433400</jid><permissions><studentCanPublish>false</studentCanPublish><studentCanOpenFriends>false</studentCanOpenFriends><usersAreCompulsorilySynced>true</usersAreCompulsorilySynced></permissions><slide><author>chagan</author><id>1433401</id><index>0</index><defaultHeight>540</defaultHeight><defaultWidth>720</defaultWidth><exposed>False</exposed><thumbnailUrl>/1433401/404.png</thumbnailUrl><type>SLIDE</type></slide><slide><author>chagan</author><id>1433402</id><index>1</index><defaultHeight>540</defaultHeight><defaultWidth>720</defaultWidth><exposed>False</exposed><thumbnailUrl>/1433402/404.png</thumbnailUrl><type>SLIDE</type></slide><slide><author>chagan</author><id>1433403</id><index>2</index><defaultHeight>540</defaultHeight><defaultWidth>720</defaultWidth><exposed>False</exposed><thumbnailUrl>/1433403/404.png</thumbnailUrl><type>SLIDE</type></slide><slide><author>chagan</author><id>1433404</id><index>3</index><defaultHeight>540</defaultHeight><defaultWidth>720</defaultWidth><exposed>False</exposed><thumbnailUrl>/1433404/404.png</thumbnailUrl><type>SLIDE</type></slide><slide><author>chagan</author><id>1433405</id><index>4</index><defaultHeight>540</defaultHeight><defaultWidth>720</defaultWidth><exposed>False</exposed><thumbnailUrl>/1433405/404.png</thumbnailUrl><type>SLIDE</type></slide><slide><author>chagan</author><id>1433406</id><index>5</index><defaultHeight>540</defaultHeight><defaultWidth>720</defaultWidth><exposed>False</exposed><thumbnailUrl>/1433406/404.png</thumbnailUrl><type>SLIDE</type></slide><slide><author>chagan</author><id>1433407</id><index>6</index><defaultHeight>540</defaultHeight><defaultWidth>720</defaultWidth><exposed>False</exposed><thumbnailUrl>/1433407/404.png</thumbnailUrl><type>SLIDE</type></slide><slide><author>chagan</author><id>1433408</id><index>7</index><defaultHeight>540</defaultHeight><defaultWidth>720</defaultWidth><exposed>False</exposed><thumbnailUrl>/1433408/404.png</thumbnailUrl><type>SLIDE</type></slide><slide><author>chagan</author><id>1433409</id><index>8</index><defaultHeight>540</defaultHeight><defaultWidth>720</defaultWidth><exposed>False</exposed><thumbnailUrl>/1433409/404.png</thumbnailUrl><type>SLIDE</type></slide><slide><author>chagan</author><id>1433410</id><index>9</index><defaultHeight>540</defaultHeight><defaultWidth>720</defaultWidth><exposed>False</exposed><thumbnailUrl>/1433410/404.png</thumbnailUrl><type>SLIDE</type></slide><slide><author>chagan</author><id>1433411</id><index>10</index><defaultHeight>540</defaultHeight><defaultWidth>720</defaultWidth><exposed>False</exposed><thumbnailUrl>/1433411/404.png</thumbnailUrl><type>SLIDE</type></slide><slide><author>chagan</author><id>1433412</id><index>11</index><defaultHeight>540</defaultHeight><defaultWidth>720</defaultWidth><exposed>False</exposed><thumbnailUrl>/1433412/404.png</thumbnailUrl><type>SLIDE</type></slide><slide><author>chagan</author><id>1433413</id><index>12</index><defaultHeight>540</defaultHeight><defaultWidth>720</defaultWidth><exposed>False</exposed><thumbnailUrl>/1433413/404.png</thumbnailUrl><type>SLIDE</type></slide><slide><author>chagan</author><id>1433414</id><index>13</index><defaultHeight>540</defaultHeight><defaultWidth>720</defaultWidth><exposed>False</exposed><thumbnailUrl>/1433414/404.png</thumbnailUrl><type>SLIDE</type></slide><slide><author>chagan</author><id>1433415</id><index>14</index><defaultHeight>540</defaultHeight><defaultWidth>720</defaultWidth><exposed>False</exposed><thumbnailUrl>/1433415/404.png</thumbnailUrl><type>SLIDE</type></slide><slide><author>chagan</author><id>1433416</id><index>15</index><defaultHeight>540</defaultHeight><defaultWidth>720</defaultWidth><exposed>False</exposed><thumbnailUrl>/1433416/404.png</thumbnailUrl><type>SLIDE</type></slide><slide><author>chagan</author><id>1433417</id><index>16</index><defaultHeight>540</defaultHeight><defaultWidth>720</defaultWidth><exposed>False</exposed><thumbnailUrl>/1433417/404.png</thumbnailUrl><type>SLIDE</type></slide><slide><author>chagan</author><id>1433418</id><index>17</index><defaultHeight>540</defaultHeight><defaultWidth>720</defaultWidth><exposed>False</exposed><thumbnailUrl>/1433418/404.png</thumbnailUrl><type>SLIDE</type></slide><slide><author>chagan</author><id>1433419</id><index>18</index><defaultHeight>540</defaultHeight><defaultWidth>720</defaultWidth><exposed>False</exposed><thumbnailUrl>/1433419/404.png</thumbnailUrl><type>SLIDE</type></slide><slide><author>chagan</author><id>1433420</id><index>19</index><defaultHeight>540</defaultHeight><defaultWidth>720</defaultWidth><exposed>False</exposed><thumbnailUrl>/1433420/404.png</thumbnailUrl><type>SLIDE</type></slide><slide><author>chagan</author><id>1433421</id><index>20</index><defaultHeight>540</defaultHeight><defaultWidth>720</defaultWidth><exposed>False</exposed><thumbnailUrl>/1433421/404.png</thumbnailUrl><type>SLIDE</type></slide><slide><author>chagan</author><id>1433422</id><index>21</index><defaultHeight>540</defaultHeight><defaultWidth>720</defaultWidth><exposed>False</exposed><thumbnailUrl>/1433422/404.png</thumbnailUrl><type>SLIDE</type></slide><slide><author>chagan</author><id>1433423</id><index>22</index><defaultHeight>540</defaultHeight><defaultWidth>720</defaultWidth><exposed>False</exposed><thumbnailUrl>/1433423/404.png</thumbnailUrl><type>SLIDE</type></slide><slide><author>chagan</author><id>1433424</id><index>23</index><defaultHeight>540</defaultHeight><defaultWidth>720</defaultWidth><exposed>False</exposed><thumbnailUrl>/1433424/404.png</thumbnailUrl><type>SLIDE</type></slide><slide><author>chagan</author><id>1433425</id><index>24</index><defaultHeight>540</defaultHeight><defaultWidth>720</defaultWidth><exposed>False</exposed><thumbnailUrl>/1433425/404.png</thumbnailUrl><type>SLIDE</type></slide><slide><author>chagan</author><id>1433426</id><index>25</index><defaultHeight>540</defaultHeight><defaultWidth>720</defaultWidth><exposed>False</exposed><thumbnailUrl>/1433426/404.png</thumbnailUrl><type>SLIDE</type></slide><slide><author>chagan</author><id>1433427</id><index>26</index><defaultHeight>540</defaultHeight><defaultWidth>720</defaultWidth><exposed>False</exposed><thumbnailUrl>/1433427/404.png</thumbnailUrl><type>SLIDE</type></slide><slide><author>chagan</author><id>1433428</id><index>27</index><defaultHeight>540</defaultHeight><defaultWidth>720</defaultWidth><exposed>False</exposed><thumbnailUrl>/1433428/404.png</thumbnailUrl><type>SLIDE</type></slide><slide><author>chagan</author><id>1433429</id><index>28</index><defaultHeight>540</defaultHeight><defaultWidth>720</defaultWidth><exposed>False</exposed><thumbnailUrl>/1433429/404.png</thumbnailUrl><type>SLIDE</type></slide><slide><author>chagan</author><id>1433430</id><index>29</index><defaultHeight>540</defaultHeight><defaultWidth>720</defaultWidth><exposed>False</exposed><thumbnailUrl>/1433430/404.png</thumbnailUrl><type>SLIDE</type></slide><slide><author>chagan</author><id>1433431</id><index>30</index><defaultHeight>540</defaultHeight><defaultWidth>720</defaultWidth><exposed>False</exposed><thumbnailUrl>/1433431/404.png</thumbnailUrl><type>SLIDE</type></slide><slide><author>chagan</author><id>1433432</id><index>31</index><defaultHeight>540</defaultHeight><defaultWidth>720</defaultWidth><exposed>False</exposed><thumbnailUrl>/1433432/404.png</thumbnailUrl><type>SLIDE</type></slide><slide><author>chagan</author><id>1433433</id><index>32</index><defaultHeight>540</defaultHeight><defaultWidth>720</defaultWidth><exposed>False</exposed><thumbnailUrl>/1433433/404.png</thumbnailUrl><type>SLIDE</type></slide><slide><author>chagan</author><id>1433434</id><index>33</index><defaultHeight>540</defaultHeight><defaultWidth>720</defaultWidth><exposed>False</exposed><thumbnailUrl>/1433434/404.png</thumbnailUrl><type>SLIDE</type></slide><slide><author>chagan</author><id>1433435</id><index>34</index><defaultHeight>540</defaultHeight><defaultWidth>720</defaultWidth><exposed>False</exposed><thumbnailUrl>/1433435/404.png</thumbnailUrl><type>SLIDE</type></slide><slide><author>chagan</author><id>1433436</id><index>35</index><defaultHeight>540</defaultHeight><defaultWidth>720</defaultWidth><exposed>False</exposed><thumbnailUrl>/1433436/404.png</thumbnailUrl><type>SLIDE</type></slide><slide><author>chagan</author><id>1433437</id><index>36</index><defaultHeight>540</defaultHeight><defaultWidth>720</defaultWidth><exposed>False</exposed><thumbnailUrl>/1433437/404.png</thumbnailUrl><type>SLIDE</type></slide></conversation>