<conversation><title>myLS video</title><author>chagan</author><created>20/05/2010 8:35:40 AM</created><tag>unTagged</tag><subject>eEducation Centre</subject><jid>34600</jid><permissions><studentCanPublish>true</studentCanPublish><studentCanOpenFriends>true</studentCanOpenFriends><usersAreCompulsorilySynced>true</usersAreCompulsorilySynced></permissions><slide><author>chagan</author><id>34601</id><index>0</index><type>SLIDE</type></slide><slide><author>chagan</author><id>34602</id><index>1</index><type>SLIDE</type></slide></conversation>