<conversation><title>Phillips Constructing an Argument Jenny Trial</title><author>micphill</author><created>7/09/2010 10:26:41 AM</created><tag></tag><subject>Unrestricted</subject><jid>1316400</jid><permissions><studentCanPublish>true</studentCanPublish><studentCanOpenFriends>true</studentCanOpenFriends><usersAreCompulsorilySynced>false</usersAreCompulsorilySynced></permissions><slide><author>micphill</author><id>1316401</id><index>0</index><type>SLIDE</type></slide><slide><author>micphill</author><id>1316425</id><index>1</index><type>SLIDE</type></slide><slide><author>micphill</author><id>1316424</id><index>2</index><type>SLIDE</type></slide><slide><author>micphill</author><id>1316402</id><index>3</index><type>SLIDE</type></slide><slide><author>micphill</author><id>1316403</id><index>4</index><type>SLIDE</type></slide><slide><author>micphill</author><id>1316404</id><index>5</index><type>SLIDE</type></slide><slide><author>micphill</author><id>1316405</id><index>6</index><type>SLIDE</type></slide><slide><author>micphill</author><id>1316406</id><index>7</index><type>SLIDE</type></slide><slide><author>micphill</author><id>1316407</id><index>8</index><type>SLIDE</type></slide><slide><author>micphill</author><id>1316408</id><index>9</index><type>SLIDE</type></slide><slide><author>micphill</author><id>1316409</id><index>10</index><type>SLIDE</type></slide><slide><author>micphill</author><id>1316410</id><index>11</index><type>SLIDE</type></slide><slide><author>micphill</author><id>1316411</id><index>12</index><type>SLIDE</type></slide><slide><author>micphill</author><id>1316412</id><index>13</index><type>SLIDE</type></slide><slide><author>micphill</author><id>1316413</id><index>14</index><type>SLIDE</type></slide><slide><author>micphill</author><id>1316414</id><index>15</index><type>SLIDE</type></slide><slide><author>micphill</author><id>1316415</id><index>16</index><type>SLIDE</type></slide><slide><author>micphill</author><id>1316416</id><index>17</index><type>SLIDE</type></slide><slide><author>micphill</author><id>1316417</id><index>18</index><type>SLIDE</type></slide><slide><author>micphill</author><id>1316418</id><index>19</index><type>SLIDE</type></slide><slide><author>micphill</author><id>1316419</id><index>20</index><type>SLIDE</type></slide><slide><author>micphill</author><id>1316420</id><index>21</index><type>SLIDE</type></slide><slide><author>micphill</author><id>1316421</id><index>22</index><type>SLIDE</type></slide><slide><author>micphill</author><id>1316422</id><index>23</index><type>SLIDE</type></slide><slide><author>micphill</author><id>1316423</id><index>24</index><type>SLIDE</type></slide></conversation>