<conversation><title>robits2k79</title><author>hagand</author><created>12/07/2010 2:17:44 PM</created><tag></tag><subject>Unrestricted</subject><jid>69400</jid><permissions><studentCanPublish>false</studentCanPublish><studentCanOpenFriends>false</studentCanOpenFriends><usersAreCompulsorilySynced>true</usersAreCompulsorilySynced></permissions><slide><author>hagand</author><id>69401</id><index>0</index><type>SLIDE</type></slide><slide><author>hagand</author><id>69402</id><index>1</index><type>SLIDE</type></slide><slide><author>hagand</author><id>69403</id><index>2</index><type>SLIDE</type></slide></conversation>