<conversation><title>gordon demo hq</title><author>hagand</author><created>6/07/2010 9:43:29 AM</created><tag>unTagged</tag><subject>Unrestricted</subject><jid>62800</jid><permissions><studentCanPublish>true</studentCanPublish><studentCanOpenFriends>true</studentCanOpenFriends><usersAreCompulsorilySynced>false</usersAreCompulsorilySynced></permissions><slide><author>hagand</author><id>62801</id><index>0</index><type>SLIDE</type></slide><slide><author>hagand</author><id>62802</id><index>1</index><type>SLIDE</type></slide><slide><author>hagand</author><id>62803</id><index>2</index><type>SLIDE</type></slide><slide><author>hagand</author><id>62804</id><index>3</index><type>SLIDE</type></slide><slide><author>hagand</author><id>62805</id><index>4</index><type>SLIDE</type></slide><slide><author>hagand</author><id>62806</id><index>5</index><type>SLIDE</type></slide><slide><author>hagand</author><id>62807</id><index>6</index><type>SLIDE</type></slide></conversation>