<conversation><title>2k3ssslideinstruc</title><author>rossr</author><created>13/07/2010 9:34:04 AM</created><tag></tag><subject>Unrestricted</subject><jid>77000</jid><permissions><studentCanPublish>false</studentCanPublish><studentCanOpenFriends>false</studentCanOpenFriends><usersAreCompulsorilySynced>true</usersAreCompulsorilySynced></permissions><slide><author>rossr</author><id>77001</id><index>0</index><type>SLIDE</type></slide><slide><author>rossr</author><id>77002</id><index>1</index><type>SLIDE</type></slide><slide><author>rossr</author><id>77003</id><index>2</index><type>SLIDE</type></slide></conversation>