<conversation><title>robit2k73</title><author>rossr</author><created>12/07/2010 10:42:36 AM</created><tag></tag><subject>Unrestricted</subject><jid>66400</jid><permissions><studentCanPublish>false</studentCanPublish><studentCanOpenFriends>false</studentCanOpenFriends><usersAreCompulsorilySynced>true</usersAreCompulsorilySynced></permissions><slide><author>rossr</author><id>66401</id><index>0</index><type>SLIDE</type></slide><slide><author>rossr</author><id>66402</id><index>1</index><type>SLIDE</type></slide><slide><author>rossr</author><id>66403</id><index>2</index><type>SLIDE</type></slide></conversation>