<logCollection date='{2010,3,2}'><message xml:lang='en' to='642416@conference.reifier.adm.monash.edu.au' from='eastwood@reifier.adm.monash.edu.au' type='groupchat' time='1267499841442'><image xmlns='monash:metl'><tag>{&quot;author&quot;:&quot;eastwood&quot;,&quot;privacy&quot;:&quot;public&quot;,&quot;id&quot;:&quot;eastwood:2/03/2010 2:19:05 PM:0&quot;,&quot;isBackground&quot;:true,&quot;zIndex&quot;:0}</tag><source>/Resource/642416/background53.jpg</source><width>NaN</width><height>NaN</height><x>0</x><y>0</y><author>eastwood</author><target>presentationSpace</target><privacy>public</privacy><slide>642416</slide><identity>eastwood:2/03/2010 2:19:05 PM:0</identity></image></message><message xml:lang='en' to='642416@conference.reifier.adm.monash.edu.au' from='eastwood@reifier.adm.monash.edu.au' type='groupchat' time='1267499842149'><image xmlns='monash:metl'><tag>{&quot;author&quot;:&quot;eastwood&quot;,&quot;privacy&quot;:&quot;public&quot;,&quot;id&quot;:&quot;eastwood:2/03/2010 2:19:06 PM:1&quot;,&quot;isBackground&quot;:false,&quot;zIndex&quot;:0}</tag><source>/Resource/642416/background54.jpg</source><width>NaN</width><height>NaN</height><x>14.1250391</x><y>105.625038</y><author>eastwood</author><target>presentationSpace</target><privacy>public</privacy><slide>642416</slide><identity>eastwood:2/03/2010 2:19:06 PM:1</identity></image></message><message xml:lang='en' to='642416@conference.reifier.adm.monash.edu.au' from='eastwood@reifier.adm.monash.edu.au' type='groupchat' time='1267499842149'><image xmlns='monash:metl'><tag>{&quot;author&quot;:&quot;eastwood&quot;,&quot;privacy&quot;:&quot;public&quot;,&quot;id&quot;:&quot;eastwood:2/03/2010 2:19:06 PM:2&quot;,&quot;isBackground&quot;:false,&quot;zIndex&quot;:0}</tag><source>/Resource/642416/background55.jpg</source><width>NaN</width><height>NaN</height><x>326</x><y>111.25</y><author>eastwood</author><target>presentationSpace</target><privacy>public</privacy><slide>642416</slide><identity>eastwood:2/03/2010 2:19:06 PM:2</identity></image></message><message xml:lang='en' to='642416@conference.reifier.adm.monash.edu.au' from='eastwood@reifier.adm.monash.edu.au' type='groupchat' time='1267499842151'><image xmlns='monash:metl'><tag>{&quot;author&quot;:&quot;eastwood&quot;,&quot;privacy&quot;:&quot;public&quot;,&quot;id&quot;:&quot;eastwood:2/03/2010 2:19:06 PM:3&quot;,&quot;isBackground&quot;:false,&quot;zIndex&quot;:0}</tag><source>/Resource/642416/background56.jpg</source><width>NaN</width><height>NaN</height><x>54</x><y>19.5</y><author>eastwood</author><target>presentationSpace</target><privacy>public</privacy><slide>642416</slide><identity>eastwood:2/03/2010 2:19:06 PM:3</identity></image></message>