<logCollection date='{2010,7,30}'><message xml:lang='en' to='1142400@conference.deified.adm.monash.edu.au' from='krichard@deified.adm.monash.edu.au' type='groupchat' time='1280456548875'><body>/SYNC_MOVE 1142419</body></message><message xml:lang='en' to='1142400@conference.deified.adm.monash.edu.au' from='krichard@deified.adm.monash.edu.au' type='groupchat' time='1280456558884'><body>/SYNC_MOVE 1142420</body></message><message xml:lang='en' to='1142400@conference.deified.adm.monash.edu.au' from='krichard@deified.adm.monash.edu.au' type='groupchat' time='1280456569192'><body>/SYNC_MOVE 1142421</body></message><message xml:lang='en' to='1142400@conference.deified.adm.monash.edu.au' from='krichard@deified.adm.monash.edu.au' type='groupchat' time='1280456583553'><body>/SYNC_MOVE 1142421</body></message><message xml:lang='en' to='1142400@conference.deified.adm.monash.edu.au' from='krichard@deified.adm.monash.edu.au' type='groupchat' time='1280456725367'><body>/SYNC_MOVE 1142420</body></message><message xml:lang='en' to='1142400@conference.deified.adm.monash.edu.au' from='krichard@deified.adm.monash.edu.au' type='groupchat' time='1280456725647'><body>/SYNC_MOVE 1142419</body></message><message xml:lang='en' to='1142400@conference.deified.adm.monash.edu.au' from='krichard@deified.adm.monash.edu.au' type='groupchat' time='1280456730040'><body>/SYNC_MOVE 1142404</body></message><message xml:lang='en' to='1142400@conference.deified.adm.monash.edu.au' from='krichard@deified.adm.monash.edu.au' type='groupchat' time='1280457176055'><body>/SYNC_MOVE 1142421</body></message><message xml:lang='en' to='1142400@conference.deified.adm.monash.edu.au' from='krichard@deified.adm.monash.edu.au' type='groupchat' time='1280457244571'><body>/SYNC_MOVE 1142420</body></message><message xml:lang='en' to='1142400@conference.deified.adm.monash.edu.au' from='krichard@deified.adm.monash.edu.au' type='groupchat' time='1280457447802'><body>/SYNC_MOVE 1142419</body></message><message xml:lang='en' to='1142400@conference.deified.adm.monash.edu.au' from='krichard@deified.adm.monash.edu.au' type='groupchat' time='1280457597399'><body>/SYNC_MOVE 1142405</body></message><message xml:lang='en' to='1142400@conference.deified.adm.monash.edu.au' from='krichard@deified.adm.monash.edu.au' type='groupchat' time='1280457985794'><body>/SYNC_MOVE 1142406</body></message><message xml:lang='en' to='1142400@conference.deified.adm.monash.edu.au' from='krichard@deified.adm.monash.edu.au' type='groupchat' time='1280458009103'><body>/SYNC_MOVE 1142407</body></message><message xml:lang='en' to='1142400@conference.deified.adm.monash.edu.au' from='krichard@deified.adm.monash.edu.au' type='groupchat' time='1280458011262'><body>/SYNC_MOVE 1142408</body></message><message xml:lang='en' to='1142400@conference.deified.adm.monash.edu.au' from='krichard@deified.adm.monash.edu.au' type='groupchat' time='1280458012733'><body>/SYNC_MOVE 1142409</body></message><message xml:lang='en' to='1142400@conference.deified.adm.monash.edu.au' from='krichard@deified.adm.monash.edu.au' type='groupchat' time='1280458014172'><body>/SYNC_MOVE 1142407</body></message><message xml:lang='en' to='1142400@conference.deified.adm.monash.edu.au' from='krichard@deified.adm.monash.edu.au' type='groupchat' time='1280458016520'><body>/SYNC_MOVE 1142406</body></message><message xml:lang='en' to='1142400@conference.deified.adm.monash.edu.au' from='krichard@deified.adm.monash.edu.au' type='groupchat' time='1280458017493'><body>/SYNC_MOVE 1142405</body></message><message xml:lang='en' to='1142400@conference.deified.adm.monash.edu.au' from='krichard@deified.adm.monash.edu.au' type='groupchat' time='1280458029091'><body>/SYNC_MOVE 1142408</body></message><message xml:lang='en' to='1142400@conference.deified.adm.monash.edu.au' from='krichard@deified.adm.monash.edu.au' type='groupchat' time='1280458031333'><body>/SYNC_MOVE 1142410</body></message><message xml:lang='en' to='1142400@conference.deified.adm.monash.edu.au' from='krichard@deified.adm.monash.edu.au' type='groupchat' time='1280458032163'><body>/SYNC_MOVE 1142411</body></message><message xml:lang='en' to='1142400@conference.deified.adm.monash.edu.au' from='krichard@deified.adm.monash.edu.au' type='groupchat' time='1280458033345'><body>/SYNC_MOVE 1142412</body></message><message xml:lang='en' to='1142400@conference.deified.adm.monash.edu.au' from='krichard@deified.adm.monash.edu.au' type='groupchat' time='1280458342765'><body>/SYNC_MOVE 1142413</body></message><message xml:lang='en' to='1142400@conference.deified.adm.monash.edu.au' from='krichard@deified.adm.monash.edu.au' type='groupchat' time='1280458360108'><body>/SYNC_MOVE 1142412</body></message><message xml:lang='en' to='1142400@conference.deified.adm.monash.edu.au' from='krichard@deified.adm.monash.edu.au' type='groupchat' time='1280458945065'><body>/SYNC_MOVE 1142413</body></message><message xml:lang='en' to='1142400@conference.deified.adm.monash.edu.au' from='krichard@deified.adm.monash.edu.au' type='groupchat' time='1280458945164'><body>/SYNC_MOVE 1142410</body></message><message xml:lang='en' to='1142400@conference.deified.adm.monash.edu.au' from='krichard@deified.adm.monash.edu.au' type='groupchat' time='1280458945164'><body>/SYNC_MOVE 1142412</body></message><message xml:lang='en' to='1142400@conference.deified.adm.monash.edu.au' from='krichard@deified.adm.monash.edu.au' type='groupchat' time='1280458945254'><body>/SYNC_MOVE 1142411</body></message><message xml:lang='en' to='1142400@conference.deified.adm.monash.edu.au' from='krichard@deified.adm.monash.edu.au' type='groupchat' time='1280458945532'><body>/SYNC_MOVE 1142415</body></message><message xml:lang='en' to='1142400@conference.deified.adm.monash.edu.au' from='krichard@deified.adm.monash.edu.au' type='groupchat' time='1280458945571'><body>/SYNC_MOVE 1142414</body></message><message xml:lang='en' to='1142400@conference.deified.adm.monash.edu.au' from='krichard@deified.adm.monash.edu.au' type='groupchat' time='1280458945670'><body>/SYNC_MOVE 1142409</body></message><message xml:lang='en' to='1142400@conference.deified.adm.monash.edu.au' from='krichard@deified.adm.monash.edu.au' type='groupchat' time='1280458945847'><body>/SYNC_MOVE 1142416</body></message><message xml:lang='en' to='1142400@conference.deified.adm.monash.edu.au' from='krichard@deified.adm.monash.edu.au' type='groupchat' time='1280458946355'><body>/SYNC_MOVE 1142417</body></message><message xml:lang='en' to='1142400@conference.deified.adm.monash.edu.au' from='krichard@deified.adm.monash.edu.au' type='groupchat' time='1280458950438'><body>/SYNC_MOVE 1142416</body></message><message xml:lang='en' to='1142400@conference.deified.adm.monash.edu.au' from='krichard@deified.adm.monash.edu.au' type='groupchat' time='1280458955888'><body>/SYNC_MOVE 1142415</body></message><message xml:lang='en' to='1142400@conference.deified.adm.monash.edu.au' from='krichard@deified.adm.monash.edu.au' type='groupchat' time='1280458962982'><body>/SYNC_MOVE 1142414</body></message><message xml:lang='en' to='1142400@conference.deified.adm.monash.edu.au' from='krichard@deified.adm.monash.edu.au' type='groupchat' time='1280458968044'><body>/SYNC_MOVE 1142413</body></message><message xml:lang='en' to='1142400@conference.deified.adm.monash.edu.au' from='krichard@deified.adm.monash.edu.au' type='groupchat' time='1280458974569'><body>/SYNC_MOVE 1142412</body></message><message xml:lang='en' to='1142400@conference.deified.adm.monash.edu.au' from='krichard@deified.adm.monash.edu.au' type='groupchat' time='1280458978647'><body>/SYNC_MOVE 1142411</body></message><message xml:lang='en' to='1142400@conference.deified.adm.monash.edu.au' from='krichard@deified.adm.monash.edu.au' type='groupchat' time='1280458981528'><body>/SYNC_MOVE 1142410</body></message><message xml:lang='en' to='1142400@conference.deified.adm.monash.edu.au' from='krichard@deified.adm.monash.edu.au' type='groupchat' time='1280459598249'><body>/SYNC_MOVE 1142416</body></message><message xml:lang='en' to='1142400@conference.deified.adm.monash.edu.au' from='krichard@deified.adm.monash.edu.au' type='groupchat' time='1280459599386'><body>/SYNC_MOVE 1142415</body></message><message xml:lang='en' to='1142400@conference.deified.adm.monash.edu.au' from='krichard@deified.adm.monash.edu.au' type='groupchat' time='1280459671932'><body>/SYNC_MOVE 1142422</body></message><message xml:lang='en' to='1142400@conference.deified.adm.monash.edu.au' from='krichard@deified.adm.monash.edu.au' type='groupchat' time='1280459686776'><body>/SYNC_MOVE 1142423</body></message><message xml:lang='en' to='1142400@conference.deified.adm.monash.edu.au' from='krichard@deified.adm.monash.edu.au' type='groupchat' time='1280459695881'><body>/SYNC_MOVE 1142424</body></message><message xml:lang='en' to='1142400@conference.deified.adm.monash.edu.au' from='krichard@deified.adm.monash.edu.au' type='groupchat' time='1280459711467'><body>/SYNC_MOVE 1142425</body></message><message xml:lang='en' to='1142400@conference.deified.adm.monash.edu.au' from='krichard@deified.adm.monash.edu.au' type='groupchat' time='1280459722638'><body>/SYNC_MOVE 1142426</body></message><message xml:lang='en' to='1142400@conference.deified.adm.monash.edu.au' from='krichard@deified.adm.monash.edu.au' type='groupchat' time='1280459736555'><body>/SYNC_MOVE 1142427</body></message><message xml:lang='en' to='1142400@conference.deified.adm.monash.edu.au' from='krichard@deified.adm.monash.edu.au' type='groupchat' time='1280459747625'><body>/SYNC_MOVE 1142415</body></message><message xml:lang='en' to='1142400@conference.deified.adm.monash.edu.au' from='krichard@deified.adm.monash.edu.au' type='groupchat' time='1280459907048'><body>/SYNC_MOVE 1142422</body></message><message xml:lang='en' to='1142400@conference.deified.adm.monash.edu.au' from='krichard@deified.adm.monash.edu.au' type='groupchat' time='1280459908366'><body>/SYNC_MOVE 1142423</body></message><message xml:lang='en' to='1142400@conference.deified.adm.monash.edu.au' from='krichard@deified.adm.monash.edu.au' type='groupchat' time='1280459909293'><body>/SYNC_MOVE 1142424</body></message><message xml:lang='en' to='1142400@conference.deified.adm.monash.edu.au' from='krichard@deified.adm.monash.edu.au' type='groupchat' time='1280459911399'><body>/SYNC_MOVE 1142425</body></message><message xml:lang='en' to='1142400@conference.deified.adm.monash.edu.au' from='krichard@deified.adm.monash.edu.au' type='groupchat' time='1280459912803'><body>/SYNC_MOVE 1142426</body></message><message xml:lang='en' to='1142400@conference.deified.adm.monash.edu.au' from='krichard@deified.adm.monash.edu.au' type='groupchat' time='1280459921681'><body>/SYNC_MOVE 1142411</body></message><message xml:lang='en' to='1142400@conference.deified.adm.monash.edu.au' from='krichard@deified.adm.monash.edu.au' type='groupchat' time='1280459923715'><body>/SYNC_MOVE 1142412</body></message><message xml:lang='en' to='1142400@conference.deified.adm.monash.edu.au' from='krichard@deified.adm.monash.edu.au' type='groupchat' time='1280459925381'><body>/SYNC_MOVE 1142413</body></message><message xml:lang='en' to='1142400@conference.deified.adm.monash.edu.au' from='krichard@deified.adm.monash.edu.au' type='groupchat' time='1280459927279'><body>/SYNC_MOVE 1142415</body></message><message xml:lang='en' to='1142400@conference.deified.adm.monash.edu.au' from='krichard@deified.adm.monash.edu.au' type='groupchat' time='1280460573937'><body>/SYNC_MOVE 1142422</body></message><message xml:lang='en' to='1142400@conference.deified.adm.monash.edu.au' from='krichard@deified.adm.monash.edu.au' type='groupchat' time='1280460684520'><body>/SYNC_MOVE 1142413</body></message><message xml:lang='en' to='1142400@conference.deified.adm.monash.edu.au' from='krichard@deified.adm.monash.edu.au' type='groupchat' time='1280460686698'><body>/SYNC_MOVE 1142415</body></message><message xml:lang='en' to='1142400@conference.deified.adm.monash.edu.au' from='krichard@deified.adm.monash.edu.au' type='groupchat' time='1280460690193'><body>/SYNC_MOVE 1142422</body></message><message xml:lang='en' to='1142400@conference.deified.adm.monash.edu.au' from='krichard@deified.adm.monash.edu.au' type='groupchat' time='1280460733879'><body>/SYNC_MOVE 1142423</body></message><message xml:lang='en' to='1142400@conference.deified.adm.monash.edu.au' from='krichard@deified.adm.monash.edu.au' type='groupchat' time='1280460837816'><body>/SYNC_MOVE 1142424</body></message><message xml:lang='en' to='1142400@conference.deified.adm.monash.edu.au' from='krichard@deified.adm.monash.edu.au' type='groupchat' time='1280460847402'><body>/SYNC_MOVE 1142425</body></message><message xml:lang='en' to='1142400@conference.deified.adm.monash.edu.au' from='krichard@deified.adm.monash.edu.au' type='groupchat' time='1280460851473'><body>/SYNC_MOVE 1142424</body></message><message xml:lang='en' to='1142400@conference.deified.adm.monash.edu.au' from='krichard@deified.adm.monash.edu.au' type='groupchat' time='1280461108343'><body>/SYNC_MOVE 1142425</body></message><message xml:lang='en' to='1142400@conference.deified.adm.monash.edu.au' from='krichard@deified.adm.monash.edu.au' type='groupchat' time='1280461223551'><body>/SYNC_MOVE 1142426</body></message><message xml:lang='en' to='1142400@conference.deified.adm.monash.edu.au' from='krichard@deified.adm.monash.edu.au' type='groupchat' time='1280461336032'><body>/SYNC_MOVE 1142427</body></message><message xml:lang='en' to='1142400@conference.deified.adm.monash.edu.au' from='krichard@deified.adm.monash.edu.au' type='groupchat' time='1280461429548'><body>/SYNC_MOVE 1142418</body></message><message xml:lang='en' to='1142400@conference.deified.adm.monash.edu.au' from='krichard@deified.adm.monash.edu.au' type='groupchat' time='1280461431258'><body>/SYNC_MOVE 1142402</body></message><message xml:lang='en' to='1142400@conference.deified.adm.monash.edu.au' from='krichard@deified.adm.monash.edu.au' type='groupchat' time='1280461433893'><body>/SYNC_MOVE 1142403</body></message>