<conversation><title>thought screenshot demo</title><author>sajames</author><created>16/06/2010 2:43:42 PM</created><tag>unTagged</tag><subject>sajames</subject><jid>53400</jid><permissions><studentCanPublish>false</studentCanPublish><studentCanOpenFriends>false</studentCanOpenFriends><usersAreCompulsorilySynced>true</usersAreCompulsorilySynced></permissions><slide><author>sajames</author><id>53401</id><index>0</index><exposed>False</exposed><type>SLIDE</type></slide><slide><author>sajames</author><id>53404</id><index>1</index><exposed>False</exposed><type>SLIDE</type></slide><slide><author>sajames</author><id>53403</id><index>2</index><exposed>False</exposed><type>THOUGHT</type></slide><slide><author>sajames</author><id>53402</id><index>3</index><exposed>False</exposed><type>THOUGHT</type></slide></conversation>