<conversation><title>Caleb Knoll - 25/3/2010 - Assessment Task 1 - NEH3001</title><author>cskno1</author><created>25/03/2010 2:40:31 PM</created><tag></tag><subject>cskno1</subject><jid>809400</jid><permissions><studentCanPublish>false</studentCanPublish><studentCanOpenFriends>false</studentCanOpenFriends><usersAreCompulsorilySynced>true</usersAreCompulsorilySynced></permissions><slide><author>cskno1</author><id>809401</id><index>0</index><type>SLIDE</type></slide><slide><author>cskno1</author><id>809412</id><index>1</index><type>SLIDE</type></slide><slide><author>cskno1</author><id>809402</id><index>2</index><type>SLIDE</type></slide><slide><author>cskno1</author><id>809403</id><index>3</index><type>SLIDE</type></slide><slide><author>cskno1</author><id>809404</id><index>4</index><type>SLIDE</type></slide><slide><author>cskno1</author><id>809406</id><index>5</index><type>SLIDE</type></slide><slide><author>cskno1</author><id>809405</id><index>6</index><type>SLIDE</type></slide><slide><author>cskno1</author><id>809413</id><index>7</index><type>SLIDE</type></slide><slide><author>cskno1</author><id>809409</id><index>8</index><type>SLIDE</type></slide><slide><author>cskno1</author><id>809414</id><index>9</index><type>SLIDE</type></slide><slide><author>cskno1</author><id>809410</id><index>10</index><type>SLIDE</type></slide><slide><author>cskno1</author><id>809408</id><index>11</index><type>SLIDE</type></slide><slide><author>cskno1</author><id>809415</id><index>12</index><type>SLIDE</type></slide><slide><author>cskno1</author><id>809407</id><index>13</index><type>SLIDE</type></slide><slide><author>cskno1</author><id>809411</id><index>14</index><type>SLIDE</type></slide></conversation>