<conversation><title>Testing 1207`~!@#$%^&amp;*()_-=+{}|:"&lt;&gt;?[]\;',./'&lt;/conversation&gt;&lt;/title&gt;</title><author>eecrole</author><created>12/07/2010 10:06:40 AM</created><tag>`~!@#$%^&amp;*()_-=+{}|:"&lt;&gt;?[]\;',./'&lt;/conversation&gt;&lt;/title&gt;</tag><subject>Unrestricted</subject><jid>65600</jid><permissions><studentCanPublish>false</studentCanPublish><studentCanOpenFriends>false</studentCanOpenFriends><usersAreCompulsorilySynced>true</usersAreCompulsorilySynced></permissions><slide><author>eecrole</author><id>65601</id><index>0</index><type>SLIDE</type></slide></conversation>