<conversation><title>katrina</title><author>micphill</author><created>29/10/2010 9:51:55 AM</created><tag></tag><subject>Unrestricted</subject><jid>1513400</jid><permissions><studentCanPublish>true</studentCanPublish><studentCanOpenFriends>true</studentCanOpenFriends><usersAreCompulsorilySynced>false</usersAreCompulsorilySynced></permissions><slide><author>micphill</author><id>1513401</id><index>0</index><type>SLIDE</type></slide><slide><author>micphill</author><id>1513402</id><index>1</index><type>SLIDE</type></slide><slide><author>micphill</author><id>1513403</id><index>2</index><type>SLIDE</type></slide></conversation>