<conversation><title>test22</title><author>gibsonb</author><created>6/09/2010 11:49:10 AM</created><lastAccessed>1/01/0001 12:00:00 AM</lastAccessed><tag>unTagged</tag><subject>Deleted</subject><jid>1311400</jid><permissions><studentCanPublish>false</studentCanPublish><studentCanOpenFriends>false</studentCanOpenFriends><usersAreCompulsorilySynced>true</usersAreCompulsorilySynced></permissions><slide><author>gibsonb</author><id>1311401</id><index>0</index><defaultHeight>0</defaultHeight><defaultWidth>0</defaultWidth><exposed>False</exposed><type>SLIDE</type></slide><slide><author>gibsonb</author><id>1311402</id><index>1</index><defaultHeight>0</defaultHeight><defaultWidth>0</defaultWidth><exposed>False</exposed><type>SLIDE</type></slide><slide><author>gibsonb</author><id>1311403</id><index>2</index><defaultHeight>0</defaultHeight><defaultWidth>0</defaultWidth><exposed>False</exposed><type>SLIDE</type></slide><slide><author>gibsonb</author><id>1311404</id><index>3</index><defaultHeight>0</defaultHeight><defaultWidth>0</defaultWidth><exposed>False</exposed><type>SLIDE</type></slide><slide><author>gibsonb</author><id>1311405</id><index>4</index><defaultHeight>0</defaultHeight><defaultWidth>0</defaultWidth><exposed>False</exposed><type>SLIDE</type></slide><slide><author>gibsonb</author><id>1311406</id><index>5</index><defaultHeight>0</defaultHeight><defaultWidth>0</defaultWidth><exposed>False</exposed><type>SLIDE</type></slide><slide><author>gibsonb</author><id>1311407</id><index>6</index><defaultHeight>0</defaultHeight><defaultWidth>0</defaultWidth><exposed>False</exposed><type>SLIDE</type></slide><slide><author>gibsonb</author><id>1311408</id><index>7</index><defaultHeight>0</defaultHeight><defaultWidth>0</defaultWidth><exposed>False</exposed><type>SLIDE</type></slide><slide><author>gibsonb</author><id>1311409</id><index>8</index><defaultHeight>0</defaultHeight><defaultWidth>0</defaultWidth><exposed>False</exposed><type>SLIDE</type></slide><slide><author>gibsonb</author><id>1311410</id><index>9</index><defaultHeight>0</defaultHeight><defaultWidth>0</defaultWidth><exposed>False</exposed><type>SLIDE</type></slide><slide><author>gibsonb</author><id>1311411</id><index>10</index><defaultHeight>0</defaultHeight><defaultWidth>0</defaultWidth><exposed>False</exposed><type>SLIDE</type></slide><slide><author>gibsonb</author><id>1311412</id><index>11</index><defaultHeight>0</defaultHeight><defaultWidth>0</defaultWidth><exposed>False</exposed><type>SLIDE</type></slide><slide><author>gibsonb</author><id>1311413</id><index>12</index><defaultHeight>0</defaultHeight><defaultWidth>0</defaultWidth><exposed>False</exposed><type>SLIDE</type></slide></conversation>