<logCollection date='{2010,7,30}'><message xml:lang='en' to='1142408@conference.deified.adm.monash.edu.au' from='krichard@deified.adm.monash.edu.au' type='groupchat' time='1280447440096'><image xmlns='monash:metl'><tag>{&quot;author&quot;:&quot;krichard&quot;,&quot;privacy&quot;:&quot;public&quot;,&quot;id&quot;:&quot;krichard:30/07/2010 9:56:36 AM:0&quot;,&quot;isBackground&quot;:false,&quot;zIndex&quot;:0}</tag><source>/Resource/1142408/background23.jpg</source><width>720</width><height>540</height><x>0</x><y>0</y><author>krichard</author><target>presentationSpace</target><privacy>public</privacy><slide>1142408</slide><identity>krichard:30/07/2010 9:56:36 AM:0</identity></image></message><message xml:lang='en' to='1142408@conference.deified.adm.monash.edu.au' from='krichard@deified.adm.monash.edu.au' type='groupchat' time='1280447440098'><image xmlns='monash:metl'><tag>{&quot;author&quot;:&quot;krichard&quot;,&quot;privacy&quot;:&quot;public&quot;,&quot;id&quot;:&quot;krichard:30/07/2010 9:56:36 AM:1&quot;,&quot;isBackground&quot;:false,&quot;zIndex&quot;:0}</tag><source>/Resource/1142408/background24.jpg</source><width>648</width><height>90</height><x>36</x><y>0</y><author>krichard</author><target>presentationSpace</target><privacy>public</privacy><slide>1142408</slide><identity>krichard:30/07/2010 9:56:36 AM:1</identity></image></message><message xml:lang='en' to='1142408@conference.deified.adm.monash.edu.au' from='krichard@deified.adm.monash.edu.au' type='groupchat' time='1280447440742'><image xmlns='monash:metl'><tag>{&quot;author&quot;:&quot;krichard&quot;,&quot;privacy&quot;:&quot;public&quot;,&quot;id&quot;:&quot;krichard:30/07/2010 9:56:36 AM:2&quot;,&quot;isBackground&quot;:false,&quot;zIndex&quot;:0}</tag><source>/Resource/1142408/background25.jpg</source><width>663.3904</width><height>312.623474</height><x>20.6096058</x><y>127.485435</y><author>krichard</author><target>presentationSpace</target><privacy>public</privacy><slide>1142408</slide><identity>krichard:30/07/2010 9:56:36 AM:2</identity></image></message><message xml:lang='en' to='1142408@conference.deified.adm.monash.edu.au' from='krichard@deified.adm.monash.edu.au' type='groupchat' time='1280447440743'><image xmlns='monash:metl'><tag>{&quot;author&quot;:&quot;krichard&quot;,&quot;privacy&quot;:&quot;public&quot;,&quot;id&quot;:&quot;krichard:30/07/2010 9:56:36 AM:3&quot;,&quot;isBackground&quot;:false,&quot;zIndex&quot;:0}</tag><source>/Resource/1142408/background26.jpg</source><width>449.215118</width><height>29.08126</height><x>270.784882</x><y>510.918732</y><author>krichard</author><target>presentationSpace</target><privacy>public</privacy><slide>1142408</slide><identity>krichard:30/07/2010 9:56:36 AM:3</identity></image></message>