<logCollection date='{2010,8,26}'><message xml:lang='en' to='1242402@conference.deified.adm.monash.edu.au' from='wmck@deified.adm.monash.edu.au' type='groupchat' time='1282799345901'><ink xmlns='monash:metl'><checksum>833</checksum><startingSum>833</startingSum><points>624.9 208.1 127</points><color>0 0 255 255</color><thickness>2.79365079365079</thickness><highlight>False</highlight><author>wmck</author><target>presentationSpace</target><privacy>public</privacy><slide>1242402</slide></ink></message><message xml:lang='en' to='1242402@conference.deified.adm.monash.edu.au' from='wmck@deified.adm.monash.edu.au' type='groupchat' time='1282799441511'><ink xmlns='monash:metl'><checksum>1400.1</checksum><startingSum>1400.1</startingSum><points>824.6 575.5 127</points><color>0 0 255 255</color><thickness>2.79365079365079</thickness><highlight>False</highlight><author>wmck</author><target>presentationSpace</target><privacy>public</privacy><slide>1242402</slide></ink></message><message xml:lang='en' to='1242402@conference.deified.adm.monash.edu.au' from='wmck@deified.adm.monash.edu.au' type='groupchat' time='1282799473871'><ink xmlns='monash:metl'><checksum>1296.1</checksum><startingSum>1296.1</startingSum><points>970.2 325.9 127</points><color>0 0 255 255</color><thickness>4.02285714285714</thickness><highlight>False</highlight><author>wmck</author><target>presentationSpace</target><privacy>public</privacy><slide>1242402</slide></ink></message>