<logCollection date='{2010,8,19}'><message xml:lang='en' to='1242402@conference.deified.adm.monash.edu.au' from='wmck@deified.adm.monash.edu.au' type='groupchat' time='1282188474038'><image xmlns='monash:metl'><tag>{&quot;author&quot;:&quot;wmck&quot;,&quot;privacy&quot;:&quot;public&quot;,&quot;id&quot;:&quot;wmck:19/08/2010 1:34:28 PM:0&quot;,&quot;isBackground&quot;:false,&quot;zIndex&quot;:0}</tag><source>/Resource/1242402/background5.jpg</source><width>720</width><height>540</height><x>0</x><y>0</y><author>wmck</author><target>presentationSpace</target><privacy>public</privacy><slide>1242402</slide><identity>wmck:19/08/2010 1:34:28 PM:0</identity></image></message><message xml:lang='en' to='1242402@conference.deified.adm.monash.edu.au' from='wmck@deified.adm.monash.edu.au' type='groupchat' time='1282188474070'><image xmlns='monash:metl'><tag>{&quot;author&quot;:&quot;wmck&quot;,&quot;privacy&quot;:&quot;public&quot;,&quot;id&quot;:&quot;wmck:19/08/2010 1:34:29 PM:1&quot;,&quot;isBackground&quot;:false,&quot;zIndex&quot;:0}</tag><source>/Resource/1242402/background6.jpg</source><width>648</width><height>90</height><x>36</x><y>21.62504</y><author>wmck</author><target>presentationSpace</target><privacy>public</privacy><slide>1242402</slide><identity>wmck:19/08/2010 1:34:29 PM:1</identity></image></message><message xml:lang='en' to='1242402@conference.deified.adm.monash.edu.au' from='wmck@deified.adm.monash.edu.au' type='groupchat' time='1282188474562'><image xmlns='monash:metl'><tag>{&quot;author&quot;:&quot;wmck&quot;,&quot;privacy&quot;:&quot;public&quot;,&quot;id&quot;:&quot;wmck:19/08/2010 1:34:30 PM:4&quot;,&quot;isBackground&quot;:false,&quot;zIndex&quot;:0}</tag><source>/Resource/1242402/background9.jpg</source><width>106.875038</width><height>100.875038</height><x>269.25</x><y>168</y><author>wmck</author><target>presentationSpace</target><privacy>public</privacy><slide>1242402</slide><identity>wmck:19/08/2010 1:34:30 PM:4</identity></image></message><message xml:lang='en' to='1242402@conference.deified.adm.monash.edu.au' from='wmck@deified.adm.monash.edu.au' type='groupchat' time='1282188474587'><image xmlns='monash:metl'><tag>{&quot;author&quot;:&quot;wmck&quot;,&quot;privacy&quot;:&quot;public&quot;,&quot;id&quot;:&quot;wmck:19/08/2010 1:34:30 PM:5&quot;,&quot;isBackground&quot;:false,&quot;zIndex&quot;:0}</tag><source>/Resource/1242402/background10.jpg</source><width>582</width><height>170.125046</height><x>82.12504</x><y>321</y><author>wmck</author><target>presentationSpace</target><privacy>public</privacy><slide>1242402</slide><identity>wmck:19/08/2010 1:34:30 PM:5</identity></image></message><message xml:lang='en' to='1242402@conference.deified.adm.monash.edu.au' from='wmck@deified.adm.monash.edu.au' type='groupchat' time='1282188589012'><ink xmlns='monash:metl'><checksum>4509.1</checksum><points>137.5 130 127 140.4 122.2 127 138.5 122.2 127 128.8 145.5 127 128.8 147.4 127 129.8 150.4 127 130.7 151.3 127 132.7 152.3 127 134.6 152.3 127 136.6 152.3 127 138.5 151.3 127 140.4 150.4 127 141.4 149.4 127 143.4 148.4 127 143.4 147.4 127 144.3 146.5 127</points><color>0 0 0 255</color><thickness>1</thickness><highlight>False</highlight><author>wmck</author><target>presentationSpace</target><privacy>public</privacy><slide>1242402</slide></ink></message><message xml:lang='en' to='1242402@conference.deified.adm.monash.edu.au' from='wmck@deified.adm.monash.edu.au' type='groupchat' time='1282188589460'><ink xmlns='monash:metl'><checksum>5768</checksum><points>151.1 140.7 127 151.1 141.6 127 152.1 151.3 127 154 153.3 127 156 153.3 127 157.9 153.3 127 163.7 149.4 127 165.7 146.5 127 165.7 144.5 127 164.7 143.6 127 163.7 142.6 127 162.8 142.6 127 160.8 142.6 127 158.9 142.6 127 156.9 143.6 127 155 143.6 127 153.1 144.5 127 152.1 145.5 127 151.1 146.5 127</points><color>0 0 0 255</color><thickness>1</thickness><highlight>False</highlight><author>wmck</author><target>presentationSpace</target><privacy>public</privacy><slide>1242402</slide></ink></message><message xml:lang='en' to='1242402@conference.deified.adm.monash.edu.au' from='wmck@deified.adm.monash.edu.au' type='groupchat' time='1282188590354'><ink xmlns='monash:metl'><checksum>14903.1</checksum><points>173.4 141.6 127 172.5 141.6 127 171.5 152.3 127 170.5 154.2 127 171.5 153.3 127 172.5 152.3 127 172.5 150.4 127 173.4 149.4 127 174.4 147.4 127 175.4 146.5 127 176.3 145.5 127 177.3 144.5 127 178.3 144.5 127 179.2 145.5 127 179.2 146.5 127 179.2 147.4 127 179.2 148.4 127 179.2 150.4 127 179.2 151.3 127 179.2 152.3 127 179.2 153.3 127 179.2 154.2 127 180.2 153.3 127 181.2 152.3 127 181.2 150.4 127 182.2 149.4 127 183.1 147.4 127 184.1 146.5 127 185.1 144.5 127 186 144.5 127 187 143.6 127 188 143.6 127 188 144.5 127 188.9 145.5 127 188.9 147.4 127 188.9 148.4 127 188.9 150.4 127 188.9 151.3 127 188.9 153.3 127 188.9 154.2 127 189.9 155.2 127 189.9 156.2 127 189.9 157.1 127 191.9 158.1 127 192.8 158.1 127</points><color>0 0 0 255</color><thickness>1</thickness><highlight>False</highlight><author>wmck</author><target>presentationSpace</target><privacy>public</privacy><slide>1242402</slide></ink></message><message xml:lang='en' to='1242402@conference.deified.adm.monash.edu.au' from='wmck@deified.adm.monash.edu.au' type='groupchat' time='1282188590940'><ink xmlns='monash:metl'><checksum>9157.4</checksum><points>202.5 146.5 127 200.6 155.2 127 199.6 162 127 199.6 159.1 127 199.6 155.2 127 199.6 152.3 127 200.6 150.4 127 200.6 147.4 127 201.6 145.5 127 201.6 143.6 127 202.5 142.6 127 203.5 141.6 127 204.5 141.6 127 205.4 141.6 127 206.4 141.6 127 207.4 142.6 127 208.3 143.6 127 208.3 144.5 127 209.3 145.5 127 209.3 146.5 127 208.3 148.4 127 208.3 149.4 127 207.4 150.4 127 206.4 150.4 127 205.4 150.4 127 204.5 148.4 127</points><color>0 0 0 255</color><thickness>1</thickness><highlight>False</highlight><author>wmck</author><target>presentationSpace</target><privacy>public</privacy><slide>1242402</slide></ink></message><message xml:lang='en' to='1242402@conference.deified.adm.monash.edu.au' from='wmck@deified.adm.monash.edu.au' type='groupchat' time='1282188591417'><ink xmlns='monash:metl'><checksum>10855.2</checksum><points>214.2 146.5 127 215.1 145.5 127 217.1 144.5 127 217.1 150.4 127 218 152.3 127 219 152.3 127 220 152.3 127 221 152.3 127 221.9 151.3 127 222.9 150.4 127 223.9 149.4 127 224.8 148.4 127 225.8 146.5 127 226.8 145.5 127 226.8 144.5 127 227.7 144.5 127 227.7 145.5 127 227.7 146.5 127 227.7 147.4 127 227.7 148.4 127 228.7 149.4 127 229.7 150.4 127 230.7 150.4 127 231.6 150.4 127 232.6 149.4 127 234.5 149.4 127 235.5 148.4 127 236.5 147.4 127 237.4 145.5 127</points><color>0 0 0 255</color><thickness>1</thickness><highlight>False</highlight><author>wmck</author><target>presentationSpace</target><privacy>public</privacy><slide>1242402</slide></ink></message><message xml:lang='en' to='1242402@conference.deified.adm.monash.edu.au' from='wmck@deified.adm.monash.edu.au' type='groupchat' time='1282188591629'><ink xmlns='monash:metl'><checksum>745.6</checksum><points>239.4 131.9 127 240.4 133.9 127</points><color>0 0 0 255</color><thickness>1</thickness><highlight>False</highlight><author>wmck</author><target>presentationSpace</target><privacy>public</privacy><slide>1242402</slide></ink></message><message xml:lang='en' to='1242402@conference.deified.adm.monash.edu.au' from='wmck@deified.adm.monash.edu.au' type='groupchat' time='1282188591840'><ink xmlns='monash:metl'><checksum>754.3</checksum><points>236.5 139.7 127 238.4 139.7 127</points><color>0 0 0 255</color><thickness>1</thickness><highlight>False</highlight><author>wmck</author><target>presentationSpace</target><privacy>public</privacy><slide>1242402</slide></ink></message><message xml:lang='en' to='1242402@conference.deified.adm.monash.edu.au' from='wmck@deified.adm.monash.edu.au' type='groupchat' time='1282188592520'><ink xmlns='monash:metl'><checksum>20232.2</checksum><points>250.1 144.5 127 259.8 141.6 127 260.7 140.7 127 259.8 139.7 127 258.8 139.7 127 257.8 140.7 127 256.8 140.7 127 255.9 141.6 127 253.9 143.6 127 253 144.5 127 253 145.5 127 252 146.5 127 252 148.4 127 253 149.4 127 253.9 149.4 127 254.9 149.4 127 256.8 149.4 127 259.8 149.4 127 261.7 148.4 127 263.6 147.4 127 266.5 146.5 127 268.5 145.5 127 270.4 144.5 127 271.4 143.6 127 273.3 142.6 127 273.3 141.6 127 274.3 141.6 127 274.3 142.6 127 274.3 143.6 127 274.3 144.5 127 274.3 145.5 127 274.3 146.5 127 274.3 147.4 127 274.3 148.4 127 274.3 149.4 127 274.3 150.4 127 275.3 149.4 127 276.2 148.4 127 277.2 147.4 127 277.2 146.5 127 278.2 144.5 127 279.2 143.6 127 280.1 142.6 127 281.1 141.6 127 282.1 141.6 127 284 141.6 127 284 140.7 127 285 140.7 127 285.9 139.7 127</points><color>0 0 0 255</color><thickness>1</thickness><highlight>False</highlight><author>wmck</author><target>presentationSpace</target><privacy>public</privacy><slide>1242402</slide></ink></message><message xml:lang='en' to='1242402@conference.deified.adm.monash.edu.au' from='wmck@deified.adm.monash.edu.au' type='groupchat' time='1282188593929'><ink xmlns='monash:metl'><checksum>38816.3</checksum><points>530.4 132.9 127 529.4 133.9 127 524.6 148.4 127 524.6 151.3 127 523.6 152.3 127 523.6 153.3 127 524.6 152.3 127 524.6 151.3 127 525.5 150.4 127 525.5 148.4 127 526.5 146.5 127 527.5 144.5 127 527.5 142.6 127 528.4 140.7 127 529.4 139.7 127 530.4 138.7 127 530.4 137.7 127 531.4 137.7 127 531.4 138.7 127 531.4 139.7 127 531.4 141.6 127 531.4 143.6 127 531.4 144.5 127 531.4 146.5 127 531.4 148.4 127 531.4 149.4 127 532.3 150.4 127 532.3 151.3 127 533.3 151.3 127 534.3 150.4 127 535.2 150.4 127 536.2 149.4 127 537.2 147.4 127 538.1 145.5 127 539.1 143.6 127 540.1 141.6 127 541.1 139.7 127 542 137.7 127 543 136.8 127 543 135.8 127 544 134.8 127 544 135.8 127 544 136.8 127 544 137.7 127 544 139.7 127 544 141.6 127 543 144.5 127 543 147.4 127 543 149.4 127 543 152.3 127 543 154.2 127 543 156.2 127 543 157.1 127 544 158.1 127 544.9 158.1 127 545.9 157.1 127 546.9 156.2 127</points><color>0 0 0 255</color><thickness>1</thickness><highlight>False</highlight><author>wmck</author><target>presentationSpace</target><privacy>public</privacy><slide>1242402</slide></ink></message><message xml:lang='en' to='1242402@conference.deified.adm.monash.edu.au' from='wmck@deified.adm.monash.edu.au' type='groupchat' time='1282188594420'><ink xmlns='monash:metl'><checksum>11314.8</checksum><points>552.7 148.4 127 552.7 150.4 127 560.5 142.6 127 556.6 144.5 127 554.6 146.5 127 553.7 148.4 127 552.7 149.4 127 552.7 151.3 127 552.7 152.3 127 552.7 153.3 127 553.7 154.2 127 555.6 154.2 127 557.5 154.2 127 564.3 152.3 127 569.2 150.4 127 571.1 149.4 127</points><color>0 0 0 255</color><thickness>1</thickness><highlight>False</highlight><author>wmck</author><target>presentationSpace</target><privacy>public</privacy><slide>1242402</slide></ink></message><message xml:lang='en' to='1242402@conference.deified.adm.monash.edu.au' from='wmck@deified.adm.monash.edu.au' type='groupchat' time='1282188595268'><ink xmlns='monash:metl'><checksum>50311.3</checksum><points>575 143.6 127 573.1 151.3 127 575 146.5 127 576 144.5 127 576.9 143.6 127 577.9 143.6 127 577.9 142.6 127 578.9 143.6 127 578.9 144.5 127 577.9 145.5 127 577.9 146.5 127 577.9 148.4 127 577.9 149.4 127 577.9 150.4 127 577.9 151.3 127 578.9 151.3 127 579.9 151.3 127 579.9 150.4 127 580.8 149.4 127 581.8 148.4 127 583.7 147.4 127 584.7 145.5 127 585.7 144.5 127 586.6 143.6 127 587.6 142.6 127 587.6 143.6 127 587.6 145.5 127 587.6 146.5 127 587.6 147.4 127 586.6 148.4 127 586.6 149.4 127 587.6 150.4 127 587.6 151.3 127 588.6 152.3 127 589.6 152.3 127 590.5 152.3 127 591.5 152.3 127 592.5 151.3 127 594.4 150.4 127 595.4 150.4 127 596.3 149.4 127 597.3 149.4 127 598.3 150.4 127 598.3 151.3 127 598.3 152.3 127 599.3 152.3 127 600.2 153.3 127 601.2 153.3 127 602.2 153.3 127 604.1 153.3 127 605.1 152.3 127 607 151.3 127 608 150.4 127 609.9 149.4 127 610.9 148.4 127 610.9 146.5 127 610.9 145.5 127 609.9 144.5 127 609.9 143.6 127 608 143.6 127 607 143.6 127 605.1 143.6 127 604.1 144.5 127 602.2 145.5 127 601.2 147.4 127 600.2 147.4 127 599.3 149.4 127 600.2 149.4 127</points><color>0 0 0 255</color><thickness>1</thickness><highlight>False</highlight><author>wmck</author><target>presentationSpace</target><privacy>public</privacy><slide>1242402</slide></ink></message><message xml:lang='en' to='1242402@conference.deified.adm.monash.edu.au' from='wmck@deified.adm.monash.edu.au' type='groupchat' time='1282188595865'><ink xmlns='monash:metl'><checksum>35788.7</checksum><points>617.7 142.6 127 615.7 151.3 127 618.7 146.5 127 619.6 144.5 127 620.6 144.5 127 621.6 143.6 127 621.6 144.5 127 621.6 145.5 127 621.6 146.5 127 621.6 147.4 127 621.6 148.4 127 622.5 149.4 127 623.5 149.4 127 623.5 150.4 127 625.4 150.4 127 626.4 149.4 127 627.4 149.4 127 629.3 149.4 127 630.3 148.4 127 631.3 147.4 127 632.2 146.5 127 633.2 146.5 127 634.2 145.5 127 634.2 144.5 127 635.1 144.5 127 634.2 144.5 127 634.2 145.5 127 634.2 146.5 127 634.2 148.4 127 633.2 149.4 127 633.2 151.3 127 633.2 153.3 127 633.2 155.2 127 632.2 157.1 127 632.2 158.1 127 631.3 160.1 127 630.3 161 127 629.3 161 127 627.4 162 127 626.4 162 127 624.5 162 127 623.5 162 127 620.6 161 127 619.6 161 127 618.7 160.1 127 616.7 158.1 127</points><color>0 0 0 255</color><thickness>1</thickness><highlight>False</highlight><author>wmck</author><target>presentationSpace</target><privacy>public</privacy><slide>1242402</slide></ink></message><message xml:lang='en' to='1242402@conference.deified.adm.monash.edu.au' from='wmck@deified.adm.monash.edu.au' type='groupchat' time='1282188596333'><ink xmlns='monash:metl'><checksum>3567.7</checksum><points>581.8 125.1 127 581.8 124.2 127 578.9 137.7 127 578.9 139.7 127 579.9 139.7 127</points><color>0 0 0 255</color><thickness>1</thickness><highlight>False</highlight><author>wmck</author><target>presentationSpace</target><privacy>public</privacy><slide>1242402</slide></ink></message><message xml:lang='en' to='1242402@conference.deified.adm.monash.edu.au' from='wmck@deified.adm.monash.edu.au' type='groupchat' time='1282188596581'><ink xmlns='monash:metl'><checksum>1430.4</checksum><points>591.5 122.2 127 592.5 124.2 127</points><color>0 0 0 255</color><thickness>1</thickness><highlight>False</highlight><author>wmck</author><target>presentationSpace</target><privacy>public</privacy><slide>1242402</slide></ink></message><message xml:lang='en' to='1242402@conference.deified.adm.monash.edu.au' from='wmck@deified.adm.monash.edu.au' type='groupchat' time='1282188596776'><ink xmlns='monash:metl'><checksum>1426.5</checksum><points>578.9 132.9 127 580.8 133.9 127</points><color>0 0 0 255</color><thickness>1</thickness><highlight>False</highlight><author>wmck</author><target>presentationSpace</target><privacy>public</privacy><slide>1242402</slide></ink></message><message xml:lang='en' to='1242402@conference.deified.adm.monash.edu.au' from='wmck@deified.adm.monash.edu.au' type='groupchat' time='1282188597045'><ink xmlns='monash:metl'><checksum>5898</checksum><points>599.3 128 127 602.2 136.8 127 605.1 134.8 127 608 131 127 609 130 127 609.9 129 127 609.9 128 127 609.9 127.1 127</points><color>0 0 0 255</color><thickness>1</thickness><highlight>False</highlight><author>wmck</author><target>presentationSpace</target><privacy>public</privacy><slide>1242402</slide></ink></message><message xml:lang='en' to='1242402@conference.deified.adm.monash.edu.au' from='wmck@deified.adm.monash.edu.au' type='groupchat' time='1282188598160'><ink xmlns='monash:metl'><checksum>79004.1999999999</checksum><points>612.8 127.1 127 616.7 134.8 127 618.7 131 127 620.6 127.1 127 621.6 126.1 127 622.5 124.2 127 624.5 123.2 127 625.4 122.2 127 626.4 122.2 127 626.4 123.2 127 626.4 125.1 127 626.4 126.1 127 626.4 127.1 127 626.4 129 127 625.4 130 127 625.4 131 127 625.4 131.9 127 625.4 132.9 127 626.4 131.9 127 627.4 131 127 628.4 130 127 628.4 129 127 629.3 128 127 630.3 127.1 127 631.3 127.1 127 632.2 127.1 127 633.2 128 127 633.2 129 127 634.2 129 127 635.1 130 127 636.1 131 127 637.1 131 127 639 131.9 127 640 131.9 127 641.9 131.9 127 643.9 131 127 644.9 131 127 646.8 130 127 648.7 129 127 649.7 128 127 651.6 127.1 127 652.6 126.1 127 653.6 125.1 127 653.6 124.2 127 653.6 123.2 127 653.6 122.2 127 652.6 121.3 127 651.6 121.3 127 650.7 121.3 127 648.7 122.2 127 647.8 123.2 127 645.8 124.2 127 644.9 125.1 127 643.9 127.1 127 642.9 128 127 641.9 130 127 641.9 131 127 641.9 131.9 127 643.9 132.9 127 644.9 132.9 127 645.8 131.9 127 646.8 131 127 648.7 130 127 649.7 129 127 650.7 128 127 651.6 126.1 127 653.6 125.1 127 653.6 123.2 127 654.6 123.2 127 655.5 122.2 127 656.5 123.2 127 656.5 124.2 127 656.5 125.1 127 656.5 127.1 127 656.5 128 127 656.5 129 127 657.5 130 127 657.5 131 127 658.4 131 127 658.4 130 127 659.4 129 127 660.4 128 127 661.3 127.1 127 662.3 126.1 127 663.3 126.1 127 669.1 129 127 670.1 130 127 671 130 127 672 130 127 673 130 127 674 130 127 674 129 127 674 128 127 674.9 127.1 127 674.9 125.1 127 674.9 124.2 127 675.9 122.2 127 674.9 120.3 127 675.9 119.3 127 675.9 117.4 127 676.9 116.4 127 676.9 114.5 127</points><color>0 0 0 255</color><thickness>1</thickness><highlight>False</highlight><author>wmck</author><target>presentationSpace</target><privacy>public</privacy><slide>1242402</slide></ink></message><message xml:lang='en' to='1242402@conference.deified.adm.monash.edu.au' from='wmck@deified.adm.monash.edu.au' type='groupchat' time='1282188608929'><ink xmlns='monash:metl'><checksum>33313.6</checksum><points>108.4 395.8 127 127.8 406.4 127 135.6 405.5 127 140.4 405.5 127 145.3 404.5 127 150.1 402.6 127 155 400.6 127 159.8 398.7 127 165.7 395.8 127 170.5 392.9 127 174.4 389.9 127 179.2 386.1 127 184.1 382.2 127 187 377.3 127 190.9 372.5 127 193.8 367.6 127 196.7 362.8 127 198.6 357.9 127 200.6 353.1 127 201.6 347.3 127 201.6 342.4 127 201.6 337.6 127 200.6 331.7 127 199.6 326.9 127 197.7 322 127 195.7 317.2 127 192.8 313.3 127 189.9 309.4 127 187 305.6 127 183.1 302.6 127 179.2 299.7 127 174.4 297.8 127 169.5 295.9 127 163.7 294.9 127 157.9 293.9 127 152.1 293.9 127 145.3 294.9 127 138.5 296.8 127 131.7 298.8 127 124.9 301.7 127 118.1 305.6 127 111.3 309.4 127 105.5 314.3 127 100.7 319.1 127 94.9 325 127 90 330.8 127 86.1 337.6 127 82.2 343.4 127 79.3 350.2 127 77.4 357 127 75.4 362.8 127 74.5 369.6 127 74.5 375.4 127 75.4 381.2 127 76.4 386.1 127 79.3 390.9 127 83.2 394.8 127 87.1 397.7 127 91.9 400.6 127 96.8 402.6 127 102.6 403.5 127 108.4 404.5 127 114.3 404.5 127 120.1 404.5 127 126.9 403.5 127 132.7 401.6 127 138.5 399.6 127</points><color>0 0 255 255</color><thickness>3</thickness><highlight>False</highlight><author>wmck</author><target>presentationSpace</target><privacy>public</privacy><slide>1242402</slide></ink></message><message xml:lang='en' to='1242402@conference.deified.adm.monash.edu.au' from='wmck@deified.adm.monash.edu.au' type='groupchat' time='1282188610762'><ink xmlns='monash:metl'><checksum>5697.9</checksum><points>84.2 265.8 127 91 285.2 127 95.8 292.9 127 97.8 296.8 127 99.7 300.7 127 102.6 303.6 127 104.6 307.5 127 106.5 309.4 127 107.5 312.3 127 108.4 314.3 127 109.4 316.2 127 110.4 317.2 127 110.4 318.2 127 111.3 318.2 127</points><color>0 0 255 255</color><thickness>3</thickness><highlight>False</highlight><author>wmck</author><target>presentationSpace</target><privacy>public</privacy><slide>1242402</slide></ink></message><message xml:lang='en' to='1242402@conference.deified.adm.monash.edu.au' from='wmck@deified.adm.monash.edu.au' type='groupchat' time='1282188611205'><ink xmlns='monash:metl'><checksum>7736</checksum><points>96.8 308.5 127 110.4 321.1 127 113.3 323 127 115.2 323 127 116.2 323 127 117.2 322 127 118.1 321.1 127 118.1 320.1 127 118.1 318.2 127 119.1 316.2 127 119.1 313.3 127 119.1 311.4 127 120.1 308.5 127 120.1 305.6 127 120.1 302.6 127 121 300.7 127 121 297.8 127 121 295.9 127</points><color>0 0 255 255</color><thickness>3</thickness><highlight>False</highlight><author>wmck</author><target>presentationSpace</target><privacy>public</privacy><slide>1242402</slide></ink></message><message xml:lang='en' to='1242402@conference.deified.adm.monash.edu.au' from='wmck@deified.adm.monash.edu.au' type='groupchat' time='1282188611611'><ink xmlns='monash:metl'><checksum>5552.7</checksum><points>133.7 257.1 127 133.7 256.1 127 138.5 270.6 127 140.4 278.4 127 142.4 281.3 127 143.4 285.2 127 145.3 288.1 127 146.3 291 127 147.2 292.9 127 148.2 294.9 127 149.2 295.9 127 149.2 296.8 127 150.1 296.8 127</points><color>0 0 255 255</color><thickness>3</thickness><highlight>False</highlight><author>wmck</author><target>presentationSpace</target><privacy>public</privacy><slide>1242402</slide></ink></message><message xml:lang='en' to='1242402@conference.deified.adm.monash.edu.au' from='wmck@deified.adm.monash.edu.au' type='groupchat' time='1282188612009'><ink xmlns='monash:metl'><checksum>7751.9</checksum><points>141.4 292 127 150.1 303.6 127 152.1 305.6 127 153.1 306.5 127 154 306.5 127 155 306.5 127 155 305.6 127 156 304.6 127 156.9 302.6 127 157.9 301.7 127 158.9 299.7 127 158.9 296.8 127 160.8 295.9 127 160.8 293.9 127 161.8 292 127 162.8 291 127 162.8 289.1 127</points><color>0 0 255 255</color><thickness>3</thickness><highlight>False</highlight><author>wmck</author><target>presentationSpace</target><privacy>public</privacy><slide>1242402</slide></ink></message><message xml:lang='en' to='1242402@conference.deified.adm.monash.edu.au' from='wmck@deified.adm.monash.edu.au' type='groupchat' time='1282188613967'><ink xmlns='monash:metl'><checksum>20106.8</checksum><points>324.7 247.4 127 333.5 252.2 127 347.1 243.5 127 350 239.6 127 350.9 236.7 127 350.9 234.7 127 350.9 231.8 127 350.9 229.9 127 350 228 127 349 226 127 348 225 127 346.1 224.1 127 344.1 223.1 127 342.2 223.1 127 339.3 223.1 127 336.4 224.1 127 334.4 226 127 331.5 228 127 328.6 229.9 127 325.7 232.8 127 322.8 235.7 127 321.8 239.6 127 319.9 242.5 127 318.9 245.4 127 318.9 248.3 127 319.9 250.3 127 320.9 252.2 127 322.8 253.2 127 325.7 253.2 127 328.6 253.2 127 332.5 253.2 127 336.4 251.2 127 340.3 250.3 127 344.1 248.3 127 347.1 246.4 127</points><color>0 0 255 255</color><thickness>3</thickness><highlight>False</highlight><author>wmck</author><target>presentationSpace</target><privacy>public</privacy><slide>1242402</slide></ink></message><message xml:lang='en' to='1242402@conference.deified.adm.monash.edu.au' from='wmck@deified.adm.monash.edu.au' type='groupchat' time='1282188625413'><ink xmlns='monash:metl'><checksum>6550</checksum><points>40.5 268.7 127 39.6 269.7 127 40.5 280.3 127 41.5 283.2 127 41.5 284.2 127 42.5 284.2 127 43.4 285.2 127 44.4 285.2 127 45.4 284.2 127 46.3 283.2 127 48.3 283.2 127 49.3 282.3 127 51.2 280.3 127 52.2 279.4 127 53.1 278.4 127 55.1 277.4 127 55.1 276.5 127 56 276.5 127 56 275.5 127 56 274.5 127</points><color>0 0 255 255</color><thickness>3</thickness><highlight>False</highlight><author>wmck</author><target>presentationSpace</target><privacy>public</privacy><slide>1242402</slide></ink></message><message xml:lang='en' to='1242402@conference.deified.adm.monash.edu.au' from='wmck@deified.adm.monash.edu.au' type='groupchat' time='1282188625655'><ink xmlns='monash:metl'><checksum>636.9</checksum><points>44.4 274.5 127 42.5 275.5 127</points><color>0 0 255 255</color><thickness>3</thickness><highlight>False</highlight><author>wmck</author><target>presentationSpace</target><privacy>public</privacy><slide>1242402</slide></ink></message><message xml:lang='en' to='1242402@conference.deified.adm.monash.edu.au' from='wmck@deified.adm.monash.edu.au' type='groupchat' time='1282188625858'><ink xmlns='monash:metl'><checksum>617.4</checksum><points>45.4 263.8 127 43.4 264.8 127</points><color>0 0 255 255</color><thickness>3</thickness><highlight>False</highlight><author>wmck</author><target>presentationSpace</target><privacy>public</privacy><slide>1242402</slide></ink></message><message xml:lang='en' to='1242402@conference.deified.adm.monash.edu.au' from='wmck@deified.adm.monash.edu.au' type='groupchat' time='1282188626474'><ink xmlns='monash:metl'><checksum>6669.6</checksum><points>65.7 260.9 127 67.7 262.9 127 67.7 260.9 127 68.7 259 127 68.7 258 127 68.7 257.1 127 69.6 257.1 127 70.6 257.1 127 71.6 257.1 127 72.5 258 127 73.5 259 127 74.5 260 127 75.4 260.9 127 76.4 260.9 127 77.4 261.9 127 77.4 262.9 127 78.4 262.9 127 79.3 263.8 127 80.3 262.9 127 80.3 261.9 127</points><color>0 0 255 255</color><thickness>3</thickness><highlight>False</highlight><author>wmck</author><target>presentationSpace</target><privacy>public</privacy><slide>1242402</slide></ink></message><message xml:lang='en' to='1242402@conference.deified.adm.monash.edu.au' from='wmck@deified.adm.monash.edu.au' type='groupchat' time='1282188626842'><ink xmlns='monash:metl'><checksum>5500.4</checksum><points>85.1 251.2 127 86.1 248.3 127 84.2 252.2 127 84.2 255.1 127 85.1 256.1 127 85.1 257.1 127 86.1 258 127 87.1 258 127 88.1 258 127 89 258 127 91 257.1 127 91.9 255.1 127 93.9 254.1 127 94.9 253.2 127 96.8 252.2 127 97.8 250.3 127</points><color>0 0 255 255</color><thickness>3</thickness><highlight>False</highlight><author>wmck</author><target>presentationSpace</target><privacy>public</privacy><slide>1242402</slide></ink></message><message xml:lang='en' to='1242402@conference.deified.adm.monash.edu.au' from='wmck@deified.adm.monash.edu.au' type='groupchat' time='1282188627227'><ink xmlns='monash:metl'><checksum>6293.7</checksum><points>106.5 241.5 127 104.6 248.3 127 112.3 245.4 127 115.2 242.5 127 115.2 241.5 127 115.2 239.6 127 114.3 237.7 127 113.3 237.7 127 112.3 236.7 127 111.3 236.7 127 109.4 236.7 127 108.4 237.7 127 106.5 238.6 127 105.5 239.6 127 104.6 240.6 127 103.6 241.5 127 103.6 242.5 127 103.6 243.5 127</points><color>0 0 255 255</color><thickness>3</thickness><highlight>False</highlight><author>wmck</author><target>presentationSpace</target><privacy>public</privacy><slide>1242402</slide></ink></message><message xml:lang='en' to='1242402@conference.deified.adm.monash.edu.au' from='wmck@deified.adm.monash.edu.au' type='groupchat' time='1282188628009'><ink xmlns='monash:metl'><checksum>20779.5</checksum><points>129.8 231.8 127 128.8 228.9 127 124 232.8 127 122 234.7 127 122 236.7 127 122 237.7 127 122 238.6 127 122 239.6 127 123 239.6 127 124 239.6 127 125.9 239.6 127 126.9 238.6 127 127.8 237.7 127 129.8 235.7 127 130.7 234.7 127 131.7 232.8 127 131.7 230.9 127 132.7 228.9 127 132.7 227 127 132.7 225 127 131.7 223.1 127 131.7 222.1 127 130.7 221.2 127 130.7 220.2 127 129.8 220.2 127 128.8 221.2 127 128.8 222.1 127 128.8 224.1 127 129.8 225 127 129.8 227 127 130.7 228.9 127 131.7 229.9 127 132.7 230.9 127 134.6 231.8 127 136.6 232.8 127 137.5 232.8 127 139.5 232.8 127 140.4 232.8 127 142.4 231.8 127 143.4 231.8 127 143.4 230.9 127 144.3 229.9 127 144.3 228 127 144.3 227 127 144.3 226 127 143.4 225 127 143.4 224.1 127 142.4 225 127 143.4 225 127 143.4 226 127 143.4 227 127 144.3 228.9 127 145.3 229.9 127 145.3 230.9 127 147.2 230.9 127 148.2 230.9 127 148.2 229.9 127</points><color>0 0 255 255</color><thickness>3</thickness><highlight>False</highlight><author>wmck</author><target>presentationSpace</target><privacy>public</privacy><slide>1242402</slide></ink></message><message xml:lang='en' to='1242402@conference.deified.adm.monash.edu.au' from='wmck@deified.adm.monash.edu.au' type='groupchat' time='1282188628148'><ink xmlns='monash:metl'><checksum>1087.8</checksum><points>145.3 217.3 127 144.3 218.3 127 143.4 219.2 127</points><color>0 0 255 255</color><thickness>3</thickness><highlight>False</highlight><author>wmck</author><target>presentationSpace</target><privacy>public</privacy><slide>1242402</slide></ink></message><message xml:lang='en' to='1242402@conference.deified.adm.monash.edu.au' from='wmck@deified.adm.monash.edu.au' type='groupchat' time='1282188628793'><ink xmlns='monash:metl'><checksum>18899.4</checksum><points>157.9 216.3 127 156.9 226 127 158.9 220.2 127 160.8 222.1 127 162.8 222.1 127 163.7 222.1 127 165.7 221.2 127 167.6 221.2 127 168.6 220.2 127 170.5 219.2 127 172.5 217.3 127 173.4 215.3 127 174.4 214.4 127 175.4 212.4 127 176.3 210.5 127 176.3 208.6 127 175.4 207.6 127 175.4 206.6 127 173.4 206.6 127 172.5 206.6 127 170.5 207.6 127 169.5 208.6 127 168.6 209.5 127 167.6 210.5 127 166.6 212.4 127 166.6 213.4 127 167.6 215.3 127 168.6 216.3 127 170.5 217.3 127 172.5 219.2 127 174.4 220.2 127 177.3 221.2 127 180.2 222.1 127 182.2 224.1 127 185.1 225 127 186 226 127 188 227 127 188 228.9 127 188 229.9 127 187 230.9 127 185.1 231.8 127 183.1 232.8 127 181.2 233.8 127 179.2 234.7 127 176.3 235.7 127 173.4 235.7 127 170.5 236.7 127 167.6 236.7 127</points><color>0 0 255 255</color><thickness>3</thickness><highlight>False</highlight><author>wmck</author><target>presentationSpace</target><privacy>public</privacy><slide>1242402</slide></ink></message><message xml:lang='en' to='1242402@conference.deified.adm.monash.edu.au' from='wmck@deified.adm.monash.edu.au' type='groupchat' time='1282188629331'><ink xmlns='monash:metl'><checksum>3217</checksum><points>48.3 224.1 127 47.3 224.1 127 52.2 234.7 127 54.1 238.6 127 55.1 240.6 127 55.1 242.5 127 56 243.5 127 56 244.4 127 56 245.4 127 56 244.4 127 55.1 243.5 127</points><color>0 0 255 255</color><thickness>3</thickness><highlight>False</highlight><author>wmck</author><target>presentationSpace</target><privacy>public</privacy><slide>1242402</slide></ink></message><message xml:lang='en' to='1242402@conference.deified.adm.monash.edu.au' from='wmck@deified.adm.monash.edu.au' type='groupchat' time='1282188629596'><ink xmlns='monash:metl'><checksum>533</checksum><points>36.6 229.9 127 37.6 228.9 127</points><color>0 0 255 255</color><thickness>3</thickness><highlight>False</highlight><author>wmck</author><target>presentationSpace</target><privacy>public</privacy><slide>1242402</slide></ink></message><message xml:lang='en' to='1242402@conference.deified.adm.monash.edu.au' from='wmck@deified.adm.monash.edu.au' type='groupchat' time='1282188630075'><ink xmlns='monash:metl'><checksum>6924.3</checksum><points>50.2 243.5 127 63.8 228.9 127 63.8 229.9 127 67.7 238.6 127 67.7 237.7 127 67.7 236.7 127 67.7 234.7 127 67.7 233.8 127 67.7 231.8 127 68.7 229.9 127 68.7 228.9 127 68.7 228 127 69.6 227 127 70.6 227 127 71.6 227 127 72.5 228 127 73.5 228 127 73.5 228.9 127 74.5 229.9 127 75.4 229.9 127 76.4 230.9 127 77.4 230.9 127 78.4 230.9 127</points><color>0 0 255 255</color><thickness>3</thickness><highlight>False</highlight><author>wmck</author><target>presentationSpace</target><privacy>public</privacy><slide>1242402</slide></ink></message><message xml:lang='en' to='1242402@conference.deified.adm.monash.edu.au' from='wmck@deified.adm.monash.edu.au' type='groupchat' time='1282188630602'><ink xmlns='monash:metl'><checksum>8380.1</checksum><points>82.2 220.2 127 90 230.9 127 89 226 127 88.1 222.1 127 88.1 220.2 127 88.1 219.2 127 88.1 217.3 127 87.1 217.3 127 87.1 216.3 127 88.1 216.3 127 89 217.3 127 90 217.3 127 91 218.3 127 91.9 218.3 127 91.9 219.2 127 92.9 219.2 127 93.9 220.2 127 93.9 221.2 127 93.9 222.1 127 92.9 222.1 127 91.9 223.1 127 91 223.1 127 90 223.1 127 89 222.1 127 89 221.2 127 89 220.2 127 90 219.2 127</points><color>0 0 255 255</color><thickness>3</thickness><highlight>False</highlight><author>wmck</author><target>presentationSpace</target><privacy>public</privacy><slide>1242402</slide></ink></message><message xml:lang='en' to='1242402@conference.deified.adm.monash.edu.au' from='wmck@deified.adm.monash.edu.au' type='groupchat' time='1282188631159'><ink xmlns='monash:metl'><checksum>13020.6</checksum><points>95.8 211.5 127 103.6 216.3 127 106.5 213.4 127 106.5 210.5 127 106.5 209.5 127 106.5 208.6 127 107.5 208.6 127 107.5 209.5 127 108.4 209.5 127 109.4 210.5 127 110.4 210.5 127 112.3 210.5 127 113.3 209.5 127 115.2 209.5 127 116.2 208.6 127 117.2 208.6 127 118.1 207.6 127 118.1 206.6 127 118.1 205.6 127 118.1 204.7 127 118.1 202.7 127 117.2 200.8 127 116.2 198.9 127 115.2 196.9 127 113.3 195.9 127 112.3 194 127 112.3 193 127 111.3 193 127 110.4 193 127 110.4 194 127 111.3 195.9 127 111.3 197.9 127 112.3 198.9 127 113.3 200.8 127 115.2 202.7 127 116.2 204.7 127 117.2 205.6 127 119.1 207.6 127 119.1 208.6 127 120.1 208.6 127 121 209.5 127</points><color>0 0 255 255</color><thickness>3</thickness><highlight>False</highlight><author>wmck</author><target>presentationSpace</target><privacy>public</privacy><slide>1242402</slide></ink></message><message xml:lang='en' to='1242402@conference.deified.adm.monash.edu.au' from='wmck@deified.adm.monash.edu.au' type='groupchat' time='1282188631375'><ink xmlns='monash:metl'><checksum>942.2</checksum><points>110.4 203.7 127 109.4 204.7 127 111.3 202.7 127</points><color>0 0 255 255</color><thickness>3</thickness><highlight>False</highlight><author>wmck</author><target>presentationSpace</target><privacy>public</privacy><slide>1242402</slide></ink></message><message xml:lang='en' to='1242402@conference.deified.adm.monash.edu.au' from='wmck@deified.adm.monash.edu.au' type='groupchat' time='1282188631603'><ink xmlns='monash:metl'><checksum>662.2</checksum><points>143.4 187.2 127 142.4 189.2 127</points><color>0 0 255 255</color><thickness>3</thickness><highlight>False</highlight><author>wmck</author><target>presentationSpace</target><privacy>public</privacy><slide>1242402</slide></ink></message><message xml:lang='en' to='1242402@conference.deified.adm.monash.edu.au' from='wmck@deified.adm.monash.edu.au' type='groupchat' time='1282188631823'><ink xmlns='monash:metl'><checksum>691.2</checksum><points>150.1 195 127 149.2 196.9 127</points><color>0 0 255 255</color><thickness>3</thickness><highlight>False</highlight><author>wmck</author><target>presentationSpace</target><privacy>public</privacy><slide>1242402</slide></ink></message><message xml:lang='en' to='1242402@conference.deified.adm.monash.edu.au' from='wmck@deified.adm.monash.edu.au' type='groupchat' time='1282188636300'><ink xmlns='monash:metl'><checksum>11906.6</checksum><points>379.1 382.2 127 380 380.2 127 399.4 381.2 127 406.2 382.2 127 410.1 382.2 127 413 382.2 127 415.9 382.2 127 417.9 382.2 127 419.8 382.2 127 421.7 382.2 127 422.7 382.2 127 423.7 382.2 127 424.7 381.2 127 423.7 381.2 127 422.7 380.2 127</points><color>0 0 255 255</color><thickness>3</thickness><highlight>False</highlight><author>wmck</author><target>presentationSpace</target><privacy>public</privacy><slide>1242402</slide></ink></message><message xml:lang='en' to='1242402@conference.deified.adm.monash.edu.au' from='wmck@deified.adm.monash.edu.au' type='groupchat' time='1282188636638'><ink xmlns='monash:metl'><checksum>8809.9</checksum><points>380 384.1 127 402.3 387 127 409.1 387 127 413 387 127 415.9 388 127 417.9 388 127 419.8 388 127 421.7 388 127 422.7 388 127 423.7 388 127 423.7 387 127</points><color>0 0 255 255</color><thickness>3</thickness><highlight>False</highlight><author>wmck</author><target>presentationSpace</target><privacy>public</privacy><slide>1242402</slide></ink></message><message xml:lang='en' to='1242402@conference.deified.adm.monash.edu.au' from='wmck@deified.adm.monash.edu.au' type='groupchat' time='1282188638849'><ink xmlns='monash:metl'><checksum>25543.4</checksum><points>427.6 422.9 127 426.6 417.1 127 424.7 418.1 127 421.7 420 127 420.8 421 127 419.8 422.9 127 419.8 424.9 127 418.8 425.8 127 418.8 427.8 127 419.8 428.7 127 420.8 428.7 127 421.7 428.7 127 423.7 428.7 127 424.7 427.8 127 425.6 426.8 127 426.6 425.8 127 427.6 423.9 127 428.5 422.9 127 428.5 422 127 428.5 422.9 127 428.5 423.9 127 429.5 424.9 127 429.5 425.8 127 429.5 426.8 127 430.5 427.8 127 430.5 428.7 127 431.4 428.7 127 432.4 428.7 127 433.4 428.7 127 434.4 427.8 127</points><color>0 0 255 255</color><thickness>3</thickness><highlight>False</highlight><author>wmck</author><target>presentationSpace</target><privacy>public</privacy><slide>1242402</slide></ink></message><message xml:lang='en' to='1242402@conference.deified.adm.monash.edu.au' from='wmck@deified.adm.monash.edu.au' type='groupchat' time='1282188639285'><ink xmlns='monash:metl'><checksum>20915.2</checksum><points>439.2 420 127 439.2 421 127 442.1 422.9 127 444.1 420 127 444.1 419 127 445 419 127 446 419 127 447 419 127 447.9 420 127 448.9 421 127 449.9 421 127 450.8 422 127 451.8 422.9 127 452.8 423.9 127 453.8 424.9 127 454.7 424.9 127 455.7 423.9 127 455.7 422.9 127 456.7 422 127 456.7 421 127 456.7 420 127 457.6 418.1 127 458.6 417.1 127 458.6 416.1 127</points><color>0 0 255 255</color><thickness>3</thickness><highlight>False</highlight><author>wmck</author><target>presentationSpace</target><privacy>public</privacy><slide>1242402</slide></ink></message><message xml:lang='en' to='1242402@conference.deified.adm.monash.edu.au' from='wmck@deified.adm.monash.edu.au' type='groupchat' time='1282188639759'><ink xmlns='monash:metl'><checksum>27631.1</checksum><points>468.3 419 127 468.3 415.2 127 467.3 415.2 127 465.4 417.1 127 464.4 419 127 463.5 420 127 462.5 422 127 462.5 423.9 127 462.5 424.9 127 462.5 425.8 127 463.5 425.8 127 464.4 425.8 127 465.4 425.8 127 466.4 425.8 127 467.3 424.9 127 468.3 423.9 127 469.3 422.9 127 470.2 422 127 470.2 421 127 471.2 421 127 471.2 420 127 472.2 421 127 472.2 422 127 472.2 422.9 127 473.2 422.9 127 473.2 423.9 127 474.1 424.9 127 475.1 423.9 127 476.1 423.9 127 477 423.9 127 478 422.9 127</points><color>0 0 255 255</color><thickness>3</thickness><highlight>False</highlight><author>wmck</author><target>presentationSpace</target><privacy>public</privacy><slide>1242402</slide></ink></message><message xml:lang='en' to='1242402@conference.deified.adm.monash.edu.au' from='wmck@deified.adm.monash.edu.au' type='groupchat' time='1282188640384'><ink xmlns='monash:metl'><checksum>44234.1</checksum><points>480.9 410.3 127 483.8 423.9 127 485.8 422.9 127 485.8 422 127 486.7 421 127 486.7 420 127 486.7 419 127 487.7 419 127 488.7 419 127 488.7 420 127 489.6 421 127 490.6 421 127 491.6 421 127 492.6 421 127 493.5 421 127 494.5 421 127 496.4 420 127 497.4 419 127 497.4 418.1 127 498.4 417.1 127 498.4 416.1 127 498.4 415.2 127 498.4 414.2 127 498.4 415.2 127 498.4 417.1 127 498.4 419 127 498.4 421 127 499.3 423.9 127 499.3 425.8 127 500.3 428.7 127 500.3 431.7 127 501.3 434.6 127 501.3 437.5 127 501.3 439.4 127 501.3 441.4 127 501.3 443.3 127 500.3 444.3 127 499.3 445.2 127 498.4 445.2 127 496.4 444.3 127 495.5 443.3 127 493.5 442.3 127 492.6 441.4 127 491.6 439.4 127 491.6 437.5 127 490.6 435.5 127 490.6 433.6 127 490.6 431.7 127</points><color>0 0 255 255</color><thickness>3</thickness><highlight>False</highlight><author>wmck</author><target>presentationSpace</target><privacy>public</privacy><slide>1242402</slide></ink></message><message xml:lang='en' to='1242402@conference.deified.adm.monash.edu.au' from='wmck@deified.adm.monash.edu.au' type='groupchat' time='1282188640743'><ink xmlns='monash:metl'><checksum>15872.6</checksum><points>504.2 415.2 127 511 411.3 127 511 416.1 127 512.9 417.1 127 513.9 417.1 127 514.9 418.1 127 515.8 418.1 127 515.8 419 127 516.8 420 127 516.8 421 127 516.8 422 127 516.8 422.9 127 515.8 422.9 127 514.9 423.9 127 513.9 423.9 127 513.9 422.9 127 513.9 422 127</points><color>0 0 255 255</color><thickness>3</thickness><highlight>False</highlight><author>wmck</author><target>presentationSpace</target><privacy>public</privacy><slide>1242402</slide></ink></message><message xml:lang='en' to='1242402@conference.deified.adm.monash.edu.au' from='wmck@deified.adm.monash.edu.au' type='groupchat' time='1282188640934'><ink xmlns='monash:metl'><checksum>1870.8</checksum><points>522.6 411.3 127 524.6 412.3 127</points><color>0 0 255 255</color><thickness>3</thickness><highlight>False</highlight><author>wmck</author><target>presentationSpace</target><privacy>public</privacy><slide>1242402</slide></ink></message><message xml:lang='en' to='1242402@conference.deified.adm.monash.edu.au' from='wmck@deified.adm.monash.edu.au' type='groupchat' time='1282188641346'><ink xmlns='monash:metl'><checksum>32106.9</checksum><points>522.6 411.3 127 526.5 405.5 127 527.5 406.4 127 529.4 406.4 127 530.4 406.4 127 531.4 406.4 127 532.3 406.4 127 534.3 406.4 127 535.2 405.5 127 535.2 406.4 127 534.3 406.4 127 533.3 407.4 127 532.3 408.4 127 531.4 408.4 127 530.4 409.3 127 530.4 410.3 127 529.4 410.3 127 529.4 411.3 127 530.4 412.3 127 531.4 412.3 127 531.4 413.2 127 532.3 414.2 127 533.3 414.2 127 534.3 415.2 127 535.2 416.1 127 535.2 417.1 127 536.2 418.1 127 536.2 419 127 535.2 419 127 535.2 420 127 534.3 421 127 533.3 421 127 532.3 421 127 531.4 421 127</points><color>0 0 255 255</color><thickness>3</thickness><highlight>False</highlight><author>wmck</author><target>presentationSpace</target><privacy>public</privacy><slide>1242402</slide></ink></message><message xml:lang='en' to='1242402@conference.deified.adm.monash.edu.au' from='wmck@deified.adm.monash.edu.au' type='groupchat' time='1282188641512'><ink xmlns='monash:metl'><checksum>1925</checksum><points>542 419 127 544 420 127</points><color>0 0 255 255</color><thickness>3</thickness><highlight>False</highlight><author>wmck</author><target>presentationSpace</target><privacy>public</privacy><slide>1242402</slide></ink></message><message xml:lang='en' to='1242402@conference.deified.adm.monash.edu.au' from='wmck@deified.adm.monash.edu.au' type='groupchat' time='1282188642714'><ink xmlns='monash:metl'><checksum>55425.7</checksum><points>515.8 381.2 127 535.2 384.1 127 544.9 384.1 127 549.8 384.1 127 555.6 383.2 127 561.4 383.2 127 567.2 381.2 127 574 380.2 127 579.9 378.3 127 586.6 376.4 127 592.5 373.5 127 597.3 370.5 127 603.1 367.6 127 608 363.8 127 611.9 359.9 127 614.8 356 127 617.7 352.1 127 619.6 348.2 127 620.6 343.4 127 621.6 339.5 127 620.6 334.7 127 619.6 330.8 127 617.7 326.9 127 615.7 323 127 611.9 319.1 127 608 315.3 127 603.1 312.3 127 597.3 309.4 127 591.5 307.5 127 584.7 304.6 127 577.9 303.6 127 571.1 302.6 127 563.4 302.6 127 556.6 302.6 127 549.8 304.6 127 542 306.5 127 535.2 308.5 127 528.4 312.3 127 522.6 316.2 127 515.8 321.1 127 511 325.9 127 506.1 330.8 127 502.3 336.6 127 498.4 342.4 127 496.4 348.2 127 494.5 355 127 494.5 359.9 127 494.5 365.7 127 495.5 370.5 127 497.4 375.4 127 500.3 378.3 127 505.2 382.2 127 510 384.1 127 515.8 385.1 127 522.6 386.1 127 529.4 385.1 127 538.1 384.1 127 546.9 382.2 127 555.6 379.3 127 565.3 376.4 127 575 372.5 127</points><color>0 0 255 255</color><thickness>3</thickness><highlight>False</highlight><author>wmck</author><target>presentationSpace</target><privacy>public</privacy><slide>1242402</slide></ink></message><message xml:lang='en' to='1242402@conference.deified.adm.monash.edu.au' from='wmck@deified.adm.monash.edu.au' type='groupchat' time='1282188643480'><ink xmlns='monash:metl'><checksum>11529</checksum><points>609.9 340.5 127 609 340.5 127 627.4 332.7 127 631.3 330.8 127 632.2 330.8 127 633.2 329.8 127 634.2 329.8 127 635.1 328.8 127 635.1 327.9 127 636.1 327.9 127 636.1 326.9 127 637.1 325.9 127</points><color>0 0 255 255</color><thickness>3</thickness><highlight>False</highlight><author>wmck</author><target>presentationSpace</target><privacy>public</privacy><slide>1242402</slide></ink></message><message xml:lang='en' to='1242402@conference.deified.adm.monash.edu.au' from='wmck@deified.adm.monash.edu.au' type='groupchat' time='1282188645554'><ink xmlns='monash:metl'><checksum>39629.6</checksum><points>641 340.5 127 638.1 341.4 127 637.1 344.4 127 636.1 345.3 127 636.1 347.3 127 636.1 348.2 127 637.1 349.2 127 638.1 350.2 127 639 350.2 127 640 350.2 127 641 350.2 127 641.9 350.2 127 642.9 349.2 127 643.9 348.2 127 643.9 347.3 127 644.9 346.3 127 644.9 345.3 127 645.8 346.3 127 646.8 346.3 127 647.8 346.3 127 648.7 346.3 127 649.7 345.3 127 651.6 345.3 127 653.6 344.4 127 654.6 343.4 127 655.5 342.4 127 656.5 341.4 127 656.5 340.5 127 656.5 339.5 127 655.5 338.5 127 654.6 338.5 127 653.6 338.5 127 651.6 338.5 127 650.7 338.5 127 648.7 339.5 127 647.8 340.5 127 646.8 340.5 127 646.8 342.4 127 646.8 343.4 127 647.8 343.4 127</points><color>0 0 255 255</color><thickness>3</thickness><highlight>False</highlight><author>wmck</author><target>presentationSpace</target><privacy>public</privacy><slide>1242402</slide></ink></message><message xml:lang='en' to='1242402@conference.deified.adm.monash.edu.au' from='wmck@deified.adm.monash.edu.au' type='groupchat' time='1282188646453'><ink xmlns='monash:metl'><checksum>69545.4999999999</checksum><points>660.4 333.7 127 663.3 339.5 127 664.3 335.6 127 665.2 332.7 127 666.2 331.7 127 666.2 330.8 127 667.2 329.8 127 668.1 329.8 127 668.1 330.8 127 669.1 331.7 127 669.1 332.7 127 669.1 333.7 127 669.1 334.7 127 669.1 335.6 127 670.1 335.6 127 670.1 334.7 127 671 333.7 127 671 332.7 127 672 331.7 127 672 330.8 127 672 329.8 127 673 329.8 127 674 329.8 127 674.9 329.8 127 675.9 329.8 127 676.9 330.8 127 677.8 330.8 127 678.8 330.8 127 678.8 329.8 127 679.8 329.8 127 680.7 328.8 127 680.7 327.9 127 680.7 326.9 127 680.7 325.9 127 680.7 326.9 127 680.7 327.9 127 680.7 329.8 127 680.7 330.8 127 680.7 332.7 127 681.7 334.7 127 681.7 336.6 127 681.7 337.6 127 682.7 339.5 127 682.7 340.5 127 682.7 339.5 127 682.7 337.6 127 682.7 335.6 127 681.7 332.7 127 681.7 329.8 127 681.7 326.9 127 681.7 324 127 682.7 322 127 682.7 320.1 127 683.7 319.1 127 684.6 318.2 127 685.6 318.2 127 686.6 318.2 127 687.5 319.1 127 688.5 320.1 127 689.5 321.1 127 689.5 323 127 689.5 324 127 689.5 325 127 689.5 325.9 127 689.5 326.9 127 688.5 326.9 127 687.5 327.9 127 686.6 325.9 127 687.5 325 127</points><color>0 0 255 255</color><thickness>3</thickness><highlight>False</highlight><author>wmck</author><target>presentationSpace</target><privacy>public</privacy><slide>1242402</slide></ink></message><message xml:lang='en' to='1242402@conference.deified.adm.monash.edu.au' from='wmck@deified.adm.monash.edu.au' type='groupchat' time='1282188647483'><ink xmlns='monash:metl'><checksum>89979.1000000001</checksum><points>694.3 314.3 127 697.2 322 127 701.1 315.3 127 702.1 313.3 127 702.1 312.3 127 702.1 311.4 127 703.1 312.3 127 704 313.3 127 705 313.3 127 706 313.3 127 706.9 313.3 127 707.9 313.3 127 708.9 312.3 127 709.8 312.3 127 710.8 310.4 127 710.8 309.4 127 711.8 308.5 127 711.8 306.5 127 711.8 303.6 127 711.8 301.7 127 711.8 299.7 127 710.8 296.8 127 710.8 295.9 127 710.8 293.9 127 710.8 294.9 127 710.8 295.9 127 710.8 297.8 127 710.8 299.7 127 711.8 301.7 127 711.8 303.6 127 712.8 305.6 127 713.7 307.5 127 714.7 309.4 127 714.7 310.4 127 715.7 311.4 127 715.7 312.3 127 716.6 312.3 127 715.7 311.4 127 714.7 309.4 127 713.7 307.5 127 712.8 307.5 127 712.8 306.5 127 711.8 305.6 127 710.8 305.6 127 710.8 306.5 127 711.8 307.5 127 712.8 307.5 127 713.7 307.5 127 714.7 307.5 127 715.7 306.5 127 717.6 306.5 127 718.6 305.6 127 720.5 304.6 127 721.5 303.6 127 722.5 302.6 127 724.4 300.7 127 724.4 299.7 127 725.4 298.8 127 725.4 296.8 127 725.4 295.9 127 724.4 295.9 127 723.4 295.9 127 722.5 296.8 127 722.5 297.8 127 722.5 298.8 127 722.5 299.7 127 722.5 301.7 127 722.5 302.6 127 723.4 303.6 127 724.4 303.6 127 725.4 304.6 127 726.3 304.6 127 727.3 304.6 127 728.3 304.6 127 728.3 303.6 127 729.2 303.6 127 730.2 302.6 127 731.2 302.6 127 732.2 302.6 127 733.1 303.6 127 734.1 303.6 127 735.1 303.6 127 735.1 302.6 127 736 302.6 127 737 301.7 127 737 300.7 127 737 299.7 127 735.1 298.8 127</points><color>0 0 255 255</color><thickness>3</thickness><highlight>False</highlight><author>wmck</author><target>presentationSpace</target><privacy>public</privacy><slide>1242402</slide></ink></message><message xml:lang='en' to='1242402@conference.deified.adm.monash.edu.au' from='wmck@deified.adm.monash.edu.au' type='groupchat' time='1282188647687'><ink xmlns='monash:metl'><checksum>2030.6</checksum><points>715.1 300.7 127 715.1 299.7 127</points><color>0 0 255 255</color><thickness>3</thickness><highlight>False</highlight><author>wmck</author><target>presentationSpace</target><privacy>public</privacy><slide>1242402</slide></ink></message><message xml:lang='en' to='1242402@conference.deified.adm.monash.edu.au' from='wmck@deified.adm.monash.edu.au' type='groupchat' time='1282188648218'><ink xmlns='monash:metl'><checksum>18385.5</checksum><points>657.8 357.9 127 657.8 348.2 127 655.9 349.2 127 654.9 352.1 127 654 354.1 127 654 356 127 654.9 357.9 127 655.9 360.8 127 656.9 362.8 127 657.8 365.7 127 658.8 367.6 127 659.8 369.6 127 660.7 371.5 127 661.7 372.5 127 661.7 373.5 127 661.7 374.4 127 660.7 374.4 127 658.8 373.5 127</points><color>0 0 255 255</color><thickness>3</thickness><highlight>False</highlight><author>wmck</author><target>presentationSpace</target><privacy>public</privacy><slide>1242402</slide></ink></message><message xml:lang='en' to='1242402@conference.deified.adm.monash.edu.au' from='wmck@deified.adm.monash.edu.au' type='groupchat' time='1282188648496'><ink xmlns='monash:metl'><checksum>10318.7</checksum><points>654 370.5 127 661.7 362.8 127 663.7 366.7 127 664.6 367.6 127 665.6 367.6 127 666.6 367.6 127 667.5 367.6 127 668.5 366.7 127 669.5 365.7 127 670.4 363.8 127</points><color>0 0 255 255</color><thickness>3</thickness><highlight>False</highlight><author>wmck</author><target>presentationSpace</target><privacy>public</privacy><slide>1242402</slide></ink></message><message xml:lang='en' to='1242402@conference.deified.adm.monash.edu.au' from='wmck@deified.adm.monash.edu.au' type='groupchat' time='1282188648738'><ink xmlns='monash:metl'><checksum>4134.9</checksum><points>669.5 348.2 127 672.4 364.7 127 673.4 365.7 127 674.3 366.7 127</points><color>0 0 255 255</color><thickness>3</thickness><highlight>False</highlight><author>wmck</author><target>presentationSpace</target><privacy>public</privacy><slide>1242402</slide></ink></message><message xml:lang='en' to='1242402@conference.deified.adm.monash.edu.au' from='wmck@deified.adm.monash.edu.au' type='groupchat' time='1282188649256'><ink xmlns='monash:metl'><checksum>39662</checksum><points>678.2 356 127 679.2 357.9 127 686.9 346.3 127 686 345.3 127 685 346.3 127 684 347.3 127 684 348.2 127 684 349.2 127 684 351.1 127 684 352.1 127 685 353.1 127 686 354.1 127 687.9 355 127 688.9 355 127 690.8 355 127 691.8 355 127 693.7 354.1 127 694.7 353.1 127 695.7 351.1 127 696.6 350.2 127 697.6 348.2 127 698.6 346.3 127 699.5 345.3 127 699.5 344.4 127 700.5 344.4 127 700.5 345.3 127 700.5 346.3 127 700.5 348.2 127 700.5 349.2 127 700.5 350.2 127 700.5 352.1 127 700.5 353.1 127 699.5 354.1 127 699.5 355 127 697.6 355 127 695.7 355 127 694.7 355 127 692.8 354.1 127</points><color>0 0 255 255</color><thickness>3</thickness><highlight>False</highlight><author>wmck</author><target>presentationSpace</target><privacy>public</privacy><slide>1242402</slide></ink></message><message xml:lang='en' to='1242402@conference.deified.adm.monash.edu.au' from='wmck@deified.adm.monash.edu.au' type='groupchat' time='1282188649498'><ink xmlns='monash:metl'><checksum>2043.2</checksum><points>667.5 353.1 127 669.5 353.1 127</points><color>0 0 255 255</color><thickness>3</thickness><highlight>False</highlight><author>wmck</author><target>presentationSpace</target><privacy>public</privacy><slide>1242402</slide></ink></message><message xml:lang='en' to='1242402@conference.deified.adm.monash.edu.au' from='wmck@deified.adm.monash.edu.au' type='groupchat' time='1282188649732'><ink xmlns='monash:metl'><checksum>2013</checksum><points>668.5 338.5 127 667.5 338.5 127</points><color>0 0 255 255</color><thickness>3</thickness><highlight>False</highlight><author>wmck</author><target>presentationSpace</target><privacy>public</privacy><slide>1242402</slide></ink></message><message xml:lang='en' to='1242402@conference.deified.adm.monash.edu.au' from='wmck@deified.adm.monash.edu.au' type='groupchat' time='1282188650364'><ink xmlns='monash:metl'><checksum>2053.8</checksum><points>619 407.4 127 621.9 405.5 127</points><color>0 0 255 255</color><thickness>3</thickness><highlight>False</highlight><author>wmck</author><target>presentationSpace</target><privacy>public</privacy><slide>1242402</slide></ink></message><message xml:lang='en' to='1242402@conference.deified.adm.monash.edu.au' from='wmck@deified.adm.monash.edu.au' type='groupchat' time='1282188652117'><ink xmlns='monash:metl'><checksum>172362.1</checksum><points>637.5 388 127 637.5 386.1 127 639.4 404.5 127 640.4 407.4 127 640.4 408.4 127 641.3 408.4 127 641.3 407.4 127 641.3 406.4 127 642.3 405.5 127 642.3 403.5 127 643.3 401.6 127 643.3 399.6 127 644.3 397.7 127 644.3 396.7 127 644.3 395.8 127 645.2 395.8 127 646.2 395.8 127 646.2 396.7 127 646.2 397.7 127 647.2 398.7 127 648.1 399.6 127 648.1 400.6 127 649.1 401.6 127 650.1 401.6 127 651 401.6 127 652 401.6 127 653 400.6 127 654 399.6 127 654 397.7 127 654 396.7 127 654 395.8 127 654.9 394.8 127 654.9 393.8 127 654.9 392.9 127 654.9 391.9 127 656.9 397.7 127 656.9 398.7 127 657.8 398.7 127 658.8 398.7 127 659.8 398.7 127 660.7 398.7 127 662.7 397.7 127 662.7 396.7 127 664.6 395.8 127 664.6 394.8 127 665.6 392.9 127 666.6 391.9 127 666.6 390.9 127 666.6 389.9 127 666.6 389 127 666.6 389.9 127 666.6 390.9 127 666.6 391.9 127 666.6 392.9 127 666.6 393.8 127 666.6 394.8 127 666.6 395.8 127 667.5 396.7 127 667.5 395.8 127 668.5 394.8 127 668.5 393.8 127 668.5 392.9 127 668.5 390.9 127 669.5 389 127 669.5 388 127 669.5 386.1 127 670.4 385.1 127 670.4 384.1 127 670.4 383.2 127 671.4 384.1 127 671.4 385.1 127 671.4 386.1 127 671.4 387 127 672.4 389 127 672.4 389.9 127 673.4 391.9 127 673.4 392.9 127 674.3 393.8 127 674.3 392.9 127 675.3 391.9 127 675.3 390.9 127 676.3 389.9 127 676.3 389 127 677.2 388 127 677.2 387 127 678.2 387 127 678.2 386.1 127 679.2 386.1 127 680.1 387 127 681.1 387 127 682.1 387 127 683.1 388 127 684 388 127 685 388 127 686 387 127 686.9 387 127 687.9 386.1 127 688.9 385.1 127 689.8 385.1 127 690.8 383.2 127 691.8 382.2 127 691.8 381.2 127 691.8 380.2 127 691.8 378.3 127 691.8 377.3 127 690.8 376.4 127 689.8 376.4 127 688.9 376.4 127 687.9 376.4 127 686.9 376.4 127 686 377.3 127 685 378.3 127 684 379.3 127 684 380.2 127 683.1 382.2 127 683.1 383.2 127 683.1 384.1 127 684 385.1 127 685 385.1 127 686 386.1 127 686.9 386.1 127 687.9 385.1 127 688.9 385.1 127 690.8 384.1 127 691.8 382.2 127 692.8 381.2 127 693.7 379.3 127 694.7 378.3 127 695.7 377.3 127 696.6 375.4 127 697.6 374.4 127 697.6 375.4 127 697.6 376.4 127 697.6 377.3 127 698.6 378.3 127 698.6 379.3 127 699.5 380.2 127 700.5 379.3 127 700.5 378.3 127 701.5 378.3 127 702.5 377.3 127 702.5 376.4 127 703.4 376.4 127 704.4 375.4 127 705.4 375.4 127 706.3 375.4 127 706.3 376.4 127 707.3 376.4 127 708.3 376.4 127 709.2 377.3 127 710.2 377.3 127 711.2 376.4 127 712.2 375.4 127 713.1 374.4 127 713.1 373.5 127 713.1 372.5 127 713.1 371.5 127 713.1 370.5 127 713.1 369.6 127 713.1 368.6 127 712.2 368.6 127 712.2 367.6 127</points><color>0 0 255 255</color><thickness>3</thickness><highlight>False</highlight><author>wmck</author><target>presentationSpace</target><privacy>public</privacy><slide>1242402</slide></ink></message><message xml:lang='en' to='1242402@conference.deified.adm.monash.edu.au' from='wmck@deified.adm.monash.edu.au' type='groupchat' time='1282188653014'><ink xmlns='monash:metl'><checksum>2150.8</checksum><points>661.7 413.2 127 660.7 415.2 127</points><color>0 0 255 255</color><thickness>3</thickness><highlight>False</highlight><author>wmck</author><target>presentationSpace</target><privacy>public</privacy><slide>1242402</slide></ink></message><message xml:lang='en' to='1242402@conference.deified.adm.monash.edu.au' from='wmck@deified.adm.monash.edu.au' type='groupchat' time='1282188653184'><ink xmlns='monash:metl'><checksum>4314.4</checksum><points>661.7 413.2 127 666.6 412.3 127 666.6 413.2 127 666.6 414.2 127</points><color>0 0 255 255</color><thickness>3</thickness><highlight>False</highlight><author>wmck</author><target>presentationSpace</target><privacy>public</privacy><slide>1242402</slide></ink></message><message xml:lang='en' to='1242402@conference.deified.adm.monash.edu.au' from='wmck@deified.adm.monash.edu.au' type='groupchat' time='1282188654460'><ink xmlns='monash:metl'><checksum>51275.5</checksum><points>665.6 412.3 127 664.6 423.9 127 665.6 420 127 666.6 417.1 127 666.6 416.1 127 666.6 415.2 127 667.5 415.2 127 667.5 414.2 127 668.5 415.2 127 668.5 416.1 127 668.5 417.1 127 669.5 418.1 127 669.5 419 127 670.4 420 127 671.4 420 127 672.4 420 127 674.3 420 127 675.3 420 127 676.3 420 127 677.2 419 127 678.2 418.1 127 679.2 417.1 127 680.1 416.1 127 680.1 415.2 127 681.1 414.2 127 681.1 412.3 127 680.1 411.3 127 679.2 410.3 127 679.2 409.3 127 678.2 409.3 127 677.2 409.3 127 676.3 409.3 127 675.3 410.3 127 675.3 411.3 127 674.3 412.3 127 674.3 414.2 127 675.3 415.2 127 675.3 416.1 127 676.3 418.1 127 677.2 418.1 127 678.2 419 127 680.1 419 127 681.1 418.1 127 683.1 418.1 127 685 417.1 127 686.9 416.1 127 687.9 414.2 127</points><color>0 0 255 255</color><thickness>3</thickness><highlight>False</highlight><author>wmck</author><target>presentationSpace</target><privacy>public</privacy><slide>1242402</slide></ink></message><message xml:lang='en' to='1242402@conference.deified.adm.monash.edu.au' from='wmck@deified.adm.monash.edu.au' type='groupchat' time='1282188654689'><ink xmlns='monash:metl'><checksum>2180.9</checksum><points>692.8 397.7 127 690.8 399.6 127</points><color>0 0 255 255</color><thickness>3</thickness><highlight>False</highlight><author>wmck</author><target>presentationSpace</target><privacy>public</privacy><slide>1242402</slide></ink></message><message xml:lang='en' to='1242402@conference.deified.adm.monash.edu.au' from='wmck@deified.adm.monash.edu.au' type='groupchat' time='1282188655676'><ink xmlns='monash:metl'><checksum>84245.0999999999</checksum><points>689.8 402.6 127 690.8 402.6 127 697.6 400.6 127 699.5 403.5 127 701.5 404.5 127 701.5 405.5 127 702.5 406.4 127 703.4 407.4 127 704.4 407.4 127 705.4 407.4 127 705.4 406.4 127 705.4 405.5 127 706.3 404.5 127 706.3 403.5 127 706.3 402.6 127 707.3 401.6 127 707.3 400.6 127 708.3 400.6 127 709.2 400.6 127 709.2 401.6 127 710.2 401.6 127 711.2 401.6 127 712.2 401.6 127 712.2 400.6 127 712.2 399.6 127 712.2 398.7 127 712.2 397.7 127 712.2 396.7 127 712.2 395.8 127 712.2 394.8 127 712.2 395.8 127 713.1 396.7 127 713.1 397.7 127 714.1 397.7 127 714.1 398.7 127 715.1 398.7 127 716 398.7 127 717 397.7 127 718 397.7 127 718.9 396.7 127 718.9 394.8 127 718.9 393.8 127 718.9 392.9 127 718.9 390.9 127 718.9 389.9 127 718 389 127 717 388 127 716 387 127 715.1 387 127 714.1 388 127 713.1 389 127 712.2 389.9 127 711.2 390.9 127 711.2 391.9 127 711.2 392.9 127 712.2 393.8 127 713.1 394.8 127 714.1 394.8 127 715.1 393.8 127 716 392.9 127 718 391.9 127 718.9 390.9 127 719.9 389 127 720.9 388 127 721.9 386.1 127 721.9 385.1 127 721.9 384.1 127 721.9 383.2 127 721.9 384.1 127 721.9 385.1 127 721.9 386.1 127 721.9 387 127 722.8 387 127 723.8 387 127 724.8 387 127 724.8 386.1 127</points><color>0 0 255 255</color><thickness>3</thickness><highlight>False</highlight><author>wmck</author><target>presentationSpace</target><privacy>public</privacy><slide>1242402</slide></ink></message><message xml:lang='en' to='1242402@conference.deified.adm.monash.edu.au' from='wmck@deified.adm.monash.edu.au' type='groupchat' time='1282188656085'><ink xmlns='monash:metl'><checksum>35702.8</checksum><points>725.7 377.3 127 722.8 373.5 127 729.6 386.1 127 730.6 385.1 127 731.6 384.1 127 731.6 383.2 127 732.5 382.2 127 732.5 381.2 127 732.5 382.2 127 732.5 383.2 127 733.5 383.2 127 734.5 382.2 127 734.5 381.2 127 734.5 380.2 127 734.5 379.3 127 735.4 378.3 127 735.4 376.4 127 736.4 376.4 127 736.4 375.4 127 737.4 375.4 127 738.3 376.4 127 739.3 377.3 127 739.3 378.3 127 739.3 379.3 127 739.3 381.2 127 739.3 382.2 127 739.3 383.2 127 738.3 384.1 127 738.3 385.1 127 737.4 385.1 127 736.4 385.1 127 736.4 384.1 127</points><color>0 0 255 255</color><thickness>3</thickness><highlight>False</highlight><author>wmck</author><target>presentationSpace</target><privacy>public</privacy><slide>1242402</slide></ink></message><message xml:lang='en' to='1242402@conference.deified.adm.monash.edu.au' from='wmck@deified.adm.monash.edu.au' type='groupchat' time='1282188660007'><ink xmlns='monash:metl'><checksum>78772.9</checksum><points>545.5 357.9 127 527.1 368.6 127 514.5 372.5 127 506.7 374.4 127 501.8 375.4 127 498 376.4 127 493.1 377.3 127 488.3 377.3 127 483.4 378.3 127 478.6 379.3 127 473.7 380.2 127 468.9 380.2 127 464 381.2 127 460.1 381.2 127 456.3 381.2 127 452.4 382.2 127 449.5 382.2 127 445.6 383.2 127 442.7 383.2 127 440.7 384.1 127 437.8 384.1 127 435.9 385.1 127 433.9 385.1 127 432 386.1 127 430.1 386.1 127 429.1 386.1 127 428.1 387 127 427.2 387 127 426.2 387 127 425.2 387 127 424.2 387 127 423.3 387 127 422.3 388 127 421.3 389 127 420.4 389 127 419.4 390.9 127 417.5 391.9 127 415.5 393.8 127 413.6 395.8 127 411.6 397.7 127 408.7 400.6 127 406.8 402.6 127 403.9 405.5 127 401 408.4 127 399 411.3 127 397.1 413.2 127 394.2 416.1 127 392.2 418.1 127 390.3 419 127 389.3 421 127 387.4 422 127 386.4 422.9 127 385.4 422 127 386.4 422 127 386.4 420 127 386.4 419 127 387.4 417.1 127 388.4 415.2 127 389.3 413.2 127 390.3 411.3 127 390.3 409.3 127 391.3 407.4 127 392.2 406.4 127 392.2 404.5 127 393.2 403.5 127 393.2 402.6 127 392.2 403.5 127 391.3 404.5 127 390.3 406.4 127 389.3 407.4 127 389.3 409.3 127 388.4 411.3 127 387.4 413.2 127 386.4 416.1 127 385.4 418.1 127 384.5 421 127 383.5 422.9 127 383.5 424.9 127 382.5 426.8 127 382.5 427.8 127 383.5 428.7 127 384.5 428.7 127 386.4 429.7 127 388.4 429.7 127 390.3 428.7 127 392.2 428.7 127 395.1 427.8 127 397.1 427.8 127 400 426.8 127 401.9 426.8 127 402.9 425.8 127 404.8 425.8 127 405.8 424.9 127 406.8 425.8 127 406.8 424.9 127 406.8 423.9 127</points><color>0 0 255 255</color><thickness>3</thickness><highlight>False</highlight><author>wmck</author><target>presentationSpace</target><privacy>public</privacy><slide>1242402</slide></ink></message><message xml:lang='en' to='1242402@conference.deified.adm.monash.edu.au' from='wmck@deified.adm.monash.edu.au' type='groupchat' time='1282188661552'><ink xmlns='monash:metl'><checksum>15312.6</checksum><points>256.4 432.6 127 254.5 430.7 127 258.4 437.5 127 260.3 440.4 127 260.3 441.4 127 261.3 442.3 127 261.3 443.3 127 261.3 442.3 127 261.3 441.4 127 261.3 439.4 127 261.3 438.4 127 261.3 436.5 127 261.3 434.6 127 261.3 432.6 127 262.2 430.7 127 262.2 429.7 127 263.2 427.8 127 264.2 427.8 127 264.2 426.8 127 265.2 426.8 127 266.1 426.8 127 266.1 427.8 127</points><color>0 0 255 255</color><thickness>3</thickness><highlight>False</highlight><author>wmck</author><target>presentationSpace</target><privacy>public</privacy><slide>1242402</slide></ink></message><message xml:lang='en' to='1242402@conference.deified.adm.monash.edu.au' from='wmck@deified.adm.monash.edu.au' type='groupchat' time='1282188662606'><ink xmlns='monash:metl'><checksum>71608.3</checksum><points>270 434.6 127 273.9 436.5 127 273.9 428.7 127 271.9 430.7 127 271 432.6 127 271 434.6 127 271 435.5 127 271 436.5 127 271.9 437.5 127 272.9 437.5 127 274.9 437.5 127 275.8 437.5 127 277.8 436.5 127 278.7 435.5 127 280.7 433.6 127 281.6 432.6 127 282.6 430.7 127 283.6 428.7 127 284.6 426.8 127 284.6 424.9 127 284.6 422.9 127 283.6 421 127 283.6 420 127 283.6 418.1 127 282.6 418.1 127 282.6 416.1 127 282.6 417.1 127 282.6 418.1 127 282.6 420 127 283.6 422 127 284.6 423.9 127 284.6 425.8 127 285.5 427.8 127 286.5 429.7 127 287.5 431.7 127 288.4 432.6 127 289.4 433.6 127 290.4 434.6 127 291.3 434.6 127 290.4 433.6 127 290.4 432.6 127 289.4 431.7 127 288.4 430.7 127 287.5 429.7 127 286.5 428.7 127 285.5 427.8 127 284.6 426.8 127 283.6 426.8 127 282.6 425.8 127 283.6 425.8 127 283.6 424.9 127 284.6 424.9 127 285.5 423.9 127 286.5 422.9 127 287.5 422 127 288.4 422 127 288.4 421 127 289.4 421 127 290.4 420 127 291.3 420 127 292.3 420 127 293.3 421 127 294.3 422 127 295.2 422.9 127 296.2 423.9 127 297.2 424.9 127 297.2 425.8 127 298.1 426.8 127 299.1 426.8 127 299.1 427.8 127 299.1 426.8 127 299.1 425.8 127 299.1 424.9 127 299.1 422.9 127 300.1 422 127 300.1 420 127 301.1 418.1 127 301.1 417.1 127 302 415.2 127 303 414.2 127 303 413.2 127 304 413.2 127 304.9 412.3 127 305.9 413.2 127 305.9 414.2 127 306.9 415.2 127 306.9 416.1 127 306.9 417.1 127 307.8 419 127 307.8 420 127 308.8 421 127 309.8 422 127 309.8 422.9 127 310.8 423.9 127 311.7 423.9 127 311.7 422.9 127 312.7 422 127 312.7 421 127 312.7 419 127 312.7 417.1 127</points><color>0 0 255 255</color><thickness>3</thickness><highlight>False</highlight><author>wmck</author><target>presentationSpace</target><privacy>public</privacy><slide>1242402</slide></ink></message><message xml:lang='en' to='1242402@conference.deified.adm.monash.edu.au' from='wmck@deified.adm.monash.edu.au' type='groupchat' time='1282188663561'><ink xmlns='monash:metl'><checksum>71761.4000000001</checksum><points>310.8 408.4 127 308.8 408.4 127 314.6 412.3 127 316.6 413.2 127 317.5 414.2 127 319.5 414.2 127 320.5 414.2 127 321.4 413.2 127 322.4 412.3 127 324.3 411.3 127 325.3 409.3 127 326.3 408.4 127 327.2 406.4 127 327.2 404.5 127 327.2 402.6 127 327.2 400.6 127 327.2 399.6 127 326.3 399.6 127 325.3 399.6 127 324.3 399.6 127 323.4 400.6 127 323.4 401.6 127 322.4 403.5 127 322.4 405.5 127 323.4 407.4 127 323.4 408.4 127 324.3 409.3 127 325.3 410.3 127 327.2 411.3 127 328.2 411.3 127 329.2 411.3 127 331.1 410.3 127 332.1 409.3 127 333.1 408.4 127 333.1 407.4 127 334 405.5 127 334 404.5 127 334 402.6 127 334 401.6 127 334 400.6 127 335 401.6 127 335 402.6 127 336 403.5 127 336 404.5 127 336.9 405.5 127 337.9 405.5 127 338.9 406.4 127 339.9 406.4 127 340.8 405.5 127 341.8 405.5 127 342.8 404.5 127 342.8 403.5 127 342.8 402.6 127 342.8 401.6 127 342.8 399.6 127 342.8 397.7 127 342.8 395.8 127 342.8 394.8 127 342.8 392.9 127 342.8 391.9 127 343.7 393.8 127 343.7 394.8 127 343.7 395.8 127 343.7 397.7 127 344.7 397.7 127 345.7 399.6 127 346.6 399.6 127 347.6 400.6 127 348.6 400.6 127 350.5 400.6 127 351.5 399.6 127 353.4 398.7 127 354.4 397.7 127 356.3 395.8 127 357.3 393.8 127 358.3 391.9 127 358.3 389.9 127 358.3 389 127 357.3 387 127 357.3 386.1 127 355.4 385.1 127 354.4 385.1 127 353.4 385.1 127 351.5 386.1 127 350.5 388 127 349.6 389.9 127 349.6 391.9 127 348.6 393.8 127 349.6 395.8 127 349.6 397.7 127 350.5 399.6 127 351.5 400.6 127 353.4 400.6 127 355.4 400.6 127 357.3 400.6 127 358.3 399.6 127 360.2 398.7 127</points><color>0 0 255 255</color><thickness>3</thickness><highlight>False</highlight><author>wmck</author><target>presentationSpace</target><privacy>public</privacy><slide>1242402</slide></ink></message><message xml:lang='en' to='1242402@conference.deified.adm.monash.edu.au' from='wmck@deified.adm.monash.edu.au' type='groupchat' time='1282188664382'><ink xmlns='monash:metl'><checksum>45170.5</checksum><points>326.3 422.9 127 343.7 424.9 127 354.4 422 127 361.2 420 127 368 419 127 374.8 416.1 127 381.6 414.2 127 389.3 411.3 127 397.1 407.4 127 404.8 403.5 127 412.6 399.6 127 420.4 395.8 127 427.2 390.9 127 433.9 386.1 127 439.8 381.2 127 445.6 376.4 127 450.4 371.5 127 453.3 366.7 127 456.3 360.8 127 458.2 356 127 458.2 350.2 127 457.2 345.3 127 455.3 340.5 127 451.4 335.6 127 447.5 331.7 127 441.7 328.8 127 434.9 325 127 428.1 323 127 419.4 321.1 127 410.7 320.1 127 401 320.1 127 391.3 321.1 127 380.6 322 127 369 323 127 358.3 325 127 346.6 327.9 127 335 331.7 127 324.3 335.6 127 313.7 340.5 127 304 345.3 127 295.2 351.1 127 286.5 357.9 127 279.7 364.7 127 273.9 371.5 127 269 379.3 127 265.2 387 127 263.2 394.8 127 263.2 401.6 127 264.2 408.4 127 266.1 415.2 127 269 421 127 272.9 424.9 127 277.8 428.7 127 283.6 431.7 127 290.4 432.6 127 297.2 433.6 127 304.9 433.6 127 312.7 432.6 127 321.4 431.7 127 330.2 429.7 127 338.9 426.8 127</points><color>0 0 255 255</color><thickness>3</thickness><highlight>False</highlight><author>wmck</author><target>presentationSpace</target><privacy>public</privacy><slide>1242402</slide></ink></message><message xml:lang='en' to='1242402@conference.deified.adm.monash.edu.au' from='wmck@deified.adm.monash.edu.au' type='groupchat' time='1282188665554'><ink xmlns='monash:metl'><checksum>13418.2</checksum><points>353.4 419 127 354.4 441.4 127 356.3 454 127 357.3 459.8 127 358.3 466.6 127 359.3 473.4 127 360.2 479.2 127 361.2 485 127 361.2 488.9 127 362.2 493.7 127 362.2 496.6 127 362.2 498.6 127 362.2 500.5 127 362.2 501.5 127 362.2 502.5 127 361.2 501.5 127</points><color>0 0 255 255</color><thickness>3</thickness><highlight>False</highlight><author>wmck</author><target>presentationSpace</target><privacy>public</privacy><slide>1242402</slide></ink></message><message xml:lang='en' to='1242402@conference.deified.adm.monash.edu.au' from='wmck@deified.adm.monash.edu.au' type='groupchat' time='1282188665908'><ink xmlns='monash:metl'><checksum>17481.8</checksum><points>353.4 491.8 127 351.5 492.8 127 358.3 509.3 127 361.2 513.1 127 362.2 515.1 127 364.1 516 127 365.1 517 127 366 517 127 367 517 127 368 515.1 127 369 514.1 127 369.9 511.2 127 371.9 508.3 127 372.8 504.4 127 374.8 501.5 127 376.7 497.6 127 378.7 494.7 127 380.6 491.8 127 382.5 488.9 127 385.4 486 127</points><color>0 0 255 255</color><thickness>3</thickness><highlight>False</highlight><author>wmck</author><target>presentationSpace</target><privacy>public</privacy><slide>1242402</slide></ink></message><message xml:lang='en' to='1242402@conference.deified.adm.monash.edu.au' from='wmck@deified.adm.monash.edu.au' type='groupchat' time='1282188666743'><ink xmlns='monash:metl'><checksum>28360</checksum><points>418.4 519.9 127 414.5 521.9 127 413.6 525.7 127 413.6 527.7 127 413.6 529.6 127 414.5 531.6 127 415.5 533.5 127 416.5 534.5 127 417.5 535.4 127 419.4 534.5 127 421.3 533.5 127 423.3 532.5 127 424.2 530.6 127 426.2 528.7 127 427.2 525.7 127 427.2 523.8 127 427.2 521.9 127 427.2 519.9 127 426.2 519 127 425.2 518 127 424.2 518 127 422.3 518 127 420.4 519 127 418.4 519.9 127 417.5 520.9 127 415.5 522.8 127 414.5 523.8 127 414.5 525.7 127 414.5 526.7 127 415.5 527.7 127</points><color>0 0 255 255</color><thickness>3</thickness><highlight>False</highlight><author>wmck</author><target>presentationSpace</target><privacy>public</privacy><slide>1242402</slide></ink></message><message xml:lang='en' to='1242402@conference.deified.adm.monash.edu.au' from='wmck@deified.adm.monash.edu.au' type='groupchat' time='1282188667767'><ink xmlns='monash:metl'><checksum>96045.5</checksum><points>431 518 127 440.7 529.6 127 441.7 527.7 127 442.7 524.8 127 443.6 522.8 127 443.6 521.9 127 443.6 520.9 127 444.6 521.9 127 445.6 522.8 127 445.6 523.8 127 446.6 524.8 127 447.5 524.8 127 448.5 524.8 127 449.5 524.8 127 450.4 523.8 127 451.4 522.8 127 452.4 521.9 127 452.4 519.9 127 453.3 518 127 453.3 515.1 127 453.3 513.1 127 454.3 510.2 127 454.3 508.3 127 454.3 506.3 127 454.3 505.4 127 454.3 504.4 127 454.3 505.4 127 454.3 507.3 127 455.3 509.3 127 455.3 512.2 127 456.3 515.1 127 456.3 518 127 457.2 520.9 127 457.2 522.8 127 458.2 524.8 127 458.2 525.7 127 459.2 524.8 127 458.2 522.8 127 458.2 521.9 127 457.2 519.9 127 457.2 518 127 456.3 516 127 455.3 515.1 127 454.3 514.1 127 453.3 513.1 127 452.4 512.2 127 452.4 513.1 127 451.4 513.1 127 451.4 514.1 127 452.4 515.1 127 453.3 515.1 127 454.3 515.1 127 455.3 514.1 127 457.2 514.1 127 459.2 513.1 127 461.1 512.2 127 462.1 511.2 127 464 511.2 127 465 511.2 127 466.9 512.2 127 467.9 513.1 127 468.9 515.1 127 469.8 518 127 470.8 520.9 127 471.8 524.8 127 472.7 527.7 127 472.7 530.6 127 473.7 533.5 127 473.7 535.4 127 473.7 536.4 127 473.7 537.4 127 472.7 536.4 127 472.7 534.5 127 471.8 531.6 127 471.8 529.6 127 470.8 525.7 127 470.8 522.8 127 470.8 519.9 127 470.8 517 127 470.8 514.1 127 470.8 512.2 127 471.8 510.2 127 472.7 510.2 127 474.7 510.2 127 475.7 510.2 127 476.6 512.2 127 477.6 513.1 127 478.6 515.1 127 479.5 517 127 479.5 519 127 478.6 520.9 127 478.6 522.8 127 477.6 523.8 127 476.6 524.8 127 474.7 524.8 127 473.7 523.8 127 473.7 522.8 127 473.7 520.9 127</points><color>0 0 255 255</color><thickness>3</thickness><highlight>False</highlight><author>wmck</author><target>presentationSpace</target><privacy>public</privacy><slide>1242402</slide></ink></message><message xml:lang='en' to='1242402@conference.deified.adm.monash.edu.au' from='wmck@deified.adm.monash.edu.au' type='groupchat' time='1282188668296'><ink xmlns='monash:metl'><checksum>44687.3</checksum><points>481.5 511.2 127 494.1 520.9 127 498 513.1 127 498.9 510.2 127 499.9 509.3 127 499.9 508.3 127 500.9 508.3 127 500.9 509.3 127 501.8 510.2 127 501.8 511.2 127 502.8 512.2 127 503.8 513.1 127 503.8 514.1 127 504.8 515.1 127 505.7 515.1 127 506.7 515.1 127 507.7 515.1 127 508.6 514.1 127 509.6 513.1 127 509.6 511.2 127 510.6 509.3 127 510.6 507.3 127 510.6 505.4 127 510.6 503.4 127 509.6 500.5 127 509.6 498.6 127 509.6 496.6 127 508.6 495.7 127 508.6 494.7 127 508.6 493.7 127 508.6 494.7 127 509.6 496.6 127 509.6 498.6 127 509.6 500.5 127 510.6 503.4 127 511.5 506.3 127 512.5 509.3 127 512.5 511.2 127 513.5 514.1 127 514.5 516 127 514.5 518 127 515.4 519 127 514.5 518 127 514.5 517 127</points><color>0 0 255 255</color><thickness>3</thickness><highlight>False</highlight><author>wmck</author><target>presentationSpace</target><privacy>public</privacy><slide>1242402</slide></ink></message><message xml:lang='en' to='1242402@conference.deified.adm.monash.edu.au' from='wmck@deified.adm.monash.edu.au' type='groupchat' time='1282188668506'><ink xmlns='monash:metl'><checksum>2025.1</checksum><points>506.7 505.4 127 508.6 504.4 127</points><color>0 0 255 255</color><thickness>3</thickness><highlight>False</highlight><author>wmck</author><target>presentationSpace</target><privacy>public</privacy><slide>1242402</slide></ink></message><message xml:lang='en' to='1242402@conference.deified.adm.monash.edu.au' from='wmck@deified.adm.monash.edu.au' type='groupchat' time='1282188668665'><ink xmlns='monash:metl'><checksum>3081.8</checksum><points>530 496.6 127 529 498.6 127 530 497.6 127</points><color>0 0 255 255</color><thickness>3</thickness><highlight>False</highlight><author>wmck</author><target>presentationSpace</target><privacy>public</privacy><slide>1242402</slide></ink></message>