<logCollection date='{2010,8,31}'><message xml:lang='en' to='1242402@conference.deified.adm.monash.edu.au' from='wmck@deified.adm.monash.edu.au' type='groupchat' time='1283208242458'><dirtyInk xmlns='monash:metl'><author>wmck</author><slide>1242402</slide><target>presentationSpace</target><privacy>public</privacy><identity>45170.5</identity></dirtyInk></message><message xml:lang='en' to='1242402@conference.deified.adm.monash.edu.au' from='wmck@deified.adm.monash.edu.au' type='groupchat' time='1283208243161'><dirtyInk xmlns='monash:metl'><author>wmck</author><slide>1242402</slide><target>presentationSpace</target><privacy>public</privacy><identity>11906.6</identity></dirtyInk></message><message xml:lang='en' to='1242402@conference.deified.adm.monash.edu.au' from='wmck@deified.adm.monash.edu.au' type='groupchat' time='1283208243166'><dirtyInk xmlns='monash:metl'><author>wmck</author><slide>1242402</slide><target>presentationSpace</target><privacy>public</privacy><identity>8809.9</identity></dirtyInk></message><message xml:lang='en' to='1242402@conference.deified.adm.monash.edu.au' from='wmck@deified.adm.monash.edu.au' type='groupchat' time='1283208243201'><dirtyInk xmlns='monash:metl'><author>wmck</author><slide>1242402</slide><target>presentationSpace</target><privacy>public</privacy><identity>78772.9</identity></dirtyInk></message><message xml:lang='en' to='1242402@conference.deified.adm.monash.edu.au' from='wmck@deified.adm.monash.edu.au' type='groupchat' time='1283208243242'><dirtyInk xmlns='monash:metl'><author>wmck</author><slide>1242402</slide><target>presentationSpace</target><privacy>public</privacy><identity>13418.2</identity></dirtyInk></message><message xml:lang='en' to='1242402@conference.deified.adm.monash.edu.au' from='wmck@deified.adm.monash.edu.au' type='groupchat' time='1283208243337'><dirtyInk xmlns='monash:metl'><author>wmck</author><slide>1242402</slide><target>presentationSpace</target><privacy>public</privacy><identity>71761.4000000001</identity></dirtyInk></message><message xml:lang='en' to='1242402@conference.deified.adm.monash.edu.au' from='wmck@deified.adm.monash.edu.au' type='groupchat' time='1283208243549'><dirtyInk xmlns='monash:metl'><author>wmck</author><slide>1242402</slide><target>presentationSpace</target><privacy>public</privacy><identity>71608.3</identity></dirtyInk></message><message xml:lang='en' to='1242402@conference.deified.adm.monash.edu.au' from='wmck@deified.adm.monash.edu.au' type='groupchat' time='1283208243952'><dirtyInk xmlns='monash:metl'><author>wmck</author><slide>1242402</slide><target>presentationSpace</target><privacy>public</privacy><identity>17481.8</identity></dirtyInk></message><message xml:lang='en' to='1242402@conference.deified.adm.monash.edu.au' from='wmck@deified.adm.monash.edu.au' type='groupchat' time='1283208244190'><dirtyInk xmlns='monash:metl'><author>wmck</author><slide>1242402</slide><target>presentationSpace</target><privacy>public</privacy><identity>28360</identity></dirtyInk></message><message xml:lang='en' to='1242402@conference.deified.adm.monash.edu.au' from='wmck@deified.adm.monash.edu.au' type='groupchat' time='1283208244302'><dirtyInk xmlns='monash:metl'><author>wmck</author><slide>1242402</slide><target>presentationSpace</target><privacy>public</privacy><identity>25543.4</identity></dirtyInk></message><message xml:lang='en' to='1242402@conference.deified.adm.monash.edu.au' from='wmck@deified.adm.monash.edu.au' type='groupchat' time='1283208244305'><dirtyInk xmlns='monash:metl'><author>wmck</author><slide>1242402</slide><target>presentationSpace</target><privacy>public</privacy><identity>20915.2</identity></dirtyInk></message><message xml:lang='en' to='1242402@conference.deified.adm.monash.edu.au' from='wmck@deified.adm.monash.edu.au' type='groupchat' time='1283208244431'><dirtyInk xmlns='monash:metl'><author>wmck</author><slide>1242402</slide><target>presentationSpace</target><privacy>public</privacy><identity>27631.1</identity></dirtyInk></message><message xml:lang='en' to='1242402@conference.deified.adm.monash.edu.au' from='wmck@deified.adm.monash.edu.au' type='groupchat' time='1283208244463'><dirtyInk xmlns='monash:metl'><author>wmck</author><slide>1242402</slide><target>presentationSpace</target><privacy>public</privacy><identity>96045.5</identity></dirtyInk></message><message xml:lang='en' to='1242402@conference.deified.adm.monash.edu.au' from='wmck@deified.adm.monash.edu.au' type='groupchat' time='1283208244698'><dirtyInk xmlns='monash:metl'><author>wmck</author><slide>1242402</slide><target>presentationSpace</target><privacy>public</privacy><identity>44687.3</identity></dirtyInk></message><message xml:lang='en' to='1242402@conference.deified.adm.monash.edu.au' from='wmck@deified.adm.monash.edu.au' type='groupchat' time='1283208244955'><dirtyInk xmlns='monash:metl'><author>wmck</author><slide>1242402</slide><target>presentationSpace</target><privacy>public</privacy><identity>2025.1</identity></dirtyInk></message><message xml:lang='en' to='1242402@conference.deified.adm.monash.edu.au' from='wmck@deified.adm.monash.edu.au' type='groupchat' time='1283208245067'><dirtyInk xmlns='monash:metl'><author>wmck</author><slide>1242402</slide><target>presentationSpace</target><privacy>public</privacy><identity>15872.6</identity></dirtyInk></message><message xml:lang='en' to='1242402@conference.deified.adm.monash.edu.au' from='wmck@deified.adm.monash.edu.au' type='groupchat' time='1283208245075'><dirtyInk xmlns='monash:metl'><author>wmck</author><slide>1242402</slide><target>presentationSpace</target><privacy>public</privacy><identity>1870.8</identity></dirtyInk></message><message xml:lang='en' to='1242402@conference.deified.adm.monash.edu.au' from='wmck@deified.adm.monash.edu.au' type='groupchat' time='1283208245079'><dirtyInk xmlns='monash:metl'><author>wmck</author><slide>1242402</slide><target>presentationSpace</target><privacy>public</privacy><identity>32106.9</identity></dirtyInk></message><message xml:lang='en' to='1242402@conference.deified.adm.monash.edu.au' from='wmck@deified.adm.monash.edu.au' type='groupchat' time='1283208245089'><dirtyInk xmlns='monash:metl'><author>wmck</author><slide>1242402</slide><target>presentationSpace</target><privacy>public</privacy><identity>55425.7</identity></dirtyInk></message><message xml:lang='en' to='1242402@conference.deified.adm.monash.edu.au' from='wmck@deified.adm.monash.edu.au' type='groupchat' time='1283208245489'><dirtyInk xmlns='monash:metl'><author>wmck</author><slide>1242402</slide><target>presentationSpace</target><privacy>public</privacy><identity>1925</identity></dirtyInk></message><message xml:lang='en' to='1242402@conference.deified.adm.monash.edu.au' from='wmck@deified.adm.monash.edu.au' type='groupchat' time='1283208245521'><dirtyInk xmlns='monash:metl'><author>wmck</author><slide>1242402</slide><target>presentationSpace</target><privacy>public</privacy><identity>11529</identity></dirtyInk></message><message xml:lang='en' to='1242402@conference.deified.adm.monash.edu.au' from='wmck@deified.adm.monash.edu.au' type='groupchat' time='1283208245760'><dirtyInk xmlns='monash:metl'><author>wmck</author><slide>1242402</slide><target>presentationSpace</target><privacy>public</privacy><identity>39629.6</identity></dirtyInk></message><message xml:lang='en' to='1242402@conference.deified.adm.monash.edu.au' from='wmck@deified.adm.monash.edu.au' type='groupchat' time='1283208245906'><dirtyInk xmlns='monash:metl'><author>wmck</author><slide>1242402</slide><target>presentationSpace</target><privacy>public</privacy><identity>69545.4999999999</identity></dirtyInk></message><message xml:lang='en' to='1242402@conference.deified.adm.monash.edu.au' from='wmck@deified.adm.monash.edu.au' type='groupchat' time='1283208245909'><dirtyInk xmlns='monash:metl'><author>wmck</author><slide>1242402</slide><target>presentationSpace</target><privacy>public</privacy><identity>2013</identity></dirtyInk></message><message xml:lang='en' to='1242402@conference.deified.adm.monash.edu.au' from='wmck@deified.adm.monash.edu.au' type='groupchat' time='1283208245927'><dirtyInk xmlns='monash:metl'><author>wmck</author><slide>1242402</slide><target>presentationSpace</target><privacy>public</privacy><identity>18385.5</identity></dirtyInk></message><message xml:lang='en' to='1242402@conference.deified.adm.monash.edu.au' from='wmck@deified.adm.monash.edu.au' type='groupchat' time='1283208245930'><dirtyInk xmlns='monash:metl'><author>wmck</author><slide>1242402</slide><target>presentationSpace</target><privacy>public</privacy><identity>10318.7</identity></dirtyInk></message><message xml:lang='en' to='1242402@conference.deified.adm.monash.edu.au' from='wmck@deified.adm.monash.edu.au' type='groupchat' time='1283208245931'><dirtyInk xmlns='monash:metl'><author>wmck</author><slide>1242402</slide><target>presentationSpace</target><privacy>public</privacy><identity>2043.2</identity></dirtyInk></message><message xml:lang='en' to='1242402@conference.deified.adm.monash.edu.au' from='wmck@deified.adm.monash.edu.au' type='groupchat' time='1283208245931'><dirtyInk xmlns='monash:metl'><author>wmck</author><slide>1242402</slide><target>presentationSpace</target><privacy>public</privacy><identity>172362.1</identity></dirtyInk></message><message xml:lang='en' to='1242402@conference.deified.adm.monash.edu.au' from='wmck@deified.adm.monash.edu.au' type='groupchat' time='1283208245938'><dirtyInk xmlns='monash:metl'><author>wmck</author><slide>1242402</slide><target>presentationSpace</target><privacy>public</privacy><identity>2150.8</identity></dirtyInk></message><message xml:lang='en' to='1242402@conference.deified.adm.monash.edu.au' from='wmck@deified.adm.monash.edu.au' type='groupchat' time='1283208245941'><dirtyInk xmlns='monash:metl'><author>wmck</author><slide>1242402</slide><target>presentationSpace</target><privacy>public</privacy><identity>4314.4</identity></dirtyInk></message><message xml:lang='en' to='1242402@conference.deified.adm.monash.edu.au' from='wmck@deified.adm.monash.edu.au' type='groupchat' time='1283208245943'><dirtyInk xmlns='monash:metl'><author>wmck</author><slide>1242402</slide><target>presentationSpace</target><privacy>public</privacy><identity>51275.5</identity></dirtyInk></message><message xml:lang='en' to='1242402@conference.deified.adm.monash.edu.au' from='wmck@deified.adm.monash.edu.au' type='groupchat' time='1283208246041'><dirtyInk xmlns='monash:metl'><author>wmck</author><slide>1242402</slide><target>presentationSpace</target><privacy>public</privacy><identity>39662</identity></dirtyInk></message><message xml:lang='en' to='1242402@conference.deified.adm.monash.edu.au' from='wmck@deified.adm.monash.edu.au' type='groupchat' time='1283208246060'><dirtyInk xmlns='monash:metl'><author>wmck</author><slide>1242402</slide><target>presentationSpace</target><privacy>public</privacy><identity>89979.1000000001</identity></dirtyInk></message><message xml:lang='en' to='1242402@conference.deified.adm.monash.edu.au' from='wmck@deified.adm.monash.edu.au' type='groupchat' time='1283208246170'><dirtyInk xmlns='monash:metl'><author>wmck</author><slide>1242402</slide><target>presentationSpace</target><privacy>public</privacy><identity>84245.0999999999</identity></dirtyInk></message><message xml:lang='en' to='1242402@conference.deified.adm.monash.edu.au' from='wmck@deified.adm.monash.edu.au' type='groupchat' time='1283208246297'><dirtyInk xmlns='monash:metl'><author>wmck</author><slide>1242402</slide><target>presentationSpace</target><privacy>public</privacy><identity>2180.9</identity></dirtyInk></message><message xml:lang='en' to='1242402@conference.deified.adm.monash.edu.au' from='wmck@deified.adm.monash.edu.au' type='groupchat' time='1283208246446'><dirtyInk xmlns='monash:metl'><author>wmck</author><slide>1242402</slide><target>presentationSpace</target><privacy>public</privacy><identity>35702.8</identity></dirtyInk></message><message xml:lang='en' to='1242402@conference.deified.adm.monash.edu.au' from='wmck@deified.adm.monash.edu.au' type='groupchat' time='1283208246848'><dirtyInk xmlns='monash:metl'><author>wmck</author><slide>1242402</slide><target>presentationSpace</target><privacy>public</privacy><identity>2030.6</identity></dirtyInk></message><message xml:lang='en' to='1242402@conference.deified.adm.monash.edu.au' from='wmck@deified.adm.monash.edu.au' type='groupchat' time='1283208246961'><dirtyInk xmlns='monash:metl'><author>wmck</author><slide>1242402</slide><target>presentationSpace</target><privacy>public</privacy><identity>4134.9</identity></dirtyInk></message><message xml:lang='en' to='1242402@conference.deified.adm.monash.edu.au' from='wmck@deified.adm.monash.edu.au' type='groupchat' time='1283208247955'><dirtyInk xmlns='monash:metl'><author>wmck</author><slide>1242402</slide><target>presentationSpace</target><privacy>public</privacy><identity>2053.8</identity></dirtyInk></message><message xml:lang='en' to='1242402@conference.deified.adm.monash.edu.au' from='wmck@deified.adm.monash.edu.au' type='groupchat' time='1283208248027'><dirtyInk xmlns='monash:metl'><author>wmck</author><slide>1242402</slide><target>presentationSpace</target><privacy>public</privacy><identity>833</identity></dirtyInk></message><message xml:lang='en' to='1242402@conference.deified.adm.monash.edu.au' from='wmck@deified.adm.monash.edu.au' type='groupchat' time='1283208248052'><dirtyInk xmlns='monash:metl'><author>wmck</author><slide>1242402</slide><target>presentationSpace</target><privacy>public</privacy><identity>35788.7</identity></dirtyInk></message><message xml:lang='en' to='1242402@conference.deified.adm.monash.edu.au' from='wmck@deified.adm.monash.edu.au' type='groupchat' time='1283208248069'><dirtyInk xmlns='monash:metl'><author>wmck</author><slide>1242402</slide><target>presentationSpace</target><privacy>public</privacy><identity>79004.1999999999</identity></dirtyInk></message><message xml:lang='en' to='1242402@conference.deified.adm.monash.edu.au' from='wmck@deified.adm.monash.edu.au' type='groupchat' time='1283208248230'><dirtyInk xmlns='monash:metl'><author>wmck</author><slide>1242402</slide><target>presentationSpace</target><privacy>public</privacy><identity>50311.3</identity></dirtyInk></message><message xml:lang='en' to='1242402@conference.deified.adm.monash.edu.au' from='wmck@deified.adm.monash.edu.au' type='groupchat' time='1283208248385'><dirtyInk xmlns='monash:metl'><author>wmck</author><slide>1242402</slide><target>presentationSpace</target><privacy>public</privacy><identity>5898</identity></dirtyInk></message><message xml:lang='en' to='1242402@conference.deified.adm.monash.edu.au' from='wmck@deified.adm.monash.edu.au' type='groupchat' time='1283208248618'><dirtyInk xmlns='monash:metl'><author>wmck</author><slide>1242402</slide><target>presentationSpace</target><privacy>public</privacy><identity>11314.8</identity></dirtyInk></message><message xml:lang='en' to='1242402@conference.deified.adm.monash.edu.au' from='wmck@deified.adm.monash.edu.au' type='groupchat' time='1283208248976'><dirtyInk xmlns='monash:metl'><author>wmck</author><slide>1242402</slide><target>presentationSpace</target><privacy>public</privacy><identity>38816.3</identity></dirtyInk></message><message xml:lang='en' to='1242402@conference.deified.adm.monash.edu.au' from='wmck@deified.adm.monash.edu.au' type='groupchat' time='1283208249372'><dirtyInk xmlns='monash:metl'><author>wmck</author><slide>1242402</slide><target>presentationSpace</target><privacy>public</privacy><identity>3567.7</identity></dirtyInk></message><message xml:lang='en' to='1242402@conference.deified.adm.monash.edu.au' from='wmck@deified.adm.monash.edu.au' type='groupchat' time='1283208249801'><dirtyInk xmlns='monash:metl'><author>wmck</author><slide>1242402</slide><target>presentationSpace</target><privacy>public</privacy><identity>1426.5</identity></dirtyInk></message><message xml:lang='en' to='1242402@conference.deified.adm.monash.edu.au' from='wmck@deified.adm.monash.edu.au' type='groupchat' time='1283208250232'><dirtyInk xmlns='monash:metl'><author>wmck</author><slide>1242402</slide><target>presentationSpace</target><privacy>public</privacy><identity>1430.4</identity></dirtyInk></message><message xml:lang='en' to='1242402@conference.deified.adm.monash.edu.au' from='wmck@deified.adm.monash.edu.au' type='groupchat' time='1283208250521'><dirtyInk xmlns='monash:metl'><author>wmck</author><slide>1242402</slide><target>presentationSpace</target><privacy>public</privacy><identity>18899.4</identity></dirtyInk></message><message xml:lang='en' to='1242402@conference.deified.adm.monash.edu.au' from='wmck@deified.adm.monash.edu.au' type='groupchat' time='1283208250553'><dirtyInk xmlns='monash:metl'><author>wmck</author><slide>1242402</slide><target>presentationSpace</target><privacy>public</privacy><identity>6293.7</identity></dirtyInk></message><message xml:lang='en' to='1242402@conference.deified.adm.monash.edu.au' from='wmck@deified.adm.monash.edu.au' type='groupchat' time='1283208250560'><dirtyInk xmlns='monash:metl'><author>wmck</author><slide>1242402</slide><target>presentationSpace</target><privacy>public</privacy><identity>20779.5</identity></dirtyInk></message><message xml:lang='en' to='1242402@conference.deified.adm.monash.edu.au' from='wmck@deified.adm.monash.edu.au' type='groupchat' time='1283208250948'><dirtyInk xmlns='monash:metl'><author>wmck</author><slide>1242402</slide><target>presentationSpace</target><privacy>public</privacy><identity>9157.4</identity></dirtyInk></message><message xml:lang='en' to='1242402@conference.deified.adm.monash.edu.au' from='wmck@deified.adm.monash.edu.au' type='groupchat' time='1283208250959'><dirtyInk xmlns='monash:metl'><author>wmck</author><slide>1242402</slide><target>presentationSpace</target><privacy>public</privacy><identity>10855.2</identity></dirtyInk></message><message xml:lang='en' to='1242402@conference.deified.adm.monash.edu.au' from='wmck@deified.adm.monash.edu.au' type='groupchat' time='1283208250970'><dirtyInk xmlns='monash:metl'><author>wmck</author><slide>1242402</slide><target>presentationSpace</target><privacy>public</privacy><identity>20232.2</identity></dirtyInk></message><message xml:lang='en' to='1242402@conference.deified.adm.monash.edu.au' from='wmck@deified.adm.monash.edu.au' type='groupchat' time='1283208251099'><dirtyInk xmlns='monash:metl'><author>wmck</author><slide>1242402</slide><target>presentationSpace</target><privacy>public</privacy><identity>745.6</identity></dirtyInk></message><message xml:lang='en' to='1242402@conference.deified.adm.monash.edu.au' from='wmck@deified.adm.monash.edu.au' type='groupchat' time='1283208251105'><dirtyInk xmlns='monash:metl'><author>wmck</author><slide>1242402</slide><target>presentationSpace</target><privacy>public</privacy><identity>4509.1</identity></dirtyInk></message><message xml:lang='en' to='1242402@conference.deified.adm.monash.edu.au' from='wmck@deified.adm.monash.edu.au' type='groupchat' time='1283208251111'><dirtyInk xmlns='monash:metl'><author>wmck</author><slide>1242402</slide><target>presentationSpace</target><privacy>public</privacy><identity>5768</identity></dirtyInk></message><message xml:lang='en' to='1242402@conference.deified.adm.monash.edu.au' from='wmck@deified.adm.monash.edu.au' type='groupchat' time='1283208251562'><dirtyInk xmlns='monash:metl'><author>wmck</author><slide>1242402</slide><target>presentationSpace</target><privacy>public</privacy><identity>14903.1</identity></dirtyInk></message><message xml:lang='en' to='1242402@conference.deified.adm.monash.edu.au' from='wmck@deified.adm.monash.edu.au' type='groupchat' time='1283208252089'><dirtyInk xmlns='monash:metl'><author>wmck</author><slide>1242402</slide><target>presentationSpace</target><privacy>public</privacy><identity>662.2</identity></dirtyInk></message><message xml:lang='en' to='1242402@conference.deified.adm.monash.edu.au' from='wmck@deified.adm.monash.edu.au' type='groupchat' time='1283208252247'><dirtyInk xmlns='monash:metl'><author>wmck</author><slide>1242402</slide><target>presentationSpace</target><privacy>public</privacy><identity>13020.6</identity></dirtyInk></message><message xml:lang='en' to='1242402@conference.deified.adm.monash.edu.au' from='wmck@deified.adm.monash.edu.au' type='groupchat' time='1283208252393'><dirtyInk xmlns='monash:metl'><author>wmck</author><slide>1242402</slide><target>presentationSpace</target><privacy>public</privacy><identity>942.2</identity></dirtyInk></message><message xml:lang='en' to='1242402@conference.deified.adm.monash.edu.au' from='wmck@deified.adm.monash.edu.au' type='groupchat' time='1283208252411'><dirtyInk xmlns='monash:metl'><author>wmck</author><slide>1242402</slide><target>presentationSpace</target><privacy>public</privacy><identity>8380.1</identity></dirtyInk></message><message xml:lang='en' to='1242402@conference.deified.adm.monash.edu.au' from='wmck@deified.adm.monash.edu.au' type='groupchat' time='1283208252430'><dirtyInk xmlns='monash:metl'><author>wmck</author><slide>1242402</slide><target>presentationSpace</target><privacy>public</privacy><identity>6924.3</identity></dirtyInk></message><message xml:lang='en' to='1242402@conference.deified.adm.monash.edu.au' from='wmck@deified.adm.monash.edu.au' type='groupchat' time='1283208252679'><dirtyInk xmlns='monash:metl'><author>wmck</author><slide>1242402</slide><target>presentationSpace</target><privacy>public</privacy><identity>6669.6</identity></dirtyInk></message><message xml:lang='en' to='1242402@conference.deified.adm.monash.edu.au' from='wmck@deified.adm.monash.edu.au' type='groupchat' time='1283208252957'><dirtyInk xmlns='monash:metl'><author>wmck</author><slide>1242402</slide><target>presentationSpace</target><privacy>public</privacy><identity>3217</identity></dirtyInk></message><message xml:lang='en' to='1242402@conference.deified.adm.monash.edu.au' from='wmck@deified.adm.monash.edu.au' type='groupchat' time='1283208252977'><dirtyInk xmlns='monash:metl'><author>wmck</author><slide>1242402</slide><target>presentationSpace</target><privacy>public</privacy><identity>6550</identity></dirtyInk></message><message xml:lang='en' to='1242402@conference.deified.adm.monash.edu.au' from='wmck@deified.adm.monash.edu.au' type='groupchat' time='1283208252986'><dirtyInk xmlns='monash:metl'><author>wmck</author><slide>1242402</slide><target>presentationSpace</target><privacy>public</privacy><identity>636.9</identity></dirtyInk></message><message xml:lang='en' to='1242402@conference.deified.adm.monash.edu.au' from='wmck@deified.adm.monash.edu.au' type='groupchat' time='1283208252986'><dirtyInk xmlns='monash:metl'><author>wmck</author><slide>1242402</slide><target>presentationSpace</target><privacy>public</privacy><identity>617.4</identity></dirtyInk></message><message xml:lang='en' to='1242402@conference.deified.adm.monash.edu.au' from='wmck@deified.adm.monash.edu.au' type='groupchat' time='1283208253825'><dirtyInk xmlns='monash:metl'><author>wmck</author><slide>1242402</slide><target>presentationSpace</target><privacy>public</privacy><identity>33313.6</identity></dirtyInk></message><message xml:lang='en' to='1242402@conference.deified.adm.monash.edu.au' from='wmck@deified.adm.monash.edu.au' type='groupchat' time='1283208253937'><dirtyInk xmlns='monash:metl'><author>wmck</author><slide>1242402</slide><target>presentationSpace</target><privacy>public</privacy><identity>5697.9</identity></dirtyInk></message><message xml:lang='en' to='1242402@conference.deified.adm.monash.edu.au' from='wmck@deified.adm.monash.edu.au' type='groupchat' time='1283208253955'><dirtyInk xmlns='monash:metl'><author>wmck</author><slide>1242402</slide><target>presentationSpace</target><privacy>public</privacy><identity>5500.4</identity></dirtyInk></message><message xml:lang='en' to='1242402@conference.deified.adm.monash.edu.au' from='wmck@deified.adm.monash.edu.au' type='groupchat' time='1283208254090'><dirtyInk xmlns='monash:metl'><author>wmck</author><slide>1242402</slide><target>presentationSpace</target><privacy>public</privacy><identity>7736</identity></dirtyInk></message><message xml:lang='en' to='1242402@conference.deified.adm.monash.edu.au' from='wmck@deified.adm.monash.edu.au' type='groupchat' time='1283208254374'><dirtyInk xmlns='monash:metl'><author>wmck</author><slide>1242402</slide><target>presentationSpace</target><privacy>public</privacy><identity>5552.7</identity></dirtyInk></message><message xml:lang='en' to='1242402@conference.deified.adm.monash.edu.au' from='wmck@deified.adm.monash.edu.au' type='groupchat' time='1283208254684'><dirtyInk xmlns='monash:metl'><author>wmck</author><slide>1242402</slide><target>presentationSpace</target><privacy>public</privacy><identity>7751.9</identity></dirtyInk></message><message xml:lang='en' to='1242402@conference.deified.adm.monash.edu.au' from='wmck@deified.adm.monash.edu.au' type='groupchat' time='1283208255554'><dirtyInk xmlns='monash:metl'><author>wmck</author><slide>1242402</slide><target>presentationSpace</target><privacy>public</privacy><identity>1087.8</identity></dirtyInk></message><message xml:lang='en' to='1242402@conference.deified.adm.monash.edu.au' from='wmck@deified.adm.monash.edu.au' type='groupchat' time='1283208255779'><dirtyInk xmlns='monash:metl'><author>wmck</author><slide>1242402</slide><target>presentationSpace</target><privacy>public</privacy><identity>691.2</identity></dirtyInk></message><message xml:lang='en' to='1242402@conference.deified.adm.monash.edu.au' from='wmck@deified.adm.monash.edu.au' type='groupchat' time='1283208256662'><dirtyInk xmlns='monash:metl'><author>wmck</author><slide>1242402</slide><target>presentationSpace</target><privacy>public</privacy><identity>533</identity></dirtyInk></message><message xml:lang='en' to='1242402@conference.deified.adm.monash.edu.au' from='wmck@deified.adm.monash.edu.au' type='groupchat' time='1283208257785'><dirtyInk xmlns='monash:metl'><author>wmck</author><slide>1242402</slide><target>presentationSpace</target><privacy>public</privacy><identity>15312.6</identity></dirtyInk></message><message xml:lang='en' to='1242402@conference.deified.adm.monash.edu.au' from='wmck@deified.adm.monash.edu.au' type='groupchat' time='1283208258552'><dirtyInk xmlns='monash:metl'><author>wmck</author><slide>1242402</slide><target>presentationSpace</target><privacy>public</privacy><identity>44234.1</identity></dirtyInk></message><message xml:lang='en' to='1242402@conference.deified.adm.monash.edu.au' from='wmck@deified.adm.monash.edu.au' type='groupchat' time='1283208259379'><dirtyInk xmlns='monash:metl'><author>wmck</author><slide>1242402</slide><target>presentationSpace</target><privacy>public</privacy><identity>3081.8</identity></dirtyInk></message><message xml:lang='en' to='1242402@conference.deified.adm.monash.edu.au' from='wmck@deified.adm.monash.edu.au' type='groupchat' time='1283208260498'><dirtyInk xmlns='monash:metl'><author>wmck</author><slide>1242402</slide><target>presentationSpace</target><privacy>public</privacy><identity>1400.1</identity></dirtyInk></message><message xml:lang='en' to='1242402@conference.deified.adm.monash.edu.au' from='wmck@deified.adm.monash.edu.au' type='groupchat' time='1283208261835'><dirtyInk xmlns='monash:metl'><author>wmck</author><slide>1242402</slide><target>presentationSpace</target><privacy>public</privacy><identity>1296.1</identity></dirtyInk></message>