<logCollection date='{2010,2,4}'><message xml:lang='en' to='442408@conference.reifier.adm.monash.edu.au' from='gsanson@reifier.adm.monash.edu.au' type='groupchat' time='1265231501313'><ink xmlns='monash:metl'><checksum>218.4</checksum><points>198.6 19.8 127</points><color>0 0 0 255</color><thickness>1</thickness><highlight>False</highlight><author>gsanson</author><target>presentationSpace</target><privacy>public</privacy><slide>442408</slide></ink></message><message xml:lang='en' to='442408@conference.reifier.adm.monash.edu.au' from='gsanson@reifier.adm.monash.edu.au' type='groupchat' time='1265231501321'><ink xmlns='monash:metl'><checksum>218.4</checksum><points>198.6 19.8 127</points><color>0 0 0 255</color><thickness>1</thickness><highlight>False</highlight><author>gsanson</author><target>presentationSpace</target><privacy>public</privacy><slide>442408</slide></ink></message><message xml:lang='en' to='442408@conference.reifier.adm.monash.edu.au' from='gsanson@reifier.adm.monash.edu.au' type='groupchat' time='1265231501328'><ink xmlns='monash:metl'><checksum>218.4</checksum><points>198.6 19.8 127</points><color>0 0 0 255</color><thickness>1</thickness><highlight>False</highlight><author>gsanson</author><target>presentationSpace</target><privacy>public</privacy><slide>442408</slide></ink></message><message xml:lang='en' to='442408@conference.reifier.adm.monash.edu.au' from='gsanson@reifier.adm.monash.edu.au' type='groupchat' time='1265231501336'><ink xmlns='monash:metl'><checksum>218.4</checksum><points>198.6 19.8 127</points><color>0 0 0 255</color><thickness>1</thickness><highlight>False</highlight><author>gsanson</author><target>presentationSpace</target><privacy>public</privacy><slide>442408</slide></ink></message><message xml:lang='en' to='442408@conference.reifier.adm.monash.edu.au' from='gsanson@reifier.adm.monash.edu.au' type='groupchat' time='1265231501345'><ink xmlns='monash:metl'><checksum>218.4</checksum><points>198.6 19.8 127</points><color>0 0 0 255</color><thickness>1</thickness><highlight>False</highlight><author>gsanson</author><target>presentationSpace</target><privacy>public</privacy><slide>442408</slide></ink></message><message xml:lang='en' to='442408@conference.reifier.adm.monash.edu.au' from='gsanson@reifier.adm.monash.edu.au' type='groupchat' time='1265231501353'><ink xmlns='monash:metl'><checksum>218.4</checksum><points>198.6 19.8 127</points><color>0 0 0 255</color><thickness>1</thickness><highlight>False</highlight><author>gsanson</author><target>presentationSpace</target><privacy>public</privacy><slide>442408</slide></ink></message><message xml:lang='en' to='442408@conference.reifier.adm.monash.edu.au' from='gsanson@reifier.adm.monash.edu.au' type='groupchat' time='1265231506590'><ink xmlns='monash:metl'><checksum>253.7</checksum><points>225.9 27.8 127</points><color>0 0 0 255</color><thickness>1</thickness><highlight>False</highlight><author>gsanson</author><target>presentationSpace</target><privacy>public</privacy><slide>442408</slide></ink></message><message xml:lang='en' to='442408@conference.reifier.adm.monash.edu.au' from='gsanson@reifier.adm.monash.edu.au' type='groupchat' time='1265231506601'><ink xmlns='monash:metl'><checksum>253.7</checksum><points>225.9 27.8 127</points><color>0 0 0 255</color><thickness>1</thickness><highlight>False</highlight><author>gsanson</author><target>presentationSpace</target><privacy>public</privacy><slide>442408</slide></ink></message><message xml:lang='en' to='442408@conference.reifier.adm.monash.edu.au' from='gsanson@reifier.adm.monash.edu.au' type='groupchat' time='1265231506609'><ink xmlns='monash:metl'><checksum>253.7</checksum><points>225.9 27.8 127</points><color>0 0 0 255</color><thickness>1</thickness><highlight>False</highlight><author>gsanson</author><target>presentationSpace</target><privacy>public</privacy><slide>442408</slide></ink></message><message xml:lang='en' to='442408@conference.reifier.adm.monash.edu.au' from='gsanson@reifier.adm.monash.edu.au' type='groupchat' time='1265231506619'><ink xmlns='monash:metl'><checksum>253.7</checksum><points>225.9 27.8 127</points><color>0 0 0 255</color><thickness>1</thickness><highlight>False</highlight><author>gsanson</author><target>presentationSpace</target><privacy>public</privacy><slide>442408</slide></ink></message><message xml:lang='en' to='442408@conference.reifier.adm.monash.edu.au' from='gsanson@reifier.adm.monash.edu.au' type='groupchat' time='1265231506627'><ink xmlns='monash:metl'><checksum>253.7</checksum><points>225.9 27.8 127</points><color>0 0 0 255</color><thickness>1</thickness><highlight>False</highlight><author>gsanson</author><target>presentationSpace</target><privacy>public</privacy><slide>442408</slide></ink></message><message xml:lang='en' to='442408@conference.reifier.adm.monash.edu.au' from='gsanson@reifier.adm.monash.edu.au' type='groupchat' time='1265231509371'><ink xmlns='monash:metl'><checksum>128.5</checksum><points>100.7 27.8 127</points><color>0 0 0 255</color><thickness>1</thickness><highlight>False</highlight><author>gsanson</author><target>presentationSpace</target><privacy>public</privacy><slide>442408</slide></ink></message><message xml:lang='en' to='442408@conference.reifier.adm.monash.edu.au' from='gsanson@reifier.adm.monash.edu.au' type='groupchat' time='1265231509385'><ink xmlns='monash:metl'><checksum>128.5</checksum><points>100.7 27.8 127</points><color>0 0 0 255</color><thickness>1</thickness><highlight>False</highlight><author>gsanson</author><target>presentationSpace</target><privacy>public</privacy><slide>442408</slide></ink></message><message xml:lang='en' to='442408@conference.reifier.adm.monash.edu.au' from='gsanson@reifier.adm.monash.edu.au' type='groupchat' time='1265231509394'><ink xmlns='monash:metl'><checksum>128.5</checksum><points>100.7 27.8 127</points><color>0 0 0 255</color><thickness>1</thickness><highlight>False</highlight><author>gsanson</author><target>presentationSpace</target><privacy>public</privacy><slide>442408</slide></ink></message><message xml:lang='en' to='442408@conference.reifier.adm.monash.edu.au' from='gsanson@reifier.adm.monash.edu.au' type='groupchat' time='1265231509404'><ink xmlns='monash:metl'><checksum>128.5</checksum><points>100.7 27.8 127</points><color>0 0 0 255</color><thickness>1</thickness><highlight>False</highlight><author>gsanson</author><target>presentationSpace</target><privacy>public</privacy><slide>442408</slide></ink></message><message xml:lang='en' to='442408@conference.reifier.adm.monash.edu.au' from='gsanson@reifier.adm.monash.edu.au' type='groupchat' time='1265231509413'><ink xmlns='monash:metl'><checksum>128.5</checksum><points>100.7 27.8 127</points><color>0 0 0 255</color><thickness>1</thickness><highlight>False</highlight><author>gsanson</author><target>presentationSpace</target><privacy>public</privacy><slide>442408</slide></ink></message><message xml:lang='en' to='442408@conference.reifier.adm.monash.edu.au' from='gsanson@reifier.adm.monash.edu.au' type='groupchat' time='1265231509424'><ink xmlns='monash:metl'><checksum>128.5</checksum><points>100.7 27.8 127</points><color>0 0 0 255</color><thickness>1</thickness><highlight>False</highlight><author>gsanson</author><target>presentationSpace</target><privacy>public</privacy><slide>442408</slide></ink></message><message xml:lang='en' to='442408@conference.reifier.adm.monash.edu.au' from='gsanson@reifier.adm.monash.edu.au' type='groupchat' time='1265231509433'><ink xmlns='monash:metl'><checksum>128.5</checksum><points>100.7 27.8 127</points><color>0 0 0 255</color><thickness>1</thickness><highlight>False</highlight><author>gsanson</author><target>presentationSpace</target><privacy>public</privacy><slide>442408</slide></ink></message><message xml:lang='en' to='442408@conference.reifier.adm.monash.edu.au' from='gsanson@reifier.adm.monash.edu.au' type='groupchat' time='1265231509441'><ink xmlns='monash:metl'><checksum>128.5</checksum><points>100.7 27.8 127</points><color>0 0 0 255</color><thickness>1</thickness><highlight>False</highlight><author>gsanson</author><target>presentationSpace</target><privacy>public</privacy><slide>442408</slide></ink></message><message xml:lang='en' to='442408@conference.reifier.adm.monash.edu.au' from='gsanson@reifier.adm.monash.edu.au' type='groupchat' time='1265231514471'><ink xmlns='monash:metl'><checksum>124.1</checksum><points>105.1 19 127</points><color>0 0 0 255</color><thickness>1</thickness><highlight>False</highlight><author>gsanson</author><target>presentationSpace</target><privacy>public</privacy><slide>442408</slide></ink></message><message xml:lang='en' to='442408@conference.reifier.adm.monash.edu.au' from='gsanson@reifier.adm.monash.edu.au' type='groupchat' time='1265231518037'><ink xmlns='monash:metl'><checksum>109.1</checksum><points>102.9 6.2 127</points><color>0 0 0 255</color><thickness>1</thickness><highlight>False</highlight><author>gsanson</author><target>presentationSpace</target><privacy>public</privacy><slide>442408</slide></ink></message><message xml:lang='en' to='442408@conference.reifier.adm.monash.edu.au' from='gsanson@reifier.adm.monash.edu.au' type='groupchat' time='1265231519741'><ink xmlns='monash:metl'><checksum>113</checksum><points>107.3 5.7 127</points><color>0 0 0 255</color><thickness>1</thickness><highlight>False</highlight><author>gsanson</author><target>presentationSpace</target><privacy>public</privacy><slide>442408</slide></ink></message><message xml:lang='en' to='442408@conference.reifier.adm.monash.edu.au' from='gsanson@reifier.adm.monash.edu.au' type='groupchat' time='1265231519760'><ink xmlns='monash:metl'><checksum>113</checksum><points>107.3 5.7 127</points><color>0 0 0 255</color><thickness>1</thickness><highlight>False</highlight><author>gsanson</author><target>presentationSpace</target><privacy>public</privacy><slide>442408</slide></ink></message><message xml:lang='en' to='442408@conference.reifier.adm.monash.edu.au' from='gsanson@reifier.adm.monash.edu.au' type='groupchat' time='1265231522609'><ink xmlns='monash:metl'><checksum>187.6</checksum><points>140.4 47.2 127</points><color>0 0 0 255</color><thickness>1</thickness><highlight>False</highlight><author>gsanson</author><target>presentationSpace</target><privacy>public</privacy><slide>442408</slide></ink></message><message xml:lang='en' to='442408@conference.reifier.adm.monash.edu.au' from='gsanson@reifier.adm.monash.edu.au' type='groupchat' time='1265231536829'><ink xmlns='monash:metl'><checksum>69.4</checksum><points>39.4 30 127</points><color>0 0 0 255</color><thickness>1</thickness><highlight>False</highlight><author>gsanson</author><target>presentationSpace</target><privacy>public</privacy><slide>442408</slide></ink></message><message xml:lang='en' to='442408@conference.reifier.adm.monash.edu.au' from='gsanson@reifier.adm.monash.edu.au' type='groupchat' time='1265232009649'><ink xmlns='monash:metl'><checksum>3556</checksum><points>31.9 119.9 127 42.5 162.3 127 56.6 186.9 127 63.7 199.3 127 65.4 204.6 127 67.2 206.3 127 67.2 208.1 127 65.4 208.1 127 63.7 208.1 127 61.9 208.1 127 61.9 206.3 127 61.9 204.6 127 60.1 195.8 127 61.9 206.3 127</points><color>255 0 0 255</color><thickness>2</thickness><highlight>False</highlight><author>gsanson</author><target>presentationSpace</target><privacy>public</privacy><slide>442408</slide></ink></message><message xml:lang='en' to='442408@conference.reifier.adm.monash.edu.au' from='gsanson@reifier.adm.monash.edu.au' type='groupchat' time='1265232010370'><ink xmlns='monash:metl'><checksum>1921</checksum><points>28.4 121.7 127 10.8 148.1 127 12.5 128.7 127 14.3 118.2 127 17.8 112.9 127 26.6 109.3 127 37.2 112.9 127 53.1 119.9 127 61.9 125.2 127 65.4 123.5 127 63.7 123.5 127 61.9 123.5 127</points><color>255 0 0 255</color><thickness>2</thickness><highlight>False</highlight><author>gsanson</author><target>presentationSpace</target><privacy>public</privacy><slide>442408</slide></ink></message><message xml:lang='en' to='442408@conference.reifier.adm.monash.edu.au' from='gsanson@reifier.adm.monash.edu.au' type='groupchat' time='1265232015544'><ink xmlns='monash:metl'><checksum>3218.4</checksum><points>203 128.7 127 174.8 188.7 127 169.5 194 127 169.5 195.8 127 167.7 195.8 127 169.5 192.2 127 169.5 186.9 127 173 178.1 127 169.5 192.2 127</points><color>255 0 0 255</color><thickness>2</thickness><highlight>False</highlight><author>gsanson</author><target>presentationSpace</target><privacy>public</privacy><slide>442408</slide></ink></message><message xml:lang='en' to='442408@conference.reifier.adm.monash.edu.au' from='gsanson@reifier.adm.monash.edu.au' type='groupchat' time='1265232016420'><ink xmlns='monash:metl'><checksum>3209.5</checksum><points>169.5 125.2 127 225.9 111.1 127 225.9 114.6 127 220.6 128.7 127 217.1 146.4 127 213.6 164 127 210.1 172.8 127 208.3 174.6 127 211.8 169.3 127</points><color>255 0 0 255</color><thickness>2</thickness><highlight>False</highlight><author>gsanson</author><target>presentationSpace</target><privacy>public</privacy><slide>442408</slide></ink></message><message xml:lang='en' to='442408@conference.reifier.adm.monash.edu.au' from='gsanson@reifier.adm.monash.edu.au' type='groupchat' time='1265232079661'><ink xmlns='monash:metl'><checksum>955.4</checksum><points>4.8 36.9 127 6.7 67.5 127 7.2 70.8 127 7.2 71.3 127 7.2 71.8 127 7.2 71.3 127 6.7 69.4 127 6.2 64.1 127 5.7 54.6 127 6.2 46.9 127 6.2 41.2 127 7.2 36.9 127 7.7 35.9 127 8.1 35.4 127 8.6 34.9 127 7.7 35.9 127</points><color>0 0 255 255</color><thickness>3</thickness><highlight>False</highlight><author>gsanson</author><target>presentationSpace</target><privacy>public</privacy><slide>442408</slide></ink></message><message xml:lang='en' to='442408@conference.reifier.adm.monash.edu.au' from='gsanson@reifier.adm.monash.edu.au' type='groupchat' time='1265232080292'><ink xmlns='monash:metl'><checksum>865.7</checksum><points>9.6 33.5 127 1.4 35.9 127 -1.4 40.2 127 -3.8 44 127 -4.8 46 127 -4.3 43.1 127 -0.5 37.3 127 3.4 32.6 127 7.2 28.7 127 11.5 26.8 127 13.9 30.2 127 15.8 36.9 127 18.7 43.1 127 19.6 45 127 20.1 45.5 127 18.2 45 127 17.7 44 127 20.1 45.5 127</points><color>0 0 255 255</color><thickness>3</thickness><highlight>False</highlight><author>gsanson</author><target>presentationSpace</target><privacy>public</privacy><slide>442408</slide></ink></message><message xml:lang='en' to='442408@conference.reifier.adm.monash.edu.au' from='gsanson@reifier.adm.monash.edu.au' type='groupchat' time='1265232081866'><ink xmlns='monash:metl'><checksum>1091.7</checksum><points>35.9 39.7 127 36.4 64.6 127 36.4 65.6 127 35.9 66.1 127 35.9 66.5 127 35.4 67.5 127 34.9 68 127 34.9 67.5 127 34.9 66.1 127 34.9 63.2 127 34.9 66.5 127</points><color>0 0 255 255</color><thickness>3</thickness><highlight>False</highlight><author>gsanson</author><target>presentationSpace</target><privacy>public</privacy><slide>442408</slide></ink></message><message xml:lang='en' to='442408@conference.reifier.adm.monash.edu.au' from='gsanson@reifier.adm.monash.edu.au' type='groupchat' time='1265232082614'><ink xmlns='monash:metl'><checksum>1273.7</checksum><points>34.9 35.9 127 27.8 40.2 127 28.7 37.8 127 30.6 34.9 127 33 32.6 127 34.9 29.7 127 36.4 28.7 127 37.8 29.7 127 39.3 32.6 127 40.7 35.9 127 41.6 38.8 127 43.1 41.6 127 43.1 42.1 127 43.1 42.6 127 42.6 42.6 127 42.1 42.6 127 43.1 42.6 127</points><color>0 0 255 255</color><thickness>3</thickness><highlight>False</highlight><author>gsanson</author><target>presentationSpace</target><privacy>public</privacy><slide>442408</slide></ink></message><message xml:lang='en' to='442408@conference.reifier.adm.monash.edu.au' from='gsanson@reifier.adm.monash.edu.au' type='groupchat' time='1265232083642'><ink xmlns='monash:metl'><checksum>602.7</checksum><points>57 40.2 127 59.4 68.9 127 58.9 67.5 127 58.4 64.1 127 59.4 68.9 127</points><color>0 0 255 255</color><thickness>3</thickness><highlight>False</highlight><author>gsanson</author><target>presentationSpace</target><privacy>public</privacy><slide>442408</slide></ink></message><message xml:lang='en' to='442408@conference.reifier.adm.monash.edu.au' from='gsanson@reifier.adm.monash.edu.au' type='groupchat' time='1265232084486'><ink xmlns='monash:metl'><checksum>962.2</checksum><points>55.5 36.4 127 47.9 43.1 127 51.2 38.3 127 54.1 36.4 127 56.5 36.4 127 59.8 37.8 127 61.8 39.3 127 62.7 40.2 127 62.2 39.7 127 62.7 40.2 127</points><color>0 0 255 255</color><thickness>3</thickness><highlight>False</highlight><author>gsanson</author><target>presentationSpace</target><privacy>public</privacy><slide>442408</slide></ink></message><message xml:lang='en' to='442408@conference.reifier.adm.monash.edu.au' from='gsanson@reifier.adm.monash.edu.au' type='groupchat' time='1265232085545'><ink xmlns='monash:metl'><checksum>301.6</checksum><points>83.8 53.6 127 120.2 44 127</points><color>0 0 255 255</color><thickness>3</thickness><highlight>False</highlight><author>gsanson</author><target>presentationSpace</target><privacy>public</privacy><slide>442408</slide></ink></message><message xml:lang='en' to='442408@conference.reifier.adm.monash.edu.au' from='gsanson@reifier.adm.monash.edu.au' type='groupchat' time='1265232086663'><ink xmlns='monash:metl'><checksum>2472.6</checksum><points>143.1 33 127 160.4 40.2 127 161.8 43.1 127 165.6 46 127 167.1 46.9 127 166.6 47.9 127 159.9 51.7 127 154.1 54.6 127 149.8 58.4 127 148.4 58.9 127 148.9 58.4 127 149.4 58.4 127</points><color>0 0 255 255</color><thickness>3</thickness><highlight>False</highlight><author>gsanson</author><target>presentationSpace</target><privacy>public</privacy><slide>442408</slide></ink></message><message xml:lang='en' to='442408@conference.reifier.adm.monash.edu.au' from='gsanson@reifier.adm.monash.edu.au' type='groupchat' time='1265232089764'><ink xmlns='monash:metl'><checksum>4151.6</checksum><points>184.3 46.9 127 185.7 47.9 127 186.2 47.9 127 188.1 49.8 127 189.1 52.7 127 190 54.1 127 191 53.1 127 192.4 51.2 127 193.9 48.3 127 195.3 46.4 127 196.3 46.9 127 196.7 49.3 127 197.7 53.6 127 199.1 54.6 127 200.6 54.1 127 202 52.7 127 199.1 54.6 127</points><color>0 0 255 255</color><thickness>3</thickness><highlight>False</highlight><author>gsanson</author><target>presentationSpace</target><privacy>public</privacy><slide>442408</slide></ink></message><message xml:lang='en' to='442408@conference.reifier.adm.monash.edu.au' from='gsanson@reifier.adm.monash.edu.au' type='groupchat' time='1265232090137'><ink xmlns='monash:metl'><checksum>1567.8</checksum><points>211.6 45 127 214.5 50.3 127 215.4 48.3 127 215.4 46.9 127 214.5 46.4 127 213.5 46 127</points><color>0 0 255 255</color><thickness>3</thickness><highlight>False</highlight><author>gsanson</author><target>presentationSpace</target><privacy>public</privacy><slide>442408</slide></ink></message><message xml:lang='en' to='442408@conference.reifier.adm.monash.edu.au' from='gsanson@reifier.adm.monash.edu.au' type='groupchat' time='1265232093040'><ink xmlns='monash:metl'><checksum>6501.2</checksum><points>235.1 46 127 237.1 48.8 127 238 46 127 239.4 45 127 240.9 45.5 127 242.3 49.3 127 242.8 52.7 127 243.3 54.1 127 243.3 54.6 127 243.3 54.1 127 243.8 52.7 127 245.2 49.3 127 246.6 46.4 127 248.1 45.5 127 249 46.4 127 250 49.8 127 250.5 52.2 127 250.9 53.6 127 251.4 53.6 127 251.9 53.1 127 252.4 52.2 127 251.4 53.6 127</points><color>0 0 255 255</color><thickness>3</thickness><highlight>False</highlight><author>gsanson</author><target>presentationSpace</target><privacy>public</privacy><slide>442408</slide></ink></message><message xml:lang='en' to='442408@conference.reifier.adm.monash.edu.au' from='gsanson@reifier.adm.monash.edu.au' type='groupchat' time='1265232093594'><ink xmlns='monash:metl'><checksum>3691.5</checksum><points>261.5 45 127 262.9 51.7 127 264.8 49.8 127 265.3 46.9 127 263.9 45 127 261.9 44 127 260 44 127 259.6 44.5 127 259.6 45 127 260 45 127 261.5 45 127 259.6 45 127</points><color>0 0 255 255</color><thickness>3</thickness><highlight>False</highlight><author>gsanson</author><target>presentationSpace</target><privacy>public</privacy><slide>442408</slide></ink></message><message xml:lang='en' to='442408@conference.reifier.adm.monash.edu.au' from='gsanson@reifier.adm.monash.edu.au' type='groupchat' time='1265232094768'><ink xmlns='monash:metl'><checksum>10404.9</checksum><points>275.3 44.5 127 275.3 50.3 127 277.7 46.9 127 279.2 43.1 127 280.1 36.4 127 279.2 31.1 127 277.7 27.3 127 276.8 25.9 127 275.8 26.8 127 274.9 31.1 127 275.3 38.3 127 276.3 43.6 127 278.7 46.4 127 280.6 48.3 127 283.5 48.3 127 285.4 47.4 127 287.8 45 127 288.8 42.6 127 288.3 41.2 127 286.8 40.2 127 285.9 40.2 127 284.9 40.2 127 284 41.6 127 284 43.1 127 284.4 45.5 127 285.9 48.3 127 287.8 49.3 127 289.7 48.8 127 291.6 46.9 127 292.1 46 127 293.5 44.5 127 291.6 46.9 127</points><color>0 0 255 255</color><thickness>3</thickness><highlight>False</highlight><author>gsanson</author><target>presentationSpace</target><privacy>public</privacy><slide>442408</slide></ink></message><message xml:lang='en' to='442408@conference.reifier.adm.monash.edu.au' from='gsanson@reifier.adm.monash.edu.au' type='groupchat' time='1265232095241'><ink xmlns='monash:metl'><checksum>4168.2</checksum><points>298.3 37.8 127 298.3 45.5 127 300.7 46 127 301.7 46.9 127 301.7 48.3 127 300.7 50.3 127 299.3 51.2 127 297.4 51.7 127 296.4 52.2 127 296.4 51.7 127 296.4 51.2 127 296.4 51.7 127</points><color>0 0 255 255</color><thickness>3</thickness><highlight>False</highlight><author>gsanson</author><target>presentationSpace</target><privacy>public</privacy><slide>442408</slide></ink></message><message xml:lang='en' to='442408@conference.reifier.adm.monash.edu.au' from='gsanson@reifier.adm.monash.edu.au' type='groupchat' time='1265232109626'><ink xmlns='monash:metl'><checksum>639.1</checksum><points>426.1 213 127</points><color>0 0 255 255</color><thickness>3</thickness><highlight>False</highlight><author>gsanson</author><target>presentationSpace</target><privacy>public</privacy><slide>442408</slide></ink></message><message xml:lang='en' to='442408@conference.reifier.adm.monash.edu.au' from='gsanson@reifier.adm.monash.edu.au' type='groupchat' time='1265232110670'><ink xmlns='monash:metl'><checksum>6427.5</checksum><points>273.4 108.7 127 289.7 101.5 127 287.3 107.2 127 284.4 110.1 127 281.6 114.4 127 282.1 115.8 127 285.9 115.8 127 289.2 116.8 127 290.7 119.2 127 288.8 122.1 127 284.9 124.9 127 281.6 126.9 127 278.2 128.3 127 278.7 127.3 127 280.1 125.9 127 278.2 127.8 127</points><color>0 0 255 255</color><thickness>3</thickness><highlight>False</highlight><author>gsanson</author><target>presentationSpace</target><privacy>public</privacy><slide>442408</slide></ink></message><message xml:lang='en' to='442408@conference.reifier.adm.monash.edu.au' from='gsanson@reifier.adm.monash.edu.au' type='groupchat' time='1265232111952'><ink xmlns='monash:metl'><checksum>10195.1</checksum><points>311.3 117.8 127 311.7 119.7 127 312.2 116.8 127 314.6 113.9 127 317 114.4 127 319.9 117.3 127 320.3 121.1 127 320.8 123.5 127 320.8 124 127 321.3 123 127 321.3 122.5 127 321.8 119.7 127 324.2 115.4 127 326.1 113.9 127 328 113.9 127 329.4 117.3 127 329.4 120.6 127 329.4 123 127 329.9 124.5 127 330.9 124.5 127 331.8 124 127 333.3 123 127 331.4 124.5 127</points><color>0 0 255 255</color><thickness>3</thickness><highlight>False</highlight><author>gsanson</author><target>presentationSpace</target><privacy>public</privacy><slide>442408</slide></ink></message><message xml:lang='en' to='442408@conference.reifier.adm.monash.edu.au' from='gsanson@reifier.adm.monash.edu.au' type='groupchat' time='1265232112672'><ink xmlns='monash:metl'><checksum>5533.6</checksum><points>341.4 117.3 127 344.3 123.5 127 348.1 120.6 127 349.5 118.2 127 348.6 115.8 127 344.8 114.4 127 341.9 114.9 127 340.5 115.4 127 340.5 116.8 127 341.4 117.3 127 343.3 117.8 127 340.5 116.8 127</points><color>0 0 255 255</color><thickness>3</thickness><highlight>False</highlight><author>gsanson</author><target>presentationSpace</target><privacy>public</privacy><slide>442408</slide></ink></message><message xml:lang='en' to='442408@conference.reifier.adm.monash.edu.au' from='gsanson@reifier.adm.monash.edu.au' type='groupchat' time='1265232113671'><ink xmlns='monash:metl'><checksum>14040.3</checksum><points>359.6 116.3 127 360.1 120.6 127 362.5 117.8 127 364.4 113.9 127 365.8 106.3 127 365.8 99.6 127 364.4 96.2 127 362.5 95.3 127 361.5 97.7 127 361 102.9 127 361 112 127 363 116.8 127 366.3 119.2 127 369.7 119.7 127 374 118.2 127 376.8 115.8 127 378.3 112.5 127 377.8 110.6 127 374.9 110.1 127 372.5 112 127 370.6 115.8 127 371.1 119.2 127 373 122.1 127 377.3 122.1 127 382.1 120.2 127 384.5 118.7 127 385.9 116.8 127 387.4 114.9 127 384 119.2 127</points><color>0 0 255 255</color><thickness>3</thickness><highlight>False</highlight><author>gsanson</author><target>presentationSpace</target><privacy>public</privacy><slide>442408</slide></ink></message><message xml:lang='en' to='442408@conference.reifier.adm.monash.edu.au' from='gsanson@reifier.adm.monash.edu.au' type='groupchat' time='1265232114071'><ink xmlns='monash:metl'><checksum>5116.4</checksum><points>391.2 109.6 127 393.1 118.2 127 396 119.7 127 395.5 122.1 127 391.7 123.5 127 387.4 125.4 127 384.5 126.4 127 385 125.4 127 387.8 123.5 127 384.5 125.9 127</points><color>0 0 255 255</color><thickness>3</thickness><highlight>False</highlight><author>gsanson</author><target>presentationSpace</target><privacy>public</privacy><slide>442408</slide></ink></message><message xml:lang='en' to='442408@conference.reifier.adm.monash.edu.au' from='gsanson@reifier.adm.monash.edu.au' type='groupchat' time='1265232136158'><ink xmlns='monash:metl'><checksum>5854</checksum><points>230.8 203 127 276.8 190.5 127 293.1 187.2 127 303.1 184.3 127 310.3 182.4 127 315.6 181 127 317.5 180.5 127 318.4 180.5 127 318.4 181 127 318.4 181.4 127 318 182.4 127 318.4 181 127</points><color>0 0 255 255</color><thickness>3</thickness><highlight>False</highlight><author>gsanson</author><target>presentationSpace</target><privacy>public</privacy><slide>442408</slide></ink></message><message xml:lang='en' to='442408@conference.reifier.adm.monash.edu.au' from='gsanson@reifier.adm.monash.edu.au' type='groupchat' time='1265232138288'><ink xmlns='monash:metl'><checksum>21226.1</checksum><points>249.5 224 127 262.9 217.8 127 267.2 216.4 127 276.8 213 127 281.1 212.1 127 286.4 210.2 127 290.2 209.2 127 293.5 208.2 127 298.3 207.3 127 301.2 206.3 127 304.1 205.4 127 307.4 204.4 127 309.8 203.5 127 311.7 203 127 314.1 202.5 127 316 201.5 127 318 201.1 127 319.9 200.6 127 321.3 200.1 127 321.8 199.6 127 323.2 199.1 127 324.7 198.7 127 326.1 198.2 127 328 197.7 127 329 197.7 127 329.9 197.2 127 331.4 196.7 127 331.8 196.3 127 332.3 196.3 127 333.8 195.8 127 335.2 195.3 127 336.1 194.8 127 336.6 194.8 127 337.6 194.4 127 338.5 194.4 127 339 194.4 127 340 194.4 127 340.5 193.9 127 340.9 193.9 127 340.9 194.4 127 340.9 193.9 127</points><color>0 0 255 255</color><thickness>3</thickness><highlight>False</highlight><author>gsanson</author><target>presentationSpace</target><privacy>public</privacy><slide>442408</slide></ink></message><message xml:lang='en' to='442408@conference.reifier.adm.monash.edu.au' from='gsanson@reifier.adm.monash.edu.au' type='groupchat' time='1265232140840'><ink xmlns='monash:metl'><checksum>21703.1</checksum><points>282.1 228.8 127 284.9 238.4 127 284.9 237.9 127 284 237 127 283.5 235 127 283.5 234.1 127 283.5 233.1 127 284 231.7 127 284.9 230.7 127 285.9 229.3 127 288.3 227.9 127 289.7 227.4 127 291.1 227.4 127 292.6 227.9 127 294 228.3 127 295.5 229.8 127 296.4 232.7 127 296.9 235.5 127 297.4 237.4 127 297.8 238.4 127 297.8 237.9 127 297.4 237.4 127 296.9 236 127 296.9 234.1 127 296.9 232.7 127 297.8 230.3 127 298.8 228.8 127 300.2 227.9 127 301.7 226.9 127 303.6 227.4 127 305.5 227.9 127 307.4 228.8 127 308.4 229.8 127 309.3 231.2 127 309.8 233.1 127 309.8 234.6 127 310.3 235.5 127 310.3 236 127 310.3 235.5 127 310.8 235.5 127 310.3 236 127</points><color>0 0 255 255</color><thickness>3</thickness><highlight>False</highlight><author>gsanson</author><target>presentationSpace</target><privacy>public</privacy><slide>442408</slide></ink></message><message xml:lang='en' to='442408@conference.reifier.adm.monash.edu.au' from='gsanson@reifier.adm.monash.edu.au' type='groupchat' time='1265232142735'><ink xmlns='monash:metl'><checksum>10492.3</checksum><points>322.7 227.4 127 318.9 233.1 127 320.3 234.6 127 321.8 235 127 323.7 234.1 127 325.6 233.1 127 326.6 231.7 127 327.5 230.3 127 327 228.8 127 326.6 227.4 127 325.1 226.4 127 323.7 225.9 127 322.3 225.5 127 321.3 225.5 127 321.3 225.9 127 321.8 225.9 127 322.3 225.9 127 323.7 226.4 127 321.3 225.9 127</points><color>0 0 255 255</color><thickness>3</thickness><highlight>False</highlight><author>gsanson</author><target>presentationSpace</target><privacy>public</privacy><slide>442408</slide></ink></message><message xml:lang='en' to='442408@conference.reifier.adm.monash.edu.au' from='gsanson@reifier.adm.monash.edu.au' type='groupchat' time='1265232143786'><ink xmlns='monash:metl'><checksum>13623.2</checksum><points>341.9 225.9 127 334.7 233.6 127 336.1 234.6 127 339.5 234.6 127 341.4 233.1 127 343.3 230.7 127 344.8 226.9 127 344.8 222.6 127 344.3 219.2 127 342.4 211.1 127 341.9 209.2 127 341.4 208.2 127 341.4 208.7 127 341.4 212.1 127 341.4 216.9 127 341.9 221.6 127 343.3 225.9 127 345.7 228.8 127 347.2 229.8 127 348.1 229.8 127 348.6 229.8 127 348.6 229.3 127 349.5 228.8 127 348.6 229.8 127</points><color>0 0 255 255</color><thickness>3</thickness><highlight>False</highlight><author>gsanson</author><target>presentationSpace</target><privacy>public</privacy><slide>442408</slide></ink></message><message xml:lang='en' to='442408@conference.reifier.adm.monash.edu.au' from='gsanson@reifier.adm.monash.edu.au' type='groupchat' time='1265232144511'><ink xmlns='monash:metl'><checksum>7039</checksum><points>353.9 229.8 127 357.2 220.2 127 354.3 221.6 127 352.4 224.5 127 351.9 227.9 127 352.4 231.7 127 354.8 233.6 127 358.2 234.6 127 361.5 233.1 127 363 232.2 127 364.9 230.7 127 361.5 233.1 127</points><color>0 0 255 255</color><thickness>3</thickness><highlight>False</highlight><author>gsanson</author><target>presentationSpace</target><privacy>public</privacy><slide>442408</slide></ink></message><message xml:lang='en' to='442408@conference.reifier.adm.monash.edu.au' from='gsanson@reifier.adm.monash.edu.au' type='groupchat' time='1265232145162'><ink xmlns='monash:metl'><checksum>7820.4</checksum><points>373 221.6 127 371.6 228.3 127 374.4 229.3 127 375.9 230.7 127 376.4 232.2 127 374.4 232.7 127 371.6 233.6 127 367.3 235 127 364.4 235.5 127 363 236 127 362 236 127 361.5 234.6 127 363.4 236 127</points><color>0 0 255 255</color><thickness>3</thickness><highlight>False</highlight><author>gsanson</author><target>presentationSpace</target><privacy>public</privacy><slide>442408</slide></ink></message><message xml:lang='en' to='442408@conference.reifier.adm.monash.edu.au' from='gsanson@reifier.adm.monash.edu.au' type='groupchat' time='1265232210476'><dirtyInk xmlns='monash:metl'><author>gsanson</author><slide>442408</slide><target>presentationSpace</target><privacy>public</privacy><identity>2472.6</identity></dirtyInk></message><message xml:lang='en' to='442408@conference.reifier.adm.monash.edu.au' from='gsanson@reifier.adm.monash.edu.au' type='groupchat' time='1265232210666'><dirtyInk xmlns='monash:metl'><author>gsanson</author><slide>442408</slide><target>presentationSpace</target><privacy>public</privacy><identity>4151.6</identity></dirtyInk></message><message xml:lang='en' to='442408@conference.reifier.adm.monash.edu.au' from='gsanson@reifier.adm.monash.edu.au' type='groupchat' time='1265232210996'><dirtyInk xmlns='monash:metl'><author>gsanson</author><slide>442408</slide><target>presentationSpace</target><privacy>public</privacy><identity>3691.5</identity></dirtyInk></message><message xml:lang='en' to='442408@conference.reifier.adm.monash.edu.au' from='gsanson@reifier.adm.monash.edu.au' type='groupchat' time='1265232211171'><dirtyInk xmlns='monash:metl'><author>gsanson</author><slide>442408</slide><target>presentationSpace</target><privacy>public</privacy><identity>4168.2</identity></dirtyInk></message><message xml:lang='en' to='442408@conference.reifier.adm.monash.edu.au' from='gsanson@reifier.adm.monash.edu.au' type='groupchat' time='1265232211397'><dirtyInk xmlns='monash:metl'><author>gsanson</author><slide>442408</slide><target>presentationSpace</target><privacy>public</privacy><identity>10404.9</identity></dirtyInk></message><message xml:lang='en' to='442408@conference.reifier.adm.monash.edu.au' from='gsanson@reifier.adm.monash.edu.au' type='groupchat' time='1265232211622'><dirtyInk xmlns='monash:metl'><author>gsanson</author><slide>442408</slide><target>presentationSpace</target><privacy>public</privacy><identity>6501.2</identity></dirtyInk></message><message xml:lang='en' to='442408@conference.reifier.adm.monash.edu.au' from='gsanson@reifier.adm.monash.edu.au' type='groupchat' time='1265232212620'><dirtyInk xmlns='monash:metl'><author>gsanson</author><slide>442408</slide><target>presentationSpace</target><privacy>public</privacy><identity>3209.5</identity></dirtyInk></message><message xml:lang='en' to='442408@conference.reifier.adm.monash.edu.au' from='gsanson@reifier.adm.monash.edu.au' type='groupchat' time='1265232213269'><dirtyInk xmlns='monash:metl'><author>gsanson</author><slide>442408</slide><target>presentationSpace</target><privacy>public</privacy><identity>3218.4</identity></dirtyInk></message><message xml:lang='en' to='442408@conference.reifier.adm.monash.edu.au' from='gsanson@reifier.adm.monash.edu.au' type='groupchat' time='1265232213997'><dirtyInk xmlns='monash:metl'><author>gsanson</author><slide>442408</slide><target>presentationSpace</target><privacy>public</privacy><identity>1567.8</identity></dirtyInk></message><message xml:lang='en' to='442408@conference.reifier.adm.monash.edu.au' from='gsanson@reifier.adm.monash.edu.au' type='groupchat' time='1265232214397'><dirtyInk xmlns='monash:metl'><author>gsanson</author><slide>442408</slide><target>presentationSpace</target><privacy>public</privacy><identity>253.7</identity></dirtyInk></message><message xml:lang='en' to='442408@conference.reifier.adm.monash.edu.au' from='gsanson@reifier.adm.monash.edu.au' type='groupchat' time='1265232214399'><dirtyInk xmlns='monash:metl'><author>gsanson</author><slide>442408</slide><target>presentationSpace</target><privacy>public</privacy><identity>253.7</identity></dirtyInk></message><message xml:lang='en' to='442408@conference.reifier.adm.monash.edu.au' from='gsanson@reifier.adm.monash.edu.au' type='groupchat' time='1265232214400'><dirtyInk xmlns='monash:metl'><author>gsanson</author><slide>442408</slide><target>presentationSpace</target><privacy>public</privacy><identity>253.7</identity></dirtyInk></message><message xml:lang='en' to='442408@conference.reifier.adm.monash.edu.au' from='gsanson@reifier.adm.monash.edu.au' type='groupchat' time='1265232214400'><dirtyInk xmlns='monash:metl'><author>gsanson</author><slide>442408</slide><target>presentationSpace</target><privacy>public</privacy><identity>253.7</identity></dirtyInk></message><message xml:lang='en' to='442408@conference.reifier.adm.monash.edu.au' from='gsanson@reifier.adm.monash.edu.au' type='groupchat' time='1265232214401'><dirtyInk xmlns='monash:metl'><author>gsanson</author><slide>442408</slide><target>presentationSpace</target><privacy>public</privacy><identity>253.7</identity></dirtyInk></message><message xml:lang='en' to='442408@conference.reifier.adm.monash.edu.au' from='gsanson@reifier.adm.monash.edu.au' type='groupchat' time='1265232216154'><dirtyInk xmlns='monash:metl'><author>gsanson</author><slide>442408</slide><target>presentationSpace</target><privacy>public</privacy><identity>218.4</identity></dirtyInk></message><message xml:lang='en' to='442408@conference.reifier.adm.monash.edu.au' from='gsanson@reifier.adm.monash.edu.au' type='groupchat' time='1265232216157'><dirtyInk xmlns='monash:metl'><author>gsanson</author><slide>442408</slide><target>presentationSpace</target><privacy>public</privacy><identity>218.4</identity></dirtyInk></message><message xml:lang='en' to='442408@conference.reifier.adm.monash.edu.au' from='gsanson@reifier.adm.monash.edu.au' type='groupchat' time='1265232216158'><dirtyInk xmlns='monash:metl'><author>gsanson</author><slide>442408</slide><target>presentationSpace</target><privacy>public</privacy><identity>218.4</identity></dirtyInk></message><message xml:lang='en' to='442408@conference.reifier.adm.monash.edu.au' from='gsanson@reifier.adm.monash.edu.au' type='groupchat' time='1265232216158'><dirtyInk xmlns='monash:metl'><author>gsanson</author><slide>442408</slide><target>presentationSpace</target><privacy>public</privacy><identity>218.4</identity></dirtyInk></message><message xml:lang='en' to='442408@conference.reifier.adm.monash.edu.au' from='gsanson@reifier.adm.monash.edu.au' type='groupchat' time='1265232216159'><dirtyInk xmlns='monash:metl'><author>gsanson</author><slide>442408</slide><target>presentationSpace</target><privacy>public</privacy><identity>218.4</identity></dirtyInk></message><message xml:lang='en' to='442408@conference.reifier.adm.monash.edu.au' from='gsanson@reifier.adm.monash.edu.au' type='groupchat' time='1265232216161'><dirtyInk xmlns='monash:metl'><author>gsanson</author><slide>442408</slide><target>presentationSpace</target><privacy>public</privacy><identity>218.4</identity></dirtyInk></message><message xml:lang='en' to='442408@conference.reifier.adm.monash.edu.au' from='gsanson@reifier.adm.monash.edu.au' type='groupchat' time='1265232217272'><dirtyInk xmlns='monash:metl'><author>gsanson</author><slide>442408</slide><target>presentationSpace</target><privacy>public</privacy><identity>6427.5</identity></dirtyInk></message><message xml:lang='en' to='442408@conference.reifier.adm.monash.edu.au' from='gsanson@reifier.adm.monash.edu.au' type='groupchat' time='1265232217948'><dirtyInk xmlns='monash:metl'><author>gsanson</author><slide>442408</slide><target>presentationSpace</target><privacy>public</privacy><identity>10195.1</identity></dirtyInk></message><message xml:lang='en' to='442408@conference.reifier.adm.monash.edu.au' from='gsanson@reifier.adm.monash.edu.au' type='groupchat' time='1265232218173'><dirtyInk xmlns='monash:metl'><author>gsanson</author><slide>442408</slide><target>presentationSpace</target><privacy>public</privacy><identity>5533.6</identity></dirtyInk></message><message xml:lang='en' to='442408@conference.reifier.adm.monash.edu.au' from='gsanson@reifier.adm.monash.edu.au' type='groupchat' time='1265232218422'><dirtyInk xmlns='monash:metl'><author>gsanson</author><slide>442408</slide><target>presentationSpace</target><privacy>public</privacy><identity>14040.3</identity></dirtyInk></message><message xml:lang='en' to='442408@conference.reifier.adm.monash.edu.au' from='gsanson@reifier.adm.monash.edu.au' type='groupchat' time='1265232218920'><dirtyInk xmlns='monash:metl'><author>gsanson</author><slide>442408</slide><target>presentationSpace</target><privacy>public</privacy><identity>5116.4</identity></dirtyInk></message><message xml:lang='en' to='442408@conference.reifier.adm.monash.edu.au' from='gsanson@reifier.adm.monash.edu.au' type='groupchat' time='1265232226603'><ink xmlns='monash:metl'><checksum>1408.8</checksum><points>128.7 76.3 127 128.7 114.1 127 127.9 114.1 127 127.9 112.5 127 126.4 110.2 127 127.9 114.1 127</points><color>255 0 0 255</color><thickness>2</thickness><highlight>False</highlight><author>gsanson</author><target>presentationSpace</target><privacy>public</privacy><slide>442408</slide></ink></message><message xml:lang='en' to='442408@conference.reifier.adm.monash.edu.au' from='gsanson@reifier.adm.monash.edu.au' type='groupchat' time='1265232227799'><ink xmlns='monash:metl'><checksum>5175.6</checksum><points>127.9 72.5 127 116.4 86.3 127 117.2 85.6 127 117.2 84.8 127 118.7 80.9 127 120.2 76.3 127 122.6 74 127 123.3 72.5 127 125.6 70.9 127 126.4 70.1 127 127.2 70.1 127 127.9 70.1 127 127.9 70.9 127 128.7 70.9 127 128.7 71.7 127 129.5 73.2 127 131.8 76.3 127 134.1 80.2 127 136.4 84.8 127 137.2 87.1 127 137.2 87.9 127 137.2 88.6 127 136.4 87.9 127 134.9 85.6 127 137.2 88.6 127</points><color>255 0 0 255</color><thickness>2</thickness><highlight>False</highlight><author>gsanson</author><target>presentationSpace</target><privacy>public</privacy><slide>442408</slide></ink></message><message xml:lang='en' to='442408@conference.reifier.adm.monash.edu.au' from='gsanson@reifier.adm.monash.edu.au' type='groupchat' time='1265232231953'><dirtyInk xmlns='monash:metl'><author>gsanson</author><slide>442408</slide><target>presentationSpace</target><privacy>public</privacy><identity>1408.8</identity></dirtyInk></message><message xml:lang='en' to='442408@conference.reifier.adm.monash.edu.au' from='gsanson@reifier.adm.monash.edu.au' type='groupchat' time='1265232231955'><dirtyInk xmlns='monash:metl'><author>gsanson</author><slide>442408</slide><target>presentationSpace</target><privacy>public</privacy><identity>5175.6</identity></dirtyInk></message><message xml:lang='en' to='442408@conference.reifier.adm.monash.edu.au' from='gsanson@reifier.adm.monash.edu.au' type='groupchat' time='1265232231956'><ink xmlns='monash:metl'><checksum>2111.9</checksum><points>148.8 173.4 127 148.8 211.2 127 148 211.2 127 148 209.6 127 146.4 207.3 127 148 211.2 127</points><color>255 0 0 255</color><thickness>2</thickness><highlight>False</highlight><author>gsanson</author><target>presentationSpace</target><privacy>public</privacy><slide>442408</slide></ink></message><message xml:lang='en' to='442408@conference.reifier.adm.monash.edu.au' from='gsanson@reifier.adm.monash.edu.au' type='groupchat' time='1265232231956'><ink xmlns='monash:metl'><checksum>8104.7</checksum><points>148 169.6 127 136.4 183.4 127 137.2 182.7 127 137.2 181.9 127 138.7 178 127 140.3 173.4 127 142.6 171.1 127 143.4 169.6 127 145.7 168 127 146.4 167.3 127 147.2 167.3 127 148 167.3 127 148 168 127 148.8 168 127 148.8 168.8 127 149.5 170.3 127 151.8 173.4 127 154.2 177.3 127 156.5 181.9 127 157.2 184.2 127 157.2 185 127 157.2 185.8 127 156.5 185 127 154.9 182.7 127 157.2 185.8 127</points><color>255 0 0 255</color><thickness>2</thickness><highlight>False</highlight><author>gsanson</author><target>presentationSpace</target><privacy>public</privacy><slide>442408</slide></ink></message><message xml:lang='en' to='442408@conference.reifier.adm.monash.edu.au' from='gsanson@reifier.adm.monash.edu.au' type='groupchat' time='1265232234327'><dirtyInk xmlns='monash:metl'><author>gsanson</author><slide>442408</slide><target>presentationSpace</target><privacy>public</privacy><identity>2111.9</identity></dirtyInk></message><message xml:lang='en' to='442408@conference.reifier.adm.monash.edu.au' from='gsanson@reifier.adm.monash.edu.au' type='groupchat' time='1265232234328'><dirtyInk xmlns='monash:metl'><author>gsanson</author><slide>442408</slide><target>presentationSpace</target><privacy>public</privacy><identity>8104.7</identity></dirtyInk></message><message xml:lang='en' to='442408@conference.reifier.adm.monash.edu.au' from='gsanson@reifier.adm.monash.edu.au' type='groupchat' time='1265232234329'><ink xmlns='monash:metl'><checksum>1881.6</checksum><points>122.2 127.9 127 122.2 210 127 119.2 210 127 119.2 206.7 127 113.4 201.6 127 119.2 210 127</points><color>255 0 0 255</color><thickness>2</thickness><highlight>False</highlight><author>gsanson</author><target>presentationSpace</target><privacy>public</privacy><slide>442408</slide></ink></message><message xml:lang='en' to='442408@conference.reifier.adm.monash.edu.au' from='gsanson@reifier.adm.monash.edu.au' type='groupchat' time='1265232234329'><ink xmlns='monash:metl'><checksum>6344</checksum><points>119.2 119.5 127 75.3 149.7 127 78.2 148 127 78.2 146.3 127 84.1 137.9 127 89.9 127.9 127 98.7 122.9 127 101.6 119.5 127 110.4 116.2 127 113.4 114.5 127 116.3 114.5 127 119.2 114.5 127 119.2 116.2 127 122.2 116.2 127 122.2 117.8 127 125.1 121.2 127 133.9 127.9 127 142.7 136.3 127 151.5 146.3 127 154.4 151.3 127 154.4 153 127 154.4 154.7 127 151.5 153 127 145.6 148 127 154.4 154.7 127</points><color>255 0 0 255</color><thickness>2</thickness><highlight>False</highlight><author>gsanson</author><target>presentationSpace</target><privacy>public</privacy><slide>442408</slide></ink></message><message xml:lang='en' to='442408@conference.reifier.adm.monash.edu.au' from='gsanson@reifier.adm.monash.edu.au' type='groupchat' time='1265232238523'><dirtyInk xmlns='monash:metl'><author>gsanson</author><slide>442408</slide><target>presentationSpace</target><privacy>public</privacy><identity>1881.6</identity></dirtyInk></message><message xml:lang='en' to='442408@conference.reifier.adm.monash.edu.au' from='gsanson@reifier.adm.monash.edu.au' type='groupchat' time='1265232239410'><dirtyInk xmlns='monash:metl'><author>gsanson</author><slide>442408</slide><target>presentationSpace</target><privacy>public</privacy><identity>6344</identity></dirtyInk></message><message xml:lang='en' to='442408@conference.reifier.adm.monash.edu.au' from='gsanson@reifier.adm.monash.edu.au' type='groupchat' time='1265232253368'><ink xmlns='monash:metl'><checksum>3791.4</checksum><points>28.5 97.1 127 24.7 119.5 127 28.5 130.3 127 32.4 139.5 127 38.5 152.6 127 43.2 162.6 127 48.6 171.9 127 54.7 185 127 60.1 195 127 65.5 205 127 71.7 216.6 127 76.3 222 127 77.8 224.3 127 80.2 225.8 127 80.9 226.6 127 80.2 225.8 127</points><color>255 255 0 255</color><thickness>25</thickness><highlight>True</highlight><author>gsanson</author><target>presentationSpace</target><privacy>public</privacy><slide>442408</slide></ink></message><message xml:lang='en' to='442408@conference.reifier.adm.monash.edu.au' from='gsanson@reifier.adm.monash.edu.au' type='groupchat' time='1265232255814'><ink xmlns='monash:metl'><checksum>995.8</checksum><points>251.3 232 127 339.1 173.4 127</points><color>0 0 255 255</color><thickness>3</thickness><highlight>False</highlight><author>gsanson</author><target>presentationSpace</target><privacy>public</privacy><slide>442408</slide></ink></message><message xml:lang='en' to='442408@conference.reifier.adm.monash.edu.au' from='gsanson@reifier.adm.monash.edu.au' type='groupchat' time='1265232257292'><ink xmlns='monash:metl'><checksum>2418.8</checksum><points>269.8 48.6 127 318.3 101.7 127 319.9 101 127 319.9 100.2 127 319.1 99.4 127 319.9 101 127</points><color>0 0 0 255</color><thickness>1</thickness><highlight>False</highlight><author>gsanson</author><target>presentationSpace</target><privacy>public</privacy><slide>442408</slide></ink></message><message xml:lang='en' to='442408@conference.reifier.adm.monash.edu.au' from='gsanson@reifier.adm.monash.edu.au' type='groupchat' time='1265232258551'><ink xmlns='monash:metl'><checksum>2712.5</checksum><points>356.1 37.8 127 358.4 105.6 127 357.6 106.4 127 356.9 106.4 127 356.1 107.9 127 356.9 106.4 127</points><color>255 0 0 255</color><thickness>2</thickness><highlight>False</highlight><author>gsanson</author><target>presentationSpace</target><privacy>public</privacy><slide>442408</slide></ink></message><message xml:lang='en' to='442408@conference.reifier.adm.monash.edu.au' from='gsanson@reifier.adm.monash.edu.au' type='groupchat' time='1265232278281'><ink xmlns='monash:metl'><checksum>5139.7</checksum><points>443.2 27.7 127 446.3 67.1 127 446.3 73.2 127 446.3 75.5 127 446.3 76.3 127 446.3 75.5 127 445.5 74.8 127 445.5 72.5 127 444 67.1 127 445.5 74.8 127</points><color>255 0 0 255</color><thickness>2</thickness><highlight>False</highlight><author>gsanson</author><target>presentationSpace</target><privacy>public</privacy><slide>442408</slide></ink></message><message xml:lang='en' to='442408@conference.reifier.adm.monash.edu.au' from='gsanson@reifier.adm.monash.edu.au' type='groupchat' time='1265232279511'><ink xmlns='monash:metl'><checksum>11985.2</checksum><points>446.3 26.2 127 434.7 42.4 127 434.7 39.3 127 435.5 34.7 127 436.2 30.1 127 437.8 27 127 440.1 23.9 127 440.9 22.4 127 441.6 22.4 127 440.9 21.6 127 441.6 21.6 127 441.6 22.4 127 443.2 23.9 127 444 25.4 127 448.6 27.7 127 453.2 30.8 127 457.1 33.9 127 459.4 36.2 127 460.1 37 127 460.1 37.8 127 460.1 38.5 127 460.1 39.3 127 460.9 40.1 127 460.9 41.6 127 460.1 39.3 127</points><color>255 0 0 255</color><thickness>2</thickness><highlight>False</highlight><author>gsanson</author><target>presentationSpace</target><privacy>public</privacy><slide>442408</slide></ink></message><message xml:lang='en' to='442408@conference.reifier.adm.monash.edu.au' from='gsanson@reifier.adm.monash.edu.au' type='groupchat' time='1265232331472'><textbox xmlns='monash:metl'><height>NaN</height><width>NaN</width><caret>4</caret><x>361.484414091527</x><y>137.965266785466</y><text>type</text><tag>{&quot;author&quot;:&quot;gsanson&quot;,&quot;privacy&quot;:&quot;public&quot;,&quot;id&quot;:&quot;gsanson:4/02/2010 8:25:09 AM&quot;}</tag><style>Normal</style><family>Arial</family><weight>Normal</weight><size>10</size><decoration>None</decoration><author>gsanson</author><identity>gsanson:4/02/2010 8:25:09 AM</identity><target>presentationSpace</target><privacy>public</privacy><slide>442408</slide><color>#FF000000</color></textbox></message><message xml:lang='en' to='442408@conference.reifier.adm.monash.edu.au' from='gsanson@reifier.adm.monash.edu.au' type='groupchat' time='1265232358076'><dirtyText xmlns='monash:metl'><author>gsanson</author><slide>442408</slide><target>presentationSpace</target><privacy>public</privacy><identity>gsanson:4/02/2010 8:25:09 AM</identity></dirtyText></message><message xml:lang='en' to='442408@conference.reifier.adm.monash.edu.au' from='gsanson@reifier.adm.monash.edu.au' type='groupchat' time='1265232358079'><textbox xmlns='monash:metl'><height>119.864283890471</height><width>150.529842566281</width><caret>4</caret><x>361.484414091527</x><y>137.965266785465</y><text>type</text><tag>{&quot;author&quot;:&quot;gsanson&quot;,&quot;privacy&quot;:&quot;public&quot;,&quot;id&quot;:&quot;gsanson:4/02/2010 8:25:09 AM&quot;}</tag><style>Normal</style><family>Arial</family><weight>Normal</weight><size>10</size><decoration>None</decoration><author>gsanson</author><identity>gsanson:4/02/2010 8:25:09 AM</identity><target>presentationSpace</target><privacy>public</privacy><slide>442408</slide><color>#FF000000</color></textbox></message><message xml:lang='en' to='442408@conference.reifier.adm.monash.edu.au' from='gsanson@reifier.adm.monash.edu.au' type='groupchat' time='1265232363583'><dirtyText xmlns='monash:metl'><author>gsanson</author><slide>442408</slide><target>presentationSpace</target><privacy>public</privacy><identity>gsanson:4/02/2010 8:25:09 AM</identity></dirtyText></message><message xml:lang='en' to='442408@conference.reifier.adm.monash.edu.au' from='gsanson@reifier.adm.monash.edu.au' type='groupchat' time='1265232363590'><textbox xmlns='monash:metl'><height>119.864283890471</height><width>150.529842566281</width><caret>4</caret><x>500.220436557358</x><y>80.1585907580353</y><text>type</text><tag>{&quot;author&quot;:&quot;gsanson&quot;,&quot;privacy&quot;:&quot;public&quot;,&quot;id&quot;:&quot;gsanson:4/02/2010 8:25:09 AM&quot;}</tag><style>Normal</style><family>Arial</family><weight>Normal</weight><size>10</size><decoration>None</decoration><author>gsanson</author><identity>gsanson:4/02/2010 8:25:09 AM</identity><target>presentationSpace</target><privacy>public</privacy><slide>442408</slide><color>#FF000000</color></textbox></message><message xml:lang='en' to='442408@conference.reifier.adm.monash.edu.au' from='gsanson@reifier.adm.monash.edu.au' type='groupchat' time='1265232378846'><dirtyText xmlns='monash:metl'><author>gsanson</author><slide>442408</slide><target>presentationSpace</target><privacy>public</privacy><identity>gsanson:4/02/2010 8:25:09 AM</identity></dirtyText></message><message xml:lang='en' to='442408@conference.reifier.adm.monash.edu.au' from='gsanson@reifier.adm.monash.edu.au' type='groupchat' time='1265232378849'><textbox xmlns='monash:metl'><height>119.864283890471</height><width>150.529842566281</width><caret>4</caret><x>500.220436557358</x><y>79.3878350776696</y><text>type</text><tag>{&quot;author&quot;:&quot;gsanson&quot;,&quot;privacy&quot;:&quot;public&quot;,&quot;id&quot;:&quot;gsanson:4/02/2010 8:25:09 AM&quot;}</tag><style>Normal</style><family>Arial</family><weight>Normal</weight><size>10</size><decoration>None</decoration><author>gsanson</author><identity>gsanson:4/02/2010 8:25:09 AM</identity><target>presentationSpace</target><privacy>public</privacy><slide>442408</slide><color>#FF000000</color></textbox></message><message xml:lang='en' to='442408@conference.reifier.adm.monash.edu.au' from='gsanson@reifier.adm.monash.edu.au' type='groupchat' time='1265232378861'><textbox xmlns='monash:metl'><height>119.864283890471</height><width>150.529842566281</width><caret>4</caret><x>500.220436557358</x><y>79.3878350776696</y><text>type</text><tag>{&quot;author&quot;:&quot;gsanson&quot;,&quot;privacy&quot;:&quot;public&quot;,&quot;id&quot;:&quot;gsanson:4/02/2010 8:25:09 AM&quot;}</tag><style>Normal</style><family>Arial</family><weight>Normal</weight><size>10</size><decoration>None</decoration><author>gsanson</author><identity>gsanson:4/02/2010 8:25:09 AM</identity><target>presentationSpace</target><privacy>public</privacy><slide>442408</slide><color>#FF000000</color></textbox></message><message xml:lang='en' to='442408@conference.reifier.adm.monash.edu.au' from='gsanson@reifier.adm.monash.edu.au' type='groupchat' time='1265232388396'><dirtyText xmlns='monash:metl'><author>gsanson</author><slide>442408</slide><target>presentationSpace</target><privacy>public</privacy><identity>gsanson:4/02/2010 8:25:09 AM</identity></dirtyText></message><message xml:lang='en' to='442408@conference.reifier.adm.monash.edu.au' from='gsanson@reifier.adm.monash.edu.au' type='groupchat' time='1265232388399'><textbox xmlns='monash:metl'><height>119.864283890471</height><width>150.529842566281</width><caret>4</caret><x>499.449680876992</x><y>78.6170793973039</y><text>type</text><tag>{&quot;author&quot;:&quot;gsanson&quot;,&quot;privacy&quot;:&quot;public&quot;,&quot;id&quot;:&quot;gsanson:4/02/2010 8:25:09 AM&quot;}</tag><style>Normal</style><family>Arial</family><weight>Normal</weight><size>10</size><decoration>None</decoration><author>gsanson</author><identity>gsanson:4/02/2010 8:25:09 AM</identity><target>presentationSpace</target><privacy>public</privacy><slide>442408</slide><color>#FF000000</color></textbox></message><message xml:lang='en' to='442408@conference.reifier.adm.monash.edu.au' from='gsanson@reifier.adm.monash.edu.au' type='groupchat' time='1265232388409'><textbox xmlns='monash:metl'><height>119.864283890471</height><width>150.529842566281</width><caret>4</caret><x>499.449680876992</x><y>78.6170793973039</y><text>type</text><tag>{&quot;author&quot;:&quot;gsanson&quot;,&quot;privacy&quot;:&quot;public&quot;,&quot;id&quot;:&quot;gsanson:4/02/2010 8:25:09 AM&quot;}</tag><style>Normal</style><family>Arial</family><weight>Normal</weight><size>10</size><decoration>None</decoration><author>gsanson</author><identity>gsanson:4/02/2010 8:25:09 AM</identity><target>presentationSpace</target><privacy>public</privacy><slide>442408</slide><color>#FF000000</color></textbox></message><message xml:lang='en' to='442408@conference.reifier.adm.monash.edu.au' from='gsanson@reifier.adm.monash.edu.au' type='groupchat' time='1265232404982'><textbox xmlns='monash:metl'><height>119.864283890471</height><width>150.529842566281</width><caret>4</caret><x>499.449680876992</x><y>78.6170793973039</y><text>type</text><tag>{&quot;author&quot;:&quot;gsanson&quot;,&quot;privacy&quot;:&quot;public&quot;,&quot;id&quot;:&quot;gsanson:4/02/2010 8:25:09 AM&quot;}</tag><style>Normal</style><family>Arial</family><weight>Normal</weight><size>10</size><decoration>None</decoration><author>gsanson</author><identity>gsanson:4/02/2010 8:25:09 AM</identity><target>presentationSpace</target><privacy>public</privacy><slide>442408</slide><color>#FF000000</color></textbox></message><message xml:lang='en' to='442408@conference.reifier.adm.monash.edu.au' from='gsanson@reifier.adm.monash.edu.au' type='groupchat' time='1265232407829'><textbox xmlns='monash:metl'><height>119.864283890471</height><width>150.529842566281</width><caret>0</caret><x>499.449680876992</x><y>78.6170793973039</y><text>type</text><tag>{&quot;author&quot;:&quot;gsanson&quot;,&quot;privacy&quot;:&quot;public&quot;,&quot;id&quot;:&quot;gsanson:4/02/2010 8:25:09 AM&quot;}</tag><style>Normal</style><family>Arial</family><weight>Normal</weight><size>12</size><decoration>None</decoration><author>gsanson</author><identity>gsanson:4/02/2010 8:25:09 AM</identity><target>presentationSpace</target><privacy>public</privacy><slide>442408</slide><color>#FF000000</color></textbox></message><message xml:lang='en' to='442408@conference.reifier.adm.monash.edu.au' from='gsanson@reifier.adm.monash.edu.au' type='groupchat' time='1265232407832'><textbox xmlns='monash:metl'><height>119.864283890471</height><width>150.529842566281</width><caret>0</caret><x>499.449680876992</x><y>78.6170793973039</y><text>type</text><tag>{&quot;author&quot;:&quot;gsanson&quot;,&quot;privacy&quot;:&quot;public&quot;,&quot;id&quot;:&quot;gsanson:4/02/2010 8:25:09 AM&quot;}</tag><style>Normal</style><family>Arial</family><weight>Normal</weight><size>12</size><decoration>None</decoration><author>gsanson</author><identity>gsanson:4/02/2010 8:25:09 AM</identity><target>presentationSpace</target><privacy>public</privacy><slide>442408</slide><color>#FF000000</color></textbox></message><message xml:lang='en' to='442408@conference.reifier.adm.monash.edu.au' from='gsanson@reifier.adm.monash.edu.au' type='groupchat' time='1265232409015'><textbox xmlns='monash:metl'><height>119.864283890471</height><width>150.529842566281</width><caret>0</caret><x>499.449680876992</x><y>78.6170793973039</y><text>type</text><tag>{&quot;author&quot;:&quot;gsanson&quot;,&quot;privacy&quot;:&quot;public&quot;,&quot;id&quot;:&quot;gsanson:4/02/2010 8:25:09 AM&quot;}</tag><style>Normal</style><family>Arial</family><weight>Normal</weight><size>14</size><decoration>None</decoration><author>gsanson</author><identity>gsanson:4/02/2010 8:25:09 AM</identity><target>presentationSpace</target><privacy>public</privacy><slide>442408</slide><color>#FF000000</color></textbox></message><message xml:lang='en' to='442408@conference.reifier.adm.monash.edu.au' from='gsanson@reifier.adm.monash.edu.au' type='groupchat' time='1265232409018'><textbox xmlns='monash:metl'><height>119.864283890471</height><width>150.529842566281</width><caret>0</caret><x>499.449680876992</x><y>78.6170793973039</y><text>type</text><tag>{&quot;author&quot;:&quot;gsanson&quot;,&quot;privacy&quot;:&quot;public&quot;,&quot;id&quot;:&quot;gsanson:4/02/2010 8:25:09 AM&quot;}</tag><style>Normal</style><family>Arial</family><weight>Normal</weight><size>14</size><decoration>None</decoration><author>gsanson</author><identity>gsanson:4/02/2010 8:25:09 AM</identity><target>presentationSpace</target><privacy>public</privacy><slide>442408</slide><color>#FF000000</color></textbox></message><message xml:lang='en' to='442408@conference.reifier.adm.monash.edu.au' from='gsanson@reifier.adm.monash.edu.au' type='groupchat' time='1265232409356'><textbox xmlns='monash:metl'><height>119.864283890471</height><width>150.529842566281</width><caret>0</caret><x>499.449680876992</x><y>78.6170793973039</y><text>type</text><tag>{&quot;author&quot;:&quot;gsanson&quot;,&quot;privacy&quot;:&quot;public&quot;,&quot;id&quot;:&quot;gsanson:4/02/2010 8:25:09 AM&quot;}</tag><style>Normal</style><family>Arial</family><weight>Normal</weight><size>16</size><decoration>None</decoration><author>gsanson</author><identity>gsanson:4/02/2010 8:25:09 AM</identity><target>presentationSpace</target><privacy>public</privacy><slide>442408</slide><color>#FF000000</color></textbox></message><message xml:lang='en' to='442408@conference.reifier.adm.monash.edu.au' from='gsanson@reifier.adm.monash.edu.au' type='groupchat' time='1265232409359'><textbox xmlns='monash:metl'><height>119.864283890471</height><width>150.529842566281</width><caret>0</caret><x>499.449680876992</x><y>78.6170793973039</y><text>type</text><tag>{&quot;author&quot;:&quot;gsanson&quot;,&quot;privacy&quot;:&quot;public&quot;,&quot;id&quot;:&quot;gsanson:4/02/2010 8:25:09 AM&quot;}</tag><style>Normal</style><family>Arial</family><weight>Normal</weight><size>16</size><decoration>None</decoration><author>gsanson</author><identity>gsanson:4/02/2010 8:25:09 AM</identity><target>presentationSpace</target><privacy>public</privacy><slide>442408</slide><color>#FF000000</color></textbox></message><message xml:lang='en' to='442408@conference.reifier.adm.monash.edu.au' from='gsanson@reifier.adm.monash.edu.au' type='groupchat' time='1265232409630'><textbox xmlns='monash:metl'><height>119.864283890471</height><width>150.529842566281</width><caret>0</caret><x>499.449680876992</x><y>78.6170793973039</y><text>type</text><tag>{&quot;author&quot;:&quot;gsanson&quot;,&quot;privacy&quot;:&quot;public&quot;,&quot;id&quot;:&quot;gsanson:4/02/2010 8:25:09 AM&quot;}</tag><style>Normal</style><family>Arial</family><weight>Normal</weight><size>18</size><decoration>None</decoration><author>gsanson</author><identity>gsanson:4/02/2010 8:25:09 AM</identity><target>presentationSpace</target><privacy>public</privacy><slide>442408</slide><color>#FF000000</color></textbox></message><message xml:lang='en' to='442408@conference.reifier.adm.monash.edu.au' from='gsanson@reifier.adm.monash.edu.au' type='groupchat' time='1265232409633'><textbox xmlns='monash:metl'><height>119.864283890471</height><width>150.529842566281</width><caret>0</caret><x>499.449680876992</x><y>78.6170793973039</y><text>type</text><tag>{&quot;author&quot;:&quot;gsanson&quot;,&quot;privacy&quot;:&quot;public&quot;,&quot;id&quot;:&quot;gsanson:4/02/2010 8:25:09 AM&quot;}</tag><style>Normal</style><family>Arial</family><weight>Normal</weight><size>18</size><decoration>None</decoration><author>gsanson</author><identity>gsanson:4/02/2010 8:25:09 AM</identity><target>presentationSpace</target><privacy>public</privacy><slide>442408</slide><color>#FF000000</color></textbox></message><message xml:lang='en' to='442408@conference.reifier.adm.monash.edu.au' from='gsanson@reifier.adm.monash.edu.au' type='groupchat' time='1265232409831'><textbox xmlns='monash:metl'><height>119.864283890471</height><width>150.529842566281</width><caret>0</caret><x>499.449680876992</x><y>78.6170793973039</y><text>type</text><tag>{&quot;author&quot;:&quot;gsanson&quot;,&quot;privacy&quot;:&quot;public&quot;,&quot;id&quot;:&quot;gsanson:4/02/2010 8:25:09 AM&quot;}</tag><style>Normal</style><family>Arial</family><weight>Normal</weight><size>20</size><decoration>None</decoration><author>gsanson</author><identity>gsanson:4/02/2010 8:25:09 AM</identity><target>presentationSpace</target><privacy>public</privacy><slide>442408</slide><color>#FF000000</color></textbox></message><message xml:lang='en' to='442408@conference.reifier.adm.monash.edu.au' from='gsanson@reifier.adm.monash.edu.au' type='groupchat' time='1265232409834'><textbox xmlns='monash:metl'><height>119.864283890471</height><width>150.529842566281</width><caret>0</caret><x>499.449680876992</x><y>78.6170793973039</y><text>type</text><tag>{&quot;author&quot;:&quot;gsanson&quot;,&quot;privacy&quot;:&quot;public&quot;,&quot;id&quot;:&quot;gsanson:4/02/2010 8:25:09 AM&quot;}</tag><style>Normal</style><family>Arial</family><weight>Normal</weight><size>20</size><decoration>None</decoration><author>gsanson</author><identity>gsanson:4/02/2010 8:25:09 AM</identity><target>presentationSpace</target><privacy>public</privacy><slide>442408</slide><color>#FF000000</color></textbox></message><message xml:lang='en' to='442408@conference.reifier.adm.monash.edu.au' from='gsanson@reifier.adm.monash.edu.au' type='groupchat' time='1265232410056'><textbox xmlns='monash:metl'><height>119.864283890471</height><width>150.529842566281</width><caret>0</caret><x>499.449680876992</x><y>78.6170793973039</y><text>type</text><tag>{&quot;author&quot;:&quot;gsanson&quot;,&quot;privacy&quot;:&quot;public&quot;,&quot;id&quot;:&quot;gsanson:4/02/2010 8:25:09 AM&quot;}</tag><style>Normal</style><family>Arial</family><weight>Normal</weight><size>24</size><decoration>None</decoration><author>gsanson</author><identity>gsanson:4/02/2010 8:25:09 AM</identity><target>presentationSpace</target><privacy>public</privacy><slide>442408</slide><color>#FF000000</color></textbox></message><message xml:lang='en' to='442408@conference.reifier.adm.monash.edu.au' from='gsanson@reifier.adm.monash.edu.au' type='groupchat' time='1265232410059'><textbox xmlns='monash:metl'><height>119.864283890471</height><width>150.529842566281</width><caret>0</caret><x>499.449680876992</x><y>78.6170793973039</y><text>type</text><tag>{&quot;author&quot;:&quot;gsanson&quot;,&quot;privacy&quot;:&quot;public&quot;,&quot;id&quot;:&quot;gsanson:4/02/2010 8:25:09 AM&quot;}</tag><style>Normal</style><family>Arial</family><weight>Normal</weight><size>24</size><decoration>None</decoration><author>gsanson</author><identity>gsanson:4/02/2010 8:25:09 AM</identity><target>presentationSpace</target><privacy>public</privacy><slide>442408</slide><color>#FF000000</color></textbox></message><message xml:lang='en' to='442408@conference.reifier.adm.monash.edu.au' from='gsanson@reifier.adm.monash.edu.au' type='groupchat' time='1265232410210'><textbox xmlns='monash:metl'><height>119.864283890471</height><width>150.529842566281</width><caret>0</caret><x>499.449680876992</x><y>78.6170793973039</y><text>type</text><tag>{&quot;author&quot;:&quot;gsanson&quot;,&quot;privacy&quot;:&quot;public&quot;,&quot;id&quot;:&quot;gsanson:4/02/2010 8:25:09 AM&quot;}</tag><style>Normal</style><family>Arial</family><weight>Normal</weight><size>28</size><decoration>None</decoration><author>gsanson</author><identity>gsanson:4/02/2010 8:25:09 AM</identity><target>presentationSpace</target><privacy>public</privacy><slide>442408</slide><color>#FF000000</color></textbox></message><message xml:lang='en' to='442408@conference.reifier.adm.monash.edu.au' from='gsanson@reifier.adm.monash.edu.au' type='groupchat' time='1265232410213'><textbox xmlns='monash:metl'><height>119.864283890471</height><width>150.529842566281</width><caret>0</caret><x>499.449680876992</x><y>78.6170793973039</y><text>type</text><tag>{&quot;author&quot;:&quot;gsanson&quot;,&quot;privacy&quot;:&quot;public&quot;,&quot;id&quot;:&quot;gsanson:4/02/2010 8:25:09 AM&quot;}</tag><style>Normal</style><family>Arial</family><weight>Normal</weight><size>28</size><decoration>None</decoration><author>gsanson</author><identity>gsanson:4/02/2010 8:25:09 AM</identity><target>presentationSpace</target><privacy>public</privacy><slide>442408</slide><color>#FF000000</color></textbox></message><message xml:lang='en' to='442408@conference.reifier.adm.monash.edu.au' from='gsanson@reifier.adm.monash.edu.au' type='groupchat' time='1265232410428'><textbox xmlns='monash:metl'><height>119.864283890471</height><width>150.529842566281</width><caret>0</caret><x>499.449680876992</x><y>78.6170793973039</y><text>type</text><tag>{&quot;author&quot;:&quot;gsanson&quot;,&quot;privacy&quot;:&quot;public&quot;,&quot;id&quot;:&quot;gsanson:4/02/2010 8:25:09 AM&quot;}</tag><style>Normal</style><family>Arial</family><weight>Normal</weight><size>32</size><decoration>None</decoration><author>gsanson</author><identity>gsanson:4/02/2010 8:25:09 AM</identity><target>presentationSpace</target><privacy>public</privacy><slide>442408</slide><color>#FF000000</color></textbox></message><message xml:lang='en' to='442408@conference.reifier.adm.monash.edu.au' from='gsanson@reifier.adm.monash.edu.au' type='groupchat' time='1265232410430'><textbox xmlns='monash:metl'><height>119.864283890471</height><width>150.529842566281</width><caret>0</caret><x>499.449680876992</x><y>78.6170793973039</y><text>type</text><tag>{&quot;author&quot;:&quot;gsanson&quot;,&quot;privacy&quot;:&quot;public&quot;,&quot;id&quot;:&quot;gsanson:4/02/2010 8:25:09 AM&quot;}</tag><style>Normal</style><family>Arial</family><weight>Normal</weight><size>32</size><decoration>None</decoration><author>gsanson</author><identity>gsanson:4/02/2010 8:25:09 AM</identity><target>presentationSpace</target><privacy>public</privacy><slide>442408</slide><color>#FF000000</color></textbox></message><message xml:lang='en' to='442408@conference.reifier.adm.monash.edu.au' from='gsanson@reifier.adm.monash.edu.au' type='groupchat' time='1265232410606'><textbox xmlns='monash:metl'><height>119.864283890471</height><width>150.529842566281</width><caret>0</caret><x>499.449680876992</x><y>78.6170793973039</y><text>type</text><tag>{&quot;author&quot;:&quot;gsanson&quot;,&quot;privacy&quot;:&quot;public&quot;,&quot;id&quot;:&quot;gsanson:4/02/2010 8:25:09 AM&quot;}</tag><style>Normal</style><family>Arial</family><weight>Normal</weight><size>36</size><decoration>None</decoration><author>gsanson</author><identity>gsanson:4/02/2010 8:25:09 AM</identity><target>presentationSpace</target><privacy>public</privacy><slide>442408</slide><color>#FF000000</color></textbox></message><message xml:lang='en' to='442408@conference.reifier.adm.monash.edu.au' from='gsanson@reifier.adm.monash.edu.au' type='groupchat' time='1265232410614'><textbox xmlns='monash:metl'><height>119.864283890471</height><width>150.529842566281</width><caret>0</caret><x>499.449680876992</x><y>78.6170793973039</y><text>type</text><tag>{&quot;author&quot;:&quot;gsanson&quot;,&quot;privacy&quot;:&quot;public&quot;,&quot;id&quot;:&quot;gsanson:4/02/2010 8:25:09 AM&quot;}</tag><style>Normal</style><family>Arial</family><weight>Normal</weight><size>36</size><decoration>None</decoration><author>gsanson</author><identity>gsanson:4/02/2010 8:25:09 AM</identity><target>presentationSpace</target><privacy>public</privacy><slide>442408</slide><color>#FF000000</color></textbox></message><message xml:lang='en' to='442408@conference.reifier.adm.monash.edu.au' from='gsanson@reifier.adm.monash.edu.au' type='groupchat' time='1265232411215'><textbox xmlns='monash:metl'><height>119.864283890471</height><width>150.529842566281</width><caret>0</caret><x>499.449680876992</x><y>78.6170793973039</y><text>type</text><tag>{&quot;author&quot;:&quot;gsanson&quot;,&quot;privacy&quot;:&quot;public&quot;,&quot;id&quot;:&quot;gsanson:4/02/2010 8:25:09 AM&quot;}</tag><style>Normal</style><family>Arial</family><weight>Normal</weight><size>32</size><decoration>None</decoration><author>gsanson</author><identity>gsanson:4/02/2010 8:25:09 AM</identity><target>presentationSpace</target><privacy>public</privacy><slide>442408</slide><color>#FF000000</color></textbox></message><message xml:lang='en' to='442408@conference.reifier.adm.monash.edu.au' from='gsanson@reifier.adm.monash.edu.au' type='groupchat' time='1265232411221'><textbox xmlns='monash:metl'><height>119.864283890471</height><width>150.529842566281</width><caret>0</caret><x>499.449680876992</x><y>78.6170793973039</y><text>type</text><tag>{&quot;author&quot;:&quot;gsanson&quot;,&quot;privacy&quot;:&quot;public&quot;,&quot;id&quot;:&quot;gsanson:4/02/2010 8:25:09 AM&quot;}</tag><style>Normal</style><family>Arial</family><weight>Normal</weight><size>32</size><decoration>None</decoration><author>gsanson</author><identity>gsanson:4/02/2010 8:25:09 AM</identity><target>presentationSpace</target><privacy>public</privacy><slide>442408</slide><color>#FF000000</color></textbox></message><message xml:lang='en' to='442408@conference.reifier.adm.monash.edu.au' from='gsanson@reifier.adm.monash.edu.au' type='groupchat' time='1265232411356'><textbox xmlns='monash:metl'><height>119.864283890471</height><width>150.529842566281</width><caret>0</caret><x>499.449680876992</x><y>78.6170793973039</y><text>type</text><tag>{&quot;author&quot;:&quot;gsanson&quot;,&quot;privacy&quot;:&quot;public&quot;,&quot;id&quot;:&quot;gsanson:4/02/2010 8:25:09 AM&quot;}</tag><style>Normal</style><family>Arial</family><weight>Normal</weight><size>28</size><decoration>None</decoration><author>gsanson</author><identity>gsanson:4/02/2010 8:25:09 AM</identity><target>presentationSpace</target><privacy>public</privacy><slide>442408</slide><color>#FF000000</color></textbox></message><message xml:lang='en' to='442408@conference.reifier.adm.monash.edu.au' from='gsanson@reifier.adm.monash.edu.au' type='groupchat' time='1265232411359'><textbox xmlns='monash:metl'><height>119.864283890471</height><width>150.529842566281</width><caret>0</caret><x>499.449680876992</x><y>78.6170793973039</y><text>type</text><tag>{&quot;author&quot;:&quot;gsanson&quot;,&quot;privacy&quot;:&quot;public&quot;,&quot;id&quot;:&quot;gsanson:4/02/2010 8:25:09 AM&quot;}</tag><style>Normal</style><family>Arial</family><weight>Normal</weight><size>28</size><decoration>None</decoration><author>gsanson</author><identity>gsanson:4/02/2010 8:25:09 AM</identity><target>presentationSpace</target><privacy>public</privacy><slide>442408</slide><color>#FF000000</color></textbox></message><message xml:lang='en' to='442408@conference.reifier.adm.monash.edu.au' from='gsanson@reifier.adm.monash.edu.au' type='groupchat' time='1265232411602'><textbox xmlns='monash:metl'><height>119.864283890471</height><width>150.529842566281</width><caret>0</caret><x>499.449680876992</x><y>78.6170793973039</y><text>type</text><tag>{&quot;author&quot;:&quot;gsanson&quot;,&quot;privacy&quot;:&quot;public&quot;,&quot;id&quot;:&quot;gsanson:4/02/2010 8:25:09 AM&quot;}</tag><style>Normal</style><family>Arial</family><weight>Normal</weight><size>24</size><decoration>None</decoration><author>gsanson</author><identity>gsanson:4/02/2010 8:25:09 AM</identity><target>presentationSpace</target><privacy>public</privacy><slide>442408</slide><color>#FF000000</color></textbox></message><message xml:lang='en' to='442408@conference.reifier.adm.monash.edu.au' from='gsanson@reifier.adm.monash.edu.au' type='groupchat' time='1265232411609'><textbox xmlns='monash:metl'><height>119.864283890471</height><width>150.529842566281</width><caret>0</caret><x>499.449680876992</x><y>78.6170793973039</y><text>type</text><tag>{&quot;author&quot;:&quot;gsanson&quot;,&quot;privacy&quot;:&quot;public&quot;,&quot;id&quot;:&quot;gsanson:4/02/2010 8:25:09 AM&quot;}</tag><style>Normal</style><family>Arial</family><weight>Normal</weight><size>24</size><decoration>None</decoration><author>gsanson</author><identity>gsanson:4/02/2010 8:25:09 AM</identity><target>presentationSpace</target><privacy>public</privacy><slide>442408</slide><color>#FF000000</color></textbox></message><message xml:lang='en' to='442408@conference.reifier.adm.monash.edu.au' from='gsanson@reifier.adm.monash.edu.au' type='groupchat' time='1265232411778'><textbox xmlns='monash:metl'><height>119.864283890471</height><width>150.529842566281</width><caret>0</caret><x>499.449680876992</x><y>78.6170793973039</y><text>type</text><tag>{&quot;author&quot;:&quot;gsanson&quot;,&quot;privacy&quot;:&quot;public&quot;,&quot;id&quot;:&quot;gsanson:4/02/2010 8:25:09 AM&quot;}</tag><style>Normal</style><family>Arial</family><weight>Normal</weight><size>20</size><decoration>None</decoration><author>gsanson</author><identity>gsanson:4/02/2010 8:25:09 AM</identity><target>presentationSpace</target><privacy>public</privacy><slide>442408</slide><color>#FF000000</color></textbox></message><message xml:lang='en' to='442408@conference.reifier.adm.monash.edu.au' from='gsanson@reifier.adm.monash.edu.au' type='groupchat' time='1265232411787'><textbox xmlns='monash:metl'><height>119.864283890471</height><width>150.529842566281</width><caret>0</caret><x>499.449680876992</x><y>78.6170793973039</y><text>type</text><tag>{&quot;author&quot;:&quot;gsanson&quot;,&quot;privacy&quot;:&quot;public&quot;,&quot;id&quot;:&quot;gsanson:4/02/2010 8:25:09 AM&quot;}</tag><style>Normal</style><family>Arial</family><weight>Normal</weight><size>20</size><decoration>None</decoration><author>gsanson</author><identity>gsanson:4/02/2010 8:25:09 AM</identity><target>presentationSpace</target><privacy>public</privacy><slide>442408</slide><color>#FF000000</color></textbox></message><message xml:lang='en' to='442408@conference.reifier.adm.monash.edu.au' from='gsanson@reifier.adm.monash.edu.au' type='groupchat' time='1265232411954'><textbox xmlns='monash:metl'><height>119.864283890471</height><width>150.529842566281</width><caret>0</caret><x>499.449680876992</x><y>78.6170793973039</y><text>type</text><tag>{&quot;author&quot;:&quot;gsanson&quot;,&quot;privacy&quot;:&quot;public&quot;,&quot;id&quot;:&quot;gsanson:4/02/2010 8:25:09 AM&quot;}</tag><style>Normal</style><family>Arial</family><weight>Normal</weight><size>18</size><decoration>None</decoration><author>gsanson</author><identity>gsanson:4/02/2010 8:25:09 AM</identity><target>presentationSpace</target><privacy>public</privacy><slide>442408</slide><color>#FF000000</color></textbox></message><message xml:lang='en' to='442408@conference.reifier.adm.monash.edu.au' from='gsanson@reifier.adm.monash.edu.au' type='groupchat' time='1265232411957'><textbox xmlns='monash:metl'><height>119.864283890471</height><width>150.529842566281</width><caret>0</caret><x>499.449680876992</x><y>78.6170793973039</y><text>type</text><tag>{&quot;author&quot;:&quot;gsanson&quot;,&quot;privacy&quot;:&quot;public&quot;,&quot;id&quot;:&quot;gsanson:4/02/2010 8:25:09 AM&quot;}</tag><style>Normal</style><family>Arial</family><weight>Normal</weight><size>18</size><decoration>None</decoration><author>gsanson</author><identity>gsanson:4/02/2010 8:25:09 AM</identity><target>presentationSpace</target><privacy>public</privacy><slide>442408</slide><color>#FF000000</color></textbox></message><message xml:lang='en' to='442408@conference.reifier.adm.monash.edu.au' from='gsanson@reifier.adm.monash.edu.au' type='groupchat' time='1265232413869'><textbox xmlns='monash:metl'><height>119.864283890471</height><width>150.529842566281</width><caret>0</caret><x>499.449680876992</x><y>78.6170793973039</y><text>type</text><tag>{&quot;author&quot;:&quot;gsanson&quot;,&quot;privacy&quot;:&quot;public&quot;,&quot;id&quot;:&quot;gsanson:4/02/2010 8:25:09 AM&quot;}</tag><style>Normal</style><family>Arial</family><weight>Normal</weight><size>96</size><decoration>None</decoration><author>gsanson</author><identity>gsanson:4/02/2010 8:25:09 AM</identity><target>presentationSpace</target><privacy>public</privacy><slide>442408</slide><color>#FF000000</color></textbox></message><message xml:lang='en' to='442408@conference.reifier.adm.monash.edu.au' from='gsanson@reifier.adm.monash.edu.au' type='groupchat' time='1265232417364'><dirtyText xmlns='monash:metl'><author>gsanson</author><slide>442408</slide><target>presentationSpace</target><privacy>public</privacy><identity>gsanson:4/02/2010 8:25:09 AM</identity></dirtyText></message><message xml:lang='en' to='442408@conference.reifier.adm.monash.edu.au' from='gsanson@reifier.adm.monash.edu.au' type='groupchat' time='1265232417367'><textbox xmlns='monash:metl'><height>213.89647689509</height><width>322.408359287839</width><caret>0</caret><x>499.449680876992</x><y>78.6170793973039</y><text>type</text><tag>{&quot;author&quot;:&quot;gsanson&quot;,&quot;privacy&quot;:&quot;public&quot;,&quot;id&quot;:&quot;gsanson:4/02/2010 8:25:09 AM&quot;}</tag><style>Normal</style><family>Arial</family><weight>Normal</weight><size>96</size><decoration>None</decoration><author>gsanson</author><identity>gsanson:4/02/2010 8:25:09 AM</identity><target>presentationSpace</target><privacy>public</privacy><slide>442408</slide><color>#FF000000</color></textbox></message><message xml:lang='en' to='442408@conference.reifier.adm.monash.edu.au' from='gsanson@reifier.adm.monash.edu.au' type='groupchat' time='1265232429438'><textbox xmlns='monash:metl'><height>213.89647689509</height><width>322.408359287839</width><caret>0</caret><x>499.449680876992</x><y>78.6170793973039</y><text>type</text><tag>{&quot;author&quot;:&quot;gsanson&quot;,&quot;privacy&quot;:&quot;public&quot;,&quot;id&quot;:&quot;gsanson:4/02/2010 8:25:09 AM&quot;}</tag><style>Italic</style><family>Arial</family><weight>Normal</weight><size>96</size><decoration>None</decoration><author>gsanson</author><identity>gsanson:4/02/2010 8:25:09 AM</identity><target>presentationSpace</target><privacy>public</privacy><slide>442408</slide><color>#FF000000</color></textbox></message><message xml:lang='en' to='442408@conference.reifier.adm.monash.edu.au' from='gsanson@reifier.adm.monash.edu.au' type='groupchat' time='1265232430760'><textbox xmlns='monash:metl'><height>213.89647689509</height><width>322.408359287839</width><caret>0</caret><x>499.449680876992</x><y>78.6170793973039</y><text>type</text><tag>{&quot;author&quot;:&quot;gsanson&quot;,&quot;privacy&quot;:&quot;public&quot;,&quot;id&quot;:&quot;gsanson:4/02/2010 8:25:09 AM&quot;}</tag><style>Italic</style><family>Arial</family><weight>Normal</weight><size>96</size><decoration>Underline</decoration><author>gsanson</author><identity>gsanson:4/02/2010 8:25:09 AM</identity><target>presentationSpace</target><privacy>public</privacy><slide>442408</slide><color>#FF000000</color></textbox></message><message xml:lang='en' to='442408@conference.reifier.adm.monash.edu.au' from='gsanson@reifier.adm.monash.edu.au' type='groupchat' time='1265232444350'><textbox xmlns='monash:metl'><height>213.89647689509</height><width>322.408359287839</width><caret>6</caret><x>499.449680876992</x><y>78.6170793973039</y><text>tyyioype</text><tag>{&quot;author&quot;:&quot;gsanson&quot;,&quot;privacy&quot;:&quot;public&quot;,&quot;id&quot;:&quot;gsanson:4/02/2010 8:25:09 AM&quot;}</tag><style>Italic</style><family>Arial</family><weight>Normal</weight><size>96</size><decoration>Underline</decoration><author>gsanson</author><identity>gsanson:4/02/2010 8:25:09 AM</identity><target>presentationSpace</target><privacy>public</privacy><slide>442408</slide><color>#FF000000</color></textbox></message><message xml:lang='en' to='442408@conference.reifier.adm.monash.edu.au' from='gsanson@reifier.adm.monash.edu.au' type='groupchat' time='1265232447736'><textbox xmlns='monash:metl'><height>213.89647689509</height><width>322.408359287839</width><caret>4</caret><x>499.449680876992</x><y>78.6170793973039</y><text>tykhyioype</text><tag>{&quot;author&quot;:&quot;gsanson&quot;,&quot;privacy&quot;:&quot;public&quot;,&quot;id&quot;:&quot;gsanson:4/02/2010 8:25:09 AM&quot;}</tag><style>Italic</style><family>Arial</family><weight>Normal</weight><size>96</size><decoration>Underline</decoration><author>gsanson</author><identity>gsanson:4/02/2010 8:25:09 AM</identity><target>presentationSpace</target><privacy>public</privacy><slide>442408</slide><color>#FF000000</color></textbox></message><message xml:lang='en' to='442408@conference.reifier.adm.monash.edu.au' from='gsanson@reifier.adm.monash.edu.au' type='groupchat' time='1265232449604'><textbox xmlns='monash:metl'><height>NaN</height><width>NaN</width><caret>2</caret><x>220.436124584599</x><y>151.068113351683</y><text>hg</text><tag>{&quot;author&quot;:&quot;gsanson&quot;,&quot;privacy&quot;:&quot;public&quot;,&quot;id&quot;:&quot;gsanson:4/02/2010 8:27:10 AM&quot;}</tag><style>Normal</style><family>Arial</family><weight>Normal</weight><size>96</size><decoration>None</decoration><author>gsanson</author><identity>gsanson:4/02/2010 8:27:10 AM</identity><target>presentationSpace</target><privacy>public</privacy><slide>442408</slide><color>#FF000000</color></textbox></message><message xml:lang='en' to='442408@conference.reifier.adm.monash.edu.au' from='gsanson@reifier.adm.monash.edu.au' type='groupchat' time='1265232478493'><image xmlns='monash:metl'><tag>{&quot;author&quot;:&quot;gsanson&quot;,&quot;privacy&quot;:&quot;public&quot;,&quot;id&quot;:&quot;gsanson:4/02/2010 8:27:40 AM:0&quot;,&quot;isBackground&quot;:false,&quot;zIndex&quot;:-1}</tag><source>/Resource/442408/Desert.jpg</source><width>1024</width><height>768</height><x>0</x><y>0</y><author>gsanson</author><target>presentationSpace</target><privacy>public</privacy><slide>442408</slide><identity>gsanson:4/02/2010 8:27:40 AM:0</identity></image></message><message xml:lang='en' to='442408@conference.reifier.adm.monash.edu.au' from='gsanson@reifier.adm.monash.edu.au' type='groupchat' time='1265232496585'><dirtyImage xmlns='monash:metl'><author>gsanson</author><slide>442408</slide><target>presentationSpace</target><privacy>public</privacy><identity>gsanson:4/02/2010 8:27:40 AM:0</identity></dirtyImage></message><message xml:lang='en' to='442408@conference.reifier.adm.monash.edu.au' from='gsanson@reifier.adm.monash.edu.au' type='groupchat' time='1265232496587'><image xmlns='monash:metl'><tag>{&quot;author&quot;:&quot;gsanson&quot;,&quot;privacy&quot;:&quot;public&quot;,&quot;id&quot;:&quot;gsanson:4/02/2010 8:27:40 AM:0&quot;,&quot;isBackground&quot;:false,&quot;zIndex&quot;:-1}</tag><source>/Resource/442408/Desert.jpg</source><width>289.17485217493</width><height>173.371755378398</height><x>-1.4119865828854</x><y>-1.12872236574478</y><author>gsanson</author><target>presentationSpace</target><privacy>public</privacy><slide>442408</slide><identity>gsanson:4/02/2010 8:27:40 AM:0</identity></image></message><message xml:lang='en' to='442408@conference.reifier.adm.monash.edu.au' from='gsanson@reifier.adm.monash.edu.au' type='groupchat' time='1265232504681'><dirtyImage xmlns='monash:metl'><author>gsanson</author><slide>442408</slide><target>presentationSpace</target><privacy>public</privacy><identity>gsanson:4/02/2010 8:27:40 AM:0</identity></dirtyImage></message><message xml:lang='en' to='442408@conference.reifier.adm.monash.edu.au' from='gsanson@reifier.adm.monash.edu.au' type='groupchat' time='1265232504686'><image xmlns='monash:metl'><tag>{&quot;author&quot;:&quot;gsanson&quot;,&quot;privacy&quot;:&quot;public&quot;,&quot;id&quot;:&quot;gsanson:4/02/2010 8:27:40 AM:0&quot;,&quot;isBackground&quot;:false,&quot;zIndex&quot;:-1}</tag><source>/Resource/442408/Desert.jpg</source><width>289.17485217493</width><height>173.371755378398</height><x>32.2630211973814</x><y>478.920333545101</y><author>gsanson</author><target>presentationSpace</target><privacy>public</privacy><slide>442408</slide><identity>gsanson:4/02/2010 8:27:40 AM:0</identity></image></message><message xml:lang='en' to='442408@conference.reifier.adm.monash.edu.au' from='gsanson@reifier.adm.monash.edu.au' type='groupchat' time='1265232565308'><ink xmlns='monash:metl'><checksum>1516.1</checksum><points>224.1 535 127 222 535 127</points><color>255 0 0 255</color><thickness>2</thickness><highlight>False</highlight><author>gsanson</author><target>presentationSpace</target><privacy>public</privacy><slide>442408</slide></ink></message><message xml:lang='en' to='442408@conference.reifier.adm.monash.edu.au' from='gsanson@reifier.adm.monash.edu.au' type='groupchat' time='1265232573978'><dirtyImage xmlns='monash:metl'><author>gsanson</author><slide>442408</slide><target>presentationSpace</target><privacy>public</privacy><identity>gsanson:4/02/2010 8:27:40 AM:0</identity></dirtyImage></message><message xml:lang='en' to='442408@conference.reifier.adm.monash.edu.au' from='gsanson@reifier.adm.monash.edu.au' type='groupchat' time='1265232573980'><image xmlns='monash:metl'><tag>{&quot;author&quot;:&quot;gsanson&quot;,&quot;privacy&quot;:&quot;public&quot;,&quot;id&quot;:&quot;gsanson:4/02/2010 8:27:40 AM:0&quot;,&quot;isBackground&quot;:false,&quot;zIndex&quot;:-1}</tag><source>/Resource/442408/Desert.jpg</source><width>289.17485217493</width><height>173.371755378398</height><x>543.214697491587</x><y>250.834670229369</y><author>gsanson</author><target>presentationSpace</target><privacy>public</privacy><slide>442408</slide><identity>gsanson:4/02/2010 8:27:40 AM:0</identity></image></message><message xml:lang='en' to='442408@conference.reifier.adm.monash.edu.au' from='gsanson@reifier.adm.monash.edu.au' type='groupchat' time='1265232584655'><dirtyImage xmlns='monash:metl'><author>gsanson</author><slide>442408</slide><target>presentationSpace</target><privacy>public</privacy><identity>gsanson:4/02/2010 8:27:40 AM:0</identity></dirtyImage></message><message xml:lang='en' to='442408@conference.reifier.adm.monash.edu.au' from='gsanson@reifier.adm.monash.edu.au' type='groupchat' time='1265232625632'><ink xmlns='monash:metl'><checksum>3097.1</checksum><points>132 179.6 127 168.9 163.5 127 177.4 162.6 127 188.8 157.9 127 196.3 154.1 127 201.1 151.3 127 202.9 152.2 127 203.9 152.2 127 201.1 151.3 127</points><color>0 0 0 255</color><thickness>1</thickness><highlight>False</highlight><author>gsanson</author><target>presentationSpace</target><privacy>public</privacy><slide>442408</slide></ink></message><message xml:lang='en' to='442408@conference.reifier.adm.monash.edu.au' from='gsanson@reifier.adm.monash.edu.au' type='groupchat' time='1265232632566'><ink xmlns='monash:metl'><checksum>2862.6</checksum><points>147.2 126.7 127 179.3 117.2 127 185.9 119.1 127 193.5 121.9 127 204.8 121.9 127 214.3 120.1 127 219 118.2 127 221.9 117.2 127 214.3 120.1 127</points><color>0 0 0 255</color><thickness>1</thickness><highlight>False</highlight><author>gsanson</author><target>presentationSpace</target><privacy>public</privacy><slide>442408</slide></ink></message>