<conversation><title>ppt test for reasl</title><author>sajames</author><created>26/07/2010 9:45:53 AM</created><tag>ppt</tag><subject>sajames</subject><jid>1116400</jid><permissions><studentCanPublish>false</studentCanPublish><studentCanOpenFriends>false</studentCanOpenFriends><usersAreCompulsorilySynced>true</usersAreCompulsorilySynced></permissions><slide><author>sajames</author><id>1116401</id><index>0</index><type>SLIDE</type></slide><slide><author>sajames</author><id>1116402</id><index>1</index><type>SLIDE</type></slide><slide><author>sajames</author><id>1116403</id><index>2</index><type>SLIDE</type></slide><slide><author>sajames</author><id>1116404</id><index>3</index><type>SLIDE</type></slide><slide><author>sajames</author><id>1116405</id><index>4</index><type>SLIDE</type></slide><slide><author>sajames</author><id>1116406</id><index>5</index><type>SLIDE</type></slide><slide><author>sajames</author><id>1116407</id><index>6</index><type>SLIDE</type></slide><slide><author>sajames</author><id>1116408</id><index>7</index><type>SLIDE</type></slide><slide><author>sajames</author><id>1116409</id><index>8</index><type>SLIDE</type></slide><slide><author>sajames</author><id>1116410</id><index>9</index><type>SLIDE</type></slide><slide><author>sajames</author><id>1116411</id><index>10</index><type>SLIDE</type></slide><slide><author>sajames</author><id>1116412</id><index>11</index><type>SLIDE</type></slide><slide><author>sajames</author><id>1116413</id><index>12</index><type>SLIDE</type></slide><slide><author>sajames</author><id>1116414</id><index>13</index><type>SLIDE</type></slide><slide><author>sajames</author><id>1116415</id><index>14</index><type>SLIDE</type></slide><slide><author>sajames</author><id>1116436</id><index>15</index><type>SLIDE</type></slide><slide><author>sajames</author><id>1116416</id><index>16</index><type>SLIDE</type></slide><slide><author>sajames</author><id>1116417</id><index>17</index><type>SLIDE</type></slide><slide><author>sajames</author><id>1116418</id><index>18</index><type>SLIDE</type></slide><slide><author>sajames</author><id>1116419</id><index>19</index><type>SLIDE</type></slide><slide><author>sajames</author><id>1116420</id><index>20</index><type>SLIDE</type></slide><slide><author>sajames</author><id>1116421</id><index>21</index><type>SLIDE</type></slide><slide><author>sajames</author><id>1116422</id><index>22</index><type>SLIDE</type></slide><slide><author>sajames</author><id>1116423</id><index>23</index><type>SLIDE</type></slide><slide><author>sajames</author><id>1116424</id><index>24</index><type>SLIDE</type></slide><slide><author>sajames</author><id>1116425</id><index>25</index><type>SLIDE</type></slide><slide><author>sajames</author><id>1116426</id><index>26</index><type>SLIDE</type></slide><slide><author>sajames</author><id>1116427</id><index>27</index><type>SLIDE</type></slide><slide><author>sajames</author><id>1116428</id><index>28</index><type>SLIDE</type></slide><slide><author>sajames</author><id>1116429</id><index>29</index><type>SLIDE</type></slide><slide><author>sajames</author><id>1116430</id><index>30</index><type>SLIDE</type></slide><slide><author>sajames</author><id>1116431</id><index>31</index><type>SLIDE</type></slide><slide><author>sajames</author><id>1116432</id><index>32</index><type>SLIDE</type></slide><slide><author>sajames</author><id>1116433</id><index>33</index><type>SLIDE</type></slide><slide><author>sajames</author><id>1116434</id><index>34</index><type>SLIDE</type></slide><slide><author>sajames</author><id>1116435</id><index>35</index><type>SLIDE</type></slide></conversation>