<conversation><title>robits2k712</title><author>hagand</author><created>12/07/2010 5:25:27 PM</created><tag></tag><subject>Unrestricted</subject><jid>70000</jid><permissions><studentCanPublish>false</studentCanPublish><studentCanOpenFriends>false</studentCanOpenFriends><usersAreCompulsorilySynced>true</usersAreCompulsorilySynced></permissions><slide><author>hagand</author><id>70001</id><index>0</index><type>SLIDE</type></slide><slide><author>hagand</author><id>70002</id><index>1</index><type>SLIDE</type></slide><slide><author>hagand</author><id>70003</id><index>2</index><type>SLIDE</type></slide></conversation>