<conversation><title>robits2k711</title><author>hagand</author><created>12/07/2010 5:20:22 PM</created><tag></tag><subject>Unrestricted</subject><jid>69800</jid><permissions><studentCanPublish>false</studentCanPublish><studentCanOpenFriends>false</studentCanOpenFriends><usersAreCompulsorilySynced>true</usersAreCompulsorilySynced></permissions><slide><author>hagand</author><id>69801</id><index>0</index><type>SLIDE</type></slide><slide><author>hagand</author><id>69802</id><index>1</index><type>SLIDE</type></slide><slide><author>hagand</author><id>69803</id><index>2</index><type>SLIDE</type></slide></conversation>