<conversation><title>Learning by numbers: Monash MeTL</title><author>kfranke</author><created>8/10/2010 5:33:54 PM</created><tag></tag><subject>eEducation Centre</subject><jid>1410400</jid><permissions><studentCanPublish>false</studentCanPublish><studentCanOpenFriends>false</studentCanOpenFriends><usersAreCompulsorilySynced>true</usersAreCompulsorilySynced></permissions><slide><author>kfranke</author><id>1410401</id><index>0</index><type>SLIDE</type></slide><slide><author>kfranke</author><id>1410402</id><index>1</index><type>SLIDE</type></slide><slide><author>kfranke</author><id>1410403</id><index>2</index><type>SLIDE</type></slide><slide><author>kfranke</author><id>1410404</id><index>3</index><type>SLIDE</type></slide></conversation>