<conversation><title>BEH2022 W2 2010 Shock</title><author>wlord</author><created>29/07/2010 12:43:16 PM</created><tag></tag><subject>Unrestricted</subject><jid>1138400</jid><permissions><studentCanPublish>false</studentCanPublish><studentCanOpenFriends>false</studentCanOpenFriends><usersAreCompulsorilySynced>true</usersAreCompulsorilySynced></permissions><slide><author>wlord</author><id>1138401</id><index>0</index><type>SLIDE</type></slide><slide><author>wlord</author><id>1138402</id><index>1</index><type>SLIDE</type></slide><slide><author>wlord</author><id>1138403</id><index>2</index><type>SLIDE</type></slide><slide><author>wlord</author><id>1138404</id><index>3</index><type>SLIDE</type></slide><slide><author>wlord</author><id>1138423</id><index>4</index><type>SLIDE</type></slide><slide><author>wlord</author><id>1138405</id><index>5</index><type>SLIDE</type></slide><slide><author>wlord</author><id>1138406</id><index>6</index><type>SLIDE</type></slide><slide><author>wlord</author><id>1138407</id><index>7</index><type>SLIDE</type></slide><slide><author>wlord</author><id>1138408</id><index>8</index><type>SLIDE</type></slide><slide><author>wlord</author><id>1138409</id><index>9</index><type>SLIDE</type></slide><slide><author>wlord</author><id>1138410</id><index>10</index><type>SLIDE</type></slide><slide><author>wlord</author><id>1138411</id><index>11</index><type>SLIDE</type></slide><slide><author>wlord</author><id>1138412</id><index>12</index><type>SLIDE</type></slide><slide><author>wlord</author><id>1138413</id><index>13</index><type>SLIDE</type></slide><slide><author>wlord</author><id>1138414</id><index>14</index><type>SLIDE</type></slide><slide><author>wlord</author><id>1138415</id><index>15</index><type>SLIDE</type></slide><slide><author>wlord</author><id>1138416</id><index>16</index><type>SLIDE</type></slide><slide><author>wlord</author><id>1138417</id><index>17</index><type>SLIDE</type></slide><slide><author>wlord</author><id>1138418</id><index>18</index><type>SLIDE</type></slide><slide><author>wlord</author><id>1138419</id><index>19</index><type>SLIDE</type></slide><slide><author>wlord</author><id>1138420</id><index>20</index><type>SLIDE</type></slide><slide><author>wlord</author><id>1138421</id><index>21</index><type>SLIDE</type></slide><slide><author>wlord</author><id>1138422</id><index>22</index><type>SLIDE</type></slide></conversation>