<conversation><title>001ETC</title><author>gsanson</author><created>20/04/2010 1:06:48 PM</created><tag></tag><subject>Unrestricted</subject><jid>922400</jid><permissions><studentCanPublish>true</studentCanPublish><studentCanOpenFriends>true</studentCanOpenFriends><usersAreCompulsorilySynced>false</usersAreCompulsorilySynced></permissions><slide><author>gsanson</author><id>922401</id><index>0</index><type>SLIDE</type></slide><slide><author>gsanson</author><id>922413</id><index>1</index><type>SLIDE</type></slide><slide><author>gsanson</author><id>922412</id><index>2</index><type>SLIDE</type></slide><slide><author>gsanson</author><id>922408</id><index>3</index><type>SLIDE</type></slide><slide><author>gsanson</author><id>922410</id><index>4</index><type>SLIDE</type></slide><slide><author>gsanson</author><id>922411</id><index>5</index><type>SLIDE</type></slide><slide><author>gsanson</author><id>922409</id><index>6</index><type>SLIDE</type></slide><slide><author>gsanson</author><id>922404</id><index>7</index><type>SLIDE</type></slide><slide><author>gsanson</author><id>922405</id><index>8</index><type>SLIDE</type></slide><slide><author>gsanson</author><id>922406</id><index>9</index><type>SLIDE</type></slide><slide><author>gsanson</author><id>922402</id><index>10</index><type>SLIDE</type></slide><slide><author>gsanson</author><id>922403</id><index>11</index><type>SLIDE</type></slide><slide><author>gsanson</author><id>922407</id><index>12</index><type>SLIDE</type></slide></conversation>