<conversation><title>nmgre2 25/3/2010</title><author>nmgre2</author><created>25/03/2010 2:39:33 PM</created><tag></tag><subject>Unrestricted</subject><jid>824400</jid><permissions><studentCanPublish>true</studentCanPublish><studentCanOpenFriends>true</studentCanOpenFriends><usersAreCompulsorilySynced>false</usersAreCompulsorilySynced></permissions><slide><author>nmgre2</author><id>824401</id><index>0</index><type>SLIDE</type></slide><slide><author>nmgre2</author><id>824402</id><index>1</index><type>SLIDE</type></slide><slide><author>nmgre2</author><id>824407</id><index>2</index><type>SLIDE</type></slide><slide><author>nmgre2</author><id>824403</id><index>3</index><type>SLIDE</type></slide><slide><author>nmgre2</author><id>824404</id><index>4</index><type>SLIDE</type></slide><slide><author>nmgre2</author><id>824405</id><index>5</index><type>SLIDE</type></slide><slide><author>nmgre2</author><id>824406</id><index>6</index><type>SLIDE</type></slide><slide><author>nmgre2</author><id>824408</id><index>7</index><type>SLIDE</type></slide><slide><author>nmgre2</author><id>824410</id><index>8</index><type>SLIDE</type></slide><slide><author>nmgre2</author><id>824409</id><index>9</index><type>SLIDE</type></slide><slide><author>nmgre2</author><id>824411</id><index>10</index><type>SLIDE</type></slide></conversation>