<conversation><title>2k3ssslide</title><author>rossr</author><created>13/07/2010 9:32:48 AM</created><tag></tag><subject>Unrestricted</subject><jid>76600</jid><permissions><studentCanPublish>false</studentCanPublish><studentCanOpenFriends>false</studentCanOpenFriends><usersAreCompulsorilySynced>true</usersAreCompulsorilySynced></permissions><slide><author>rossr</author><id>76601</id><index>0</index><type>SLIDE</type></slide><slide><author>rossr</author><id>76602</id><index>1</index><type>SLIDE</type></slide><slide><author>rossr</author><id>76603</id><index>2</index><type>SLIDE</type></slide></conversation>