<conversation><title>ben's conversation from first steps, Feb 1.</title><author>bhughes</author><created>1/02/2010 10:11:07 AM</created><tag></tag><subject>Unrestricted</subject><jid>430400</jid><permissions><studentCanPublish>false</studentCanPublish><studentCanOpenFriends>false</studentCanOpenFriends><usersAreCompulsorilySynced>true</usersAreCompulsorilySynced></permissions><slide><author>bhughes</author><id>430401</id><index>0</index><type>SLIDE</type></slide><slide><author>bhughes</author><id>430402</id><index>1</index><type>SLIDE</type></slide><slide><author>bhughes</author><id>430405</id><index>2</index><type>SLIDE</type></slide><slide><author>bhughes</author><id>430403</id><index>3</index><type>SLIDE</type></slide><slide><author>bhughes</author><id>430404</id><index>4</index><type>SLIDE</type></slide></conversation>