<conversation><title>MeTL demo 22 April</title><author>wmck</author><created>22/04/2010 9:29:19 AM</created><tag>wmck</tag><subject>Unrestricted</subject><jid>926400</jid><permissions><studentCanPublish>true</studentCanPublish><studentCanOpenFriends>true</studentCanOpenFriends><usersAreCompulsorilySynced>false</usersAreCompulsorilySynced></permissions><slide><author>wmck</author><id>926401</id><index>0</index><type>SLIDE</type></slide><slide><author>wmck</author><id>926410</id><index>1</index><type>SLIDE</type></slide><slide><author>wmck</author><id>926402</id><index>2</index><type>SLIDE</type></slide><slide><author>wmck</author><id>926403</id><index>3</index><type>SLIDE</type></slide><slide><author>wmck</author><id>926404</id><index>4</index><type>SLIDE</type></slide><slide><author>wmck</author><id>926405</id><index>5</index><type>SLIDE</type></slide><slide><author>wmck</author><id>926406</id><index>6</index><type>SLIDE</type></slide><slide><author>wmck</author><id>926407</id><index>7</index><type>SLIDE</type></slide><slide><author>wmck</author><id>926408</id><index>8</index><type>SLIDE</type></slide><slide><author>wmck</author><id>926409</id><index>9</index><type>SLIDE</type></slide></conversation>