<conversation><title>LT my powerpoint HSC</title><author>laviniat</author><created>7/07/2010 11:09:27 AM</created><tag></tag><subject>Unrestricted</subject><jid>1034400</jid><permissions><studentCanPublish>false</studentCanPublish><studentCanOpenFriends>false</studentCanOpenFriends><usersAreCompulsorilySynced>true</usersAreCompulsorilySynced></permissions><slide><author>laviniat</author><id>1034401</id><index>0</index><type>SLIDE</type></slide><slide><author>laviniat</author><id>1034402</id><index>1</index><type>SLIDE</type></slide><slide><author>laviniat</author><id>1034403</id><index>2</index><type>SLIDE</type></slide><slide><author>laviniat</author><id>1034404</id><index>3</index><type>SLIDE</type></slide><slide><author>laviniat</author><id>1034405</id><index>4</index><type>SLIDE</type></slide><slide><author>laviniat</author><id>1034406</id><index>5</index><type>SLIDE</type></slide><slide><author>laviniat</author><id>1034407</id><index>6</index><type>SLIDE</type></slide><slide><author>laviniat</author><id>1034408</id><index>7</index><type>SLIDE</type></slide><slide><author>laviniat</author><id>1034418</id><index>8</index><type>POLL</type></slide><slide><author>laviniat</author><id>1034409</id><index>9</index><type>SLIDE</type></slide><slide><author>laviniat</author><id>1034410</id><index>10</index><type>SLIDE</type></slide><slide><author>laviniat</author><id>1034411</id><index>11</index><type>SLIDE</type></slide><slide><author>laviniat</author><id>1034412</id><index>12</index><type>SLIDE</type></slide><slide><author>laviniat</author><id>1034413</id><index>13</index><type>SLIDE</type></slide><slide><author>laviniat</author><id>1034414</id><index>14</index><type>SLIDE</type></slide><slide><author>laviniat</author><id>1034415</id><index>15</index><type>SLIDE</type></slide><slide><author>laviniat</author><id>1034416</id><index>16</index><type>SLIDE</type></slide><slide><author>laviniat</author><id>1034417</id><index>17</index><type>SLIDE</type></slide></conversation>