<logCollection date='{2010,8,24}'><message xml:lang='en' to='1242400@conference.deified.adm.monash.edu.au' from='wmck@deified.adm.monash.edu.au' type='groupchat' time='1282625176500'><body>/SYNC_MOVE 1242401</body></message><message xml:lang='en' to='1242400@conference.deified.adm.monash.edu.au' from='wmck@deified.adm.monash.edu.au' type='groupchat' time='1282625233846'><body>/SYNC_MOVE 1242402</body></message><message xml:lang='en' to='1242400@conference.deified.adm.monash.edu.au' from='wmck@deified.adm.monash.edu.au' type='groupchat' time='1282625237171'><body>/SYNC_MOVE 1242403</body></message><message xml:lang='en' to='1242400@conference.deified.adm.monash.edu.au' from='wmck@deified.adm.monash.edu.au' type='groupchat' time='1282625238852'><body>/SYNC_MOVE 1242404</body></message><message xml:lang='en' to='1242400@conference.deified.adm.monash.edu.au' from='wmck@deified.adm.monash.edu.au' type='groupchat' time='1282625242160'><body>/SYNC_MOVE 1242405</body></message><message xml:lang='en' to='1242400@conference.deified.adm.monash.edu.au' from='wmck@deified.adm.monash.edu.au' type='groupchat' time='1282625245944'><body>/SYNC_MOVE 1242406</body></message><message xml:lang='en' to='1242400@conference.deified.adm.monash.edu.au' from='wmck@deified.adm.monash.edu.au' type='groupchat' time='1282625246937'><body>/SYNC_MOVE 1242407</body></message><message xml:lang='en' to='1242400@conference.deified.adm.monash.edu.au' from='wmck@deified.adm.monash.edu.au' type='groupchat' time='1282625248217'><body>/SYNC_MOVE 1242408</body></message><message xml:lang='en' to='1242400@conference.deified.adm.monash.edu.au' from='wmck@deified.adm.monash.edu.au' type='groupchat' time='1282625281181'><body>/SYNC_MOVE 1242409</body></message><message xml:lang='en' to='1242400@conference.deified.adm.monash.edu.au' from='wmck@deified.adm.monash.edu.au' type='groupchat' time='1282625282882'><body>/SYNC_MOVE 1242410</body></message><message xml:lang='en' to='1242400@conference.deified.adm.monash.edu.au' from='wmck@deified.adm.monash.edu.au' type='groupchat' time='1282625284889'><body>/SYNC_MOVE 1242411</body></message><message xml:lang='en' to='1242400@conference.deified.adm.monash.edu.au' from='wmck@deified.adm.monash.edu.au' type='groupchat' time='1282625285595'><body>/SYNC_MOVE 1242412</body></message><message xml:lang='en' to='1242400@conference.deified.adm.monash.edu.au' from='wmck@deified.adm.monash.edu.au' type='groupchat' time='1282625287577'><body>/SYNC_MOVE 1242419</body></message><message xml:lang='en' to='1242400@conference.deified.adm.monash.edu.au' from='wmck@deified.adm.monash.edu.au' type='groupchat' time='1282625289044'><body>/SYNC_MOVE 1242413</body></message><message xml:lang='en' to='1242400@conference.deified.adm.monash.edu.au' from='wmck@deified.adm.monash.edu.au' type='groupchat' time='1282625290683'><body>/SYNC_MOVE 1242414</body></message><message xml:lang='en' to='1242400@conference.deified.adm.monash.edu.au' from='wmck@deified.adm.monash.edu.au' type='groupchat' time='1282625292413'><body>/SYNC_MOVE 1242415</body></message><message xml:lang='en' to='1242400@conference.deified.adm.monash.edu.au' from='wmck@deified.adm.monash.edu.au' type='groupchat' time='1282625294159'><body>/SYNC_MOVE 1242416</body></message><message xml:lang='en' to='1242400@conference.deified.adm.monash.edu.au' from='wmck@deified.adm.monash.edu.au' type='groupchat' time='1282625295068'><body>/SYNC_MOVE 1242417</body></message><message xml:lang='en' to='1242400@conference.deified.adm.monash.edu.au' from='wmck@deified.adm.monash.edu.au' type='groupchat' time='1282625295923'><body>/SYNC_MOVE 1242418</body></message><message xml:lang='en' to='1242400@conference.deified.adm.monash.edu.au' from='wmck@deified.adm.monash.edu.au' type='groupchat' time='1282625340646'><quiz xmlns='monash:metl'><title>Quiz 1</title><question>What is the hallmark of the amnesic syndrome</question><author>wmck</author><id>634182585468063643</id><url>none</url><quizOption><name>A</name><text>A episodic intact</text><correct>False</correct><color>154 205 50 255</color></quizOption><quizOption><name>B</name><text>B semsantic intact</text><correct>False</correct><color>0 0 0 0</color></quizOption></quiz></message>