<logCollection date='{2010,8,31}'><message xml:lang='en' to='1242400@conference.deified.adm.monash.edu.au' from='wmck@deified.adm.monash.edu.au' type='groupchat' time='1283208228624'><body>/SYNC_MOVE 1242401</body></message><message xml:lang='en' to='1242400@conference.deified.adm.monash.edu.au' from='wmck@deified.adm.monash.edu.au' type='groupchat' time='1283208241346'><body>/SYNC_MOVE 1242402</body></message><message xml:lang='en' to='1242400@conference.deified.adm.monash.edu.au' from='wmck@deified.adm.monash.edu.au' type='groupchat' time='1283208265978'><body>/SYNC_MOVE 1242403</body></message><message xml:lang='en' to='1242400@conference.deified.adm.monash.edu.au' from='wmck@deified.adm.monash.edu.au' type='groupchat' time='1283208267710'><body>/SYNC_MOVE 1242401</body></message><message xml:lang='en' to='1242400@conference.deified.adm.monash.edu.au' from='wmck@deified.adm.monash.edu.au' type='groupchat' time='1283208270502'><body>/SYNC_MOVE 1242402</body></message><message xml:lang='en' to='1242400@conference.deified.adm.monash.edu.au' from='wmck@deified.adm.monash.edu.au' type='groupchat' time='1283208272155'><body>/SYNC_MOVE 1242403</body></message><message xml:lang='en' to='1242400@conference.deified.adm.monash.edu.au' from='wmck@deified.adm.monash.edu.au' type='groupchat' time='1283208298316'><body>/SYNC_MOVE 1242404</body></message><message xml:lang='en' to='1242400@conference.deified.adm.monash.edu.au' from='wmck@deified.adm.monash.edu.au' type='groupchat' time='1283208316440'><body>/SYNC_MOVE 1242405</body></message><message xml:lang='en' to='1242400@conference.deified.adm.monash.edu.au' from='wmck@deified.adm.monash.edu.au' type='groupchat' time='1283208326054'><body>/SYNC_MOVE 1242406</body></message><message xml:lang='en' to='1242400@conference.deified.adm.monash.edu.au' from='wmck@deified.adm.monash.edu.au' type='groupchat' time='1283208328858'><body>/SYNC_MOVE 1242407</body></message>