<logCollection date='{2010,8,26}'><message xml:lang='en' to='1242400@conference.deified.adm.monash.edu.au' from='wmck@deified.adm.monash.edu.au' type='groupchat' time='1282799203259'><body>/SYNC_MOVE 1242401</body></message><message xml:lang='en' to='1242400@conference.deified.adm.monash.edu.au' from='wmck@deified.adm.monash.edu.au' type='groupchat' time='1282799238328'><body>/SYNC_MOVE 1242402</body></message><message xml:lang='en' to='1242400@conference.deified.adm.monash.edu.au' from='wmck@deified.adm.monash.edu.au' type='groupchat' time='1282799876988'><body>/SYNC_MOVE 1242403</body></message>