<conversation><title>title</title><author>chagan</author><created>21/05/2010 3:26:01 PM</created><tag>unTagged</tag><subject>Unrestricted</subject><jid>36400</jid><permissions><studentCanPublish>false</studentCanPublish><studentCanOpenFriends>false</studentCanOpenFriends><usersAreCompulsorilySynced>true</usersAreCompulsorilySynced></permissions><slide><author>chagan</author><id>36401</id><index>0</index><type>SLIDE</type></slide><slide><author>chagan</author><id>36402</id><index>1</index><type>SLIDE</type></slide></conversation>