<conversation><title>submission import is broken</title><author>sajames</author><created>21/06/2010 3:33:23 PM</created><tag>unTagged</tag><subject>Unrestricted</subject><jid>56600</jid><permissions><studentCanPublish>false</studentCanPublish><studentCanOpenFriends>false</studentCanOpenFriends><usersAreCompulsorilySynced>true</usersAreCompulsorilySynced></permissions><slide><author>sajames</author><id>56601</id><index>0</index><exposed>False</exposed><type>SLIDE</type></slide><slide><author>sajames</author><id>56614</id><index>1</index><exposed>False</exposed><type>SLIDE</type></slide><slide><author>sajames</author><id>56615</id><index>2</index><exposed>False</exposed><type>SLIDE</type></slide><slide><author>sajames</author><id>56610</id><index>3</index><exposed>False</exposed><type>SLIDE</type></slide><slide><author>sajames</author><id>56611</id><index>4</index><exposed>False</exposed><type>SLIDE</type></slide><slide><author>sajames</author><id>56612</id><index>5</index><exposed>False</exposed><type>SLIDE</type></slide><slide><author>sajames</author><id>56613</id><index>6</index><exposed>False</exposed><type>SLIDE</type></slide><slide><author>sajames</author><id>56606</id><index>7</index><exposed>False</exposed><type>SLIDE</type></slide><slide><author>sajames</author><id>56607</id><index>8</index><exposed>False</exposed><type>SLIDE</type></slide><slide><author>sajames</author><id>56608</id><index>9</index><exposed>False</exposed><type>SLIDE</type></slide><slide><author>sajames</author><id>56609</id><index>10</index><exposed>False</exposed><type>SLIDE</type></slide><slide><author>sajames</author><id>56603</id><index>11</index><exposed>False</exposed><type>SLIDE</type></slide><slide><author>sajames</author><id>56605</id><index>12</index><exposed>False</exposed><type>SLIDE</type></slide><slide><author>sajames</author><id>56604</id><index>13</index><exposed>False</exposed><type>SLIDE</type></slide><slide><author>sajames</author><id>56602</id><index>14</index><exposed>False</exposed><type>SLIDE</type></slide></conversation>