<conversation><title>BEH2022 W5 2010 Spinal injury</title><author>wlord</author><created>18/08/2010 8:53:58 AM</created><tag></tag><subject>Unrestricted</subject><jid>1226400</jid><permissions><studentCanPublish>false</studentCanPublish><studentCanOpenFriends>false</studentCanOpenFriends><usersAreCompulsorilySynced>true</usersAreCompulsorilySynced></permissions><slide><author>wlord</author><id>1226401</id><index>0</index><type>SLIDE</type></slide><slide><author>wlord</author><id>1226402</id><index>1</index><type>SLIDE</type></slide><slide><author>wlord</author><id>1226403</id><index>2</index><type>SLIDE</type></slide><slide><author>wlord</author><id>1226404</id><index>3</index><type>SLIDE</type></slide><slide><author>wlord</author><id>1226405</id><index>4</index><type>SLIDE</type></slide><slide><author>wlord</author><id>1226406</id><index>5</index><type>SLIDE</type></slide><slide><author>wlord</author><id>1226407</id><index>6</index><type>SLIDE</type></slide><slide><author>wlord</author><id>1226408</id><index>7</index><type>SLIDE</type></slide><slide><author>wlord</author><id>1226409</id><index>8</index><type>SLIDE</type></slide><slide><author>wlord</author><id>1226410</id><index>9</index><type>SLIDE</type></slide><slide><author>wlord</author><id>1226411</id><index>10</index><type>SLIDE</type></slide><slide><author>wlord</author><id>1226451</id><index>11</index><type>SLIDE</type></slide><slide><author>wlord</author><id>1226412</id><index>12</index><type>SLIDE</type></slide><slide><author>wlord</author><id>1226413</id><index>13</index><type>SLIDE</type></slide><slide><author>wlord</author><id>1226414</id><index>14</index><type>SLIDE</type></slide><slide><author>wlord</author><id>1226415</id><index>15</index><type>SLIDE</type></slide><slide><author>wlord</author><id>1226416</id><index>16</index><type>SLIDE</type></slide><slide><author>wlord</author><id>1226417</id><index>17</index><type>SLIDE</type></slide><slide><author>wlord</author><id>1226452</id><index>18</index><type>SLIDE</type></slide><slide><author>wlord</author><id>1226453</id><index>19</index><type>SLIDE</type></slide><slide><author>wlord</author><id>1226418</id><index>20</index><type>SLIDE</type></slide><slide><author>wlord</author><id>1226419</id><index>21</index><type>SLIDE</type></slide><slide><author>wlord</author><id>1226420</id><index>22</index><type>SLIDE</type></slide><slide><author>wlord</author><id>1226421</id><index>23</index><type>SLIDE</type></slide><slide><author>wlord</author><id>1226422</id><index>24</index><type>SLIDE</type></slide><slide><author>wlord</author><id>1226423</id><index>25</index><type>SLIDE</type></slide><slide><author>wlord</author><id>1226424</id><index>26</index><type>SLIDE</type></slide><slide><author>wlord</author><id>1226425</id><index>27</index><type>SLIDE</type></slide><slide><author>wlord</author><id>1226426</id><index>28</index><type>SLIDE</type></slide><slide><author>wlord</author><id>1226427</id><index>29</index><type>SLIDE</type></slide><slide><author>wlord</author><id>1226428</id><index>30</index><type>SLIDE</type></slide><slide><author>wlord</author><id>1226429</id><index>31</index><type>SLIDE</type></slide><slide><author>wlord</author><id>1226430</id><index>32</index><type>SLIDE</type></slide><slide><author>wlord</author><id>1226431</id><index>33</index><type>SLIDE</type></slide><slide><author>wlord</author><id>1226432</id><index>34</index><type>SLIDE</type></slide><slide><author>wlord</author><id>1226433</id><index>35</index><type>SLIDE</type></slide><slide><author>wlord</author><id>1226434</id><index>36</index><type>SLIDE</type></slide><slide><author>wlord</author><id>1226435</id><index>37</index><type>SLIDE</type></slide><slide><author>wlord</author><id>1226436</id><index>38</index><type>SLIDE</type></slide><slide><author>wlord</author><id>1226437</id><index>39</index><type>SLIDE</type></slide><slide><author>wlord</author><id>1226438</id><index>40</index><type>SLIDE</type></slide><slide><author>wlord</author><id>1226439</id><index>41</index><type>SLIDE</type></slide><slide><author>wlord</author><id>1226440</id><index>42</index><type>SLIDE</type></slide><slide><author>wlord</author><id>1226441</id><index>43</index><type>SLIDE</type></slide><slide><author>wlord</author><id>1226442</id><index>44</index><type>SLIDE</type></slide><slide><author>wlord</author><id>1226443</id><index>45</index><type>SLIDE</type></slide><slide><author>wlord</author><id>1226444</id><index>46</index><type>SLIDE</type></slide><slide><author>wlord</author><id>1226445</id><index>47</index><type>SLIDE</type></slide><slide><author>wlord</author><id>1226446</id><index>48</index><type>SLIDE</type></slide><slide><author>wlord</author><id>1226447</id><index>49</index><type>SLIDE</type></slide><slide><author>wlord</author><id>1226448</id><index>50</index><type>SLIDE</type></slide><slide><author>wlord</author><id>1226449</id><index>51</index><type>SLIDE</type></slide><slide><author>wlord</author><id>1226450</id><index>52</index><type>SLIDE</type></slide></conversation>