<conversation><title>quiz auto population</title><author>sajames</author><created>22/06/2010 3:38:28 PM</created><tag>unTagged</tag><subject>Unrestricted</subject><jid>58400</jid><permissions><studentCanPublish>false</studentCanPublish><studentCanOpenFriends>false</studentCanOpenFriends><usersAreCompulsorilySynced>true</usersAreCompulsorilySynced></permissions><slide><author>sajames</author><id>58401</id><index>0</index><exposed>False</exposed><type>SLIDE</type></slide><slide><author>sajames</author><id>58413</id><index>1</index><exposed>False</exposed><type>SLIDE</type></slide><slide><author>sajames</author><id>58412</id><index>2</index><exposed>False</exposed><type>SLIDE</type></slide><slide><author>sajames</author><id>58411</id><index>3</index><exposed>False</exposed><type>SLIDE</type></slide><slide><author>sajames</author><id>58410</id><index>4</index><exposed>False</exposed><type>SLIDE</type></slide><slide><author>sajames</author><id>58408</id><index>5</index><exposed>False</exposed><type>SLIDE</type></slide><slide><author>sajames</author><id>58407</id><index>6</index><exposed>False</exposed><type>SLIDE</type></slide><slide><author>sajames</author><id>58409</id><index>7</index><exposed>False</exposed><type>SLIDE</type></slide><slide><author>sajames</author><id>58403</id><index>8</index><exposed>False</exposed><type>SLIDE</type></slide><slide><author>sajames</author><id>58404</id><index>9</index><exposed>False</exposed><type>SLIDE</type></slide><slide><author>sajames</author><id>58402</id><index>10</index><exposed>False</exposed><type>SLIDE</type></slide><slide><author>sajames</author><id>58406</id><index>11</index><exposed>False</exposed><type>SLIDE</type></slide><slide><author>sajames</author><id>58405</id><index>12</index><exposed>False</exposed><type>SLIDE</type></slide></conversation>