<conversation><title>STA1010 lectures 1-4</title><author>ihutchin</author><created>26/07/2010 2:58:02 PM</created><tag></tag><subject>ihutchin</subject><jid>1124400</jid><permissions><studentCanPublish>true</studentCanPublish><studentCanOpenFriends>true</studentCanOpenFriends><usersAreCompulsorilySynced>false</usersAreCompulsorilySynced></permissions><slide><author>ihutchin</author><id>1124401</id><index>0</index><type>SLIDE</type></slide><slide><author>ihutchin</author><id>1124402</id><index>1</index><type>SLIDE</type></slide><slide><author>ihutchin</author><id>1124403</id><index>2</index><type>SLIDE</type></slide><slide><author>ihutchin</author><id>1124404</id><index>3</index><type>SLIDE</type></slide><slide><author>ihutchin</author><id>1124405</id><index>4</index><type>SLIDE</type></slide><slide><author>ihutchin</author><id>1124406</id><index>5</index><type>SLIDE</type></slide><slide><author>ihutchin</author><id>1124407</id><index>6</index><type>SLIDE</type></slide><slide><author>ihutchin</author><id>1124408</id><index>7</index><type>SLIDE</type></slide><slide><author>ihutchin</author><id>1124409</id><index>8</index><type>SLIDE</type></slide><slide><author>ihutchin</author><id>1124410</id><index>9</index><type>SLIDE</type></slide><slide><author>ihutchin</author><id>1124411</id><index>10</index><type>SLIDE</type></slide><slide><author>ihutchin</author><id>1124412</id><index>11</index><type>SLIDE</type></slide><slide><author>ihutchin</author><id>1124413</id><index>12</index><type>SLIDE</type></slide><slide><author>ihutchin</author><id>1124414</id><index>13</index><type>SLIDE</type></slide><slide><author>ihutchin</author><id>1124415</id><index>14</index><type>SLIDE</type></slide><slide><author>ihutchin</author><id>1124416</id><index>15</index><type>SLIDE</type></slide><slide><author>ihutchin</author><id>1124417</id><index>16</index><type>SLIDE</type></slide><slide><author>ihutchin</author><id>1124418</id><index>17</index><type>SLIDE</type></slide><slide><author>ihutchin</author><id>1124419</id><index>18</index><type>SLIDE</type></slide><slide><author>ihutchin</author><id>1124420</id><index>19</index><type>SLIDE</type></slide><slide><author>ihutchin</author><id>1124421</id><index>20</index><type>SLIDE</type></slide><slide><author>ihutchin</author><id>1124422</id><index>21</index><type>SLIDE</type></slide><slide><author>ihutchin</author><id>1124423</id><index>22</index><type>SLIDE</type></slide><slide><author>ihutchin</author><id>1124424</id><index>23</index><type>SLIDE</type></slide><slide><author>ihutchin</author><id>1124425</id><index>24</index><type>SLIDE</type></slide></conversation>