<logCollection date='{2010,7,14}'><message xml:lang='en' to='1042401@conference.reifier.adm.monash.edu.au' from='richardr@reifier.adm.monash.edu.au' type='groupchat' time='1279066793986'><image xmlns='monash:metl'><tag>{&quot;author&quot;:&quot;richardr&quot;,&quot;privacy&quot;:&quot;public&quot;,&quot;id&quot;:&quot;richardr:14/07/2010 10:30:55 AM:0&quot;,&quot;isBackground&quot;:false,&quot;zIndex&quot;:0}</tag><source>/Resource/1042401/background2.jpg</source><width>NaN</width><height>NaN</height><x>0</x><y>0</y><author>richardr</author><target>presentationSpace</target><privacy>public</privacy><slide>1042401</slide><identity>richardr:14/07/2010 10:30:55 AM:0</identity></image></message><message xml:lang='en' to='1042401@conference.reifier.adm.monash.edu.au' from='richardr@reifier.adm.monash.edu.au' type='groupchat' time='1279066794013'><image xmlns='monash:metl'><tag>{&quot;author&quot;:&quot;richardr&quot;,&quot;privacy&quot;:&quot;public&quot;,&quot;id&quot;:&quot;richardr:14/07/2010 10:30:56 AM:1&quot;,&quot;isBackground&quot;:false,&quot;zIndex&quot;:0}</tag><source>/Resource/1042401/background3.jpg</source><width>NaN</width><height>NaN</height><x>54</x><y>167.75</y><author>richardr</author><target>presentationSpace</target><privacy>public</privacy><slide>1042401</slide><identity>richardr:14/07/2010 10:30:56 AM:1</identity></image></message><message xml:lang='en' to='1042401@conference.reifier.adm.monash.edu.au' from='richardr@reifier.adm.monash.edu.au' type='groupchat' time='1279066794025'><image xmlns='monash:metl'><tag>{&quot;author&quot;:&quot;richardr&quot;,&quot;privacy&quot;:&quot;public&quot;,&quot;id&quot;:&quot;richardr:14/07/2010 10:30:56 AM:2&quot;,&quot;isBackground&quot;:false,&quot;zIndex&quot;:0}</tag><source>/Resource/1042401/background4.jpg</source><width>NaN</width><height>NaN</height><x>108</x><y>306</y><author>richardr</author><target>presentationSpace</target><privacy>public</privacy><slide>1042401</slide><identity>richardr:14/07/2010 10:30:56 AM:2</identity></image></message>