<conversation><title>please don't crash</title><author>bhughes</author><created>17/08/2010 3:21:31 PM</created><tag>unTagged</tag><subject>bhughes</subject><jid>1219400</jid><permissions><studentCanPublish>false</studentCanPublish><studentCanOpenFriends>false</studentCanOpenFriends><usersAreCompulsorilySynced>true</usersAreCompulsorilySynced></permissions><slide><author>bhughes</author><id>1219401</id><index>0</index><defaultHeight>540</defaultHeight><defaultWidth>720</defaultWidth><exposed>False</exposed><type>SLIDE</type></slide></conversation>