<conversation><title>2k3ssinstruc2</title><author>rossr</author><created>13/07/2010 9:33:36 AM</created><tag></tag><subject>Unrestricted</subject><jid>76800</jid><permissions><studentCanPublish>false</studentCanPublish><studentCanOpenFriends>false</studentCanOpenFriends><usersAreCompulsorilySynced>true</usersAreCompulsorilySynced></permissions><slide><author>rossr</author><id>76801</id><index>0</index><type>SLIDE</type></slide><slide><author>rossr</author><id>76802</id><index>1</index><type>SLIDE</type></slide><slide><author>rossr</author><id>76803</id><index>2</index><type>SLIDE</type></slide></conversation>