<conversation><title>robit2k72</title><author>rossr</author><created>12/07/2010 10:40:07 AM</created><tag></tag><subject>Unrestricted</subject><jid>66200</jid><permissions><studentCanPublish>false</studentCanPublish><studentCanOpenFriends>false</studentCanOpenFriends><usersAreCompulsorilySynced>true</usersAreCompulsorilySynced></permissions><slide><author>rossr</author><id>66201</id><index>0</index><type>SLIDE</type></slide><slide><author>rossr</author><id>66202</id><index>1</index><type>SLIDE</type></slide><slide><author>rossr</author><id>66203</id><index>2</index><type>SLIDE</type></slide></conversation>