<conversation><title>19868863-25/03/2010</title><author>glcas2</author><created>25/03/2010 2:40:01 PM</created><tag></tag><subject>Unrestricted</subject><jid>830400</jid><permissions><studentCanPublish>false</studentCanPublish><studentCanOpenFriends>false</studentCanOpenFriends><usersAreCompulsorilySynced>true</usersAreCompulsorilySynced></permissions><slide><author>glcas2</author><id>830401</id><index>0</index><type>SLIDE</type></slide><slide><author>glcas2</author><id>830402</id><index>1</index><type>SLIDE</type></slide><slide><author>glcas2</author><id>830403</id><index>2</index><type>SLIDE</type></slide></conversation>