<conversation><title>2k7slideshow2</title><author>rossr</author><created>13/07/2010 9:11:08 AM</created><tag></tag><subject>Unrestricted</subject><jid>72800</jid><permissions><studentCanPublish>false</studentCanPublish><studentCanOpenFriends>false</studentCanOpenFriends><usersAreCompulsorilySynced>true</usersAreCompulsorilySynced></permissions><slide><author>rossr</author><id>72801</id><index>0</index><type>SLIDE</type></slide><slide><author>rossr</author><id>72802</id><index>1</index><type>SLIDE</type></slide><slide><author>rossr</author><id>72803</id><index>2</index><type>SLIDE</type></slide></conversation>