<conversation><title>AutomatedConversationEdited</title><author>Admirable22</author><created>19/07/2010 2:12:31 PM</created><tag>unTagged</tag><subject>Artificial person</subject><jid>81800</jid><permissions><studentCanPublish>false</studentCanPublish><studentCanOpenFriends>false</studentCanOpenFriends><usersAreCompulsorilySynced>true</usersAreCompulsorilySynced></permissions><slide><author>Admirable22</author><id>81801</id><index>0</index><exposed>False</exposed><type>SLIDE</type></slide><slide><author>Admirable22</author><id>81806</id><index>1</index><exposed>False</exposed><type>SLIDE</type></slide><slide><author>Admirable22</author><id>81802</id><index>2</index><exposed>False</exposed><type>SLIDE</type></slide><slide><author>Admirable22</author><id>81803</id><index>3</index><exposed>False</exposed><type>SLIDE</type></slide><slide><author>Admirable22</author><id>81804</id><index>4</index><exposed>False</exposed><type>SLIDE</type></slide><slide><author>Admirable22</author><id>81805</id><index>5</index><exposed>False</exposed><type>SLIDE</type></slide></conversation>