<conversation><title>first conversation VP</title><author>vhunt</author><created>1/02/2010 10:10:39 AM</created><tag></tag><subject>Unrestricted</subject><jid>433400</jid><permissions><studentCanPublish>false</studentCanPublish><studentCanOpenFriends>false</studentCanOpenFriends><usersAreCompulsorilySynced>true</usersAreCompulsorilySynced></permissions><slide><author>vhunt</author><id>433401</id><index>0</index><type>SLIDE</type></slide><slide><author>vhunt</author><id>433402</id><index>1</index><type>SLIDE</type></slide><slide><author>vhunt</author><id>433403</id><index>2</index><type>SLIDE</type></slide><slide><author>vhunt</author><id>433404</id><index>3</index><type>SLIDE</type></slide></conversation>