<conversation><title>Test Powerpoint Import for ICSS</title><author>hagand</author><created>11/02/2010 2:05:31 PM</created><tag>ICSS</tag><subject>hagand</subject><jid>537400</jid><permissions><studentCanPublish>false</studentCanPublish><studentCanOpenFriends>false</studentCanOpenFriends><usersAreCompulsorilySynced>true</usersAreCompulsorilySynced></permissions><slide><author>hagand</author><id>537401</id><index>0</index><type>SLIDE</type></slide><slide><author>hagand</author><id>537406</id><index>5</index><type>SLIDE</type></slide><slide><author>hagand</author><id>537405</id><index>4</index><type>SLIDE</type></slide><slide><author>hagand</author><id>537403</id><index>2</index><type>SLIDE</type></slide><slide><author>hagand</author><id>537404</id><index>3</index><type>SLIDE</type></slide><slide><author>hagand</author><id>537402</id><index>1</index><type>POLL</type></slide></conversation>