<logCollection date='{2010,3,2}'><message xml:lang='en' to='642434@conference.reifier.adm.monash.edu.au' from='eastwood@reifier.adm.monash.edu.au' type='groupchat' time='1267499842169'><image xmlns='monash:metl'><tag>{&quot;author&quot;:&quot;eastwood&quot;,&quot;privacy&quot;:&quot;public&quot;,&quot;id&quot;:&quot;eastwood:2/03/2010 2:19:06 PM:0&quot;,&quot;isBackground&quot;:true,&quot;zIndex&quot;:0}</tag><source>/Resource/642434/background120.jpg</source><width>NaN</width><height>NaN</height><x>0</x><y>0</y><author>eastwood</author><target>presentationSpace</target><privacy>public</privacy><slide>642434</slide><identity>eastwood:2/03/2010 2:19:06 PM:0</identity></image></message><message xml:lang='en' to='642434@conference.reifier.adm.monash.edu.au' from='eastwood@reifier.adm.monash.edu.au' type='groupchat' time='1267499842203'><image xmlns='monash:metl'><tag>{&quot;author&quot;:&quot;eastwood&quot;,&quot;privacy&quot;:&quot;public&quot;,&quot;id&quot;:&quot;eastwood:2/03/2010 2:19:06 PM:1&quot;,&quot;isBackground&quot;:false,&quot;zIndex&quot;:0}</tag><source>/Resource/642434/background121.jpg</source><width>NaN</width><height>NaN</height><x>36</x><y>122.625038</y><author>eastwood</author><target>presentationSpace</target><privacy>public</privacy><slide>642434</slide><identity>eastwood:2/03/2010 2:19:06 PM:1</identity></image></message><message xml:lang='en' to='642434@conference.reifier.adm.monash.edu.au' from='eastwood@reifier.adm.monash.edu.au' type='groupchat' time='1267499842446'><image xmlns='monash:metl'><tag>{&quot;author&quot;:&quot;eastwood&quot;,&quot;privacy&quot;:&quot;public&quot;,&quot;id&quot;:&quot;eastwood:2/03/2010 2:19:06 PM:2&quot;,&quot;isBackground&quot;:false,&quot;zIndex&quot;:0}</tag><source>/Resource/642434/background122.jpg</source><width>NaN</width><height>NaN</height><x>30.12504</x><y>12</y><author>eastwood</author><target>presentationSpace</target><privacy>public</privacy><slide>642434</slide><identity>eastwood:2/03/2010 2:19:06 PM:2</identity></image></message>