<logCollection date='{2010,7,30}'><message xml:lang='en' to='1142410@conference.deified.adm.monash.edu.au' from='krichard@deified.adm.monash.edu.au' type='groupchat' time='1280447440769'><image xmlns='monash:metl'><tag>{&quot;author&quot;:&quot;krichard&quot;,&quot;privacy&quot;:&quot;public&quot;,&quot;id&quot;:&quot;krichard:30/07/2010 9:56:36 AM:0&quot;,&quot;isBackground&quot;:false,&quot;zIndex&quot;:0}</tag><source>/Resource/1142410/background33.jpg</source><width>720</width><height>540</height><x>0</x><y>0</y><author>krichard</author><target>presentationSpace</target><privacy>public</privacy><slide>1142410</slide><identity>krichard:30/07/2010 9:56:36 AM:0</identity></image></message><message xml:lang='en' to='1142410@conference.deified.adm.monash.edu.au' from='krichard@deified.adm.monash.edu.au' type='groupchat' time='1280447440772'><image xmlns='monash:metl'><tag>{&quot;author&quot;:&quot;krichard&quot;,&quot;privacy&quot;:&quot;public&quot;,&quot;id&quot;:&quot;krichard:30/07/2010 9:56:36 AM:1&quot;,&quot;isBackground&quot;:false,&quot;zIndex&quot;:0}</tag><source>/Resource/1142410/background34.jpg</source><width>648</width><height>90</height><x>36</x><y>21.62504</y><author>krichard</author><target>presentationSpace</target><privacy>public</privacy><slide>1142410</slide><identity>krichard:30/07/2010 9:56:36 AM:1</identity></image></message><message xml:lang='en' to='1142410@conference.deified.adm.monash.edu.au' from='krichard@deified.adm.monash.edu.au' type='groupchat' time='1280447440773'><image xmlns='monash:metl'><tag>{&quot;author&quot;:&quot;krichard&quot;,&quot;privacy&quot;:&quot;public&quot;,&quot;id&quot;:&quot;krichard:30/07/2010 9:56:36 AM:2&quot;,&quot;isBackground&quot;:false,&quot;zIndex&quot;:0}</tag><source>/Resource/1142410/background35.jpg</source><width>672.483459</width><height>312.623474</height><x>22.8995285</x><y>131.838821</y><author>krichard</author><target>presentationSpace</target><privacy>public</privacy><slide>1142410</slide><identity>krichard:30/07/2010 9:56:36 AM:2</identity></image></message><message xml:lang='en' to='1142410@conference.deified.adm.monash.edu.au' from='krichard@deified.adm.monash.edu.au' type='groupchat' time='1280447440773'><image xmlns='monash:metl'><tag>{&quot;author&quot;:&quot;krichard&quot;,&quot;privacy&quot;:&quot;public&quot;,&quot;id&quot;:&quot;krichard:30/07/2010 9:56:36 AM:3&quot;,&quot;isBackground&quot;:false,&quot;zIndex&quot;:0}</tag><source>/Resource/1142410/background36.jpg</source><width>333.122681</width><height>29.08126</height><x>386.877319</x><y>510.777649</y><author>krichard</author><target>presentationSpace</target><privacy>public</privacy><slide>1142410</slide><identity>krichard:30/07/2010 9:56:36 AM:3</identity></image></message>