<conversation><title>thoughtandsums2</title><author>sajames</author><created>24/05/2010 2:34:35 PM</created><tag>unTagged</tag><subject>sajames</subject><jid>39600</jid><permissions><studentCanPublish>true</studentCanPublish><studentCanOpenFriends>true</studentCanOpenFriends><usersAreCompulsorilySynced>true</usersAreCompulsorilySynced></permissions><slide><author>sajames</author><id>39601</id><index>0</index><type>SLIDE</type></slide><slide><author>sajames</author><id>39603</id><index>1</index><type>THOUGHT</type></slide><slide><author>sajames</author><id>39602</id><index>2</index><type>SLIDE</type></slide><slide><author>sajames</author><id>39605</id><index>3</index><type>THOUGHT</type></slide><slide><author>sajames</author><id>39604</id><index>4</index><type>SLIDE</type></slide><slide><author>sajames</author><id>39607</id><index>5</index><type>THOUGHT</type></slide><slide><author>sajames</author><id>39606</id><index>6</index><type>SLIDE</type></slide><slide><author>sajames</author><id>39609</id><index>7</index><type>THOUGHT</type></slide><slide><author>sajames</author><id>39608</id><index>8</index><type>SLIDE</type></slide></conversation>