<conversation><title>is a bakers dozen 11 or 13? I think not 11.</title><author>bhughes</author><created>13/08/2010 12:38:03 PM</created><tag>unTagged</tag><subject>bhughes</subject><jid>1209400</jid><permissions><studentCanPublish>false</studentCanPublish><studentCanOpenFriends>false</studentCanOpenFriends><usersAreCompulsorilySynced>true</usersAreCompulsorilySynced></permissions><slide><author>bhughes</author><id>1209401</id><index>0</index><defaultHeight>540</defaultHeight><defaultWidth>720</defaultWidth><exposed>False</exposed><type>SLIDE</type></slide></conversation>