<conversation><title>calebs powerpoint test</title><author>caleba</author><created>2/12/2010 1:57:21 PM</created><tag></tag><subject>caleba</subject><jid>1631400</jid><permissions><studentCanPublish>false</studentCanPublish><studentCanOpenFriends>false</studentCanOpenFriends><usersAreCompulsorilySynced>true</usersAreCompulsorilySynced></permissions><slide><author>caleba</author><id>1631401</id><index>0</index><type>SLIDE</type></slide><slide><author>caleba</author><id>1631402</id><index>1</index><type>SLIDE</type></slide><slide><author>caleba</author><id>1631403</id><index>2</index><type>SLIDE</type></slide><slide><author>caleba</author><id>1631404</id><index>3</index><type>SLIDE</type></slide><slide><author>caleba</author><id>1631405</id><index>4</index><type>SLIDE</type></slide><slide><author>caleba</author><id>1631406</id><index>5</index><type>SLIDE</type></slide><slide><author>caleba</author><id>1631407</id><index>6</index><type>SLIDE</type></slide><slide><author>caleba</author><id>1631408</id><index>7</index><type>SLIDE</type></slide><slide><author>caleba</author><id>1631409</id><index>8</index><type>SLIDE</type></slide><slide><author>caleba</author><id>1631410</id><index>9</index><type>SLIDE</type></slide><slide><author>caleba</author><id>1631411</id><index>10</index><type>SLIDE</type></slide></conversation>