<conversation><title>wwwwwwwwwwwwwwwwwww</title><author>sajames</author><created>22/10/2010 1:15:48 PM</created><lastAccessed>22/10/2010 1:15:30 PM</lastAccessed><tag>unTagged</tag><subject>Deleted</subject><jid>110400</jid><permissions><studentCanPublish>false</studentCanPublish><studentCanOpenFriends>false</studentCanOpenFriends><usersAreCompulsorilySynced>true</usersAreCompulsorilySynced></permissions><slide><author>sajames</author><id>110401</id><index>0</index><defaultHeight>540</defaultHeight><defaultWidth>720</defaultWidth><exposed>False</exposed><type>SLIDE</type></slide></conversation>