<conversation><title>Testing CP3 MeTL with ben</title><author>sajames</author><created>25/06/2010 3:28:27 PM</created><tag>unTagged</tag><subject>eEducation Centre</subject><jid>60400</jid><permissions><studentCanPublish>false</studentCanPublish><studentCanOpenFriends>false</studentCanOpenFriends><usersAreCompulsorilySynced>true</usersAreCompulsorilySynced></permissions><slide><author>sajames</author><id>60401</id><index>0</index><exposed>False</exposed><type>SLIDE</type></slide><slide><author>sajames</author><id>60402</id><index>1</index><exposed>False</exposed><type>SLIDE</type></slide><slide><author>sajames</author><id>60403</id><index>2</index><exposed>False</exposed><type>SLIDE</type></slide><slide><author>sajames</author><id>60406</id><index>3</index><exposed>False</exposed><type>SLIDE</type></slide><slide><author>sajames</author><id>60407</id><index>4</index><exposed>False</exposed><type>SLIDE</type></slide><slide><author>sajames</author><id>60404</id><index>5</index><exposed>False</exposed><type>SLIDE</type></slide><slide><author>sajames</author><id>60405</id><index>6</index><exposed>False</exposed><type>SLIDE</type></slide></conversation>