<conversation><title>does a new conversation break privacy?</title><author>sajames</author><created>6/08/2010 11:20:43 AM</created><tag>unTagged</tag><subject>Unrestricted</subject><jid>92000</jid><permissions><studentCanPublish>false</studentCanPublish><studentCanOpenFriends>false</studentCanOpenFriends><usersAreCompulsorilySynced>true</usersAreCompulsorilySynced></permissions><slide><author>sajames</author><id>92001</id><index>0</index><defaultHeight>540</defaultHeight><defaultWidth>720</defaultWidth><exposed>False</exposed><type>SLIDE</type></slide></conversation>