<logCollection date='{2010,7,30}'><message xml:lang='en' to='1142421@conference.deified.adm.monash.edu.au' from='krichard@deified.adm.monash.edu.au' type='groupchat' time='1280456574732'><textbox xmlns='monash:metl'><height>NaN</height><width>NaN</width><caret>5</caret><x>93.036750483559</x><y>27.0793036750484</y><text>Group</text><tag>{&quot;author&quot;:&quot;krichard&quot;,&quot;privacy&quot;:&quot;public&quot;,&quot;id&quot;:&quot;krichard:30/07/2010 12:27:47 PM&quot;}</tag><style>Normal</style><family>Arial</family><weight>Normal</weight><size>10</size><decoration>None</decoration><author>krichard</author><identity>krichard:30/07/2010 12:27:47 PM</identity><target>presentationSpace</target><privacy>public</privacy><slide>1142421</slide><color>#FF000000</color></textbox></message><message xml:lang='en' to='1142421@conference.deified.adm.monash.edu.au' from='krichard@deified.adm.monash.edu.au' type='groupchat' time='1280456575889'><textbox xmlns='monash:metl'><height>NaN</height><width>NaN</width><caret>7</caret><x>93.036750483559</x><y>27.0793036750484</y><text>Group 3</text><tag>{&quot;author&quot;:&quot;krichard&quot;,&quot;privacy&quot;:&quot;public&quot;,&quot;id&quot;:&quot;krichard:30/07/2010 12:27:47 PM&quot;}</tag><style>Normal</style><family>Arial</family><weight>Normal</weight><size>10</size><decoration>None</decoration><author>krichard</author><identity>krichard:30/07/2010 12:27:47 PM</identity><target>presentationSpace</target><privacy>public</privacy><slide>1142421</slide><color>#FF000000</color></textbox></message><message xml:lang='en' to='1142421@conference.deified.adm.monash.edu.au' from='krichard@deified.adm.monash.edu.au' type='groupchat' time='1280456591069'><ink xmlns='monash:metl'><checksum>32899.3</checksum><points>243.4 121.9 127 242.9 120.9 127 242 118 127 242 110.7 127 242 96.7 127 244.4 73.5 127 253.1 45 127 263.2 20.3 127 272.4 -0.5 127 278.7 -10.6 127 286.5 -19.3 127 290.8 -22.2 127 295.6 -25.6 127 300.5 -27.6 127 304.8 -28.5 127 308.2 -29 127 311.6 -29 127 313.5 -29 127 314.5 -29 127 315 -29 127 315.5 -29 127 315.5 -28.5 127 315.5 -28 127 315.5 -27.6 127 315 -27.6 127 314.5 -27.6 127 312.1 -29.5 127 310.6 -30.9 127 308.7 -31.4 127 307.7 -32.4 127 307.3 -32.9 127 306.3 -33.8 127 305.8 -34.3 127 305.3 -34.8 127 304.4 -33.8 127 303.4 -32.4 127 301 -30 127 296.1 -25.1 127 290.3 -18.9 127 281.6 -7.7 127 273.4 1.9 127 266.2 13.1 127 261.3 19.8 127 257.9 25.1 127 255 30 127 253.6 33.8 127 253.1 36.8 127 253.1 37.2 127 253.1 37.7 127 253.1 38.2 127 253.1 38.7 127 252.6 38.7 127 252.1 39.7 127 250.2 43 127 247.8 47.4 127 246.8 48.8 127 246.3 49.3 127 246.3 49.8 127 245.8 49.8 127 245.8 50.3 127 245.4 50.8 127 245.4 51.3 127 244.9 51.3 127 245.8 51.3 127 246.8 50.3 127 248.7 48.4 127 250.2 46.9 127 250.7 46.4 127 251.2 45.5 127 252.1 45.5 127 252.6 45 127 253.1 44.5 127 253.6 44 127 254.1 44 127 253.6 44 127 252.1 44.5 127 250.7 45 127 250.2 45.5 127 249.7 45.5 127 249.2 45.9 127 249.7 45.9 127 250.2 46.4 127 250.7 46.4 127 251.2 46.4 127 251.2 46.9 127 251.6 46.9 127 252.1 46.9 127 252.6 46.9 127 252.6 47.4 127 253.1 47.4 127 253.1 47.9 127 253.6 47.9 127 253.6 48.4 127 254.1 48.4 127 254.1 48.8 127 254.1 49.3 127 254.1 49.8 127 252.1 51.3 127 251.6 51.7 127 251.2 52.2 127 250.2 53.2 127 249.2 53.7 127 248.3 54.2 127 246.8 55.1 127 245.8 55.6 127 245.4 56.1 127 243.9 56.6 127 243.4 56.6 127 242.9 56.6 127 242.5 56.6 127 242 56.6 127 241.5 56.6 127</points><color>0 0 0 255</color><thickness>1</thickness><highlight>False</highlight><author>krichard</author><target>presentationSpace</target><privacy>public</privacy><slide>1142421</slide></ink></message><message xml:lang='en' to='1142421@conference.deified.adm.monash.edu.au' from='kjqui1@deified.adm.monash.edu.au' type='groupchat' time='1280456618314'><textbox xmlns='monash:metl'><height>NaN</height><width>NaN</width><caret>18</caret><x>28.8359788359788</x><y>63.4920634920635</y><text>good communication</text><tag>{&quot;author&quot;:&quot;kjqui1&quot;,&quot;privacy&quot;:&quot;public&quot;,&quot;id&quot;:&quot;kjqui1:30/07/2010 1:27:30 PM&quot;}</tag><style>Normal</style><family>Arial</family><weight>Normal</weight><size>10</size><decoration>None</decoration><author>kjqui1</author><identity>kjqui1:30/07/2010 1:27:30 PM</identity><target>presentationSpace</target><privacy>public</privacy><slide>1142421</slide><color>#FF000000</color></textbox></message><message xml:lang='en' to='1142421@conference.deified.adm.monash.edu.au' from='kjqui1@deified.adm.monash.edu.au' type='groupchat' time='1280456619931'><textbox xmlns='monash:metl'><height>NaN</height><width>NaN</width><caret>25</caret><x>28.8359788359788</x><y>63.4920634920635</y><text>good communication skills</text><tag>{&quot;author&quot;:&quot;kjqui1&quot;,&quot;privacy&quot;:&quot;public&quot;,&quot;id&quot;:&quot;kjqui1:30/07/2010 1:27:30 PM&quot;}</tag><style>Normal</style><family>Arial</family><weight>Normal</weight><size>10</size><decoration>None</decoration><author>kjqui1</author><identity>kjqui1:30/07/2010 1:27:30 PM</identity><target>presentationSpace</target><privacy>public</privacy><slide>1142421</slide><color>#FF000000</color></textbox></message><message xml:lang='en' to='1142421@conference.deified.adm.monash.edu.au' from='kjqui1@deified.adm.monash.edu.au' type='groupchat' time='1280456620691'><textbox xmlns='monash:metl'><height>NaN</height><width>NaN</width><caret>27</caret><x>28.8359788359788</x><y>63.4920634920635</y><text>good communication skills
</text><tag>{&quot;author&quot;:&quot;kjqui1&quot;,&quot;privacy&quot;:&quot;public&quot;,&quot;id&quot;:&quot;kjqui1:30/07/2010 1:27:30 PM&quot;}</tag><style>Normal</style><family>Arial</family><weight>Normal</weight><size>10</size><decoration>None</decoration><author>kjqui1</author><identity>kjqui1:30/07/2010 1:27:30 PM</identity><target>presentationSpace</target><privacy>public</privacy><slide>1142421</slide><color>#FF000000</color></textbox></message><message xml:lang='en' to='1142421@conference.deified.adm.monash.edu.au' from='kjqui1@deified.adm.monash.edu.au' type='groupchat' time='1280456626576'><textbox xmlns='monash:metl'><height>NaN</height><width>NaN</width><caret>1</caret><x>28.8359788359788</x><y>63.4920634920635</y><text>*good communication skills
</text><tag>{&quot;author&quot;:&quot;kjqui1&quot;,&quot;privacy&quot;:&quot;public&quot;,&quot;id&quot;:&quot;kjqui1:30/07/2010 1:27:30 PM&quot;}</tag><style>Normal</style><family>Arial</family><weight>Normal</weight><size>10</size><decoration>None</decoration><author>kjqui1</author><identity>kjqui1:30/07/2010 1:27:30 PM</identity><target>presentationSpace</target><privacy>public</privacy><slide>1142421</slide><color>#FF000000</color></textbox></message><message xml:lang='en' to='1142421@conference.deified.adm.monash.edu.au' from='kjqui1@deified.adm.monash.edu.au' type='groupchat' time='1280456628147'><textbox xmlns='monash:metl'><height>NaN</height><width>NaN</width><caret>3</caret><x>28.8359788359788</x><y>63.4920634920635</y><text>* good communication skills
</text><tag>{&quot;author&quot;:&quot;kjqui1&quot;,&quot;privacy&quot;:&quot;public&quot;,&quot;id&quot;:&quot;kjqui1:30/07/2010 1:27:30 PM&quot;}</tag><style>Normal</style><family>Arial</family><weight>Normal</weight><size>10</size><decoration>None</decoration><author>kjqui1</author><identity>kjqui1:30/07/2010 1:27:30 PM</identity><target>presentationSpace</target><privacy>public</privacy><slide>1142421</slide><color>#FF000000</color></textbox></message><message xml:lang='en' to='1142421@conference.deified.adm.monash.edu.au' from='kjqui1@deified.adm.monash.edu.au' type='groupchat' time='1280456646305'><textbox xmlns='monash:metl'><height>NaN</height><width>NaN</width><caret>30</caret><x>28.8359788359788</x><y>63.4920634920635</y><text>* good communication skills
*</text><tag>{&quot;author&quot;:&quot;kjqui1&quot;,&quot;privacy&quot;:&quot;public&quot;,&quot;id&quot;:&quot;kjqui1:30/07/2010 1:27:30 PM&quot;}</tag><style>Normal</style><family>Arial</family><weight>Normal</weight><size>10</size><decoration>None</decoration><author>kjqui1</author><identity>kjqui1:30/07/2010 1:27:30 PM</identity><target>presentationSpace</target><privacy>public</privacy><slide>1142421</slide><color>#FF000000</color></textbox></message><message xml:lang='en' to='1142421@conference.deified.adm.monash.edu.au' from='kjqui1@deified.adm.monash.edu.au' type='groupchat' time='1280456648226'><textbox xmlns='monash:metl'><height>NaN</height><width>NaN</width><caret>33</caret><x>28.8359788359788</x><y>63.4920634920635</y><text>* good communication skills
* re</text><tag>{&quot;author&quot;:&quot;kjqui1&quot;,&quot;privacy&quot;:&quot;public&quot;,&quot;id&quot;:&quot;kjqui1:30/07/2010 1:27:30 PM&quot;}</tag><style>Normal</style><family>Arial</family><weight>Normal</weight><size>10</size><decoration>None</decoration><author>kjqui1</author><identity>kjqui1:30/07/2010 1:27:30 PM</identity><target>presentationSpace</target><privacy>public</privacy><slide>1142421</slide><color>#FF000000</color></textbox></message><message xml:lang='en' to='1142421@conference.deified.adm.monash.edu.au' from='kjqui1@deified.adm.monash.edu.au' type='groupchat' time='1280456651003'><textbox xmlns='monash:metl'><height>NaN</height><width>NaN</width><caret>33</caret><x>28.8359788359788</x><y>63.4920634920635</y><text>* good communication skills
* re</text><tag>{&quot;author&quot;:&quot;kjqui1&quot;,&quot;privacy&quot;:&quot;public&quot;,&quot;id&quot;:&quot;kjqui1:30/07/2010 1:27:30 PM&quot;}</tag><style>Normal</style><family>Arial</family><weight>Normal</weight><size>10</size><decoration>None</decoration><author>kjqui1</author><identity>kjqui1:30/07/2010 1:27:30 PM</identity><target>presentationSpace</target><privacy>public</privacy><slide>1142421</slide><color>#FF000000</color></textbox></message><message xml:lang='en' to='1142421@conference.deified.adm.monash.edu.au' from='kjqui1@deified.adm.monash.edu.au' type='groupchat' time='1280456653189'><textbox xmlns='monash:metl'><height>NaN</height><width>NaN</width><caret>34</caret><x>28.8359788359788</x><y>63.4920634920635</y><text>* good communication skills
* res</text><tag>{&quot;author&quot;:&quot;kjqui1&quot;,&quot;privacy&quot;:&quot;public&quot;,&quot;id&quot;:&quot;kjqui1:30/07/2010 1:27:30 PM&quot;}</tag><style>Normal</style><family>Arial</family><weight>Normal</weight><size>10</size><decoration>None</decoration><author>kjqui1</author><identity>kjqui1:30/07/2010 1:27:30 PM</identity><target>presentationSpace</target><privacy>public</privacy><slide>1142421</slide><color>#FF000000</color></textbox></message><message xml:lang='en' to='1142421@conference.deified.adm.monash.edu.au' from='kjqui1@deified.adm.monash.edu.au' type='groupchat' time='1280456654498'><textbox xmlns='monash:metl'><height>NaN</height><width>NaN</width><caret>35</caret><x>28.8359788359788</x><y>63.4920634920635</y><text>* good communication skills
* resp</text><tag>{&quot;author&quot;:&quot;kjqui1&quot;,&quot;privacy&quot;:&quot;public&quot;,&quot;id&quot;:&quot;kjqui1:30/07/2010 1:27:30 PM&quot;}</tag><style>Normal</style><family>Arial</family><weight>Normal</weight><size>10</size><decoration>None</decoration><author>kjqui1</author><identity>kjqui1:30/07/2010 1:27:30 PM</identity><target>presentationSpace</target><privacy>public</privacy><slide>1142421</slide><color>#FF000000</color></textbox></message><message xml:lang='en' to='1142421@conference.deified.adm.monash.edu.au' from='kjqui1@deified.adm.monash.edu.au' type='groupchat' time='1280456655652'><textbox xmlns='monash:metl'><height>NaN</height><width>NaN</width><caret>38</caret><x>28.8359788359788</x><y>63.4920634920635</y><text>* good communication skills
* respect</text><tag>{&quot;author&quot;:&quot;kjqui1&quot;,&quot;privacy&quot;:&quot;public&quot;,&quot;id&quot;:&quot;kjqui1:30/07/2010 1:27:30 PM&quot;}</tag><style>Normal</style><family>Arial</family><weight>Normal</weight><size>10</size><decoration>None</decoration><author>kjqui1</author><identity>kjqui1:30/07/2010 1:27:30 PM</identity><target>presentationSpace</target><privacy>public</privacy><slide>1142421</slide><color>#FF000000</color></textbox></message><message xml:lang='en' to='1142421@conference.deified.adm.monash.edu.au' from='kjqui1@deified.adm.monash.edu.au' type='groupchat' time='1280456657118'><textbox xmlns='monash:metl'><height>NaN</height><width>NaN</width><caret>41</caret><x>28.8359788359788</x><y>63.4920634920635</y><text>* good communication skills
* respectful</text><tag>{&quot;author&quot;:&quot;kjqui1&quot;,&quot;privacy&quot;:&quot;public&quot;,&quot;id&quot;:&quot;kjqui1:30/07/2010 1:27:30 PM&quot;}</tag><style>Normal</style><family>Arial</family><weight>Normal</weight><size>10</size><decoration>None</decoration><author>kjqui1</author><identity>kjqui1:30/07/2010 1:27:30 PM</identity><target>presentationSpace</target><privacy>public</privacy><slide>1142421</slide><color>#FF000000</color></textbox></message><message xml:lang='en' to='1142421@conference.deified.adm.monash.edu.au' from='kjqui1@deified.adm.monash.edu.au' type='groupchat' time='1280456658431'><textbox xmlns='monash:metl'><height>NaN</height><width>NaN</width><caret>38</caret><x>28.8359788359788</x><y>63.4920634920635</y><text>* good communication skills
* respect</text><tag>{&quot;author&quot;:&quot;kjqui1&quot;,&quot;privacy&quot;:&quot;public&quot;,&quot;id&quot;:&quot;kjqui1:30/07/2010 1:27:30 PM&quot;}</tag><style>Normal</style><family>Arial</family><weight>Normal</weight><size>10</size><decoration>None</decoration><author>kjqui1</author><identity>kjqui1:30/07/2010 1:27:30 PM</identity><target>presentationSpace</target><privacy>public</privacy><slide>1142421</slide><color>#FF000000</color></textbox></message><message xml:lang='en' to='1142421@conference.deified.adm.monash.edu.au' from='kjqui1@deified.adm.monash.edu.au' type='groupchat' time='1280456660975'><textbox xmlns='monash:metl'><height>NaN</height><width>NaN</width><caret>39</caret><x>28.8359788359788</x><y>63.4920634920635</y><text>* good communication skills
* respect </text><tag>{&quot;author&quot;:&quot;kjqui1&quot;,&quot;privacy&quot;:&quot;public&quot;,&quot;id&quot;:&quot;kjqui1:30/07/2010 1:27:30 PM&quot;}</tag><style>Normal</style><family>Arial</family><weight>Normal</weight><size>10</size><decoration>None</decoration><author>kjqui1</author><identity>kjqui1:30/07/2010 1:27:30 PM</identity><target>presentationSpace</target><privacy>public</privacy><slide>1142421</slide><color>#FF000000</color></textbox></message><message xml:lang='en' to='1142421@conference.deified.adm.monash.edu.au' from='kjqui1@deified.adm.monash.edu.au' type='groupchat' time='1280456664837'><textbox xmlns='monash:metl'><height>NaN</height><width>NaN</width><caret>40</caret><x>28.8359788359788</x><y>63.4920634920635</y><text>* good communication skills
* respect (</text><tag>{&quot;author&quot;:&quot;kjqui1&quot;,&quot;privacy&quot;:&quot;public&quot;,&quot;id&quot;:&quot;kjqui1:30/07/2010 1:27:30 PM&quot;}</tag><style>Normal</style><family>Arial</family><weight>Normal</weight><size>10</size><decoration>None</decoration><author>kjqui1</author><identity>kjqui1:30/07/2010 1:27:30 PM</identity><target>presentationSpace</target><privacy>public</privacy><slide>1142421</slide><color>#FF000000</color></textbox></message><message xml:lang='en' to='1142421@conference.deified.adm.monash.edu.au' from='kjqui1@deified.adm.monash.edu.au' type='groupchat' time='1280456668351'><textbox xmlns='monash:metl'><height>NaN</height><width>NaN</width><caret>58</caret><x>28.8359788359788</x><y>63.4920634920635</y><text>* good communication skills
* respect (for other cultures</text><tag>{&quot;author&quot;:&quot;kjqui1&quot;,&quot;privacy&quot;:&quot;public&quot;,&quot;id&quot;:&quot;kjqui1:30/07/2010 1:27:30 PM&quot;}</tag><style>Normal</style><family>Arial</family><weight>Normal</weight><size>10</size><decoration>None</decoration><author>kjqui1</author><identity>kjqui1:30/07/2010 1:27:30 PM</identity><target>presentationSpace</target><privacy>public</privacy><slide>1142421</slide><color>#FF000000</color></textbox></message><message xml:lang='en' to='1142421@conference.deified.adm.monash.edu.au' from='kjqui1@deified.adm.monash.edu.au' type='groupchat' time='1280456669222'><textbox xmlns='monash:metl'><height>NaN</height><width>NaN</width><caret>59</caret><x>28.8359788359788</x><y>63.4920634920635</y><text>* good communication skills
* respect (for other cultures)</text><tag>{&quot;author&quot;:&quot;kjqui1&quot;,&quot;privacy&quot;:&quot;public&quot;,&quot;id&quot;:&quot;kjqui1:30/07/2010 1:27:30 PM&quot;}</tag><style>Normal</style><family>Arial</family><weight>Normal</weight><size>10</size><decoration>None</decoration><author>kjqui1</author><identity>kjqui1:30/07/2010 1:27:30 PM</identity><target>presentationSpace</target><privacy>public</privacy><slide>1142421</slide><color>#FF000000</color></textbox></message><message xml:lang='en' to='1142421@conference.deified.adm.monash.edu.au' from='kjqui1@deified.adm.monash.edu.au' type='groupchat' time='1280456670126'><textbox xmlns='monash:metl'><height>NaN</height><width>NaN</width><caret>61</caret><x>28.8359788359788</x><y>63.4920634920635</y><text>* good communication skills
* respect (for other cultures)
</text><tag>{&quot;author&quot;:&quot;kjqui1&quot;,&quot;privacy&quot;:&quot;public&quot;,&quot;id&quot;:&quot;kjqui1:30/07/2010 1:27:30 PM&quot;}</tag><style>Normal</style><family>Arial</family><weight>Normal</weight><size>10</size><decoration>None</decoration><author>kjqui1</author><identity>kjqui1:30/07/2010 1:27:30 PM</identity><target>presentationSpace</target><privacy>public</privacy><slide>1142421</slide><color>#FF000000</color></textbox></message><message xml:lang='en' to='1142421@conference.deified.adm.monash.edu.au' from='kjqui1@deified.adm.monash.edu.au' type='groupchat' time='1280456671764'><textbox xmlns='monash:metl'><height>NaN</height><width>NaN</width><caret>63</caret><x>28.8359788359788</x><y>63.4920634920635</y><text>* good communication skills
* respect (for other cultures)
* </text><tag>{&quot;author&quot;:&quot;kjqui1&quot;,&quot;privacy&quot;:&quot;public&quot;,&quot;id&quot;:&quot;kjqui1:30/07/2010 1:27:30 PM&quot;}</tag><style>Normal</style><family>Arial</family><weight>Normal</weight><size>10</size><decoration>None</decoration><author>kjqui1</author><identity>kjqui1:30/07/2010 1:27:30 PM</identity><target>presentationSpace</target><privacy>public</privacy><slide>1142421</slide><color>#FF000000</color></textbox></message><message xml:lang='en' to='1142421@conference.deified.adm.monash.edu.au' from='kjqui1@deified.adm.monash.edu.au' type='groupchat' time='1280456673376'><textbox xmlns='monash:metl'><height>NaN</height><width>NaN</width><caret>67</caret><x>28.8359788359788</x><y>63.4920634920635</y><text>* good communication skills
* respect (for other cultures)
* adap</text><tag>{&quot;author&quot;:&quot;kjqui1&quot;,&quot;privacy&quot;:&quot;public&quot;,&quot;id&quot;:&quot;kjqui1:30/07/2010 1:27:30 PM&quot;}</tag><style>Normal</style><family>Arial</family><weight>Normal</weight><size>10</size><decoration>None</decoration><author>kjqui1</author><identity>kjqui1:30/07/2010 1:27:30 PM</identity><target>presentationSpace</target><privacy>public</privacy><slide>1142421</slide><color>#FF000000</color></textbox></message><message xml:lang='en' to='1142421@conference.deified.adm.monash.edu.au' from='kjqui1@deified.adm.monash.edu.au' type='groupchat' time='1280456676069'><textbox xmlns='monash:metl'><height>NaN</height><width>NaN</width><caret>71</caret><x>28.8359788359788</x><y>63.4920634920635</y><text>* good communication skills
* respect (for other cultures)
* adaptive</text><tag>{&quot;author&quot;:&quot;kjqui1&quot;,&quot;privacy&quot;:&quot;public&quot;,&quot;id&quot;:&quot;kjqui1:30/07/2010 1:27:30 PM&quot;}</tag><style>Normal</style><family>Arial</family><weight>Normal</weight><size>10</size><decoration>None</decoration><author>kjqui1</author><identity>kjqui1:30/07/2010 1:27:30 PM</identity><target>presentationSpace</target><privacy>public</privacy><slide>1142421</slide><color>#FF000000</color></textbox></message><message xml:lang='en' to='1142421@conference.deified.adm.monash.edu.au' from='kjqui1@deified.adm.monash.edu.au' type='groupchat' time='1280456677416'><textbox xmlns='monash:metl'><height>NaN</height><width>NaN</width><caret>72</caret><x>28.8359788359788</x><y>63.4920634920635</y><text>* good communication skills
* respect (for other cultures)
* adaptive </text><tag>{&quot;author&quot;:&quot;kjqui1&quot;,&quot;privacy&quot;:&quot;public&quot;,&quot;id&quot;:&quot;kjqui1:30/07/2010 1:27:30 PM&quot;}</tag><style>Normal</style><family>Arial</family><weight>Normal</weight><size>10</size><decoration>None</decoration><author>kjqui1</author><identity>kjqui1:30/07/2010 1:27:30 PM</identity><target>presentationSpace</target><privacy>public</privacy><slide>1142421</slide><color>#FF000000</color></textbox></message><message xml:lang='en' to='1142421@conference.deified.adm.monash.edu.au' from='kjqui1@deified.adm.monash.edu.au' type='groupchat' time='1280456679471'><textbox xmlns='monash:metl'><height>NaN</height><width>NaN</width><caret>74</caret><x>28.8359788359788</x><y>63.4920634920635</y><text>* good communication skills
* respect (for other cultures)
* adaptive 
</text><tag>{&quot;author&quot;:&quot;kjqui1&quot;,&quot;privacy&quot;:&quot;public&quot;,&quot;id&quot;:&quot;kjqui1:30/07/2010 1:27:30 PM&quot;}</tag><style>Normal</style><family>Arial</family><weight>Normal</weight><size>10</size><decoration>None</decoration><author>kjqui1</author><identity>kjqui1:30/07/2010 1:27:30 PM</identity><target>presentationSpace</target><privacy>public</privacy><slide>1142421</slide><color>#FF000000</color></textbox></message><message xml:lang='en' to='1142421@conference.deified.adm.monash.edu.au' from='kjqui1@deified.adm.monash.edu.au' type='groupchat' time='1280456680160'><textbox xmlns='monash:metl'><height>NaN</height><width>NaN</width><caret>75</caret><x>28.8359788359788</x><y>63.4920634920635</y><text>* good communication skills
* respect (for other cultures)
* adaptive 
*</text><tag>{&quot;author&quot;:&quot;kjqui1&quot;,&quot;privacy&quot;:&quot;public&quot;,&quot;id&quot;:&quot;kjqui1:30/07/2010 1:27:30 PM&quot;}</tag><style>Normal</style><family>Arial</family><weight>Normal</weight><size>10</size><decoration>None</decoration><author>kjqui1</author><identity>kjqui1:30/07/2010 1:27:30 PM</identity><target>presentationSpace</target><privacy>public</privacy><slide>1142421</slide><color>#FF000000</color></textbox></message><message xml:lang='en' to='1142421@conference.deified.adm.monash.edu.au' from='kjqui1@deified.adm.monash.edu.au' type='groupchat' time='1280456682252'><textbox xmlns='monash:metl'><height>NaN</height><width>NaN</width><caret>80</caret><x>28.8359788359788</x><y>63.4920634920635</y><text>* good communication skills
* respect (for other cultures)
* adaptive 
*resil</text><tag>{&quot;author&quot;:&quot;kjqui1&quot;,&quot;privacy&quot;:&quot;public&quot;,&quot;id&quot;:&quot;kjqui1:30/07/2010 1:27:30 PM&quot;}</tag><style>Normal</style><family>Arial</family><weight>Normal</weight><size>10</size><decoration>None</decoration><author>kjqui1</author><identity>kjqui1:30/07/2010 1:27:30 PM</identity><target>presentationSpace</target><privacy>public</privacy><slide>1142421</slide><color>#FF000000</color></textbox></message><message xml:lang='en' to='1142421@conference.deified.adm.monash.edu.au' from='kjqui1@deified.adm.monash.edu.au' type='groupchat' time='1280456683777'><textbox xmlns='monash:metl'><height>NaN</height><width>NaN</width><caret>81</caret><x>28.8359788359788</x><y>63.4920634920635</y><text>* good communication skills
* respect (for other cultures)
* adaptive 
*resili</text><tag>{&quot;author&quot;:&quot;kjqui1&quot;,&quot;privacy&quot;:&quot;public&quot;,&quot;id&quot;:&quot;kjqui1:30/07/2010 1:27:30 PM&quot;}</tag><style>Normal</style><family>Arial</family><weight>Normal</weight><size>10</size><decoration>None</decoration><author>kjqui1</author><identity>kjqui1:30/07/2010 1:27:30 PM</identity><target>presentationSpace</target><privacy>public</privacy><slide>1142421</slide><color>#FF000000</color></textbox></message><message xml:lang='en' to='1142421@conference.deified.adm.monash.edu.au' from='kjqui1@deified.adm.monash.edu.au' type='groupchat' time='1280456692262'><textbox xmlns='monash:metl'><height>NaN</height><width>NaN</width><caret>80</caret><x>28.8359788359788</x><y>63.4920634920635</y><text>* good communication skills
* respect (for other cultures)
* adaptive 
*resil</text><tag>{&quot;author&quot;:&quot;kjqui1&quot;,&quot;privacy&quot;:&quot;public&quot;,&quot;id&quot;:&quot;kjqui1:30/07/2010 1:27:30 PM&quot;}</tag><style>Normal</style><family>Arial</family><weight>Normal</weight><size>10</size><decoration>None</decoration><author>kjqui1</author><identity>kjqui1:30/07/2010 1:27:30 PM</identity><target>presentationSpace</target><privacy>public</privacy><slide>1142421</slide><color>#FF000000</color></textbox></message><message xml:lang='en' to='1142421@conference.deified.adm.monash.edu.au' from='kjqui1@deified.adm.monash.edu.au' type='groupchat' time='1280456694495'><textbox xmlns='monash:metl'><height>NaN</height><width>NaN</width><caret>82</caret><x>28.8359788359788</x><y>63.4920634920635</y><text>* good communication skills
* respect (for other cultures)
* adaptive 
*resilie</text><tag>{&quot;author&quot;:&quot;kjqui1&quot;,&quot;privacy&quot;:&quot;public&quot;,&quot;id&quot;:&quot;kjqui1:30/07/2010 1:27:30 PM&quot;}</tag><style>Normal</style><family>Arial</family><weight>Normal</weight><size>10</size><decoration>None</decoration><author>kjqui1</author><identity>kjqui1:30/07/2010 1:27:30 PM</identity><target>presentationSpace</target><privacy>public</privacy><slide>1142421</slide><color>#FF000000</color></textbox></message><message xml:lang='en' to='1142421@conference.deified.adm.monash.edu.au' from='kjqui1@deified.adm.monash.edu.au' type='groupchat' time='1280456695713'><textbox xmlns='monash:metl'><height>NaN</height><width>NaN</width><caret>81</caret><x>28.8359788359788</x><y>63.4920634920635</y><text>* good communication skills
* respect (for other cultures)
* adaptive 
*resili</text><tag>{&quot;author&quot;:&quot;kjqui1&quot;,&quot;privacy&quot;:&quot;public&quot;,&quot;id&quot;:&quot;kjqui1:30/07/2010 1:27:30 PM&quot;}</tag><style>Normal</style><family>Arial</family><weight>Normal</weight><size>10</size><decoration>None</decoration><author>kjqui1</author><identity>kjqui1:30/07/2010 1:27:30 PM</identity><target>presentationSpace</target><privacy>public</privacy><slide>1142421</slide><color>#FF000000</color></textbox></message><message xml:lang='en' to='1142421@conference.deified.adm.monash.edu.au' from='kjqui1@deified.adm.monash.edu.au' type='groupchat' time='1280456699349'><textbox xmlns='monash:metl'><height>NaN</height><width>NaN</width><caret>85</caret><x>28.8359788359788</x><y>63.4920634920635</y><text>* good communication skills
* respect (for other cultures)
* adaptive 
*resiliant </text><tag>{&quot;author&quot;:&quot;kjqui1&quot;,&quot;privacy&quot;:&quot;public&quot;,&quot;id&quot;:&quot;kjqui1:30/07/2010 1:27:30 PM&quot;}</tag><style>Normal</style><family>Arial</family><weight>Normal</weight><size>10</size><decoration>None</decoration><author>kjqui1</author><identity>kjqui1:30/07/2010 1:27:30 PM</identity><target>presentationSpace</target><privacy>public</privacy><slide>1142421</slide><color>#FF000000</color></textbox></message><message xml:lang='en' to='1142421@conference.deified.adm.monash.edu.au' from='krichard@deified.adm.monash.edu.au' type='groupchat' time='1280456699797'><dirtyInk xmlns='monash:metl'><author>krichard</author><slide>1142421</slide><target>presentationSpace</target><privacy>public</privacy><identity>32899.3</identity></dirtyInk></message><message xml:lang='en' to='1142421@conference.deified.adm.monash.edu.au' from='kjqui1@deified.adm.monash.edu.au' type='groupchat' time='1280456703589'><textbox xmlns='monash:metl'><height>NaN</height><width>NaN</width><caret>78</caret><x>28.8359788359788</x><y>63.4920634920635</y><text>* good communication skills
* respect (for other cultures)
* adaptive 
* resiliant </text><tag>{&quot;author&quot;:&quot;kjqui1&quot;,&quot;privacy&quot;:&quot;public&quot;,&quot;id&quot;:&quot;kjqui1:30/07/2010 1:27:30 PM&quot;}</tag><style>Normal</style><family>Arial</family><weight>Normal</weight><size>10</size><decoration>None</decoration><author>kjqui1</author><identity>kjqui1:30/07/2010 1:27:30 PM</identity><target>presentationSpace</target><privacy>public</privacy><slide>1142421</slide><color>#FF000000</color></textbox></message><message xml:lang='en' to='1142421@conference.deified.adm.monash.edu.au' from='kjqui1@deified.adm.monash.edu.au' type='groupchat' time='1280456724742'><textbox xmlns='monash:metl'><height>NaN</height><width>NaN</width><caret>82</caret><x>28.8359788359788</x><y>63.4920634920635</y><text>* good communication skills
* respect (for other cultures)
* adaptive 
* resili</text><tag>{&quot;author&quot;:&quot;kjqui1&quot;,&quot;privacy&quot;:&quot;public&quot;,&quot;id&quot;:&quot;kjqui1:30/07/2010 1:27:30 PM&quot;}</tag><style>Normal</style><family>Arial</family><weight>Normal</weight><size>10</size><decoration>None</decoration><author>kjqui1</author><identity>kjqui1:30/07/2010 1:27:30 PM</identity><target>presentationSpace</target><privacy>public</privacy><slide>1142421</slide><color>#FF000000</color></textbox></message><message xml:lang='en' to='1142421@conference.deified.adm.monash.edu.au' from='kjqui1@deified.adm.monash.edu.au' type='groupchat' time='1280456726255'><textbox xmlns='monash:metl'><height>NaN</height><width>NaN</width><caret>86</caret><x>28.8359788359788</x><y>63.4920634920635</y><text>* good communication skills
* respect (for other cultures)
* adaptive 
* resilient </text><tag>{&quot;author&quot;:&quot;kjqui1&quot;,&quot;privacy&quot;:&quot;public&quot;,&quot;id&quot;:&quot;kjqui1:30/07/2010 1:27:30 PM&quot;}</tag><style>Normal</style><family>Arial</family><weight>Normal</weight><size>10</size><decoration>None</decoration><author>kjqui1</author><identity>kjqui1:30/07/2010 1:27:30 PM</identity><target>presentationSpace</target><privacy>public</privacy><slide>1142421</slide><color>#FF000000</color></textbox></message><message xml:lang='en' to='1142421@conference.deified.adm.monash.edu.au' from='kjqui1@deified.adm.monash.edu.au' type='groupchat' time='1280456749426'><textbox xmlns='monash:metl'><height>NaN</height><width>NaN</width><caret>90</caret><x>28.8359788359788</x><y>63.4920634920635</y><text>* good communication skills
* respect (for other cultures)
* adaptive 
* resilient 

</text><tag>{&quot;author&quot;:&quot;kjqui1&quot;,&quot;privacy&quot;:&quot;public&quot;,&quot;id&quot;:&quot;kjqui1:30/07/2010 1:27:30 PM&quot;}</tag><style>Normal</style><family>Arial</family><weight>Normal</weight><size>10</size><decoration>None</decoration><author>kjqui1</author><identity>kjqui1:30/07/2010 1:27:30 PM</identity><target>presentationSpace</target><privacy>public</privacy><slide>1142421</slide><color>#FF000000</color></textbox></message><message xml:lang='en' to='1142421@conference.deified.adm.monash.edu.au' from='kjqui1@deified.adm.monash.edu.au' type='groupchat' time='1280456750404'><textbox xmlns='monash:metl'><height>NaN</height><width>NaN</width><caret>88</caret><x>28.8359788359788</x><y>63.4920634920635</y><text>* good communication skills
* respect (for other cultures)
* adaptive 
* resilient 
</text><tag>{&quot;author&quot;:&quot;kjqui1&quot;,&quot;privacy&quot;:&quot;public&quot;,&quot;id&quot;:&quot;kjqui1:30/07/2010 1:27:30 PM&quot;}</tag><style>Normal</style><family>Arial</family><weight>Normal</weight><size>10</size><decoration>None</decoration><author>kjqui1</author><identity>kjqui1:30/07/2010 1:27:30 PM</identity><target>presentationSpace</target><privacy>public</privacy><slide>1142421</slide><color>#FF000000</color></textbox></message><message xml:lang='en' to='1142421@conference.deified.adm.monash.edu.au' from='kjqui1@deified.adm.monash.edu.au' type='groupchat' time='1280456751699'><textbox xmlns='monash:metl'><height>NaN</height><width>NaN</width><caret>89</caret><x>28.8359788359788</x><y>63.4920634920635</y><text>* good communication skills
* respect (for other cultures)
* adaptive 
* resilient 
*</text><tag>{&quot;author&quot;:&quot;kjqui1&quot;,&quot;privacy&quot;:&quot;public&quot;,&quot;id&quot;:&quot;kjqui1:30/07/2010 1:27:30 PM&quot;}</tag><style>Normal</style><family>Arial</family><weight>Normal</weight><size>10</size><decoration>None</decoration><author>kjqui1</author><identity>kjqui1:30/07/2010 1:27:30 PM</identity><target>presentationSpace</target><privacy>public</privacy><slide>1142421</slide><color>#FF000000</color></textbox></message><message xml:lang='en' to='1142421@conference.deified.adm.monash.edu.au' from='kjqui1@deified.adm.monash.edu.au' type='groupchat' time='1280456752618'><textbox xmlns='monash:metl'><height>NaN</height><width>NaN</width><caret>90</caret><x>28.8359788359788</x><y>63.4920634920635</y><text>* good communication skills
* respect (for other cultures)
* adaptive 
* resilient 
* </text><tag>{&quot;author&quot;:&quot;kjqui1&quot;,&quot;privacy&quot;:&quot;public&quot;,&quot;id&quot;:&quot;kjqui1:30/07/2010 1:27:30 PM&quot;}</tag><style>Normal</style><family>Arial</family><weight>Normal</weight><size>10</size><decoration>None</decoration><author>kjqui1</author><identity>kjqui1:30/07/2010 1:27:30 PM</identity><target>presentationSpace</target><privacy>public</privacy><slide>1142421</slide><color>#FF000000</color></textbox></message><message xml:lang='en' to='1142421@conference.deified.adm.monash.edu.au' from='kjqui1@deified.adm.monash.edu.au' type='groupchat' time='1280456756084'><textbox xmlns='monash:metl'><height>NaN</height><width>NaN</width><caret>94</caret><x>28.8359788359788</x><y>63.4920634920635</y><text>* good communication skills
* respect (for other cultures)
* adaptive 
* resilient 
* qual</text><tag>{&quot;author&quot;:&quot;kjqui1&quot;,&quot;privacy&quot;:&quot;public&quot;,&quot;id&quot;:&quot;kjqui1:30/07/2010 1:27:30 PM&quot;}</tag><style>Normal</style><family>Arial</family><weight>Normal</weight><size>10</size><decoration>None</decoration><author>kjqui1</author><identity>kjqui1:30/07/2010 1:27:30 PM</identity><target>presentationSpace</target><privacy>public</privacy><slide>1142421</slide><color>#FF000000</color></textbox></message><message xml:lang='en' to='1142421@conference.deified.adm.monash.edu.au' from='kjqui1@deified.adm.monash.edu.au' type='groupchat' time='1280456756789'><textbox xmlns='monash:metl'><height>NaN</height><width>NaN</width><caret>95</caret><x>28.8359788359788</x><y>63.4920634920635</y><text>* good communication skills
* respect (for other cultures)
* adaptive 
* resilient 
* quali</text><tag>{&quot;author&quot;:&quot;kjqui1&quot;,&quot;privacy&quot;:&quot;public&quot;,&quot;id&quot;:&quot;kjqui1:30/07/2010 1:27:30 PM&quot;}</tag><style>Normal</style><family>Arial</family><weight>Normal</weight><size>10</size><decoration>None</decoration><author>kjqui1</author><identity>kjqui1:30/07/2010 1:27:30 PM</identity><target>presentationSpace</target><privacy>public</privacy><slide>1142421</slide><color>#FF000000</color></textbox></message><message xml:lang='en' to='1142421@conference.deified.adm.monash.edu.au' from='kjqui1@deified.adm.monash.edu.au' type='groupchat' time='1280456758849'><textbox xmlns='monash:metl'><height>NaN</height><width>NaN</width><caret>104</caret><x>28.8359788359788</x><y>63.4920634920635</y><text>* good communication skills
* respect (for other cultures)
* adaptive 
* resilient 
* qualifications</text><tag>{&quot;author&quot;:&quot;kjqui1&quot;,&quot;privacy&quot;:&quot;public&quot;,&quot;id&quot;:&quot;kjqui1:30/07/2010 1:27:30 PM&quot;}</tag><style>Normal</style><family>Arial</family><weight>Normal</weight><size>10</size><decoration>None</decoration><author>kjqui1</author><identity>kjqui1:30/07/2010 1:27:30 PM</identity><target>presentationSpace</target><privacy>public</privacy><slide>1142421</slide><color>#FF000000</color></textbox></message><message xml:lang='en' to='1142421@conference.deified.adm.monash.edu.au' from='kjqui1@deified.adm.monash.edu.au' type='groupchat' time='1280456761513'><textbox xmlns='monash:metl'><height>NaN</height><width>NaN</width><caret>105</caret><x>28.8359788359788</x><y>63.4920634920635</y><text>* good communication skills
* respect (for other cultures)
* adaptive 
* resilient 
* qualifications,</text><tag>{&quot;author&quot;:&quot;kjqui1&quot;,&quot;privacy&quot;:&quot;public&quot;,&quot;id&quot;:&quot;kjqui1:30/07/2010 1:27:30 PM&quot;}</tag><style>Normal</style><family>Arial</family><weight>Normal</weight><size>10</size><decoration>None</decoration><author>kjqui1</author><identity>kjqui1:30/07/2010 1:27:30 PM</identity><target>presentationSpace</target><privacy>public</privacy><slide>1142421</slide><color>#FF000000</color></textbox></message><message xml:lang='en' to='1142421@conference.deified.adm.monash.edu.au' from='kjqui1@deified.adm.monash.edu.au' type='groupchat' time='1280456764555'><textbox xmlns='monash:metl'><height>NaN</height><width>NaN</width><caret>112</caret><x>28.8359788359788</x><y>63.4920634920635</y><text>* good communication skills
* respect (for other cultures)
* adaptive 
* resilient 
* qualifications, skills</text><tag>{&quot;author&quot;:&quot;kjqui1&quot;,&quot;privacy&quot;:&quot;public&quot;,&quot;id&quot;:&quot;kjqui1:30/07/2010 1:27:30 PM&quot;}</tag><style>Normal</style><family>Arial</family><weight>Normal</weight><size>10</size><decoration>None</decoration><author>kjqui1</author><identity>kjqui1:30/07/2010 1:27:30 PM</identity><target>presentationSpace</target><privacy>public</privacy><slide>1142421</slide><color>#FF000000</color></textbox></message><message xml:lang='en' to='1142421@conference.deified.adm.monash.edu.au' from='kjqui1@deified.adm.monash.edu.au' type='groupchat' time='1280456767484'><textbox xmlns='monash:metl'><height>NaN</height><width>NaN</width><caret>114</caret><x>28.8359788359788</x><y>63.4920634920635</y><text>* good communication skills
* respect (for other cultures)
* adaptive 
* resilient 
* qualifications, skills
</text><tag>{&quot;author&quot;:&quot;kjqui1&quot;,&quot;privacy&quot;:&quot;public&quot;,&quot;id&quot;:&quot;kjqui1:30/07/2010 1:27:30 PM&quot;}</tag><style>Normal</style><family>Arial</family><weight>Normal</weight><size>10</size><decoration>None</decoration><author>kjqui1</author><identity>kjqui1:30/07/2010 1:27:30 PM</identity><target>presentationSpace</target><privacy>public</privacy><slide>1142421</slide><color>#FF000000</color></textbox></message><message xml:lang='en' to='1142421@conference.deified.adm.monash.edu.au' from='kjqui1@deified.adm.monash.edu.au' type='groupchat' time='1280456775240'><textbox xmlns='monash:metl'><height>NaN</height><width>NaN</width><caret>115</caret><x>28.8359788359788</x><y>63.4920634920635</y><text>* good communication skills
* respect (for other cultures)
* adaptive 
* resilient 
* qualifications, skills
*</text><tag>{&quot;author&quot;:&quot;kjqui1&quot;,&quot;privacy&quot;:&quot;public&quot;,&quot;id&quot;:&quot;kjqui1:30/07/2010 1:27:30 PM&quot;}</tag><style>Normal</style><family>Arial</family><weight>Normal</weight><size>10</size><decoration>None</decoration><author>kjqui1</author><identity>kjqui1:30/07/2010 1:27:30 PM</identity><target>presentationSpace</target><privacy>public</privacy><slide>1142421</slide><color>#FF000000</color></textbox></message><message xml:lang='en' to='1142421@conference.deified.adm.monash.edu.au' from='kjqui1@deified.adm.monash.edu.au' type='groupchat' time='1280456775958'><textbox xmlns='monash:metl'><height>NaN</height><width>NaN</width><caret>116</caret><x>28.8359788359788</x><y>63.4920634920635</y><text>* good communication skills
* respect (for other cultures)
* adaptive 
* resilient 
* qualifications, skills
* </text><tag>{&quot;author&quot;:&quot;kjqui1&quot;,&quot;privacy&quot;:&quot;public&quot;,&quot;id&quot;:&quot;kjqui1:30/07/2010 1:27:30 PM&quot;}</tag><style>Normal</style><family>Arial</family><weight>Normal</weight><size>10</size><decoration>None</decoration><author>kjqui1</author><identity>kjqui1:30/07/2010 1:27:30 PM</identity><target>presentationSpace</target><privacy>public</privacy><slide>1142421</slide><color>#FF000000</color></textbox></message><message xml:lang='en' to='1142421@conference.deified.adm.monash.edu.au' from='kjqui1@deified.adm.monash.edu.au' type='groupchat' time='1280456832263'><textbox xmlns='monash:metl'><height>NaN</height><width>NaN</width><caret>70</caret><x>28.8359788359788</x><y>63.4920634920635</y><text>* good communication skills
* respect (for other cultures, traditions)
* adaptive 
* resilient 
* qualifications, skills
* </text><tag>{&quot;author&quot;:&quot;kjqui1&quot;,&quot;privacy&quot;:&quot;public&quot;,&quot;id&quot;:&quot;kjqui1:30/07/2010 1:27:30 PM&quot;}</tag><style>Normal</style><family>Arial</family><weight>Normal</weight><size>10</size><decoration>None</decoration><author>kjqui1</author><identity>kjqui1:30/07/2010 1:27:30 PM</identity><target>presentationSpace</target><privacy>public</privacy><slide>1142421</slide><color>#FF000000</color></textbox></message><message xml:lang='en' to='1142421@conference.deified.adm.monash.edu.au' from='kjqui1@deified.adm.monash.edu.au' type='groupchat' time='1280456837721'><textbox xmlns='monash:metl'><height>NaN</height><width>NaN</width><caret>129</caret><x>28.8359788359788</x><y>63.4920634920635</y><text>* good communication skills
* respect (for other cultures, traditions)
* adaptive 
* resilient 
* qualifications, skills
*  </text><tag>{&quot;author&quot;:&quot;kjqui1&quot;,&quot;privacy&quot;:&quot;public&quot;,&quot;id&quot;:&quot;kjqui1:30/07/2010 1:27:30 PM&quot;}</tag><style>Normal</style><family>Arial</family><weight>Normal</weight><size>10</size><decoration>None</decoration><author>kjqui1</author><identity>kjqui1:30/07/2010 1:27:30 PM</identity><target>presentationSpace</target><privacy>public</privacy><slide>1142421</slide><color>#FF000000</color></textbox></message><message xml:lang='en' to='1142421@conference.deified.adm.monash.edu.au' from='kjqui1@deified.adm.monash.edu.au' type='groupchat' time='1280456838814'><textbox xmlns='monash:metl'><height>NaN</height><width>NaN</width><caret>128</caret><x>28.8359788359788</x><y>63.4920634920635</y><text>* good communication skills
* respect (for other cultures, traditions)
* adaptive 
* resilient 
* qualifications, skills
* </text><tag>{&quot;author&quot;:&quot;kjqui1&quot;,&quot;privacy&quot;:&quot;public&quot;,&quot;id&quot;:&quot;kjqui1:30/07/2010 1:27:30 PM&quot;}</tag><style>Normal</style><family>Arial</family><weight>Normal</weight><size>10</size><decoration>None</decoration><author>kjqui1</author><identity>kjqui1:30/07/2010 1:27:30 PM</identity><target>presentationSpace</target><privacy>public</privacy><slide>1142421</slide><color>#FF000000</color></textbox></message><message xml:lang='en' to='1142421@conference.deified.adm.monash.edu.au' from='kjqui1@deified.adm.monash.edu.au' type='groupchat' time='1280456839936'><textbox xmlns='monash:metl'><height>NaN</height><width>NaN</width><caret>128</caret><x>28.8359788359788</x><y>63.4920634920635</y><text>* good communication skills
* respect (for other cultures, traditions)
* adaptive 
* resilient 
* qualifications, skills
* </text><tag>{&quot;author&quot;:&quot;kjqui1&quot;,&quot;privacy&quot;:&quot;public&quot;,&quot;id&quot;:&quot;kjqui1:30/07/2010 1:27:30 PM&quot;}</tag><style>Normal</style><family>Arial</family><weight>Normal</weight><size>10</size><decoration>None</decoration><author>kjqui1</author><identity>kjqui1:30/07/2010 1:27:30 PM</identity><target>presentationSpace</target><privacy>public</privacy><slide>1142421</slide><color>#FF000000</color></textbox></message><message xml:lang='en' to='1142421@conference.deified.adm.monash.edu.au' from='kjqui1@deified.adm.monash.edu.au' type='groupchat' time='1280456844446'><textbox xmlns='monash:metl'><height>NaN</height><width>NaN</width><caret>130</caret><x>28.8359788359788</x><y>63.4920634920635</y><text>* good communication skills
* respect (for other cultures, traditions)
* adaptive 
* resilient 
* qualifications, skills
* wp</text><tag>{&quot;author&quot;:&quot;kjqui1&quot;,&quot;privacy&quot;:&quot;public&quot;,&quot;id&quot;:&quot;kjqui1:30/07/2010 1:27:30 PM&quot;}</tag><style>Normal</style><family>Arial</family><weight>Normal</weight><size>10</size><decoration>None</decoration><author>kjqui1</author><identity>kjqui1:30/07/2010 1:27:30 PM</identity><target>presentationSpace</target><privacy>public</privacy><slide>1142421</slide><color>#FF000000</color></textbox></message><message xml:lang='en' to='1142421@conference.deified.adm.monash.edu.au' from='kjqui1@deified.adm.monash.edu.au' type='groupchat' time='1280456850572'><textbox xmlns='monash:metl'><height>NaN</height><width>NaN</width><caret>129</caret><x>28.8359788359788</x><y>63.4920634920635</y><text>* good communication skills
* respect (for other cultures, traditions)
* adaptive 
* resilient 
* qualifications, skills
* w</text><tag>{&quot;author&quot;:&quot;kjqui1&quot;,&quot;privacy&quot;:&quot;public&quot;,&quot;id&quot;:&quot;kjqui1:30/07/2010 1:27:30 PM&quot;}</tag><style>Normal</style><family>Arial</family><weight>Normal</weight><size>10</size><decoration>None</decoration><author>kjqui1</author><identity>kjqui1:30/07/2010 1:27:30 PM</identity><target>presentationSpace</target><privacy>public</privacy><slide>1142421</slide><color>#FF000000</color></textbox></message><message xml:lang='en' to='1142421@conference.deified.adm.monash.edu.au' from='kjqui1@deified.adm.monash.edu.au' type='groupchat' time='1280456851386'><textbox xmlns='monash:metl'><height>NaN</height><width>NaN</width><caret>128</caret><x>28.8359788359788</x><y>63.4920634920635</y><text>* good communication skills
* respect (for other cultures, traditions)
* adaptive 
* resilient 
* qualifications, skills
* </text><tag>{&quot;author&quot;:&quot;kjqui1&quot;,&quot;privacy&quot;:&quot;public&quot;,&quot;id&quot;:&quot;kjqui1:30/07/2010 1:27:30 PM&quot;}</tag><style>Normal</style><family>Arial</family><weight>Normal</weight><size>10</size><decoration>None</decoration><author>kjqui1</author><identity>kjqui1:30/07/2010 1:27:30 PM</identity><target>presentationSpace</target><privacy>public</privacy><slide>1142421</slide><color>#FF000000</color></textbox></message><message xml:lang='en' to='1142421@conference.deified.adm.monash.edu.au' from='kjqui1@deified.adm.monash.edu.au' type='groupchat' time='1280456912663'><textbox xmlns='monash:metl'><height>NaN</height><width>NaN</width><caret>130</caret><x>28.8359788359788</x><y>63.4920634920635</y><text>* good communication skills
* respect (for other cultures, traditions)
* adaptive 
* resilient 
* qualifications, skills
* sa</text><tag>{&quot;author&quot;:&quot;kjqui1&quot;,&quot;privacy&quot;:&quot;public&quot;,&quot;id&quot;:&quot;kjqui1:30/07/2010 1:27:30 PM&quot;}</tag><style>Normal</style><family>Arial</family><weight>Normal</weight><size>10</size><decoration>None</decoration><author>kjqui1</author><identity>kjqui1:30/07/2010 1:27:30 PM</identity><target>presentationSpace</target><privacy>public</privacy><slide>1142421</slide><color>#FF000000</color></textbox></message><message xml:lang='en' to='1142421@conference.deified.adm.monash.edu.au' from='kjqui1@deified.adm.monash.edu.au' type='groupchat' time='1280456914968'><textbox xmlns='monash:metl'><height>NaN</height><width>NaN</width><caret>134</caret><x>28.8359788359788</x><y>63.4920634920635</y><text>* good communication skills
* respect (for other cultures, traditions)
* adaptive 
* resilient 
* qualifications, skills
* safety</text><tag>{&quot;author&quot;:&quot;kjqui1&quot;,&quot;privacy&quot;:&quot;public&quot;,&quot;id&quot;:&quot;kjqui1:30/07/2010 1:27:30 PM&quot;}</tag><style>Normal</style><family>Arial</family><weight>Normal</weight><size>10</size><decoration>None</decoration><author>kjqui1</author><identity>kjqui1:30/07/2010 1:27:30 PM</identity><target>presentationSpace</target><privacy>public</privacy><slide>1142421</slide><color>#FF000000</color></textbox></message><message xml:lang='en' to='1142421@conference.deified.adm.monash.edu.au' from='kjqui1@deified.adm.monash.edu.au' type='groupchat' time='1280456916282'><textbox xmlns='monash:metl'><height>NaN</height><width>NaN</width><caret>136</caret><x>28.8359788359788</x><y>63.4920634920635</y><text>* good communication skills
* respect (for other cultures, traditions)
* adaptive 
* resilient 
* qualifications, skills
* safety/h</text><tag>{&quot;author&quot;:&quot;kjqui1&quot;,&quot;privacy&quot;:&quot;public&quot;,&quot;id&quot;:&quot;kjqui1:30/07/2010 1:27:30 PM&quot;}</tag><style>Normal</style><family>Arial</family><weight>Normal</weight><size>10</size><decoration>None</decoration><author>kjqui1</author><identity>kjqui1:30/07/2010 1:27:30 PM</identity><target>presentationSpace</target><privacy>public</privacy><slide>1142421</slide><color>#FF000000</color></textbox></message><message xml:lang='en' to='1142421@conference.deified.adm.monash.edu.au' from='kjqui1@deified.adm.monash.edu.au' type='groupchat' time='1280456917668'><textbox xmlns='monash:metl'><height>NaN</height><width>NaN</width><caret>142</caret><x>28.8359788359788</x><y>63.4920634920635</y><text>* good communication skills
* respect (for other cultures, traditions)
* adaptive 
* resilient 
* qualifications, skills
* safety/hygiene</text><tag>{&quot;author&quot;:&quot;kjqui1&quot;,&quot;privacy&quot;:&quot;public&quot;,&quot;id&quot;:&quot;kjqui1:30/07/2010 1:27:30 PM&quot;}</tag><style>Normal</style><family>Arial</family><weight>Normal</weight><size>10</size><decoration>None</decoration><author>kjqui1</author><identity>kjqui1:30/07/2010 1:27:30 PM</identity><target>presentationSpace</target><privacy>public</privacy><slide>1142421</slide><color>#FF000000</color></textbox></message><message xml:lang='en' to='1142421@conference.deified.adm.monash.edu.au' from='kjqui1@deified.adm.monash.edu.au' type='groupchat' time='1280456920725'><textbox xmlns='monash:metl'><height>NaN</height><width>NaN</width><caret>143</caret><x>28.8359788359788</x><y>63.4920634920635</y><text>* good communication skills
* respect (for other cultures, traditions)
* adaptive 
* resilient 
* qualifications, skills
* safety/hygiene/</text><tag>{&quot;author&quot;:&quot;kjqui1&quot;,&quot;privacy&quot;:&quot;public&quot;,&quot;id&quot;:&quot;kjqui1:30/07/2010 1:27:30 PM&quot;}</tag><style>Normal</style><family>Arial</family><weight>Normal</weight><size>10</size><decoration>None</decoration><author>kjqui1</author><identity>kjqui1:30/07/2010 1:27:30 PM</identity><target>presentationSpace</target><privacy>public</privacy><slide>1142421</slide><color>#FF000000</color></textbox></message><message xml:lang='en' to='1142421@conference.deified.adm.monash.edu.au' from='kjqui1@deified.adm.monash.edu.au' type='groupchat' time='1280456923926'><textbox xmlns='monash:metl'><height>NaN</height><width>NaN</width><caret>142</caret><x>28.8359788359788</x><y>63.4920634920635</y><text>* good communication skills
* respect (for other cultures, traditions)
* adaptive 
* resilient 
* qualifications, skills
* safety/hygiene</text><tag>{&quot;author&quot;:&quot;kjqui1&quot;,&quot;privacy&quot;:&quot;public&quot;,&quot;id&quot;:&quot;kjqui1:30/07/2010 1:27:30 PM&quot;}</tag><style>Normal</style><family>Arial</family><weight>Normal</weight><size>10</size><decoration>None</decoration><author>kjqui1</author><identity>kjqui1:30/07/2010 1:27:30 PM</identity><target>presentationSpace</target><privacy>public</privacy><slide>1142421</slide><color>#FF000000</color></textbox></message><message xml:lang='en' to='1142421@conference.deified.adm.monash.edu.au' from='kjqui1@deified.adm.monash.edu.au' type='groupchat' time='1280456926156'><textbox xmlns='monash:metl'><height>NaN</height><width>NaN</width><caret>144</caret><x>28.8359788359788</x><y>63.4920634920635</y><text>* good communication skills
* respect (for other cultures, traditions)
* adaptive 
* resilient 
* qualifications, skills
* safety/hygiene
</text><tag>{&quot;author&quot;:&quot;kjqui1&quot;,&quot;privacy&quot;:&quot;public&quot;,&quot;id&quot;:&quot;kjqui1:30/07/2010 1:27:30 PM&quot;}</tag><style>Normal</style><family>Arial</family><weight>Normal</weight><size>10</size><decoration>None</decoration><author>kjqui1</author><identity>kjqui1:30/07/2010 1:27:30 PM</identity><target>presentationSpace</target><privacy>public</privacy><slide>1142421</slide><color>#FF000000</color></textbox></message><message xml:lang='en' to='1142421@conference.deified.adm.monash.edu.au' from='kjqui1@deified.adm.monash.edu.au' type='groupchat' time='1280456927296'><textbox xmlns='monash:metl'><height>NaN</height><width>NaN</width><caret>145</caret><x>28.8359788359788</x><y>63.4920634920635</y><text>* good communication skills
* respect (for other cultures, traditions)
* adaptive 
* resilient 
* qualifications, skills
* safety/hygiene
*</text><tag>{&quot;author&quot;:&quot;kjqui1&quot;,&quot;privacy&quot;:&quot;public&quot;,&quot;id&quot;:&quot;kjqui1:30/07/2010 1:27:30 PM&quot;}</tag><style>Normal</style><family>Arial</family><weight>Normal</weight><size>10</size><decoration>None</decoration><author>kjqui1</author><identity>kjqui1:30/07/2010 1:27:30 PM</identity><target>presentationSpace</target><privacy>public</privacy><slide>1142421</slide><color>#FF000000</color></textbox></message><message xml:lang='en' to='1142421@conference.deified.adm.monash.edu.au' from='kjqui1@deified.adm.monash.edu.au' type='groupchat' time='1280456928586'><textbox xmlns='monash:metl'><height>NaN</height><width>NaN</width><caret>146</caret><x>28.8359788359788</x><y>63.4920634920635</y><text>* good communication skills
* respect (for other cultures, traditions)
* adaptive 
* resilient 
* qualifications, skills
* safety/hygiene
* </text><tag>{&quot;author&quot;:&quot;kjqui1&quot;,&quot;privacy&quot;:&quot;public&quot;,&quot;id&quot;:&quot;kjqui1:30/07/2010 1:27:30 PM&quot;}</tag><style>Normal</style><family>Arial</family><weight>Normal</weight><size>10</size><decoration>None</decoration><author>kjqui1</author><identity>kjqui1:30/07/2010 1:27:30 PM</identity><target>presentationSpace</target><privacy>public</privacy><slide>1142421</slide><color>#FF000000</color></textbox></message><message xml:lang='en' to='1142421@conference.deified.adm.monash.edu.au' from='kjqui1@deified.adm.monash.edu.au' type='groupchat' time='1280457039164'><textbox xmlns='monash:metl'><height>NaN</height><width>NaN</width><caret>154</caret><x>28.8359788359788</x><y>63.4920634920635</y><text>* good communication skills
* respect (for other cultures, traditions)
* adaptive 
* resilient 
* qualifications, skills
* safety/hygiene
* problem </text><tag>{&quot;author&quot;:&quot;kjqui1&quot;,&quot;privacy&quot;:&quot;public&quot;,&quot;id&quot;:&quot;kjqui1:30/07/2010 1:27:30 PM&quot;}</tag><style>Normal</style><family>Arial</family><weight>Normal</weight><size>10</size><decoration>None</decoration><author>kjqui1</author><identity>kjqui1:30/07/2010 1:27:30 PM</identity><target>presentationSpace</target><privacy>public</privacy><slide>1142421</slide><color>#FF000000</color></textbox></message><message xml:lang='en' to='1142421@conference.deified.adm.monash.edu.au' from='kjqui1@deified.adm.monash.edu.au' type='groupchat' time='1280457040907'><textbox xmlns='monash:metl'><height>NaN</height><width>NaN</width><caret>161</caret><x>28.8359788359788</x><y>63.4920634920635</y><text>* good communication skills
* respect (for other cultures, traditions)
* adaptive 
* resilient 
* qualifications, skills
* safety/hygiene
* problem solving</text><tag>{&quot;author&quot;:&quot;kjqui1&quot;,&quot;privacy&quot;:&quot;public&quot;,&quot;id&quot;:&quot;kjqui1:30/07/2010 1:27:30 PM&quot;}</tag><style>Normal</style><family>Arial</family><weight>Normal</weight><size>10</size><decoration>None</decoration><author>kjqui1</author><identity>kjqui1:30/07/2010 1:27:30 PM</identity><target>presentationSpace</target><privacy>public</privacy><slide>1142421</slide><color>#FF000000</color></textbox></message><message xml:lang='en' to='1142421@conference.deified.adm.monash.edu.au' from='kjqui1@deified.adm.monash.edu.au' type='groupchat' time='1280457042139'><textbox xmlns='monash:metl'><height>NaN</height><width>NaN</width><caret>162</caret><x>28.8359788359788</x><y>63.4920634920635</y><text>* good communication skills
* respect (for other cultures, traditions)
* adaptive 
* resilient 
* qualifications, skills
* safety/hygiene
* problem solving </text><tag>{&quot;author&quot;:&quot;kjqui1&quot;,&quot;privacy&quot;:&quot;public&quot;,&quot;id&quot;:&quot;kjqui1:30/07/2010 1:27:30 PM&quot;}</tag><style>Normal</style><family>Arial</family><weight>Normal</weight><size>10</size><decoration>None</decoration><author>kjqui1</author><identity>kjqui1:30/07/2010 1:27:30 PM</identity><target>presentationSpace</target><privacy>public</privacy><slide>1142421</slide><color>#FF000000</color></textbox></message><message xml:lang='en' to='1142421@conference.deified.adm.monash.edu.au' from='kjqui1@deified.adm.monash.edu.au' type='groupchat' time='1280457044168'><textbox xmlns='monash:metl'><height>NaN</height><width>NaN</width><caret>166</caret><x>28.8359788359788</x><y>63.4920634920635</y><text>* good communication skills
* respect (for other cultures, traditions)
* adaptive 
* resilient 
* qualifications, skills
* safety/hygiene
* problem solving 
* </text><tag>{&quot;author&quot;:&quot;kjqui1&quot;,&quot;privacy&quot;:&quot;public&quot;,&quot;id&quot;:&quot;kjqui1:30/07/2010 1:27:30 PM&quot;}</tag><style>Normal</style><family>Arial</family><weight>Normal</weight><size>10</size><decoration>None</decoration><author>kjqui1</author><identity>kjqui1:30/07/2010 1:27:30 PM</identity><target>presentationSpace</target><privacy>public</privacy><slide>1142421</slide><color>#FF000000</color></textbox></message><message xml:lang='en' to='1142421@conference.deified.adm.monash.edu.au' from='kjqui1@deified.adm.monash.edu.au' type='groupchat' time='1280457063181'><textbox xmlns='monash:metl'><height>NaN</height><width>NaN</width><caret>168</caret><x>28.8359788359788</x><y>63.4920634920635</y><text>* good communication skills
* respect (for other cultures, traditions)
* adaptive 
* resilient 
* qualifications, skills
* safety/hygiene
* problem solving 
* re</text><tag>{&quot;author&quot;:&quot;kjqui1&quot;,&quot;privacy&quot;:&quot;public&quot;,&quot;id&quot;:&quot;kjqui1:30/07/2010 1:27:30 PM&quot;}</tag><style>Normal</style><family>Arial</family><weight>Normal</weight><size>10</size><decoration>None</decoration><author>kjqui1</author><identity>kjqui1:30/07/2010 1:27:30 PM</identity><target>presentationSpace</target><privacy>public</privacy><slide>1142421</slide><color>#FF000000</color></textbox></message><message xml:lang='en' to='1142421@conference.deified.adm.monash.edu.au' from='kjqui1@deified.adm.monash.edu.au' type='groupchat' time='1280457066506'><textbox xmlns='monash:metl'><height>NaN</height><width>NaN</width><caret>169</caret><x>28.8359788359788</x><y>63.4920634920635</y><text>* good communication skills
* respect (for other cultures, traditions)
* adaptive 
* resilient 
* qualifications, skills
* safety/hygiene
* problem solving 
* res</text><tag>{&quot;author&quot;:&quot;kjqui1&quot;,&quot;privacy&quot;:&quot;public&quot;,&quot;id&quot;:&quot;kjqui1:30/07/2010 1:27:30 PM&quot;}</tag><style>Normal</style><family>Arial</family><weight>Normal</weight><size>10</size><decoration>None</decoration><author>kjqui1</author><identity>kjqui1:30/07/2010 1:27:30 PM</identity><target>presentationSpace</target><privacy>public</privacy><slide>1142421</slide><color>#FF000000</color></textbox></message><message xml:lang='en' to='1142421@conference.deified.adm.monash.edu.au' from='kjqui1@deified.adm.monash.edu.au' type='groupchat' time='1280457068458'><textbox xmlns='monash:metl'><height>NaN</height><width>NaN</width><caret>174</caret><x>28.8359788359788</x><y>63.4920634920635</y><text>* good communication skills
* respect (for other cultures, traditions)
* adaptive 
* resilient 
* qualifications, skills
* safety/hygiene
* problem solving 
* resource</text><tag>{&quot;author&quot;:&quot;kjqui1&quot;,&quot;privacy&quot;:&quot;public&quot;,&quot;id&quot;:&quot;kjqui1:30/07/2010 1:27:30 PM&quot;}</tag><style>Normal</style><family>Arial</family><weight>Normal</weight><size>10</size><decoration>None</decoration><author>kjqui1</author><identity>kjqui1:30/07/2010 1:27:30 PM</identity><target>presentationSpace</target><privacy>public</privacy><slide>1142421</slide><color>#FF000000</color></textbox></message><message xml:lang='en' to='1142421@conference.deified.adm.monash.edu.au' from='kjqui1@deified.adm.monash.edu.au' type='groupchat' time='1280457069812'><textbox xmlns='monash:metl'><height>NaN</height><width>NaN</width><caret>177</caret><x>28.8359788359788</x><y>63.4920634920635</y><text>* good communication skills
* respect (for other cultures, traditions)
* adaptive 
* resilient 
* qualifications, skills
* safety/hygiene
* problem solving 
* resourceful</text><tag>{&quot;author&quot;:&quot;kjqui1&quot;,&quot;privacy&quot;:&quot;public&quot;,&quot;id&quot;:&quot;kjqui1:30/07/2010 1:27:30 PM&quot;}</tag><style>Normal</style><family>Arial</family><weight>Normal</weight><size>10</size><decoration>None</decoration><author>kjqui1</author><identity>kjqui1:30/07/2010 1:27:30 PM</identity><target>presentationSpace</target><privacy>public</privacy><slide>1142421</slide><color>#FF000000</color></textbox></message><message xml:lang='en' to='1142421@conference.deified.adm.monash.edu.au' from='kjqui1@deified.adm.monash.edu.au' type='groupchat' time='1280457076118'><textbox xmlns='monash:metl'><height>NaN</height><width>NaN</width><caret>179</caret><x>28.8359788359788</x><y>63.4920634920635</y><text>* good communication skills
* respect (for other cultures, traditions)
* adaptive 
* resilient 
* qualifications, skills
* safety/hygiene
* problem solving 
* resourceful
</text><tag>{&quot;author&quot;:&quot;kjqui1&quot;,&quot;privacy&quot;:&quot;public&quot;,&quot;id&quot;:&quot;kjqui1:30/07/2010 1:27:30 PM&quot;}</tag><style>Normal</style><family>Arial</family><weight>Normal</weight><size>10</size><decoration>None</decoration><author>kjqui1</author><identity>kjqui1:30/07/2010 1:27:30 PM</identity><target>presentationSpace</target><privacy>public</privacy><slide>1142421</slide><color>#FF000000</color></textbox></message><message xml:lang='en' to='1142421@conference.deified.adm.monash.edu.au' from='kjqui1@deified.adm.monash.edu.au' type='groupchat' time='1280457077443'><textbox xmlns='monash:metl'><height>NaN</height><width>NaN</width><caret>181</caret><x>28.8359788359788</x><y>63.4920634920635</y><text>* good communication skills
* respect (for other cultures, traditions)
* adaptive 
* resilient 
* qualifications, skills
* safety/hygiene
* problem solving 
* resourceful
* </text><tag>{&quot;author&quot;:&quot;kjqui1&quot;,&quot;privacy&quot;:&quot;public&quot;,&quot;id&quot;:&quot;kjqui1:30/07/2010 1:27:30 PM&quot;}</tag><style>Normal</style><family>Arial</family><weight>Normal</weight><size>10</size><decoration>None</decoration><author>kjqui1</author><identity>kjqui1:30/07/2010 1:27:30 PM</identity><target>presentationSpace</target><privacy>public</privacy><slide>1142421</slide><color>#FF000000</color></textbox></message><message xml:lang='en' to='1142421@conference.deified.adm.monash.edu.au' from='kjqui1@deified.adm.monash.edu.au' type='groupchat' time='1280457098485'><textbox xmlns='monash:metl'><height>NaN</height><width>NaN</width><caret>192</caret><x>28.8359788359788</x><y>63.4920634920635</y><text>* good communication skills
* respect (for other cultures, traditions)
* adaptive 
* resilient 
* qualifications, skills
* safety/hygiene
* problem solving 
* resourceful
* initiative </text><tag>{&quot;author&quot;:&quot;kjqui1&quot;,&quot;privacy&quot;:&quot;public&quot;,&quot;id&quot;:&quot;kjqui1:30/07/2010 1:27:30 PM&quot;}</tag><style>Normal</style><family>Arial</family><weight>Normal</weight><size>10</size><decoration>None</decoration><author>kjqui1</author><identity>kjqui1:30/07/2010 1:27:30 PM</identity><target>presentationSpace</target><privacy>public</privacy><slide>1142421</slide><color>#FF000000</color></textbox></message><message xml:lang='en' to='1142421@conference.deified.adm.monash.edu.au' from='kjqui1@deified.adm.monash.edu.au' type='groupchat' time='1280457100564'><textbox xmlns='monash:metl'><height>NaN</height><width>NaN</width><caret>182</caret><x>28.8359788359788</x><y>63.4920634920635</y><text>* good communication skills
* respect (for other cultures, traditions)
* adaptive 
* resilient 
* qualifications, skills
* safety/hygiene
* problem solving 
* resourceful
* i</text><tag>{&quot;author&quot;:&quot;kjqui1&quot;,&quot;privacy&quot;:&quot;public&quot;,&quot;id&quot;:&quot;kjqui1:30/07/2010 1:27:30 PM&quot;}</tag><style>Normal</style><family>Arial</family><weight>Normal</weight><size>10</size><decoration>None</decoration><author>kjqui1</author><identity>kjqui1:30/07/2010 1:27:30 PM</identity><target>presentationSpace</target><privacy>public</privacy><slide>1142421</slide><color>#FF000000</color></textbox></message><message xml:lang='en' to='1142421@conference.deified.adm.monash.edu.au' from='kjqui1@deified.adm.monash.edu.au' type='groupchat' time='1280457102043'><textbox xmlns='monash:metl'><height>NaN</height><width>NaN</width><caret>186</caret><x>28.8359788359788</x><y>63.4920634920635</y><text>* good communication skills
* respect (for other cultures, traditions)
* adaptive 
* resilient 
* qualifications, skills
* safety/hygiene
* problem solving 
* resourceful
* initi</text><tag>{&quot;author&quot;:&quot;kjqui1&quot;,&quot;privacy&quot;:&quot;public&quot;,&quot;id&quot;:&quot;kjqui1:30/07/2010 1:27:30 PM&quot;}</tag><style>Normal</style><family>Arial</family><weight>Normal</weight><size>10</size><decoration>None</decoration><author>kjqui1</author><identity>kjqui1:30/07/2010 1:27:30 PM</identity><target>presentationSpace</target><privacy>public</privacy><slide>1142421</slide><color>#FF000000</color></textbox></message><message xml:lang='en' to='1142421@conference.deified.adm.monash.edu.au' from='kjqui1@deified.adm.monash.edu.au' type='groupchat' time='1280457103666'><textbox xmlns='monash:metl'><height>NaN</height><width>NaN</width><caret>192</caret><x>28.8359788359788</x><y>63.4920634920635</y><text>* good communication skills
* respect (for other cultures, traditions)
* adaptive 
* resilient 
* qualifications, skills
* safety/hygiene
* problem solving 
* resourceful
* initiative </text><tag>{&quot;author&quot;:&quot;kjqui1&quot;,&quot;privacy&quot;:&quot;public&quot;,&quot;id&quot;:&quot;kjqui1:30/07/2010 1:27:30 PM&quot;}</tag><style>Normal</style><family>Arial</family><weight>Normal</weight><size>10</size><decoration>None</decoration><author>kjqui1</author><identity>kjqui1:30/07/2010 1:27:30 PM</identity><target>presentationSpace</target><privacy>public</privacy><slide>1142421</slide><color>#FF000000</color></textbox></message><message xml:lang='en' to='1142421@conference.deified.adm.monash.edu.au' from='kjqui1@deified.adm.monash.edu.au' type='groupchat' time='1280457109511'><textbox xmlns='monash:metl'><height>NaN</height><width>NaN</width><caret>194</caret><x>28.8359788359788</x><y>63.4920634920635</y><text>* good communication skills
* respect (for other cultures, traditions)
* adaptive 
* resilient 
* qualifications, skills
* safety/hygiene
* problem solving 
* resourceful
* initiative (s</text><tag>{&quot;author&quot;:&quot;kjqui1&quot;,&quot;privacy&quot;:&quot;public&quot;,&quot;id&quot;:&quot;kjqui1:30/07/2010 1:27:30 PM&quot;}</tag><style>Normal</style><family>Arial</family><weight>Normal</weight><size>10</size><decoration>None</decoration><author>kjqui1</author><identity>kjqui1:30/07/2010 1:27:30 PM</identity><target>presentationSpace</target><privacy>public</privacy><slide>1142421</slide><color>#FF000000</color></textbox></message><message xml:lang='en' to='1142421@conference.deified.adm.monash.edu.au' from='kjqui1@deified.adm.monash.edu.au' type='groupchat' time='1280457111741'><textbox xmlns='monash:metl'><height>NaN</height><width>NaN</width><caret>205</caret><x>28.8359788359788</x><y>63.4920634920635</y><text>* good communication skills
* respect (for other cultures, traditions)
* adaptive 
* resilient 
* qualifications, skills
* safety/hygiene
* problem solving 
* resourceful
* initiative (self managem</text><tag>{&quot;author&quot;:&quot;kjqui1&quot;,&quot;privacy&quot;:&quot;public&quot;,&quot;id&quot;:&quot;kjqui1:30/07/2010 1:27:30 PM&quot;}</tag><style>Normal</style><family>Arial</family><weight>Normal</weight><size>10</size><decoration>None</decoration><author>kjqui1</author><identity>kjqui1:30/07/2010 1:27:30 PM</identity><target>presentationSpace</target><privacy>public</privacy><slide>1142421</slide><color>#FF000000</color></textbox></message><message xml:lang='en' to='1142421@conference.deified.adm.monash.edu.au' from='kjqui1@deified.adm.monash.edu.au' type='groupchat' time='1280457112341'><textbox xmlns='monash:metl'><height>NaN</height><width>NaN</width><caret>208</caret><x>28.8359788359788</x><y>63.4920634920635</y><text>* good communication skills
* respect (for other cultures, traditions)
* adaptive 
* resilient 
* qualifications, skills
* safety/hygiene
* problem solving 
* resourceful
* initiative (self management</text><tag>{&quot;author&quot;:&quot;kjqui1&quot;,&quot;privacy&quot;:&quot;public&quot;,&quot;id&quot;:&quot;kjqui1:30/07/2010 1:27:30 PM&quot;}</tag><style>Normal</style><family>Arial</family><weight>Normal</weight><size>10</size><decoration>None</decoration><author>kjqui1</author><identity>kjqui1:30/07/2010 1:27:30 PM</identity><target>presentationSpace</target><privacy>public</privacy><slide>1142421</slide><color>#FF000000</color></textbox></message><message xml:lang='en' to='1142421@conference.deified.adm.monash.edu.au' from='kjqui1@deified.adm.monash.edu.au' type='groupchat' time='1280457112682'><textbox xmlns='monash:metl'><height>NaN</height><width>NaN</width><caret>209</caret><x>28.8359788359788</x><y>63.4920634920635</y><text>* good communication skills
* respect (for other cultures, traditions)
* adaptive 
* resilient 
* qualifications, skills
* safety/hygiene
* problem solving 
* resourceful
* initiative (self management)</text><tag>{&quot;author&quot;:&quot;kjqui1&quot;,&quot;privacy&quot;:&quot;public&quot;,&quot;id&quot;:&quot;kjqui1:30/07/2010 1:27:30 PM&quot;}</tag><style>Normal</style><family>Arial</family><weight>Normal</weight><size>10</size><decoration>None</decoration><author>kjqui1</author><identity>kjqui1:30/07/2010 1:27:30 PM</identity><target>presentationSpace</target><privacy>public</privacy><slide>1142421</slide><color>#FF000000</color></textbox></message><message xml:lang='en' to='1142421@conference.deified.adm.monash.edu.au' from='kjqui1@deified.adm.monash.edu.au' type='groupchat' time='1280457113104'><textbox xmlns='monash:metl'><height>NaN</height><width>NaN</width><caret>209</caret><x>28.8359788359788</x><y>63.4920634920635</y><text>* good communication skills
* respect (for other cultures, traditions)
* adaptive 
* resilient 
* qualifications, skills
* safety/hygiene
* problem solving 
* resourceful
* initiative (self management)</text><tag>{&quot;author&quot;:&quot;kjqui1&quot;,&quot;privacy&quot;:&quot;public&quot;,&quot;id&quot;:&quot;kjqui1:30/07/2010 1:27:30 PM&quot;}</tag><style>Normal</style><family>Arial</family><weight>Normal</weight><size>10</size><decoration>None</decoration><author>kjqui1</author><identity>kjqui1:30/07/2010 1:27:30 PM</identity><target>presentationSpace</target><privacy>public</privacy><slide>1142421</slide><color>#FF000000</color></textbox></message><message xml:lang='en' to='1142421@conference.deified.adm.monash.edu.au' from='kjqui1@deified.adm.monash.edu.au' type='groupchat' time='1280457113809'><textbox xmlns='monash:metl'><height>NaN</height><width>NaN</width><caret>211</caret><x>28.8359788359788</x><y>63.4920634920635</y><text>* good communication skills
* respect (for other cultures, traditions)
* adaptive 
* resilient 
* qualifications, skills
* safety/hygiene
* problem solving 
* resourceful
* initiative (self management)
</text><tag>{&quot;author&quot;:&quot;kjqui1&quot;,&quot;privacy&quot;:&quot;public&quot;,&quot;id&quot;:&quot;kjqui1:30/07/2010 1:27:30 PM&quot;}</tag><style>Normal</style><family>Arial</family><weight>Normal</weight><size>10</size><decoration>None</decoration><author>kjqui1</author><identity>kjqui1:30/07/2010 1:27:30 PM</identity><target>presentationSpace</target><privacy>public</privacy><slide>1142421</slide><color>#FF000000</color></textbox></message><message xml:lang='en' to='1142421@conference.deified.adm.monash.edu.au' from='kjqui1@deified.adm.monash.edu.au' type='groupchat' time='1280457115759'><textbox xmlns='monash:metl'><height>NaN</height><width>NaN</width><caret>213</caret><x>28.8359788359788</x><y>63.4920634920635</y><text>* good communication skills
* respect (for other cultures, traditions)
* adaptive 
* resilient 
* qualifications, skills
* safety/hygiene
* problem solving 
* resourceful
* initiative (self management)
* </text><tag>{&quot;author&quot;:&quot;kjqui1&quot;,&quot;privacy&quot;:&quot;public&quot;,&quot;id&quot;:&quot;kjqui1:30/07/2010 1:27:30 PM&quot;}</tag><style>Normal</style><family>Arial</family><weight>Normal</weight><size>10</size><decoration>None</decoration><author>kjqui1</author><identity>kjqui1:30/07/2010 1:27:30 PM</identity><target>presentationSpace</target><privacy>public</privacy><slide>1142421</slide><color>#FF000000</color></textbox></message><message xml:lang='en' to='1142421@conference.deified.adm.monash.edu.au' from='kjqui1@deified.adm.monash.edu.au' type='groupchat' time='1280457144761'><ink xmlns='monash:metl'><checksum>9572.49999999999</checksum><points>130.7 34.8 127 130.2 34.8 127 129.4 34.8 127 128.5 34.8 127 128 34.8 127 127.6 34.8 127 127.2 34.8 127 126.7 34.8 127 126.3 34.8 127 125.8 34.8 127 125.4 34.8 127 124.5 34.8 127 124.1 34.8 127 123.6 34.8 127 123.2 34.8 127 122.8 34.8 127 122.3 34.8 127 121.9 34.8 127 121.4 34.8 127 121 34.8 127 120.5 34.8 127 119.7 34.8 127 119.2 34.8 127 118.3 34.8 127 117.9 34.8 127 117 35.3 127 116.6 35.3 127 116.1 35.7 127 115.7 35.7 127 115.3 35.7 127 114.8 35.7 127 114.4 35.7 127 113.5 35.7 127 113.1 35.7 127 112.2 35.7 127 111.7 35.7 127 111.3 35.7 127 110.8 35.7 127 110.4 35.7 127 110 35.7 127 110 35.3 127 109.5 35.3 127 109.1 35.3 127 108.6 35.3 127 108.2 35.3 127 107.8 35.3 127 107.3 35.3 127 106.9 35.3 127 106.4 35.3 127 106 35.3 127 105.6 35.3 127 105.1 35.3 127 104.7 34.8 127 104.2 34.8 127 103.8 34.8 127 103.4 34.8 127 102.9 34.8 127 102.5 34.8 127 102 34.8 127 101.6 34.8 127 101.1 34.8 127 100.7 34.8 127 100.3 34.8 127 99.8 34.8 127</points><color>255 255 0 255</color><thickness>25</thickness><highlight>True</highlight><author>kjqui1</author><target>presentationSpace</target><privacy>public</privacy><slide>1142421</slide></ink></message><message xml:lang='en' to='1142421@conference.deified.adm.monash.edu.au' from='kjqui1@deified.adm.monash.edu.au' type='groupchat' time='1280457201334'><textbox xmlns='monash:metl'><height>NaN</height><width>NaN</width><caret>202</caret><x>28.8359788359788</x><y>63.4920634920635</y><text>* good communication skills
* respect (for other cultures, traditions)
* adaptive 
* resilient 
* qualifications, skills
* safety/hygiene
* problem solving 
* resourceful
* initiative (self management)
</text><tag>{&quot;author&quot;:&quot;kjqui1&quot;,&quot;privacy&quot;:&quot;public&quot;,&quot;id&quot;:&quot;kjqui1:30/07/2010 1:27:30 PM&quot;}</tag><style>Normal</style><family>Arial</family><weight>Normal</weight><size>10</size><decoration>None</decoration><author>kjqui1</author><identity>kjqui1:30/07/2010 1:27:30 PM</identity><target>presentationSpace</target><privacy>public</privacy><slide>1142421</slide><color>#FF000000</color></textbox></message>