<conversation><title>Privacy demonstration</title><author>sajames</author><created>5/08/2010 2:48:17 PM</created><tag>unTagged</tag><subject>Unrestricted</subject><jid>91600</jid><permissions><studentCanPublish>false</studentCanPublish><studentCanOpenFriends>false</studentCanOpenFriends><usersAreCompulsorilySynced>true</usersAreCompulsorilySynced></permissions><slide><author>sajames</author><id>91601</id><index>0</index><defaultHeight>540</defaultHeight><defaultWidth>720</defaultWidth><exposed>False</exposed><type>SLIDE</type></slide></conversation>