<conversation><title>EWS Citrix discussion</title><author>hagand</author><created>21/05/2010 3:49:40 PM</created><tag>unTagged</tag><subject>Unrestricted</subject><jid>36600</jid><permissions><studentCanPublish>true</studentCanPublish><studentCanOpenFriends>true</studentCanOpenFriends><usersAreCompulsorilySynced>false</usersAreCompulsorilySynced></permissions><slide><author>hagand</author><id>36601</id><index>0</index><type>SLIDE</type></slide><slide><author>hagand</author><id>36602</id><index>1</index><type>SLIDE</type></slide></conversation>