<conversation><title>empty</title><author>chagan</author><created>14/10/2010 9:58:17 PM</created><tag>unTagged</tag><subject>chagan</subject><jid>1435400</jid><permissions><studentCanPublish>false</studentCanPublish><studentCanOpenFriends>false</studentCanOpenFriends><usersAreCompulsorilySynced>true</usersAreCompulsorilySynced></permissions><slide><author>chagan</author><id>1435401</id><index>0</index><defaultHeight>540</defaultHeight><defaultWidth>720</defaultWidth><exposed>False</exposed><thumbnailUrl>/1435401/404.png</thumbnailUrl><type>SLIDE</type></slide></conversation>