<conversation><title>MeTL Training 1 February</title><author>micphill</author><created>1/02/2010 8:51:25 AM</created><tag></tag><subject>Unrestricted</subject><jid>427400</jid><permissions><studentCanPublish>false</studentCanPublish><studentCanOpenFriends>false</studentCanOpenFriends><usersAreCompulsorilySynced>true</usersAreCompulsorilySynced></permissions><slide><author>micphill</author><id>427401</id><index>0</index><type>SLIDE</type></slide><slide><author>micphill</author><id>427402</id><index>1</index><type>SLIDE</type></slide><slide><author>micphill</author><id>427403</id><index>2</index><type>SLIDE</type></slide><slide><author>micphill</author><id>427404</id><index>3</index><type>SLIDE</type></slide></conversation>