<conversation><title>Wireless strategy meeting</title><author>hagand</author><created>21/05/2010 2:06:22 PM</created><tag>unTagged</tag><subject>Unrestricted</subject><jid>36200</jid><permissions><studentCanPublish>true</studentCanPublish><studentCanOpenFriends>true</studentCanOpenFriends><usersAreCompulsorilySynced>false</usersAreCompulsorilySynced></permissions><slide><author>hagand</author><id>36201</id><index>0</index><type>SLIDE</type></slide><slide><author>hagand</author><id>36202</id><index>1</index><type>SLIDE</type></slide><slide><author>hagand</author><id>36203</id><index>2</index><type>SLIDE</type></slide><slide><author>hagand</author><id>36204</id><index>3</index><type>SLIDE</type></slide></conversation>