<conversation><title>image testing</title><author>sajames</author><created>8/06/2010 10:15:41 AM</created><tag>unTagged</tag><subject>sajames</subject><jid>42400</jid><permissions><studentCanPublish>false</studentCanPublish><studentCanOpenFriends>false</studentCanOpenFriends><usersAreCompulsorilySynced>true</usersAreCompulsorilySynced></permissions><slide><author>sajames</author><id>42401</id><index>0</index><type>SLIDE</type></slide><slide><author>sajames</author><id>42402</id><index>1</index><type>SLIDE</type></slide><slide><author>sajames</author><id>42403</id><index>2</index><type>SLIDE</type></slide><slide><author>sajames</author><id>42404</id><index>3</index><type>SLIDE</type></slide><slide><author>sajames</author><id>42406</id><index>4</index><type>SLIDE</type></slide><slide><author>sajames</author><id>42409</id><index>5</index><type>THOUGHT</type></slide><slide><author>sajames</author><id>42408</id><index>6</index><type>THOUGHT</type></slide><slide><author>sajames</author><id>42407</id><index>7</index><type>THOUGHT</type></slide><slide><author>sajames</author><id>42405</id><index>8</index><type>THOUGHT</type></slide></conversation>