<conversation><title>please work</title><author>bhughes</author><created>9/09/2010 10:27:36 AM</created><tag>unTagged</tag><subject>bhughes</subject><jid>1334400</jid><permissions><studentCanPublish>false</studentCanPublish><studentCanOpenFriends>false</studentCanOpenFriends><usersAreCompulsorilySynced>true</usersAreCompulsorilySynced></permissions><slide><author>bhughes</author><id>1334401</id><index>0</index><defaultHeight>1080</defaultHeight><defaultWidth>1440</defaultWidth><exposed>False</exposed><type>SLIDE</type></slide><slide><author>bhughes</author><id>1334402</id><index>1</index><defaultHeight>1080</defaultHeight><defaultWidth>1440</defaultWidth><exposed>False</exposed><type>SLIDE</type></slide><slide><author>bhughes</author><id>1334403</id><index>2</index><defaultHeight>1080</defaultHeight><defaultWidth>1440</defaultWidth><exposed>False</exposed><type>SLIDE</type></slide><slide><author>bhughes</author><id>1334404</id><index>3</index><defaultHeight>1080</defaultHeight><defaultWidth>1440</defaultWidth><exposed>False</exposed><type>SLIDE</type></slide><slide><author>bhughes</author><id>1334405</id><index>4</index><defaultHeight>1080</defaultHeight><defaultWidth>1440</defaultWidth><exposed>False</exposed><type>SLIDE</type></slide></conversation>