<conversation><title>25/03/2010</title><author>akhay2</author><created>25/03/2010 2:47:37 PM</created><tag></tag><subject>Unrestricted</subject><jid>822400</jid><permissions><studentCanPublish>true</studentCanPublish><studentCanOpenFriends>true</studentCanOpenFriends><usersAreCompulsorilySynced>false</usersAreCompulsorilySynced></permissions><slide><author>akhay2</author><id>822401</id><index>0</index><type>SLIDE</type></slide><slide><author>akhay2</author><id>822403</id><index>1</index><type>SLIDE</type></slide><slide><author>akhay2</author><id>822402</id><index>2</index><type>SLIDE</type></slide></conversation>