<conversation><title>trial import MeTL 9 Sept</title><author>wmck</author><created>8/09/2010 8:23:02 PM</created><tag></tag><subject>Unrestricted</subject><jid>1330400</jid><permissions><studentCanPublish>true</studentCanPublish><studentCanOpenFriends>true</studentCanOpenFriends><usersAreCompulsorilySynced>false</usersAreCompulsorilySynced></permissions><slide><author>wmck</author><id>1330401</id><index>0</index><type>SLIDE</type></slide><slide><author>wmck</author><id>1330402</id><index>1</index><type>SLIDE</type></slide><slide><author>wmck</author><id>1330403</id><index>2</index><type>SLIDE</type></slide><slide><author>wmck</author><id>1330404</id><index>3</index><type>SLIDE</type></slide><slide><author>wmck</author><id>1330405</id><index>4</index><type>SLIDE</type></slide><slide><author>wmck</author><id>1330406</id><index>5</index><type>SLIDE</type></slide><slide><author>wmck</author><id>1330407</id><index>6</index><type>SLIDE</type></slide><slide><author>wmck</author><id>1330408</id><index>7</index><type>SLIDE</type></slide><slide><author>wmck</author><id>1330409</id><index>8</index><type>SLIDE</type></slide><slide><author>wmck</author><id>1330410</id><index>9</index><type>SLIDE</type></slide><slide><author>wmck</author><id>1330411</id><index>10</index><type>SLIDE</type></slide></conversation>