<conversation><title>2011 eEC planning</title><author>nate</author><created>1/12/2010 2:34:48 PM</created><tag>eec</tag><subject>eEducation Centre</subject><jid>1630400</jid><permissions><studentCanPublish>true</studentCanPublish><studentCanOpenFriends>true</studentCanOpenFriends><usersAreCompulsorilySynced>false</usersAreCompulsorilySynced></permissions><slide><author>nate</author><id>1630401</id><index>0</index><type>SLIDE</type></slide><slide><author>nate</author><id>1630402</id><index>1</index><type>SLIDE</type></slide><slide><author>nate</author><id>1630403</id><index>2</index><type>SLIDE</type></slide></conversation>