<conversation><title>Talking Transitions with Client Services, ITS</title><author>helenpa</author><created>12/03/2010 4:04:56 PM</created><tag></tag><subject>Unrestricted</subject><jid>713400</jid><permissions><studentCanPublish>true</studentCanPublish><studentCanOpenFriends>true</studentCanOpenFriends><usersAreCompulsorilySynced>false</usersAreCompulsorilySynced></permissions><slide><author>helenpa</author><id>713401</id><index>0</index><type>SLIDE</type></slide><slide><author>helenpa</author><id>713405</id><index>4</index><type>SLIDE</type></slide><slide><author>helenpa</author><id>713404</id><index>3</index><type>SLIDE</type></slide><slide><author>helenpa</author><id>713403</id><index>2</index><type>SLIDE</type></slide><slide><author>helenpa</author><id>713402</id><index>1</index><type>SLIDE</type></slide></conversation>