<conversation><title>pptbugtrack10</title><author>hagand</author><created>6/07/2010 3:08:09 PM</created><tag>unTagged</tag><subject>Unrestricted</subject><jid>65000</jid><permissions><studentCanPublish>false</studentCanPublish><studentCanOpenFriends>false</studentCanOpenFriends><usersAreCompulsorilySynced>true</usersAreCompulsorilySynced></permissions><slide><author>hagand</author><id>65001</id><index>0</index><exposed>False</exposed><type>SLIDE</type></slide><slide><author>hagand</author><id>65008</id><index>1</index><exposed>False</exposed><type>SLIDE</type></slide><slide><author>hagand</author><id>65002</id><index>2</index><exposed>False</exposed><type>SLIDE</type></slide><slide><author>hagand</author><id>65003</id><index>3</index><exposed>False</exposed><type>SLIDE</type></slide><slide><author>hagand</author><id>65004</id><index>4</index><exposed>False</exposed><type>SLIDE</type></slide><slide><author>hagand</author><id>65005</id><index>5</index><exposed>False</exposed><type>SLIDE</type></slide><slide><author>hagand</author><id>65006</id><index>6</index><exposed>False</exposed><type>SLIDE</type></slide><slide><author>hagand</author><id>65007</id><index>7</index><exposed>False</exposed><type>SLIDE</type></slide></conversation>