<conversation><title>(working_together_1) chagan at 23/10/2010 9:20:33 PM</title><author>chagan</author><created>23/10/2010 9:20:40 PM</created><lastAccessed>23/10/2010 9:20:38 PM</lastAccessed><tag>unTagged</tag><subject>Deleted</subject><jid>123000</jid><permissions><studentCanPublish>false</studentCanPublish><studentCanOpenFriends>false</studentCanOpenFriends><usersAreCompulsorilySynced>true</usersAreCompulsorilySynced></permissions><slide><author>chagan</author><id>123001</id><index>0</index><defaultHeight>540</defaultHeight><defaultWidth>720</defaultWidth><exposed>False</exposed><type>SLIDE</type></slide></conversation>