<conversation><title>Austral</title><author>gibsonb</author><created>19/06/2010 2:44:48 PM</created><tag></tag><subject>Unrestricted</subject><jid>1017400</jid><permissions><studentCanPublish>false</studentCanPublish><studentCanOpenFriends>false</studentCanOpenFriends><usersAreCompulsorilySynced>true</usersAreCompulsorilySynced></permissions><slide><author>gibsonb</author><id>1017401</id><index>0</index><type>SLIDE</type></slide><slide><author>gibsonb</author><id>1017402</id><index>1</index><type>SLIDE</type></slide><slide><author>gibsonb</author><id>1017403</id><index>2</index><type>SLIDE</type></slide><slide><author>gibsonb</author><id>1017404</id><index>3</index><type>SLIDE</type></slide><slide><author>gibsonb</author><id>1017405</id><index>4</index><type>SLIDE</type></slide><slide><author>gibsonb</author><id>1017406</id><index>5</index><type>SLIDE</type></slide><slide><author>gibsonb</author><id>1017407</id><index>6</index><type>SLIDE</type></slide><slide><author>gibsonb</author><id>1017408</id><index>7</index><type>SLIDE</type></slide><slide><author>gibsonb</author><id>1017409</id><index>8</index><type>SLIDE</type></slide><slide><author>gibsonb</author><id>1017410</id><index>9</index><type>SLIDE</type></slide><slide><author>gibsonb</author><id>1017411</id><index>10</index><type>SLIDE</type></slide><slide><author>gibsonb</author><id>1017412</id><index>11</index><type>SLIDE</type></slide><slide><author>gibsonb</author><id>1017413</id><index>12</index><type>SLIDE</type></slide><slide><author>gibsonb</author><id>1017414</id><index>13</index><type>SLIDE</type></slide><slide><author>gibsonb</author><id>1017415</id><index>14</index><type>SLIDE</type></slide><slide><author>gibsonb</author><id>1017416</id><index>15</index><type>SLIDE</type></slide></conversation>