<conversation><title>pptImportThumbnails4</title><author>hagand</author><created>21/07/2010 1:58:28 PM</created><tag>unTagged</tag><subject>Unrestricted</subject><jid>83200</jid><permissions><studentCanPublish>false</studentCanPublish><studentCanOpenFriends>false</studentCanOpenFriends><usersAreCompulsorilySynced>true</usersAreCompulsorilySynced></permissions><slide><author>hagand</author><id>83201</id><index>0</index><exposed>False</exposed><type>SLIDE</type></slide><slide><author>hagand</author><id>83202</id><index>1</index><exposed>False</exposed><type>SLIDE</type></slide><slide><author>hagand</author><id>83203</id><index>2</index><exposed>False</exposed><type>SLIDE</type></slide></conversation>