<logCollection date='{2010,3,2}'><message xml:lang='en' to='642402@conference.reifier.adm.monash.edu.au' from='eastwood@reifier.adm.monash.edu.au' type='groupchat' time='1267499840658'><image xmlns='monash:metl'><tag>{&quot;author&quot;:&quot;eastwood&quot;,&quot;privacy&quot;:&quot;public&quot;,&quot;id&quot;:&quot;eastwood:2/03/2010 2:19:05 PM:0&quot;,&quot;isBackground&quot;:true,&quot;zIndex&quot;:0}</tag><source>/Resource/642402/background5.jpg</source><width>NaN</width><height>NaN</height><x>0</x><y>0</y><author>eastwood</author><target>presentationSpace</target><privacy>public</privacy><slide>642402</slide><identity>eastwood:2/03/2010 2:19:05 PM:0</identity></image></message><message xml:lang='en' to='642402@conference.reifier.adm.monash.edu.au' from='eastwood@reifier.adm.monash.edu.au' type='groupchat' time='1267499840982'><image xmlns='monash:metl'><tag>{&quot;author&quot;:&quot;eastwood&quot;,&quot;privacy&quot;:&quot;public&quot;,&quot;id&quot;:&quot;eastwood:2/03/2010 2:19:05 PM:1&quot;,&quot;isBackground&quot;:false,&quot;zIndex&quot;:0}</tag><source>/Resource/642402/background6.jpg</source><width>NaN</width><height>NaN</height><x>30</x><y>146.875046</y><author>eastwood</author><target>presentationSpace</target><privacy>public</privacy><slide>642402</slide><identity>eastwood:2/03/2010 2:19:05 PM:1</identity></image></message><message xml:lang='en' to='642402@conference.reifier.adm.monash.edu.au' from='eastwood@reifier.adm.monash.edu.au' type='groupchat' time='1267499842144'><image xmlns='monash:metl'><tag>{&quot;author&quot;:&quot;eastwood&quot;,&quot;privacy&quot;:&quot;public&quot;,&quot;id&quot;:&quot;eastwood:2/03/2010 2:19:06 PM:2&quot;,&quot;isBackground&quot;:false,&quot;zIndex&quot;:0}</tag><source>/Resource/642402/background7.jpg</source><width>NaN</width><height>NaN</height><x>30.12504</x><y>12</y><author>eastwood</author><target>presentationSpace</target><privacy>public</privacy><slide>642402</slide><identity>eastwood:2/03/2010 2:19:06 PM:2</identity></image></message>