<conversation><title>Aust Hlth</title><author>eastwood</author><created>26/04/2010 12:08:58 PM</created><tag></tag><subject>BEH2021</subject><jid>929400</jid><permissions><studentCanPublish>false</studentCanPublish><studentCanOpenFriends>false</studentCanOpenFriends><usersAreCompulsorilySynced>true</usersAreCompulsorilySynced></permissions><slide><author>eastwood</author><id>929401</id><index>0</index><type>SLIDE</type></slide><slide><author>eastwood</author><id>929402</id><index>1</index><type>SLIDE</type></slide><slide><author>eastwood</author><id>929403</id><index>2</index><type>SLIDE</type></slide><slide><author>eastwood</author><id>929404</id><index>3</index><type>SLIDE</type></slide><slide><author>eastwood</author><id>929405</id><index>4</index><type>SLIDE</type></slide><slide><author>eastwood</author><id>929406</id><index>5</index><type>SLIDE</type></slide><slide><author>eastwood</author><id>929407</id><index>6</index><type>SLIDE</type></slide><slide><author>eastwood</author><id>929408</id><index>7</index><type>SLIDE</type></slide><slide><author>eastwood</author><id>929409</id><index>8</index><type>SLIDE</type></slide><slide><author>eastwood</author><id>929410</id><index>9</index><type>SLIDE</type></slide><slide><author>eastwood</author><id>929411</id><index>10</index><type>SLIDE</type></slide><slide><author>eastwood</author><id>929412</id><index>11</index><type>SLIDE</type></slide><slide><author>eastwood</author><id>929413</id><index>12</index><type>SLIDE</type></slide><slide><author>eastwood</author><id>929414</id><index>13</index><type>SLIDE</type></slide><slide><author>eastwood</author><id>929415</id><index>14</index><type>SLIDE</type></slide><slide><author>eastwood</author><id>929416</id><index>15</index><type>SLIDE</type></slide><slide><author>eastwood</author><id>929417</id><index>16</index><type>SLIDE</type></slide><slide><author>eastwood</author><id>929418</id><index>17</index><type>SLIDE</type></slide><slide><author>eastwood</author><id>929419</id><index>18</index><type>SLIDE</type></slide><slide><author>eastwood</author><id>929420</id><index>19</index><type>SLIDE</type></slide><slide><author>eastwood</author><id>929421</id><index>20</index><type>SLIDE</type></slide><slide><author>eastwood</author><id>929422</id><index>21</index><type>SLIDE</type></slide></conversation>