<conversation><title>AutomatedConversation18/06/2010 10:20:11 AM</title><author>dhag22</author><created>18/06/2010 10:20:25 AM</created><tag>unTagged</tag><subject>Unrestricted</subject><jid>54800</jid><permissions><studentCanPublish>false</studentCanPublish><studentCanOpenFriends>false</studentCanOpenFriends><usersAreCompulsorilySynced>true</usersAreCompulsorilySynced></permissions><slide><author>dhag22</author><id>54801</id><index>0</index><exposed>False</exposed><type>SLIDE</type></slide><slide><author>dhag22</author><id>54806</id><index>1</index><exposed>False</exposed><type>SLIDE</type></slide><slide><author>dhag22</author><id>54802</id><index>2</index><exposed>False</exposed><type>SLIDE</type></slide><slide><author>dhag22</author><id>54803</id><index>3</index><exposed>False</exposed><type>SLIDE</type></slide><slide><author>dhag22</author><id>54804</id><index>4</index><exposed>False</exposed><type>SLIDE</type></slide><slide><author>dhag22</author><id>54805</id><index>5</index><exposed>False</exposed><type>SLIDE</type></slide></conversation>