<conversation><title>This is a tute?</title><author>AdmirableLex</author><created>25/02/2010 2:35:23 PM</created><tag>OMG</tag><subject>Artificial person</subject><jid>632400</jid><permissions><studentCanPublish>true</studentCanPublish><studentCanOpenFriends>true</studentCanOpenFriends><usersAreCompulsorilySynced>false</usersAreCompulsorilySynced></permissions><slide><author>AdmirableLex</author><id>632401</id><index>0</index><type>SLIDE</type></slide><slide><author>AdmirableLex</author><id>632402</id><index>1</index><type>SLIDE</type></slide><slide><author>AdmirableLex</author><id>632403</id><index>2</index><type>SLIDE</type></slide><slide><author>AdmirableLex</author><id>632404</id><index>3</index><type>SLIDE</type></slide><slide><author>AdmirableLex</author><id>632405</id><index>4</index><type>SLIDE</type></slide><slide><author>AdmirableLex</author><id>632406</id><index>5</index><type>SLIDE</type></slide></conversation>