<conversation><title>MeTL Testing</title><author>micphill</author><created>29/01/2010 3:49:26 PM</created><tag></tag><subject>Office of the Deputy Vice-Chancellor (Education)</subject><jid>426400</jid><permissions><studentCanPublish>false</studentCanPublish><studentCanOpenFriends>false</studentCanOpenFriends><usersAreCompulsorilySynced>true</usersAreCompulsorilySynced></permissions><slide><author>micphill</author><id>426401</id><index>0</index><type>SLIDE</type></slide><slide><author>micphill</author><id>426405</id><index>4</index><type>SLIDE</type></slide><slide><author>micphill</author><id>426406</id><index>5</index><type>SLIDE</type></slide><slide><author>micphill</author><id>426402</id><index>1</index><type>SLIDE</type></slide><slide><author>micphill</author><id>426403</id><index>2</index><type>SLIDE</type></slide><slide><author>micphill</author><id>426404</id><index>3</index><type>SLIDE</type></slide></conversation>