<conversation><title>fonts</title><author>sajames</author><created>11/03/2010 4:07:01 PM</created><tag>a</tag><subject>sajames</subject><jid>706400</jid><permissions><studentCanPublish>false</studentCanPublish><studentCanOpenFriends>false</studentCanOpenFriends><usersAreCompulsorilySynced>true</usersAreCompulsorilySynced></permissions><slide><author>sajames</author><id>706401</id><index>0</index><type>SLIDE</type></slide><slide><author>sajames</author><id>706402</id><index>1</index><type>SLIDE</type></slide><slide><author>sajames</author><id>706403</id><index>2</index><type>SLIDE</type></slide><slide><author>sajames</author><id>706404</id><index>3</index><type>SLIDE</type></slide></conversation>