<conversation><title>Purplepointing</title><author>chagan</author><created>9/06/2010 3:46:21 PM</created><tag>unTagged</tag><subject>Superuser</subject><jid>49200</jid><permissions><studentCanPublish>true</studentCanPublish><studentCanOpenFriends>true</studentCanOpenFriends><usersAreCompulsorilySynced>true</usersAreCompulsorilySynced></permissions><slide><author>chagan</author><id>49201</id><index>0</index><type>SLIDE</type></slide><slide><author>chagan</author><id>49202</id><index>1</index><type>SLIDE</type></slide><slide><author>chagan</author><id>49203</id><index>2</index><type>SLIDE</type></slide><slide><author>chagan</author><id>49204</id><index>3</index><type>SLIDE</type></slide><slide><author>chagan</author><id>49205</id><index>4</index><type>SLIDE</type></slide><slide><author>chagan</author><id>49206</id><index>5</index><type>SLIDE</type></slide><slide><author>chagan</author><id>49207</id><index>6</index><type>SLIDE</type></slide><slide><author>chagan</author><id>49208</id><index>7</index><type>SLIDE</type></slide><slide><author>chagan</author><id>49209</id><index>8</index><type>SLIDE</type></slide><slide><author>chagan</author><id>49210</id><index>9</index><type>SLIDE</type></slide><slide><author>chagan</author><id>49211</id><index>10</index><type>SLIDE</type></slide><slide><author>chagan</author><id>49212</id><index>11</index><type>SLIDE</type></slide><slide><author>chagan</author><id>49213</id><index>12</index><type>SLIDE</type></slide><slide><author>chagan</author><id>49214</id><index>13</index><type>SLIDE</type></slide><slide><author>chagan</author><id>49215</id><index>14</index><type>SLIDE</type></slide><slide><author>chagan</author><id>49216</id><index>15</index><type>SLIDE</type></slide><slide><author>chagan</author><id>49217</id><index>16</index><type>SLIDE</type></slide><slide><author>chagan</author><id>49218</id><index>17</index><type>SLIDE</type></slide><slide><author>chagan</author><id>49219</id><index>18</index><type>SLIDE</type></slide><slide><author>chagan</author><id>49220</id><index>19</index><type>SLIDE</type></slide><slide><author>chagan</author><id>49221</id><index>20</index><type>SLIDE</type></slide><slide><author>chagan</author><id>49222</id><index>21</index><type>SLIDE</type></slide><slide><author>chagan</author><id>49223</id><index>22</index><type>SLIDE</type></slide><slide><author>chagan</author><id>49224</id><index>23</index><type>SLIDE</type></slide><slide><author>chagan</author><id>49225</id><index>24</index><type>SLIDE</type></slide><slide><author>chagan</author><id>49226</id><index>25</index><type>SLIDE</type></slide><slide><author>chagan</author><id>49227</id><index>26</index><type>SLIDE</type></slide><slide><author>chagan</author><id>49228</id><index>27</index><type>SLIDE</type></slide><slide><author>chagan</author><id>49229</id><index>28</index><type>SLIDE</type></slide><slide><author>chagan</author><id>49230</id><index>29</index><type>SLIDE</type></slide><slide><author>chagan</author><id>49231</id><index>30</index><type>SLIDE</type></slide><slide><author>chagan</author><id>49232</id><index>31</index><type>SLIDE</type></slide><slide><author>chagan</author><id>49233</id><index>32</index><type>SLIDE</type></slide><slide><author>chagan</author><id>49234</id><index>33</index><type>SLIDE</type></slide><slide><author>chagan</author><id>49235</id><index>34</index><type>SLIDE</type></slide><slide><author>chagan</author><id>49236</id><index>35</index><type>SLIDE</type></slide><slide><author>chagan</author><id>49237</id><index>36</index><type>SLIDE</type></slide></conversation>