<conversation><title>MetL Testing Proposal</title><author>sajames</author><created>11/02/2010 12:02:09 PM</created><tag></tag><subject>Office of the Deputy Vice-Chancellor (Education)</subject><jid>533400</jid><permissions><studentCanPublish>false</studentCanPublish><studentCanOpenFriends>false</studentCanOpenFriends><usersAreCompulsorilySynced>true</usersAreCompulsorilySynced></permissions><slide><author>sajames</author><id>533401</id><index>0</index><type>SLIDE</type></slide><slide><author>sajames</author><id>533402</id><index>1</index><type>SLIDE</type></slide><slide><author>sajames</author><id>533403</id><index>2</index><type>SLIDE</type></slide><slide><author>sajames</author><id>533404</id><index>3</index><type>SLIDE</type></slide><slide><author>sajames</author><id>533405</id><index>4</index><type>SLIDE</type></slide><slide><author>sajames</author><id>533406</id><index>5</index><type>SLIDE</type></slide><slide><author>sajames</author><id>533408</id><index>7</index><type>SLIDE</type></slide><slide><author>sajames</author><id>533409</id><index>8</index><type>SLIDE</type></slide><slide><author>sajames</author><id>533410</id><index>9</index><type>SLIDE</type></slide><slide><author>sajames</author><id>533407</id><index>6</index><type>POLL</type></slide></conversation>