<conversation><title>Please enter title heruiodioqwdiododqwe</title><author>micphill</author><created>24/08/2010 11:36:19 AM</created><tag>unTagged</tag><subject>Unrestricted</subject><jid>97400</jid><permissions><studentCanPublish>false</studentCanPublish><studentCanOpenFriends>false</studentCanOpenFriends><usersAreCompulsorilySynced>true</usersAreCompulsorilySynced></permissions><slide><author>micphill</author><id>97401</id><index>0</index><defaultHeight>540</defaultHeight><defaultWidth>720</defaultWidth><exposed>False</exposed><type>SLIDE</type></slide></conversation>