<conversation><title>aliie test 12-10</title><author>aclemans</author><created>12/10/2010 10:46:43 AM</created><tag></tag><subject>Unrestricted</subject><jid>1413400</jid><permissions><studentCanPublish>true</studentCanPublish><studentCanOpenFriends>true</studentCanOpenFriends><usersAreCompulsorilySynced>false</usersAreCompulsorilySynced></permissions><slide><author>aclemans</author><id>1413401</id><index>0</index><type>SLIDE</type></slide><slide><author>aclemans</author><id>1413402</id><index>1</index><type>SLIDE</type></slide><slide><author>aclemans</author><id>1413403</id><index>2</index><type>SLIDE</type></slide><slide><author>aclemans</author><id>1413404</id><index>3</index><type>SLIDE</type></slide><slide><author>aclemans</author><id>1413405</id><index>4</index><type>SLIDE</type></slide><slide><author>aclemans</author><id>1413406</id><index>5</index><type>SLIDE</type></slide></conversation>