<conversation><title>chagan 22/10/2010 10:04:49 AM</title><author>chagan</author><created>22/10/2010 10:04:49 AM</created><lastAccessed>1/01/0001 12:00:00 AM</lastAccessed><tag>unTagged</tag><subject>Unrestricted</subject><jid>108800</jid><permissions><studentCanPublish>false</studentCanPublish><studentCanOpenFriends>false</studentCanOpenFriends><usersAreCompulsorilySynced>true</usersAreCompulsorilySynced></permissions><slide><author>chagan</author><id>108801</id><index>0</index><defaultHeight>540</defaultHeight><defaultWidth>720</defaultWidth><exposed>False</exposed><type>SLIDE</type></slide></conversation>