<conversation><title>Green 25/03/2010</title><author>rkgre2</author><created>25/03/2010 2:46:51 PM</created><tag></tag><subject>neh3001</subject><jid>826400</jid><permissions><studentCanPublish>true</studentCanPublish><studentCanOpenFriends>true</studentCanOpenFriends><usersAreCompulsorilySynced>false</usersAreCompulsorilySynced></permissions><slide><author>rkgre2</author><id>826401</id><index>0</index><type>SLIDE</type></slide><slide><author>rkgre2</author><id>826402</id><index>1</index><type>SLIDE</type></slide><slide><author>rkgre2</author><id>826403</id><index>2</index><type>SLIDE</type></slide><slide><author>rkgre2</author><id>826404</id><index>3</index><type>SLIDE</type></slide><slide><author>rkgre2</author><id>826405</id><index>4</index><type>SLIDE</type></slide><slide><author>rkgre2</author><id>826406</id><index>5</index><type>SLIDE</type></slide><slide><author>rkgre2</author><id>826407</id><index>6</index><type>SLIDE</type></slide><slide><author>rkgre2</author><id>826408</id><index>7</index><type>SLIDE</type></slide></conversation>